name,nationality,age,position,overall,potential,pace,shooting,passing,dribbling,defending,physical,market_value,club,league,foot,height,weight,season_goals,season_assists
Lionel Messi,西班牙,29,W,94,94,92,87,86,96,20,67,354822581,FC Barcelona,西班牙甲级联赛,左,170,72,219,55
Cristiano Ronaldo,西班牙,31,ST,93,93,92,94,78,92,26,88,199160488,Real Madrid CF,西班牙甲级联赛,右,185,80,200,38
Manuel Neuer,德国,30,GK,90,90,60,18,55,24,15,68,125522347,FC Bayern Munich,德国甲级联赛,右,193,92,1,1
Luis Suarez,英格兰,29,ST,90,90,83,88,77,90,38,78,207063239,Liverpool,英格兰超级联赛,右,183,85,77,27
Neymar,西班牙,24,W,90,94,90,80,77,94,28,62,157579012,FC Barcelona,西班牙甲级联赛,右,175,68,9,1
Zlatan Ibrahimovic,法国,35,ST,89,89,73,90,81,88,26,80,156899984,Paris Saint-Germain,法国甲级联赛,右,196,95,144,31
Arjen Robben,德国,32,W,89,89,90,87,81,92,30,66,78161104,FC Bayern Munich,德国甲级联赛,左,180,80,65,21
Robert Lewandowski,德国,28,ST,88,89,80,85,75,86,31,81,142931079,Borussia Dortmund,德国甲级联赛,右,185,79,75,11
Thiago Silva,法国,32,FB,88,88,74,62,78,74,90,83,116602033,Paris Saint-Germain,法国甲级联赛,右,183,79,11,1
Andres Iniesta,西班牙,32,CAM,88,88,76,71,90,91,60,59,60879746,FC Barcelona,西班牙甲级联赛,右,170,68,22,31
Sergio Aguero,英格兰,28,ST,88,88,89,87,75,89,17,76,150587672,Manchester City,英格兰超级联赛,右,173,74,104,28
Eden Hazard,英格兰,25,W,88,90,90,81,84,92,29,65,191627793,Chelsea,英格兰超级联赛,右,173,74,44,18
Mesut Oezil,西班牙,28,W,88,89,72,74,89,88,20,57,88506920,Real Madrid CF,西班牙甲级联赛,左,183,76,37,44
David De Gea,英格兰,26,GK,87,90,53,19,44,22,19,52,165580160,Manchester United,英格兰超级联赛,右,193,82,0,0
Jerome Boateng,德国,28,FB,87,88,78,57,77,70,87,80,50323881,FC Bayern Munich,德国甲级联赛,右,193,90,3,2
Luka Modric,英格兰,31,CAM,87,87,76,75,86,89,72,72,155028763,Tottenham Hotspur,英格兰超级联赛,右,175,65,17,18
Gareth Bale,英格兰,27,W,87,89,94,85,80,86,62,79,72708435,Tottenham Hotspur,英格兰超级联赛,左,183,74,56,30
Philipp Lahm,德国,33,CM,87,87,71,56,83,84,90,70,81707739,FC Bayern Munich,德国甲级联赛,右,170,66,8,12
James Rodriguez,葡萄牙,25,W,87,93,78,86,84,86,40,66,162739997,FC Porto,葡萄牙超级联赛,左,180,75,9,3
Sergio Ramos,西班牙,30,FB,87,87,78,64,70,70,88,86,88466935,Real Madrid CF,西班牙甲级联赛,右,183,75,25,13
Toni Kroos,德国,26,CAM,87,89,56,84,89,84,67,67,82124314,FC Bayern Munich,德国甲级联赛,右,183,78,23,15
Sergio Busquets,西班牙,28,CM,86,87,51,58,84,78,84,77,87746758,FC Barcelona,西班牙甲级联赛,右,188,76,5,5
Petr Cech,英格兰,34,GK,86,86,48,15,28,17,15,49,86134875,Chelsea,英格兰超级联赛,左,196,90,1,2
Thibaut Courtois,西班牙,24,GK,86,90,49,22,36,18,15,59,151667920,Atlético Madrid,西班牙甲级联赛,左,198,88,1,0
Kevin de Bruyne,德国,25,ST,86,89,77,84,86,86,40,74,132629584,VfL Wolfsburg,德国甲级联赛,右,180,76,13,7
Karim Benzema,西班牙,29,ST,86,86,83,83,72,84,16,74,102051992,Real Madrid CF,西班牙甲级联赛,右,188,79,73,17
David Silva,英格兰,30,W,86,86,74,74,90,89,31,63,69794375,Manchester City,英格兰超级联赛,左,170,67,35,54
Thomas Mueller,德国,27,ST,86,88,77,81,82,80,44,80,74401792,FC Bayern Munich,德国甲级联赛,右,185,75,59,24
Angel Di Maria,西班牙,28,W,86,86,88,80,82,86,50,71,116989360,Real Madrid CF,西班牙甲级联赛,左,180,75,21,37
Franck Ribery,德国,33,W,86,86,86,75,83,90,25,58,58925084,FC Bayern Munich,德国甲级联赛,右,170,72,52,26
Diego Godin,西班牙,30,CB,86,86,68,51,66,63,87,80,172375726,Atlético Madrid,西班牙甲级联赛,右,185,73,11,4
Marco Reus,德国,27,W,86,87,90,84,83,86,40,69,95887469,Borussia Dortmund,德国甲级联赛,右,180,75,66,17
Gonzalo Higuain,西班牙,29,ST,86,86,81,85,67,84,18,76,104733266,Real Madrid CF,西班牙甲级联赛,右,183,82,117,25
Cesc Fabregas,西班牙,29,CAM,86,86,64,77,92,84,60,71,48518585,FC Barcelona,西班牙甲级联赛,右,175,74,52,46
Paul Pogba,意大利,23,CM,86,91,77,84,84,88,73,89,77366956,Juventus,意大利甲级联赛,右,190,84,12,4
Xavi Hernandez,西班牙,36,CAM,86,86,66,71,92,86,62,58,63256646,FC Barcelona,西班牙甲级联赛,右,170,67,31,42
Alexis Sanchez,意大利,28,ST,86,87,86,81,77,86,36,79,78955801,Udinese,意大利甲级联赛,右,170,62,59,14
Giorgio Chiellini,意大利,32,CB,86,86,74,54,48,50,89,83,88737216,Juventus,意大利甲级联赛,左,188,86,16,5
Mats Hummels,德国,28,CM,86,87,64,59,80,72,88,74,92891653,Borussia Dortmund,德国甲级联赛,右,190,92,16,4
Gerard Pique,西班牙,29,CM,85,85,62,59,75,68,86,75,81592677,FC Barcelona,西班牙甲级联赛,右,193,85,13,0
Edinson Cavani,意大利,29,ST,85,85,76,83,68,82,36,84,34918060,Napoli,意大利甲级联赛,右,183,71,130,10
Wayne Rooney,英格兰,31,ST,85,85,73,86,83,81,44,84,59784025,Manchester United,英格兰超级联赛,右,175,83,114,47
Bastian Schweinsteiger,德国,32,CM,85,85,52,79,87,80,77,78,115556064,FC Bayern Munich,德国甲级联赛,右,183,79,25,10
Arturo Vidal,意大利,29,CM,85,85,78,79,80,82,85,83,44298006,Juventus,意大利甲级联赛,右,180,75,43,9
Ivan Rakitic,西班牙,28,CAM,85,85,68,84,88,85,60,64,97480878,Sevilla FC,西班牙甲级联赛,右,183,78,40,12
Diego Costa,西班牙,28,ST,85,86,76,80,62,82,35,79,54642539,Atlético Madrid,西班牙甲级联赛,右,188,85,65,7
Santi Cazorla,英格兰,32,CAM,85,85,72,79,85,86,55,68,61244407,Arsenal,英格兰超级联赛,右,168,66,42,32
Hugo Lloris,法国,30,GK,85,85,64,16,29,22,17,53,71227349,Olympique Lyonnais,法国甲级联赛,左,188,78,1,0
David Alaba,德国,24,CM,85,88,86,76,81,83,84,79,99968838,FC Bayern Munich,德国甲级联赛,左,180,76,11,4
Miranda,西班牙,32,FB,85,85,76,51,61,64,89,77,78156669,Atlético Madrid,西班牙甲级联赛,右,185,76,6,0
Henrik Mkhitaryan,德国,27,CAM,85,86,86,80,83,88,56,74,95880111,Borussia Dortmund,德国甲级联赛,右,178,75,9,5
Vincent Kompany,英格兰,30,FB,85,85,68,59,63,66,85,76,113908731,Manchester City,英格兰超级联赛,右,193,85,13,7
Yaya Toure,英格兰,33,CAM,85,85,74,84,85,82,70,81,126353194,Manchester City,英格兰超级联赛,右,188,90,44,30
Carlos Tevez,英格兰,32,ST,85,85,88,88,74,87,44,82,43029905,Manchester City,英格兰超级联赛,右,173,71,84,29
Andrea Barzagli,意大利,35,CB,85,85,74,39,60,62,90,79,105422224,Juventus,意大利甲级联赛,右,188,87,4,0
Naldo,德国,34,CM,84,84,72,77,68,64,87,64,39113884,VfL Wolfsburg,德国甲级联赛,右,198,89,21,1
Laurent Koscielny,英格兰,31,FB,84,84,78,44,66,64,85,77,56752258,Arsenal,英格兰超级联赛,右,185,75,10,2
Pepe,西班牙,33,FB,84,84,72,55,62,58,87,77,36243619,Real Madrid CF,西班牙甲级联赛,右,188,81,8,2
Gianluigi Buffon,意大利,38,GK,84,84,46,16,41,25,13,59,74324570,Juventus,意大利甲级联赛,右,193,91,0,0
Xabi Alonso,西班牙,35,CM,84,84,32,74,91,80,76,61,49042787,Real Madrid CF,西班牙甲级联赛,右,183,80,10,22
Miralem Pjanic,意大利,26,CAM,84,86,72,78,87,86,63,67,67066187,Roma,意大利甲级联赛,右,180,74,15,10
Antoine Griezmann,西班牙,25,ST,84,88,86,81,75,85,23,74,53423669,Real Sociedad,西班牙甲级联赛,左,175,67,41,5
Isco,西班牙,24,W,84,88,74,76,82,88,38,67,69787474,Real Madrid CF,西班牙甲级联赛,右,175,74,22,6
Marco Verratti,法国,24,CM,84,89,68,59,87,86,79,67,48450117,Paris Saint-Germain,法国甲级联赛,右,165,60,0,0
Joe Hart,英格兰,29,GK,84,84,60,33,36,22,16,54,96346736,Manchester City,英格兰超级联赛,右,196,91,0,0
Mario Goetze,德国,24,W,84,88,72,69,81,90,31,67,25799878,Borussia Dortmund,德国甲级联赛,右,175,72,32,11
Jordi Alba,西班牙,27,FB,84,85,92,68,72,81,82,79,98303327,FC Barcelona,西班牙甲级联赛,左,170,68,9,6
Javier Pastore,法国,27,CAM,84,85,74,77,86,88,57,64,59570584,Paris Saint-Germain,法国甲级联赛,右,188,78,28,7
Daniel Alves,西班牙,33,FB,84,84,86,75,74,83,80,71,91667334,FC Barcelona,西班牙甲级联赛,右,173,70,14,40
Pierre-Emerick Aubameyang,法国,27,ST,84,85,96,81,72,81,34,77,31703323,AS Saint-Étienne,法国甲级联赛,右,188,80,46,3
Philippe Coutinho,英格兰,24,W,84,88,83,76,83,88,32,63,54108996,Liverpool,英格兰超级联赛,右,170,68,16,15
Blaise Matuidi,法国,29,CM,84,84,75,68,79,75,84,83,134190015,Paris Saint-Germain,法国甲级联赛,左,175,70,11,1
John Terry,英格兰,36,GK,84,84,34,47,63,54,86,78,66422335,Chelsea,英格兰超级联赛,右,188,90,19,6
Samir Handanovic,意大利,32,GK,84,84,56,17,36,20,15,63,43948174,Inter,意大利甲级联赛,右,193,89,0,0
Claudio Marchisio,意大利,30,CM,84,84,79,74,85,84,77,76,51445278,Juventus,意大利甲级联赛,右,180,71,29,4
Hulk,葡萄牙,30,ST,84,84,84,90,80,84,39,82,99134065,FC Porto,葡萄牙超级联赛,左,180,85,0,0
Javier Martinez,西班牙,28,CM,84,85,52,65,76,67,85,72,91635587,Athletic Club de Bilbao,西班牙甲级联赛,右,190,81,23,1
Ilkay Guendogan,德国,26,CAM,84,87,77,73,87,88,66,70,71676291,Borussia Dortmund,德国甲级联赛,右,180,80,12,3
Nicolas Otamendi,葡萄牙,28,CB,84,84,74,59,58,50,85,83,40765189,FC Porto,葡萄牙超级联赛,右,183,81,0,0
Benedikt Hoewedes,德国,28,CB,83,83,65,47,65,65,84,77,107895416,FC Schalke 04,德国甲级联赛,右,188,82,8,1
Carles Puyol,西班牙,38,CB,83,83,64,49,62,56,86,71,27156857,FC Barcelona,西班牙甲级联赛,右,178,80,9,4
Jonas,西班牙,32,ST,83,83,76,84,78,86,26,69,83372488,Valencia CF,西班牙甲级联赛,右,180,75,36,10
Radja Nainggolan,意大利,28,CM,83,83,78,80,80,82,83,83,54517754,Cagliari,意大利甲级联赛,右,175,65,9,4
Koke,西班牙,24,CAM,83,87,74,77,86,83,52,72,184242773,Atlético Madrid,西班牙甲级联赛,右,178,74,12,8
Marcelo,西班牙,28,CM,83,83,80,71,75,84,83,78,80161317,Real Madrid CF,西班牙甲级联赛,左,175,75,15,22
Dimitri Payet,法国,29,CAM,83,83,77,78,86,86,41,65,39264595,AS Saint-Étienne,法国甲级联赛,右,175,77,30,2
Steve Mandanda,法国,31,GK,83,83,48,16,37,12,14,55,43005300,Olympique de Marseille,法国甲级联赛,右,185,82,0,0
Thiago Alcantara,西班牙,25,CAM,83,87,72,76,85,89,58,67,24938074,FC Barcelona,西班牙甲级联赛,右,175,70,9,4
Claudio Bravo,西班牙,33,GK,83,83,56,19,42,14,18,65,88282774,Real Sociedad,西班牙甲级联赛,右,183,80,0,0
Nemanja Matic,英格兰,28,CM,83,84,67,72,80,76,82,84,64518363,Chelsea,英格兰超级联赛,左,193,84,1,4
Juan Mata,西班牙,28,W,83,83,70,74,84,86,28,64,58114152,Valencia CF,西班牙甲级联赛,左,170,63,57,55
Stephane Ruffier,法国,30,GK,83,83,54,14,39,14,15,62,58693592,AS Saint-Étienne,法国甲级联赛,右,188,90,0,0
Douglas Costa,德国,26,W,83,86,92,78,77,86,48,66,235689071,FC Bayern Munich,德国甲级联赛,左,173,65,0,0
Chris Smalling,英格兰,27,CB,83,85,76,33,59,64,85,81,65312657,Manchester United,英格兰超级联赛,右,193,90,4,0
Edwin van der Sar,英格兰,45,GK,83,87,46,17,31,18,16,58,68694799,Manchester United,英格兰超级联赛,右,198,89,0,1
Sokratis Papastathopoulos,德国,28,FB,83,83,74,57,62,58,86,81,57832757,Borussia Dortmund,德国甲级联赛,右,185,85,6,2
Alexandre Lacazette,法国,25,ST,83,87,87,80,75,84,30,78,67293839,Olympique Lyonnais,法国甲级联赛,右,175,73,23,2
Nilmar,西班牙,32,W,83,86,92,78,67,85,17,63,58148537,Villarreal CF,西班牙甲级联赛,右,180,74,25,7
Arda Turan,西班牙,29,CAM,83,83,74,74,84,88,62,74,111333194,Atlético Madrid,西班牙甲级联赛,右,178,76,11,7
Per Mertesacker,英格兰,32,GK,83,83,31,44,62,52,88,61,127276669,Arsenal,英格兰超级联赛,右,198,90,16,1
Mehdi Benatia,意大利,29,CB,83,83,64,44,58,62,84,80,46286720,Udinese,意大利甲级联赛,右,190,92,12,0
Nicolas Gaitan,葡萄牙,28,W,83,83,84,74,83,86,39,63,67178085,SL Benfica,葡萄牙超级联赛,左,173,68,0,0
Ezequiel Garay,葡萄牙,30,CM,83,83,52,61,70,68,86,75,114624229,SL Benfica,葡萄牙超级联赛,右,188,80,3,4
Ralf Faehrmann,德国,28,GK,83,84,42,15,31,20,14,61,64450623,FC Schalke 04,德国甲级联赛,右,196,95,0,0
Joao Moutinho,法国,30,CM,83,83,71,77,84,82,71,76,116833610,AS Monaco,法国甲级联赛,右,170,61,1,3
Willian,英格兰,28,W,83,84,89,75,81,86,53,64,70183709,Chelsea,英格兰超级联赛,右,175,75,4,2
Aymeric Laporte,西班牙,22,CB,83,87,68,42,66,62,86,78,72713523,Athletic Club de Bilbao,西班牙甲级联赛,左,188,85,2,0
Christian Eriksen,荷兰,24,CAM,83,87,76,77,84,84,40,65,51682505,Ajax,荷兰甲级联赛,右,178,71,8,9
Konstantinos Manolas,意大利,25,CB,83,86,82,22,48,60,86,82,36484380,Roma,意大利甲级联赛,右,188,83,0,0
Jackson Martinez,葡萄牙,30,ST,83,83,81,79,69,80,38,86,136162402,FC Porto,葡萄牙超级联赛,右,185,85,0,0
Daniel Sturridge,英格兰,27,ST,83,85,88,84,70,82,18,73,57942633,Liverpool,英格兰超级联赛,左,188,76,57,16
David Luiz,英格兰,29,CM,83,83,72,67,74,74,82,77,39849644,Chelsea,英格兰超级联赛,右,188,84,7,4
Bernd Leno,德国,24,GK,83,88,49,15,41,19,16,61,83325799,Bayer 04 Leverkusen,德国甲级联赛,右,190,83,0,0
Leonardo Bonucci,意大利,29,FB,83,83,70,55,73,70,86,81,40521540,Juventus,意大利甲级联赛,右,190,86,7,1
Javier Mascherano,西班牙,32,FB,83,83,68,59,74,70,87,79,38672488,FC Barcelona,西班牙甲级联赛,右,175,73,1,2
Luiz Gustavo,德国,29,CM,83,83,70,67,76,72,85,79,121456112,VfL Wolfsburg,德国甲级联赛,左,188,80,14,4
Pedro Rodriguez,西班牙,29,W,83,83,82,75,77,84,36,67,55558344,FC Barcelona,西班牙甲级联赛,右,168,62,53,19
Loic Perrin,法国,31,CM,82,82,72,68,71,68,85,82,44731461,AS Saint-Étienne,法国甲级联赛,右,180,81,8,1
Sebastian Meoli,瑞士,36,W,82,82,89,79,79,86,25,59,52985250,FC Lausanne-Sports,瑞士超级联赛,右,185,80,0,0
Nolito,西班牙,30,W,82,82,78,79,76,84,38,66,51914647,RC Celta de Vigo,西班牙甲级联赛,右,175,72,17,2
Romelu Lukaku,英格兰,23,ST,82,88,82,82,65,76,28,81,45581143,Everton,英格兰超级联赛,左,190,94,33,11
Marek Hamsik,意大利,29,CAM,82,82,76,77,83,84,60,73,47713233,Napoli,意大利甲级联赛,右,183,79,48,17
Yann Sommer,瑞士,28,GK,82,83,51,16,43,20,16,61,79389520,FC Basel,瑞士超级联赛,右,183,79,0,0
Radamel Falcao,西班牙,30,ST,82,82,72,79,63,78,30,78,78179603,Atlético Madrid,西班牙甲级联赛,右,178,72,63,2
Fernando Muslera,意大利,30,GK,82,82,62,15,50,24,18,66,58892465,Lazio,意大利甲级联赛,右,190,84,2,0
Toby Alderweireld,荷兰,27,CM,82,83,66,66,73,65,85,79,57842505,Ajax,荷兰甲级联赛,右,185,81,2,0
Julian Draxler,德国,23,ST,82,85,78,82,80,86,30,71,80158291,FC Schalke 04,德国甲级联赛,右,188,75,15,2
Demba Ba,德国,31,ST,82,82,78,83,69,77,42,81,66244593,TSG 1899 Hoffenheim,德国甲级联赛,右,188,85,71,4
Pablo Zabaleta,英格兰,31,FB,82,82,72,57,67,74,85,83,55241936,Manchester City,英格兰超级联赛,右,178,76,7,13
Marc-Andre ter Stegen,德国,24,GK,82,87,44,15,42,18,14,65,45244421,Borussia Mönchengladbach,德国甲级联赛,右,188,85,1,0
Kamil Glik,意大利,28,CB,82,82,62,29,47,55,85,79,42797413,Torino,意大利甲级联赛,右,190,80,3,0
Daniele De Rossi,意大利,33,CM,82,82,68,68,78,71,82,80,39786337,Roma,意大利甲级联赛,右,185,83,17,12
Kevin Trapp,德国,26,GK,82,85,48,16,27,17,14,65,41776538,Eintracht Frankfurt,德国甲级联赛,右,188,88,0,0
Shinji Kagawa,德国,27,W,82,83,80,59,80,86,34,62,55447034,Borussia Dortmund,德国甲级联赛,右,175,68,27,14
Grzegorz Krychowiak,法国,26,CM,82,84,70,64,80,70,80,82,47202989,Stade de Reims,法国甲级联赛,右,185,85,9,0
Leighton Baines,英格兰,32,CM,82,82,76,76,77,76,81,76,16783781,Everton,英格兰超级联赛,左,170,70,23,38
Raphael Varane,西班牙,23,FB,82,89,79,48,67,66,84,75,41155266,Real Madrid CF,西班牙甲级联赛,右,190,78,3,0
Shkodran Mustafi,西班牙,24,FB,82,87,71,59,65,58,83,80,47424197,Valencia CF,西班牙甲级联赛,右,183,82,2,0
Yacine Brahimi,葡萄牙,26,W,82,84,82,73,78,90,34,66,76409688,FC Porto,葡萄牙超级联赛,右,175,66,8,0
Daniel Carvajal,西班牙,24,FB,82,85,82,46,69,79,83,79,54698887,Real Madrid CF,西班牙甲级联赛,右,173,73,3,0
Lassana Diarra,西班牙,31,FB,82,82,78,60,77,79,83,79,48063314,Real Madrid CF,西班牙甲级联赛,右,173,73,1,3
Jan Vertonghen,英格兰,29,CM,82,82,70,71,70,70,82,80,81694241,Tottenham Hotspur,英格兰超级联赛,左,188,86,6,3
Jeremy Toulalan,法国,33,CM,82,82,50,59,81,74,80,79,78197710,Olympique Lyonnais,法国甲级联赛,右,183,77,4,1
Yevheniy Konoplyanka,西班牙,27,W,82,84,90,80,80,86,32,68,77502496,Sevilla FC,西班牙甲级联赛,右,175,69,0,0
Samir Nasri,英格兰,29,W,82,82,80,76,82,86,38,60,65142887,Manchester City,英格兰超级联赛,右,175,75,32,31
Lars Bender,德国,27,CM,82,83,68,68,77,74,83,82,42755920,Bayer 04 Leverkusen,德国甲级联赛,右,185,80,14,3
Sven Bender,德国,27,CM,82,83,66,59,72,64,85,82,29170731,Borussia Dortmund,德国甲级联赛,右,185,80,5,5
Filipe Luis,西班牙,31,FB,82,82,82,63,74,78,83,75,62799143,Atlético Madrid,西班牙甲级联赛,左,183,77,8,5
Ricardo Rodriguez,德国,24,CM,82,86,75,70,78,79,84,76,117748587,VfL Wolfsburg,德国甲级联赛,左,180,77,7,6
Daniel Parejo,西班牙,27,CAM,82,83,58,78,88,82,58,70,54787511,Valencia CF,西班牙甲级联赛,右,180,75,14,6
Hatem Ben Arfa,英格兰,29,ST,82,82,82,82,79,87,35,76,49513921,Newcastle United,英格兰超级联赛,左,178,74,13,11
Jan Oblak,西班牙,23,GK,82,86,52,15,37,14,16,65,37545262,Atlético Madrid,西班牙甲级联赛,右,185,87,0,0
Aritz Aduriz,西班牙,35,ST,82,82,73,81,63,76,42,82,67349555,Athletic Club de Bilbao,西班牙甲级联赛,右,183,78,72,5
Clarence Seedorf,意大利,40,CAM,82,82,64,81,86,86,50,75,45972647,Milan,意大利甲级联赛,右,178,80,18,11
Olivier Giroud,英格兰,30,ST,82,82,64,81,69,76,31,83,58342335,Arsenal,英格兰超级联赛,左,193,88,47,12
Wesley Sneijder,意大利,32,CAM,82,82,72,81,85,84,39,47,50649736,Inter,意大利甲级联赛,右,170,72,15,17
Salvatore Sirigu,法国,29,GK,82,82,50,15,32,16,15,56,56978021,Paris Saint-Germain,法国甲级联赛,右,193,80,0,0
Alex Sandro,葡萄牙,25,FB,82,85,88,67,72,82,80,82,42349660,FC Porto,葡萄牙超级联赛,左,180,78,0,0
Roberto Firmino,德国,25,ST,82,86,76,80,80,85,35,77,56637750,TSG 1899 Hoffenheim,德国甲级联赛,右,180,76,33,6
Nani,英格兰,30,W,82,82,84,81,80,86,22,64,51255748,Manchester United,英格兰超级联赛,右,175,66,24,42
Julio Cesar,意大利,37,GK,82,82,41,14,37,30,18,61,48339473,Inter,意大利甲级联赛,左,185,79,1,0
Thiago Motta,法国,34,CM,82,82,44,70,82,78,78,80,79483035,Paris Saint-Germain,法国甲级联赛,左,188,83,24,8
Aaron Ramsey,英格兰,26,CAM,82,85,69,77,81,82,68,75,21461114,Arsenal,英格兰超级联赛,右,178,70,17,18
Mario Mandzukic,德国,30,ST,82,82,75,73,58,75,38,85,52341094,VfL Wolfsburg,德国甲级联赛,右,190,85,53,6
Asmir Begovic,英格兰,29,GK,82,82,55,17,30,20,14,51,41983847,Stoke City,英格兰超级联赛,右,201,83,1,0
Anthony Lopes,法国,26,GK,82,86,62,19,38,18,16,61,53722588,Olympique Lyonnais,法国甲级联赛,左,183,81,0,0
Carlos Bacca,西班牙,30,ST,82,82,84,80,63,82,19,75,67828001,Sevilla FC,西班牙甲级联赛,右,180,77,14,0
Abdulkader Keita,法国,35,ST,82,82,90,79,73,84,25,83,30506677,Olympique Lyonnais,法国甲级联赛,右,183,78,0,0
Diego Alves,西班牙,31,GK,82,82,54,22,43,14,15,65,52793535,Valencia CF,西班牙甲级联赛,左,188,83,0,0
Sebastian Giovinco,意大利,29,W,82,82,89,79,79,86,25,59,83873344,Parma,意大利甲级联赛,右,165,59,34,10
Harry Kane,英格兰,23,ST,82,88,73,82,70,79,38,78,34715621,Tottenham Hotspur,英格兰超级联赛,右,188,65,4,0
Lorenzo Insigne,意大利,25,W,82,86,89,72,78,88,22,59,57437453,Napoli,意大利甲级联赛,右,163,59,8,3
Oscar,英格兰,25,W,82,86,78,76,82,83,42,59,32864440,Chelsea,英格兰超级联赛,右,178,67,12,7
Keylor Navas,西班牙,30,GK,82,82,56,16,40,18,15,63,27088218,Levante UD,西班牙甲级联赛,右,185,78,0,0
Gary Cahill,英格兰,31,FB,82,82,70,62,61,61,85,76,57329837,Chelsea,英格兰超级联赛,右,193,86,18,9
Morgan Schneiderlin,英格兰,27,CM,82,84,64,64,79,76,82,80,58811170,Southampton,英格兰超级联赛,右,180,75,7,1
Karim Bellarabi,德国,26,W,82,84,90,78,75,86,32,72,57816241,Bayer 04 Leverkusen,德国甲级联赛,右,183,80,4,3
Granit Xhaka,德国,24,CM,82,86,51,74,87,75,73,63,81412538,Borussia Mönchengladbach,德国甲级联赛,左,185,82,1,0
Ledley King,英格兰,36,CB,82,82,67,34,61,60,82,68,45301410,Tottenham Hotspur,英格兰超级联赛,右,188,86,3,1
Iker Casillas,西班牙,35,GK,82,82,64,18,36,24,14,63,55158762,Real Madrid CF,西班牙甲级联赛,左,185,84,0,0
Jeremy Mathieu,西班牙,33,FB,82,82,76,70,61,55,82,77,49440749,Valencia CF,西班牙甲级联赛,左,188,84,6,8
Borja Valero,意大利,31,CAM,82,82,71,71,87,85,64,70,51807413,Fiorentina,意大利甲级联赛,右,175,73,20,19
Stephan Lichtsteiner,意大利,32,FB,82,82,82,64,69,74,81,80,19232085,Juventus,意大利甲级联赛,右,183,75,12,6
Javier Hernandez,英格兰,28,ST,82,82,86,78,65,77,26,73,119429155,Manchester United,英格兰超级联赛,右,175,73,40,9
Cesar Azpilicueta,英格兰,27,FB,82,84,79,58,74,74,85,77,41902345,Chelsea,英格兰超级联赛,右,178,75,3,4
Ander Iturraspe,西班牙,27,CM,81,82,64,64,83,74,80,72,27333360,Athletic Club de Bilbao,西班牙甲级联赛,右,188,75,2,4
Raul Albiol,意大利,31,CB,81,81,61,48,62,60,84,74,59604262,Napoli,意大利甲级联赛,右,190,82,7,3
Gonzalo Rodriguez,意大利,32,FB,81,81,68,47,69,66,84,76,36580708,Fiorentina,意大利甲级联赛,右,183,79,15,0
Juanfran,西班牙,31,FB,81,81,84,60,70,78,79,78,23724792,Atlético Madrid,西班牙甲级联赛,右,180,72,11,7
Jose Maria Callejon,意大利,29,W,81,81,90,77,67,83,32,70,81185697,Napoli,意大利甲级联赛,右,178,73,33,8
Bruno Soriano,西班牙,32,CM,81,81,54,77,84,78,81,73,60531306,Villarreal CF,西班牙甲级联赛,左,183,73,10,5
Timo Horn,德国,23,GK,81,87,48,17,41,21,14,54,31354831,1. FC Köln,德国甲级联赛,左,193,90,0,0
Omer Toprak,德国,27,FB,81,83,75,42,67,66,84,75,31816884,Bayer 04 Leverkusen,德国甲级联赛,右,188,83,4,1
Lucas Moura,法国,24,W,81,84,93,74,74,86,45,65,67953706,Paris Saint-Germain,法国甲级联赛,右,173,72,5,5
Vitolo,西班牙,27,W,81,83,80,74,78,84,24,69,78125987,Sevilla FC,西班牙甲级联赛,右,183,79,4,3
Jeremy Menez,法国,29,W,81,81,84,75,67,86,29,66,43594380,Paris Saint-Germain,法国甲级联赛,右,183,73,20,8
Mickael Landreau,法国,37,GK,81,81,33,24,32,26,25,61,22475007,LOSC Lille,法国甲级联赛,右,183,84,0,0
Seamus Coleman,英格兰,28,FB,81,82,80,69,72,78,82,78,83002681,Everton,英格兰超级联赛,右,178,77,11,11
Carlos Vela,西班牙,27,ST,81,82,86,76,73,82,21,69,57681726,Real Sociedad,西班牙甲级联赛,左,178,75,47,8
Antonio Candreva,意大利,29,W,81,81,82,82,77,84,46,66,36546410,Lazio,意大利甲级联赛,右,180,70,29,4
Patrick Herrmann,德国,25,W,81,84,91,76,74,82,30,66,49049557,Borussia Mönchengladbach,德国甲级联赛,右,178,70,22,8
Pepe Reina,英格兰,34,GK,81,81,56,18,35,16,20,60,37800010,Liverpool,英格兰超级联赛,右,188,92,2,4
Raul,德国,39,ST,81,81,64,75,75,84,27,69,57007991,FC Schalke 04,德国甲级联赛,左,180,68,52,8
Mario Gomez,德国,31,ST,81,81,72,82,60,74,21,77,64156667,FC Bayern Munich,德国甲级联赛,右,188,88,105,5
Asamoah Gyan,法国,31,ST,81,85,81,79,69,78,26,77,23265859,Stade Rennais FC,法国甲级联赛,右,180,77,10,4
Gary Medel,西班牙,29,FB,81,81,76,52,76,67,83,88,34903933,Sevilla FC,西班牙甲级联赛,右,170,76,8,1
Matteo Darmian,意大利,27,FB,81,83,80,54,68,76,82,76,42086099,Torino,意大利甲级联赛,右,183,70,0,1
Didier Drogba,英格兰,38,ST,81,81,66,83,68,78,31,76,99123347,Chelsea,英格兰超级联赛,右,188,80,52,29
Axel Witsel,比利时,27,CM,81,82,70,74,80,84,73,79,49406475,Standard de Liège,比利时甲级联赛,右,185,73,0,0
Vincent Enyeama,法国,34,GK,81,81,52,21,42,17,14,62,29701800,LOSC Lille,法国甲级联赛,右,183,87,0,0
Domenico Berardi,意大利,22,W,81,86,86,80,76,85,27,70,35347887,Sassuolo,意大利甲级联赛,左,183,72,16,3
Alvaro Negredo,西班牙,31,ST,81,81,68,81,70,77,34,79,73017654,Sevilla FC,西班牙甲级联赛,左,185,86,102,13
Theo Walcott,英格兰,27,W,81,81,96,75,72,79,36,68,23382387,Arsenal,英格兰超级联赛,右,175,68,41,34
Sergio Asenjo,西班牙,27,GK,81,82,56,20,41,14,16,62,45259122,Villarreal CF,西班牙甲级联赛,右,188,87,0,0
Ander Herrera,西班牙,27,CAM,81,82,75,72,84,85,64,68,54417962,Athletic Club de Bilbao,西班牙甲级联赛,右,183,73,11,3
Marquinhos,法国,22,FB,81,87,73,40,67,70,85,77,63578647,Paris Saint-Germain,法国甲级联赛,右,183,75,2,0
Nuri Sahin,德国,28,CM,81,82,54,71,85,83,72,61,31075476,Borussia Dortmund,德国甲级联赛,左,180,73,21,10
Aymen Abdennour,法国,27,FB,81,83,66,66,64,61,84,79,87272466,Toulouse FC,法国甲级联赛,左,188,84,5,0
Raul Garcia,西班牙,30,CAM,81,81,66,80,85,82,63,77,38882492,Atlético Madrid,西班牙甲级联赛,右,183,81,31,5
Serge Aurier,法国,24,FB,81,86,84,67,73,77,80,86,68155546,Toulouse FC,法国甲级联赛,右,175,76,8,1
Rui Patricio,葡萄牙,28,GK,81,81,52,20,26,22,15,67,56674455,Sporting CP,葡萄牙超级联赛,左,190,84,0,0
Steven Gerrard,英格兰,36,CM,81,81,54,83,82,78,68,71,42771244,Liverpool,英格兰超级联赛,右,183,83,60,46
Ever Banega,西班牙,28,CAM,81,81,65,72,85,82,66,65,48488633,Valencia CF,西班牙甲级联赛,右,175,71,12,11
Jasper Cillessen,荷兰,27,GK,81,82,52,20,47,22,16,59,32469303,Ajax,荷兰甲级联赛,右,185,83,0,0
Martin Skrtel,英格兰,32,CB,81,81,61,39,52,52,81,78,50951757,Liverpool,英格兰超级联赛,右,190,81,20,5
Victor Valdes,西班牙,34,GK,81,81,58,17,34,20,13,62,93963693,FC Barcelona,西班牙甲级联赛,右,183,78,0,1
Lucas Biglia,比利时,30,CM,81,81,72,68,81,76,78,71,46638430,RSC Anderlecht,比利时甲级联赛,右,178,63,2,1
Mamadou Sakho,法国,26,CB,81,82,66,37,63,56,82,81,44064875,Paris Saint-Germain,法国甲级联赛,左,188,83,6,0
Nemanja Vidic,英格兰,35,CB,81,81,52,37,53,50,83,76,55181945,Manchester United,英格兰超级联赛,右,190,88,12,2
William Carvalho,葡萄牙,24,CM,81,86,54,61,75,78,82,81,59051239,Sporting CP,葡萄牙超级联赛,右,188,83,0,0
Raffael,德国,31,W,81,81,74,78,80,84,39,70,33450716,Borussia Mönchengladbach,德国甲级联赛,右,175,69,35,7
Raheem Sterling,英格兰,22,W,81,87,93,70,73,85,46,66,67378941,Liverpool,英格兰超级联赛,右,170,69,11,9
Phil Jagielka,英格兰,34,CB,81,81,67,51,59,56,84,84,44249253,Everton,英格兰超级联赛,右,183,83,9,4
Fabrizio Miccoli,意大利,37,W,81,81,86,83,77,84,24,56,35556488,Palermo,意大利甲级联赛,右,168,73,68,5
Mateo Pablo Musacchio,西班牙,26,CB,81,85,67,53,70,58,84,77,101525852,Villarreal CF,西班牙甲级联赛,右,183,75,2,1
Paulo Dybala,意大利,23,ST,81,87,88,82,72,90,22,68,61853445,Palermo,意大利甲级联赛,左,175,73,3,0
Dries Mertens,荷兰,29,W,81,81,89,77,78,87,37,59,72206627,FC Utrecht,荷兰甲级联赛,右,170,61,12,4
Stefan de Vrij,荷兰,24,FB,81,87,68,50,64,66,85,68,44917224,Feyenoord,荷兰甲级联赛,右,188,78,1,0
Jose Fonte,英格兰,33,CB,81,81,54,33,57,62,84,75,40468619,Southampton,英格兰超级联赛,右,188,81,5,0
Danijel Subasic,法国,32,GK,81,81,52,16,34,15,16,62,22102133,AS Monaco,法国甲级联赛,右,190,84,0,0
Stefan Savic,意大利,25,CB,81,85,66,36,59,58,84,76,30293675,Fiorentina,意大利甲级联赛,右,185,73,3,0
Max Kruse,德国,28,ST,81,81,74,79,77,82,36,75,60700036,Borussia Mönchengladbach,德国甲级联赛,左,180,76,25,5
Ashley Williams,英格兰,32,FB,81,81,70,47,66,63,81,82,95220312,Swansea City,英格兰超级联赛,右,183,91,2,1
Andre-Pierre Gignac,法国,31,ST,81,81,70,83,69,76,32,74,32872556,Olympique de Marseille,法国甲级联赛,右,188,84,36,2
Benoit Costil,法国,29,GK,81,81,51,17,37,12,16,47,37243716,Stade Rennais FC,法国甲级联赛,右,188,86,1,0
Juan Cuadrado,意大利,28,W,81,81,92,78,72,88,48,70,70613429,Fiorentina,意大利甲级联赛,右,178,71,19,3
Andrea Pirlo,意大利,37,CAM,81,81,40,70,91,82,46,50,40849764,Juventus,意大利甲级联赛,右,178,68,17,22
Jack Wilshere,英格兰,24,CAM,81,84,76,71,84,84,62,72,34189793,Arsenal,英格兰超级联赛,左,173,68,5,12
Benoit Tremoulinas,法国,31,FB,81,81,84,66,76,78,78,76,79621547,Girondins de Bordeaux,法国甲级联赛,左,173,65,4,0
Robin van Persie,英格兰,33,ST,81,81,65,83,75,83,28,63,69105104,Arsenal,英格兰超级联赛,左,188,71,113,48
Riyad Mahrez,英格兰,25,W,81,85,82,76,78,88,28,64,55929464,Leicester City,英格兰超级联赛,左,178,62,0,0
Sofiane Feghouli,西班牙,27,W,81,83,89,75,73,86,30,69,37133606,Valencia CF,西班牙甲级联赛,右,178,75,15,12
Gabi,西班牙,33,CM,81,81,66,74,83,76,76,70,31600647,Atlético Madrid,西班牙甲级联赛,右,180,74,19,9
Ivan Perisic,德国,27,ST,81,82,84,80,78,82,34,80,54311160,VfL Wolfsburg,德国甲级联赛,右,185,81,21,4
David Villa,西班牙,35,ST,81,81,74,82,69,83,29,68,54649181,Valencia CF,西班牙甲级联赛,右,175,69,99,18
Kaka,西班牙,34,W,81,81,68,77,81,83,30,62,53714400,Real Madrid CF,西班牙甲级联赛,右,185,83,47,26
Gonzalo Castro,德国,29,CM,81,81,74,74,81,82,74,74,38859928,Bayer 04 Leverkusen,德国甲级联赛,右,173,74,19,10
Andres Guardado,西班牙,30,CAM,81,81,84,69,82,83,68,73,38527799,RC Deportivo de La Coruña,西班牙甲级联赛,左,170,67,9,12
Joel Matip,德国,25,FB,81,83,72,50,75,67,83,73,26588527,FC Schalke 04,德国甲级联赛,右,196,90,12,5
Klaas Jan Huntelaar,德国,33,ST,81,81,66,83,59,72,26,74,32507598,FC Schalke 04,德国甲级联赛,右,185,83,81,7
Patrice Evra,英格兰,35,FB,81,81,78,57,69,74,84,78,44327537,Manchester United,英格兰超级联赛,左,175,74,7,20
Vicente Iborra,西班牙,28,CM,81,81,58,74,79,74,82,79,41536977,Levante UD,西班牙甲级联赛,右,196,88,8,1
Sami Khedira,西班牙,29,CM,81,81,67,74,80,78,80,79,20772728,Real Madrid CF,西班牙甲级联赛,右,188,90,15,5
Mattia Perin,意大利,24,GK,81,86,56,17,36,21,16,52,35513869,Genoa,意大利甲级联赛,右,188,74,0,0
Jose Maria Guti,西班牙,40,CAM,81,85,68,76,89,83,44,61,43418076,Real Madrid CF,西班牙甲级联赛,左,183,78,5,13
Jose Gimenez,西班牙,21,CB,81,87,72,52,51,51,85,81,69578142,Atlético Madrid,西班牙甲级联赛,右,185,80,0,0
Alexandre Pato,意大利,27,ST,80,82,86,78,65,82,22,71,65553080,Milan,意大利甲级联赛,右,180,81,45,7
Manuel Trigueros,西班牙,25,CAM,80,85,74,75,82,78,64,77,52568464,Villarreal CF,西班牙甲级联赛,右,178,70,2,1
Franco Vazquez,意大利,27,CAM,80,80,69,80,80,87,39,68,60074532,Palermo,意大利甲级联赛,左,185,82,3,0
Miguel Angel Moya,西班牙,32,GK,80,80,40,16,43,18,13,50,99985605,Getafe CF,西班牙甲级联赛,右,188,82,0,0
Bruno Peres,意大利,26,FB,80,82,92,72,68,80,76,77,96872280,Torino,意大利甲级联赛,右,178,72,0,0
Samuel Umtiti,法国,23,FB,80,85,76,68,68,71,82,82,39748356,Olympique Lyonnais,法国甲级联赛,左,180,75,1,0
Ryan Shawcross,英格兰,29,CB,80,80,59,42,61,48,82,80,113554669,Stoke City,英格兰超级联赛,右,190,76,15,4
Aderlan Santos,葡萄牙,27,FB,80,81,56,64,48,64,82,69,33189910,SC Braga,葡萄牙超级联赛,右,193,83,0,0
Andre Gomes,西班牙,23,CAM,80,87,74,73,83,85,67,76,47176733,Valencia CF,西班牙甲级联赛,右,188,84,0,0
Jose Gaya,西班牙,21,FB,80,85,88,58,76,76,78,73,21917456,Valencia CF,西班牙甲级联赛,左,173,64,0,0
Rafael,英格兰,26,W,80,82,80,71,83,82,42,56,23905820,Manchester United,英格兰超级联赛,左,175,69,5,10
Jesus Navas,西班牙,31,W,80,80,90,72,76,82,26,58,73502682,Sevilla FC,西班牙甲级联赛,右,170,60,19,38
Robbie Keane,英格兰,36,ST,80,80,70,83,75,84,26,67,26043678,Tottenham Hotspur,英格兰超级联赛,右,175,73,21,9
Mikel San Jose,西班牙,27,CM,80,81,52,67,74,68,79,76,98544955,Athletic Club de Bilbao,西班牙甲级联赛,右,185,77,18,0
Ross Barkley,英格兰,23,CAM,80,88,78,76,81,84,53,71,57524301,Everton,英格兰超级联赛,右,188,76,6,0
Lavyin Kurzawa,法国,24,CM,80,88,79,69,76,78,80,78,23040981,AS Monaco,法国甲级联赛,左,183,74,5,1
Michael Carrick,英格兰,35,CM,80,80,52,69,85,76,77,69,30029305,Manchester United,英格兰超级联赛,右,188,74,13,15
Ramires,英格兰,29,FB,80,80,88,69,78,82,78,78,52979966,Chelsea,英格兰超级联赛,右,180,70,13,5
Diego Benaglio,德国,33,GK,80,80,43,14,33,16,15,64,49338204,VfL Wolfsburg,德国甲级联赛,右,193,89,0,0
Aurelien Chedjou,法国,31,CM,80,80,73,62,72,70,78,85,29149750,LOSC Lille,法国甲级联赛,右,183,86,11,0
Stevan Jovetic,意大利,27,ST,80,82,77,81,77,86,30,72,35164815,Fiorentina,意大利甲级联赛,右,183,79,40,5
Fabian Orellana,西班牙,30,W,80,80,82,71,69,85,28,60,28127029,RC Celta de Vigo,西班牙甲级联赛,右,170,70,7,6
Nikola Maksimovic,意大利,25,CB,80,85,66,30,50,55,82,74,46498055,Torino,意大利甲级联赛,右,193,82,0,1
Andre Andre,葡萄牙,27,CM,80,82,74,75,80,78,70,75,73316159,Vitória Guimarães,葡萄牙超级联赛,右,175,65,0,0
Roberto,西班牙,30,GK,80,80,46,20,41,22,18,62,26106531,Real Zaragoza,西班牙甲级联赛,右,193,86,0,0
Josip Ilicic,意大利,28,W,80,80,72,83,79,85,34,57,54854464,Palermo,意大利甲级联赛,左,190,79,24,11
Ricardo Quaresma,葡萄牙,33,W,80,80,84,79,76,88,16,65,101101814,FC Porto,葡萄牙超级联赛,右,175,67,1,0
Kevin Volland,德国,24,ST,80,85,82,82,76,80,36,83,51425978,TSG 1899 Hoffenheim,德国甲级联赛,左,178,82,17,5
James Milner,英格兰,30,CAM,80,80,71,79,82,78,69,75,27060142,Manchester City,英格兰超级联赛,右,175,70,21,39
Nacho Monreal,西班牙,30,FB,80,80,77,57,68,76,83,75,26737268,CA Osasuna,西班牙甲级联赛,左,178,72,4,6
Dante,德国,33,CM,80,80,54,56,71,66,82,70,26650677,Borussia Mönchengladbach,德国甲级联赛,左,188,87,13,0
Martin Stranzl,德国,36,CB,80,80,50,45,57,50,85,67,58141583,Borussia Mönchengladbach,德国甲级联赛,右,190,83,8,0
Bacary Sagna,英格兰,33,FB,80,80,75,57,63,74,82,81,57214293,Arsenal,英格兰超级联赛,右,175,72,3,14
Marc Bartra,西班牙,25,FB,80,83,70,46,65,70,84,75,29072893,FC Barcelona,西班牙甲级联赛,右,183,74,2,0
Clint Dempsey,英格兰,33,ST,80,80,72,80,74,82,39,79,22087501,Fulham,英格兰超级联赛,右,185,84,54,18
Martin Caceres,意大利,29,FB,80,80,81,56,63,62,85,78,60284392,Juventus,意大利甲级联赛,右,180,78,6,2
Bojan Krkic,英格兰,26,W,80,83,78,74,81,83,22,53,60696546,Stoke City,英格兰超级联赛,右,170,65,26,9
Francisco Casilla,西班牙,30,GK,80,80,40,17,35,16,14,64,39909266,RCD Espanyol,西班牙甲级联赛,右,190,84,0,0
Edin Dzeko,德国,30,ST,80,80,66,79,67,76,26,73,31063733,VfL Wolfsburg,德国甲级联赛,右,193,84,107,14
Francisco Alcacer,西班牙,23,ST,80,86,76,78,62,76,25,73,74531966,Valencia CF,西班牙甲级联赛,右,175,71,10,1
Dimitar Berbatov,英格兰,35,ST,80,80,57,78,81,84,16,64,48421776,Manchester United,英格兰超级联赛,右,188,75,79,30
Fabio Coentrao,葡萄牙,28,FB,80,80,78,67,71,80,80,74,30410004,SL Benfica,葡萄牙超级联赛,左,178,70,1,4
Allan,意大利,25,CM,80,82,78,64,79,78,82,79,36263069,Udinese,意大利甲级联赛,右,175,74,0,3
Yannick Ferreira-Carrasco,法国,23,W,80,85,88,77,74,84,24,67,66069254,AS Monaco,法国甲级联赛,右,180,66,3,2
Branislav Ivanovic,英格兰,32,FB,80,80,64,64,60,62,86,82,21187832,Chelsea,英格兰超级联赛,右,185,91,17,13
Xherdan Shaqiri,瑞士,25,W,80,84,86,79,78,84,55,71,22814192,FC Basel,瑞士超级联赛,左,170,72,10,2
Erik Lamela,英格兰,24,W,80,84,80,79,78,86,40,65,37508724,Tottenham Hotspur,英格兰超级联赛,左,183,70,19,5
Fernando Llorente,西班牙,31,ST,80,80,57,75,63,74,20,70,45439869,Athletic Club de Bilbao,西班牙甲级联赛,右,196,90,88,10
Gervinho,意大利,29,W,80,80,92,67,71,82,24,70,30540038,Roma,意大利甲级联赛,右,178,66,27,13
Rene Adler,德国,31,GK,80,80,42,17,38,16,14,52,34808294,Hamburger SV,德国甲级联赛,右,190,87,0,0
Moussa Dembele,英格兰,29,CM,80,80,78,74,80,84,70,82,26417897,Tottenham Hotspur,英格兰超级联赛,左,185,82,7,9
Daniel Carrico,葡萄牙,28,CM,80,81,63,55,73,64,82,80,22384578,Sporting CP,葡萄牙超级联赛,右,180,80,2,0
Adrien Silva,葡萄牙,27,CAM,80,81,60,78,83,82,69,63,25566167,Sporting CP,葡萄牙超级联赛,右,175,69,0,0
Jose Sosa,德国,31,CAM,80,80,78,75,82,82,61,68,42832383,FC Bayern Munich,德国甲级联赛,右,180,77,3,6
Ron-Robert Zieler,德国,27,GK,80,81,48,15,29,17,14,52,129648436,Hannover 96,德国甲级联赛,右,188,83,0,0
Thomas Vermaelen,英格兰,31,CM,80,80,70,70,72,65,80,77,32349379,Arsenal,英格兰超级联赛,左,183,80,16,4
Quincy Promes,荷兰,24,ST,80,86,88,82,73,82,25,74,40823230,FC Twente,荷兰甲级联赛,右,175,70,0,0
Samuel Eto'o,意大利,35,ST,80,80,74,81,74,80,33,74,23017677,Inter,意大利甲级联赛,右,178,75,77,18
Sami Hyypiae,德国,43,CB,80,85,46,38,71,45,82,76,22464799,Bayer 04 Leverkusen,德国甲级联赛,右,196,88,4,1
Simon Kjaer,法国,27,CB,80,81,66,48,65,54,83,74,19724793,LOSC Lille,法国甲级联赛,右,188,90,8,1
Winston Reid,英格兰,28,FB,80,80,74,58,57,50,82,78,19877914,West Ham United,英格兰超级联赛,右,190,87,3,0
Jardel,葡萄牙,30,CB,80,80,62,47,54,57,82,76,32132018,SL Benfica,葡萄牙超级联赛,右,193,85,0,0
Fredy Guarin,意大利,30,CAM,80,80,76,84,80,82,70,85,34876821,Inter,意大利甲级联赛,右,183,77,8,2
Cedric Carrasso,法国,35,GK,80,80,40,17,33,18,16,58,116320954,Girondins de Bordeaux,法国甲级联赛,右,188,87,0,0
Kevin Strootman,荷兰,26,CM,80,82,67,76,82,78,76,73,40389469,PSV,荷兰甲级联赛,左,185,78,5,0
Yohan Cabaye,法国,30,CM,80,80,67,78,83,79,75,73,39452623,LOSC Lille,法国甲级联赛,右,175,71,18,13
Kevin Mirallas,英格兰,29,W,80,80,88,77,75,83,46,70,66650318,Everton,英格兰超级联赛,右,183,70,15,12
Jese Rodriguez,西班牙,23,W,80,87,88,76,70,86,21,69,74660760,Real Madrid CF,西班牙甲级联赛,右,178,73,5,1
Benat Etxebarria,西班牙,29,CAM,80,80,64,80,85,76,68,69,20323842,Athletic Club de Bilbao,西班牙甲级联赛,右,175,72,11,2
Roberto Pereyra,意大利,25,CM,80,83,85,67,81,84,71,76,39734485,Udinese,意大利甲级联赛,右,183,77,8,5
Kalidou Koulibaly,意大利,25,CB,80,83,74,30,46,56,82,82,19565273,Napoli,意大利甲级联赛,右,196,89,0,0
Danilo Pereira,葡萄牙,25,CM,80,84,68,67,73,76,82,82,82012621,CS Marítimo,葡萄牙超级联赛,右,188,80,0,0
James McCarthy,英格兰,26,CM,80,83,72,68,80,78,79,78,32469895,Wigan Athletic,英格兰超级联赛,右,180,72,9,10
Michael Ballack,英格兰,40,CM,80,80,62,83,81,76,72,78,12343353,Chelsea,英格兰超级联赛,右,188,88,7,10
Wilfried Bony,荷兰,28,ST,80,81,72,83,59,75,33,86,60506507,Vitesse,荷兰甲级联赛,右,183,90,16,4
Giacomo Bonaventura,意大利,27,CAM,80,82,81,79,79,83,60,73,38895812,Atalanta,意大利甲级联赛,右,180,75,14,1
Vedran Corluka,英格兰,30,CM,80,80,50,52,66,69,81,81,27353988,Tottenham Hotspur,英格兰超级联赛,右,193,84,2,8
Nathaniel Clyne,英格兰,25,FB,80,84,86,66,69,77,81,77,45724889,Southampton,英格兰超级联赛,右,175,67,2,7
Mauro Icardi,意大利,23,ST,80,85,78,78,62,76,20,76,50682575,Inter,意大利甲级联赛,右,180,75,19,2
Gerard Deulofeu,英格兰,22,W,80,87,90,68,67,88,24,69,50786555,Everton,英格兰超级联赛,右,178,73,3,3
Hernanes,意大利,31,CAM,80,80,65,78,84,86,44,69,53253929,Lazio,意大利甲级联赛,右,180,77,35,11
Michel Vorm,英格兰,33,GK,80,80,58,19,35,26,17,62,40657951,Swansea City,英格兰超级联赛,右,183,86,0,0
Javi Garcia,葡萄牙,29,CM,80,80,63,72,77,70,79,85,30565047,SL Benfica,葡萄牙超级联赛,右,185,80,2,0
Phil Jones,英格兰,24,FB,80,84,66,59,67,64,82,81,28696886,Manchester United,英格兰超级联赛,右,185,71,3,5
Inigo Martinez,西班牙,25,FB,80,84,74,66,63,60,83,81,80270452,Real Sociedad,西班牙甲级联赛,左,180,77,10,0
Loris Karius,德国,23,GK,80,85,49,18,39,20,12,55,80057253,1. FSV Mainz 05,德国甲级联赛,右,190,87,0,0
Mathieu Valbuena,法国,32,W,80,80,86,73,78,82,30,51,50635115,Olympique de Marseille,法国甲级联赛,右,168,58,11,3
Loic Remy,法国,29,ST,80,80,89,79,69,74,29,80,21970807,OGC Nice,法国甲级联赛,右,185,80,42,3
Tiago,西班牙,35,CM,80,80,58,73,83,78,68,73,41141433,Atlético Madrid,西班牙甲级联赛,右,183,71,10,2
Paul Scholes,英格兰,42,CAM,80,80,53,79,90,81,56,54,28236883,Manchester United,英格兰超级联赛,右,170,71,11,11
Georginio Wijnaldum,荷兰,26,CAM,80,84,82,74,74,85,54,77,99782494,PSV,荷兰甲级联赛,右,175,74,15,3
Andrea Consigli,意大利,29,GK,80,80,41,18,35,16,16,54,82408936,Atalanta,意大利甲级联赛,右,188,82,0,0
Coke,西班牙,29,FB,80,80,76,64,68,76,79,75,42842560,Sevilla FC,西班牙甲级联赛,右,175,72,6,2
Iker Muniain,西班牙,24,W,80,85,85,70,71,82,42,57,71766176,Athletic Club de Bilbao,西班牙甲级联赛,右,170,63,20,4
Marco Parolo,意大利,31,CM,80,80,74,82,80,77,76,80,100816311,Parma,意大利甲级联赛,右,183,75,17,4
Javi Fuego,西班牙,32,CM,80,80,66,63,74,68,82,78,45314981,Valencia CF,西班牙甲级联赛,右,183,74,4,0
Alphonse Areola,法国,23,GK,80,88,53,19,36,17,18,56,35015428,SC Bastia,法国甲级联赛,右,190,91,0,0
Lars Stindl,德国,28,CAM,80,81,70,82,76,79,64,73,45360743,Hannover 96,德国甲级联赛,右,180,78,14,4
Grafite,德国,37,ST,80,84,78,79,64,76,27,78,43229806,VfL Wolfsburg,德国甲级联赛,右,188,88,51,6
Eric Bertrand Bailly,西班牙,22,CB,80,88,81,45,54,56,83,82,25821507,Villarreal CF,西班牙甲级联赛,右,188,77,0,0
Cedric Bakambu,法国,25,ST,80,84,88,78,71,80,30,78,31231437,FC Sochaux-Montbéliard,法国甲级联赛,右,183,73,15,2
Vieirinha,德国,30,CAM,80,80,80,76,76,86,68,67,38887542,VfL Wolfsburg,德国甲级联赛,右,173,73,2,1
Fernandinho,英格兰,31,CM,80,80,77,78,79,77,79,76,76035004,Manchester City,英格兰超级联赛,右,175,67,5,3
Lukasz Piszczek,德国,31,FB,80,80,78,68,70,75,82,78,69299749,Borussia Dortmund,德国甲级联赛,右,183,79,12,10
Holger Badstuber,德国,27,CM,80,80,56,57,72,56,81,64,28257034,FC Bayern Munich,德国甲级联赛,左,190,84,2,2
Emiliano Viviano,意大利,31,GK,80,80,32,19,44,20,13,51,57009328,Bologna,意大利甲级联赛,左,196,90,0,0
Adam Lallana,英格兰,28,CAM,80,80,73,71,80,84,45,74,91501036,Southampton,英格兰超级联赛,右,173,73,14,11
Roman Buerki,瑞士,26,GK,80,83,51,15,36,20,15,61,40844370,Grasshopper Club Zürich,瑞士超级联赛,右,188,85,0,0
Ignacio Camacho,西班牙,26,CM,80,82,66,63,78,70,79,84,78812925,Málaga CF,西班牙甲级联赛,右,183,75,8,1
Mohamed Salah,意大利,24,W,80,85,92,70,70,86,44,69,23185303,Roma,意大利甲级联赛,左,175,72,2,1
Islam Slimani,葡萄牙,28,ST,80,80,72,76,68,74,40,88,32417342,Sporting CP,葡萄牙超级联赛,右,188,84,0,0
Mario Gaspar,西班牙,26,FB,80,84,82,73,67,75,81,79,62752838,Villarreal CF,西班牙甲级联赛,右,178,70,3,1
Jefferson Farfan,德国,32,W,80,80,86,77,77,84,32,73,23386219,FC Schalke 04,德国甲级联赛,右,178,84,40,18
Oscar de Marcos,西班牙,27,FB,80,81,88,63,71,78,76,83,37085690,Athletic Club de Bilbao,西班牙甲级联赛,右,180,76,16,6
Alvaro Morata,意大利,24,ST,80,85,85,79,64,84,18,76,54114563,Juventus,意大利甲级联赛,右,188,85,10,0
Victor Ruiz,西班牙,27,CB,80,81,64,45,67,62,82,80,37509151,Villarreal CF,西班牙甲级联赛,左,185,78,3,1
Joao Mario,葡萄牙,23,CAM,80,86,76,73,80,83,69,73,61180481,Sporting CP,葡萄牙超级联赛,右,178,73,0,0
Maxime Gonalons,法国,27,CM,80,81,68,65,74,71,81,82,44543227,Olympique Lyonnais,法国甲级联赛,右,188,76,3,1
Nicolas N'Koulou,法国,26,FB,80,82,76,46,73,71,80,77,58812487,Olympique de Marseille,法国甲级联赛,右,180,77,3,0
Christian Benteke,英格兰,26,ST,80,83,77,81,64,78,26,84,66783286,Aston Villa,英格兰超级联赛,右,190,83,32,6
Marko Basa,法国,34,CM,80,80,58,58,68,61,81,78,45766612,LOSC Lille,法国甲级联赛,右,190,86,9,1
Jose Antonio Reyes,西班牙,33,W,79,79,72,74,79,86,24,57,28686997,Sevilla FC,西班牙甲级联赛,左,175,72,14,15
Ricardo Oliveira,西班牙,36,ST,79,79,72,80,66,78,35,74,21300040,Real Betis Balompié,西班牙甲级联赛,右,183,83,7,1
Jeison Murillo,西班牙,24,FB,79,83,75,39,63,66,82,79,19083971,Granada CF,西班牙甲级联赛,右,183,78,2,0
Matija Nastasic,英格兰,23,CB,79,84,70,31,59,50,82,75,56399847,Manchester City,英格兰超级联赛,左,188,83,0,0
Mirko Vucinic,意大利,33,ST,79,79,79,79,78,87,28,73,116873819,Roma,意大利甲级联赛,右,185,76,54,14
Jeroen Zoet,荷兰,25,GK,79,83,51,18,44,24,18,55,43384434,PSV,荷兰甲级联赛,右,188,85,0,0
Thierry Henry,西班牙,39,W,79,79,74,73,74,83,25,63,21711100,FC Barcelona,西班牙甲级联赛,右,188,83,27,8
Manuel Fernandes,西班牙,30,CAM,79,79,82,78,81,82,68,70,55440014,Valencia CF,西班牙甲级联赛,右,175,69,3,1
Neven Subotic,德国,28,CB,79,80,70,52,54,40,81,75,36676269,Borussia Dortmund,德国甲级联赛,右,190,83,13,1
Andreas Granqvist,荷兰,31,CM,79,79,48,61,63,56,82,71,31374200,FC Groningen,荷兰甲级联赛,右,193,84,3,0
Felipe Anderson,意大利,23,W,79,84,92,79,71,86,29,60,30472828,Lazio,意大利甲级联赛,右,175,70,0,1
Johannes Geis,德国,23,CM,79,84,58,73,83,74,76,80,19436481,1. FSV Mainz 05,德国甲级联赛,右,180,81,2,3
Francesco Acerbi,意大利,28,CM,79,80,54,56,66,62,82,68,25887148,Sassuolo,意大利甲级联赛,左,193,88,1,0
Riccardo Montolivo,意大利,31,CAM,79,79,58,75,85,80,65,66,20494089,Fiorentina,意大利甲级联赛,右,183,79,19,5
Ron Vlaar,荷兰,31,CM,79,79,60,65,67,60,81,70,43504427,Feyenoord,荷兰甲级联赛,右,188,79,3,2
Mark van Bommel,德国,39,CM,79,79,48,71,78,72,74,73,30434036,FC Bayern Munich,德国甲级联赛,右,185,86,3,3
Mikel Balenziaga,西班牙,28,FB,79,79,79,51,71,76,80,81,28001777,Athletic Club de Bilbao,西班牙甲级联赛,左,178,76,1,1
Michael Krohn-Dehli,西班牙,33,CAM,79,79,70,69,82,78,59,70,49544657,RC Celta de Vigo,西班牙甲级联赛,右,170,68,2,1
Sergio Canales,西班牙,25,W,79,83,71,74,81,82,25,59,43011723,Real Sociedad,西班牙甲级联赛,左,178,65,12,6
Saul Niguez,西班牙,22,CM,79,88,75,68,79,79,76,80,37027897,Atlético Madrid,西班牙甲级联赛,左,180,70,2,0
Rio Mavuba,法国,32,CM,79,79,64,57,75,71,78,78,41475204,LOSC Lille,法国甲级联赛,右,173,74,3,1
Davy Klaassen,荷兰,23,CAM,79,85,72,77,77,78,63,81,12771698,Ajax,荷兰甲级联赛,右,178,70,5,2
Mario Balotelli,意大利,26,ST,79,81,76,81,66,85,22,72,63464237,Milan,意大利甲级联赛,右,188,88,64,12
Nigel de Jong,英格兰,32,FB,79,79,71,55,73,70,80,80,27593800,Manchester City,英格兰超级联赛,右,175,72,4,1
Konstantinos Mitroglou,葡萄牙,28,ST,79,79,60,80,64,80,21,75,54886813,SL Benfica,葡萄牙超级联赛,左,188,85,0,0
Paul-Georges Ntep,法国,24,W,79,84,90,77,72,84,22,65,32795486,Stade Rennais FC,法国甲级联赛,右,180,75,5,0
Ibrahima Traore,德国,28,W,79,79,88,74,70,82,37,60,43654928,VfB Stuttgart,德国甲级联赛,左,173,61,6,4
Eduardo Salvio,葡萄牙,26,W,79,82,88,75,71,84,41,75,33242446,SL Benfica,葡萄牙超级联赛,右,173,68,5,2
Sebastian Rode,德国,26,CM,79,81,76,65,75,74,81,79,47556337,Eintracht Frankfurt,德国甲级联赛,右,178,73,2,0
Antonio Cassano,意大利,34,CAM,79,79,40,76,85,88,13,45,33278934,Sampdoria,意大利甲级联赛,右,175,80,54,17
Dejan Lovren,法国,27,CB,79,81,54,43,65,66,82,75,31375567,Olympique Lyonnais,法国甲级联赛,右,188,84,4,1
Tony Jantschke,德国,26,CB,79,81,66,42,68,66,84,79,66588742,Borussia Mönchengladbach,德国甲级联赛,右,178,77,4,0
Danny Welbeck,英格兰,26,ST,79,83,86,75,71,80,29,81,42298996,Manchester United,英格兰超级联赛,右,185,73,26,10
Memphis Depay,荷兰,22,ST,79,86,90,81,71,84,24,77,73508351,PSV,荷兰甲级联赛,右,175,78,17,4
Domenico Criscito,意大利,30,FB,79,79,81,62,74,76,80,77,26060551,Genoa,意大利甲级联赛,左,183,75,5,0
Roberto Trashorras,西班牙,35,CM,79,79,40,71,87,77,74,58,52833868,Rayo Vallecano,西班牙甲级联赛,右,178,71,4,6
Ben Foster,英格兰,33,GK,79,79,49,20,37,20,17,55,38448829,West Bromwich Albion,英格兰超级联赛,左,193,90,0,0
Francesco Totti,意大利,40,CAM,79,79,38,85,88,85,18,54,29839216,Roma,意大利甲级联赛,右,180,82,73,21
Landon Donovan,英格兰,34,W,79,79,82,73,78,78,40,73,35861521,Everton,英格兰超级联赛,右,173,73,2,6
Nabil Fekir,法国,23,ST,79,85,82,78,77,87,29,73,50821640,Olympique Lyonnais,法国甲级联赛,左,173,72,1,2
Luis Jimenez,意大利,32,W,79,82,79,70,79,83,33,65,42760785,Cesena,意大利甲级联赛,右,183,75,12,4
Niklas Suele,德国,21,CB,79,86,58,50,52,44,82,64,79541921,TSG 1899 Hoffenheim,德国甲级联赛,右,196,93,4,0
Seydou Doumbia,瑞士,29,ST,79,79,91,78,72,80,35,78,37806976,BSC Young Boys,瑞士超级联赛,右,178,77,0,0
Denis Suarez,西班牙,22,W,79,86,80,72,80,84,43,62,75052967,Villarreal CF,西班牙甲级联赛,右,180,72,0,0
Jack Butland,英格兰,23,GK,79,87,50,19,37,24,17,54,32609058,Stoke City,英格兰超级联赛,右,196,95,0,0
Jamie Vardy,英格兰,29,ST,79,79,92,78,61,76,55,76,12386769,Leicester City,英格兰超级联赛,右,178,73,0,0
Bas Dost,荷兰,27,ST,79,80,60,81,50,58,36,68,104458784,SC Heerenveen,荷兰甲级联赛,右,196,85,12,0
Davide Astori,意大利,29,CB,79,79,68,42,53,53,84,77,44821308,Cagliari,意大利甲级联赛,左,188,80,7,1
N'Golo Kante,法国,25,FB,79,83,80,68,78,76,82,82,52428993,SM Caen,法国甲级联赛,右,170,69,0,0
Daniel Baier,德国,32,CM,79,79,68,62,81,77,78,75,28017169,FC Augsburg,德国甲级联赛,右,175,77,2,5
Kevin Kampl,德国,26,CAM,79,81,82,69,79,84,58,67,42390406,Bayer 04 Leverkusen,德国甲级联赛,右,178,65,0,0
Serdar Tasci,德国,29,FB,79,79,66,44,70,68,80,70,21010776,VfB Stuttgart,德国甲级联赛,右,185,80,6,1
Stefan Daniel Radu,意大利,30,FB,79,79,76,69,66,68,85,74,28853872,Lazio,意大利甲级联赛,左,183,79,2,2
Maximiliano Pereira,葡萄牙,32,CM,79,79,76,71,73,77,80,77,25513953,SL Benfica,葡萄牙超级联赛,右,173,73,0,0
Kieran Gibbs,英格兰,27,FB,79,81,81,61,71,77,81,72,18400938,Arsenal,英格兰超级联赛,左,178,70,1,4
Adil Rami,法国,31,FB,79,79,61,62,48,58,82,77,15541219,LOSC Lille,法国甲级联赛,右,190,88,5,2
Felipe Melo,意大利,33,CM,79,79,70,73,76,72,78,81,46854717,Juventus,意大利甲级联赛,右,183,80,7,0
Jordan Henderson,英格兰,26,CM,79,81,74,71,81,76,71,83,24066330,Liverpool,英格兰超级联赛,右,183,67,15,21
Adem Ljajic,意大利,25,W,79,82,80,78,76,84,31,67,57984756,Fiorentina,意大利甲级联赛,右,183,74,22,4
Gylfi Sigurdsson,英格兰,27,CAM,79,81,67,82,80,79,50,72,23760685,Swansea City,英格兰超级联赛,右,185,77,24,9
Gorka Iraizoz Moreno,西班牙,35,GK,79,79,32,15,34,13,15,54,39917781,Athletic Club de Bilbao,西班牙甲级联赛,右,190,89,0,0
Carlos Kameni,西班牙,32,GK,79,79,44,15,32,14,15,65,26302841,RCD Espanyol,西班牙甲级联赛,右,185,86,0,0
Filip Kostic,德国,24,W,79,84,90,72,70,82,38,71,25350420,VfB Stuttgart,德国甲级联赛,左,183,82,0,0
Juan Bernat,德国,23,FB,79,83,82,61,74,82,80,70,41596940,FC Bayern Munich,德国甲级联赛,左,170,67,1,0
Carlos Gurpegi,西班牙,36,CM,79,79,44,59,64,58,78,80,22295384,Athletic Club de Bilbao,西班牙甲级联赛,右,180,75,6,0
Mathieu Debuchy,法国,31,CM,79,79,75,67,71,73,79,80,26669441,LOSC Lille,法国甲级联赛,右,178,76,6,3
Giovani dos Santos,西班牙,27,W,79,80,86,80,71,85,25,59,35935755,Villarreal CF,西班牙甲级联赛,左,175,74,22,3
Alex,法国,34,CB,79,79,51,66,49,56,81,76,23364475,Paris Saint-Germain,法国甲级联赛,右,188,92,12,3
Lucas Pratto,意大利,28,ST,79,79,72,81,71,78,37,76,34958773,Genoa,意大利甲级联赛,右,188,82,1,0
Diego Lopez,西班牙,35,GK,79,79,43,15,35,17,14,59,27833061,Villarreal CF,西班牙甲级联赛,右,196,87,0,0
Pizzi,葡萄牙,27,CAM,79,80,80,75,80,82,59,67,48510903,SL Benfica,葡萄牙超级联赛,右,173,66,12,1
Yoann Gourcuff,法国,30,CAM,79,79,68,73,83,84,51,62,23196115,Olympique Lyonnais,法国甲级联赛,右,185,79,10,0
Casemiro,葡萄牙,24,CM,79,83,64,73,76,73,77,84,36149029,FC Porto,葡萄牙超级联赛,右,183,80,0,0
Daniel Didavi,德国,26,ST,79,81,75,82,76,79,36,71,36593848,VfB Stuttgart,德国甲级联赛,左,180,78,10,1
Federico Marchetti,意大利,33,GK,79,79,52,17,39,16,17,60,27032657,Lazio,意大利甲级联赛,左,188,83,0,0
Eliaquim Mangala,葡萄牙,25,FB,79,82,74,47,56,61,78,83,45623078,FC Porto,葡萄牙超级联赛,左,188,84,0,0
Rasmus Elm,荷兰,28,CM,79,79,64,75,85,72,73,74,64293127,AZ,荷兰甲级联赛,右,183,75,0,0
Jefferson Nascimento,葡萄牙,28,CM,79,80,82,76,72,76,78,79,40169962,Sporting CP,葡萄牙超级联赛,左,178,74,0,0
Max-Alain Gradel,法国,29,W,79,79,88,73,69,82,41,66,71471882,AS Saint-Étienne,法国甲级联赛,右,175,69,15,5
Ashley Young,英格兰,31,W,79,79,84,74,74,82,54,61,18203855,Aston Villa,英格兰超级联赛,右,175,65,31,37
Cristian Daniel Ansaldi,意大利,30,FB,79,79,78,61,73,73,78,73,44843318,Genoa,意大利甲级联赛,左,180,76,0,0
Aleix Vidal,西班牙,27,FB,79,81,91,71,71,83,70,80,26842949,UD Almería,西班牙甲级联赛,右,178,69,6,1
Jonathan dos Santos,西班牙,26,CAM,79,81,70,68,82,83,58,67,32406799,Villarreal CF,西班牙甲级联赛,右,173,68,0,0
Stefan Kiessling,德国,32,ST,79,79,65,80,70,70,40,82,17898495,Bayer 04 Leverkusen,德国甲级联赛,右,190,82,97,6
Andre Schuerrle,德国,26,ST,79,83,88,81,71,80,34,69,56422036,Bayer 04 Leverkusen,德国甲级联赛,右,183,74,48,8
Michael Bradley,德国,29,CM,79,79,71,71,82,79,73,81,27136903,Borussia Mönchengladbach,德国甲级联赛,右,188,79,14,2
Kurt Zouma,法国,22,FB,79,88,73,51,58,58,80,80,38065821,AS Saint-Étienne,法国甲级联赛,右,190,85,4,2
Daley Blind,荷兰,26,CM,79,81,62,59,80,76,81,79,40246730,Ajax,荷兰甲级联赛,左,180,72,0,0
Asier Illarramendi,西班牙,26,CM,79,81,65,62,81,79,74,66,56047200,Real Sociedad,西班牙甲级联赛,右,178,76,2,2
Joaquin,西班牙,35,W,79,79,78,73,80,84,36,62,12580376,Valencia CF,西班牙甲级联赛,右,178,75,18,17
Obafemi Martins,英格兰,32,ST,79,79,91,76,70,78,31,76,42647921,Newcastle United,英格兰超级联赛,左,170,73,22,2
Fernando Torres,英格兰,32,ST,79,79,78,78,68,81,19,71,37146683,Chelsea,英格兰超级联赛,右,185,78,62,30
Enzo Perez,葡萄牙,30,CM,79,79,76,73,79,78,78,79,41325311,SL Benfica,葡萄牙超级联赛,右,178,71,0,0
Orestis Karnezis,意大利,31,GK,79,79,39,23,35,19,19,54,37221896,Udinese,意大利甲级联赛,右,190,79,0,0
Joshua Guilavogui,法国,26,CM,79,81,70,64,72,70,82,79,23507357,AS Saint-Étienne,法国甲级联赛,右,188,77,5,1
Stephan El Shaarawy,意大利,24,W,79,85,86,73,67,86,29,62,43674238,Milan,意大利甲级联赛,右,178,72,18,2
Pablo Piatti,西班牙,27,W,79,80,86,69,71,80,40,66,28952932,UD Almería,西班牙甲级联赛,左,163,63,28,6
Gael Clichy,英格兰,31,FB,79,79,82,43,64,74,81,73,28670115,Manchester City,英格兰超级联赛,左,175,65,2,7
Diego Perotti,西班牙,28,W,79,80,82,71,77,86,28,64,47893767,Sevilla FC,西班牙甲级联赛,右,178,70,9,9
Zoran Tosic,德国,29,W,79,79,85,77,76,83,38,68,24749591,1. FC Köln,德国甲级联赛,左,170,71,5,1
Moussa Sissoko,法国,27,CM,79,81,80,76,74,80,72,85,37368886,Toulouse FC,法国甲级联赛,右,188,83,13,8
Jose Salomon Rondon,西班牙,27,ST,79,81,76,78,54,76,24,75,32622865,Málaga CF,西班牙甲级联赛,右,188,85,25,6
Kyle Walker,英格兰,26,FB,79,81,88,69,69,74,79,83,26921924,Tottenham Hotspur,英格兰超级联赛,右,178,70,4,10
Francis Coquelin,英格兰,25,CM,79,82,70,58,75,76,79,74,17847370,Arsenal,英格兰超级联赛,右,178,74,1,1
Gabriel Milito,西班牙,36,CB,79,79,56,41,61,57,82,65,30538863,FC Barcelona,西班牙甲级联赛,左,178,78,0,0
Max Meyer,德国,21,W,79,87,76,61,78,84,34,59,57283292,FC Schalke 04,德国甲级联赛,右,173,68,6,2
Vladimir Weiss,西班牙,27,W,79,83,90,74,68,83,31,62,35430757,RCD Espanyol,西班牙甲级联赛,右,173,71,7,4
Guillermo Ochoa,法国,31,GK,79,79,68,16,36,14,14,57,36329593,AC Ajaccio,法国甲级联赛,右,185,78,0,0
Ruben Castro,西班牙,35,ST,79,79,80,78,63,81,18,73,29243293,Real Betis Balompié,西班牙甲级联赛,右,175,72,46,6
Jo,英格兰,29,ST,79,82,72,77,64,76,25,76,35522481,Everton,英格兰超级联赛,左,188,78,8,4
Simone Zaza,意大利,25,ST,79,83,79,80,59,78,30,80,70753561,Sassuolo,意大利甲级联赛,左,185,83,9,2
Pontus Wernbloom,荷兰,30,CM,79,79,59,71,73,70,79,75,37073948,AZ,荷兰甲级联赛,右,188,85,0,0
Tim Howard,英格兰,37,GK,79,79,49,18,38,16,15,57,17337328,Everton,英格兰超级联赛,右,190,88,2,1
Tomas Rosicky,英格兰,36,CAM,79,79,66,70,82,84,46,59,15224779,Arsenal,英格兰超级联赛,右,178,65,9,11
Lucas Leiva,英格兰,29,CM,79,79,56,43,73,72,81,78,80627183,Liverpool,英格兰超级联赛,右,178,73,2,6
Remy Cabella,法国,26,W,79,81,83,74,77,84,50,56,44664084,Montpellier Hérault SC,法国甲级联赛,右,170,68,27,2
Michy Batshuayi,法国,23,ST,79,84,82,80,54,78,22,75,57158639,Olympique de Marseille,法国甲级联赛,右,180,78,0,0
Andre Carrillo,葡萄牙,25,ST,79,83,90,77,72,82,25,72,39413483,Sporting CP,葡萄牙超级联赛,右,180,73,0,0
Geronimo Rulli,西班牙,24,GK,79,85,51,19,35,15,17,60,60405796,Real Sociedad,西班牙甲级联赛,右,188,80,0,0
Ciro Immobile,意大利,26,ST,79,81,81,81,60,76,32,75,20468074,Torino,意大利甲级联赛,右,185,78,28,1
Roman Weidenfeller,德国,36,GK,79,79,23,16,28,16,15,58,28997651,Borussia Dortmund,德国甲级联赛,左,190,90,0,0
Gokhan Tore,德国,24,W,79,84,86,74,77,85,34,74,29151195,Hamburger SV,德国甲级联赛,左,175,70,0,6
Alessandro Florenzi,意大利,25,CAM,79,82,85,79,77,80,74,78,60980138,Roma,意大利甲级联赛,右,173,67,9,3
Lucas Perez,西班牙,28,ST,79,80,77,80,74,82,28,70,20495791,RC Deportivo de La Coruña,西班牙甲级联赛,左,180,78,0,0
Andre Ayew,法国,27,CAM,79,79,78,74,74,80,64,83,21916061,Olympique de Marseille,法国甲级联赛,左,175,72,27,2
Eder Citadin Martins,意大利,30,W,79,79,85,79,67,82,22,60,33369114,Sampdoria,意大利甲级联赛,右,178,74,6,0
Miguel Veloso,意大利,30,CM,79,79,64,77,85,80,74,74,41033212,Genoa,意大利甲级联赛,左,180,78,3,0
Dusan Basta,意大利,32,FB,79,79,80,71,69,77,80,76,21715513,Udinese,意大利甲级联赛,右,183,72,9,2
Luisao,葡萄牙,35,CM,79,79,38,56,59,60,81,64,41974021,SL Benfica,葡萄牙超级联赛,右,193,92,0,0
Gareth Barry,英格兰,35,CM,79,79,42,68,79,68,80,75,22452080,Manchester City,英格兰超级联赛,左,183,79,15,23
Luiz Adriano,意大利,29,ST,79,79,78,79,63,79,25,77,32729863,Milan,意大利甲级联赛,右,183,71,0,0
Jonathas,西班牙,27,ST,79,80,74,81,58,76,27,77,55082282,Elche CF,西班牙甲级联赛,右,190,85,4,0
Denis Cheryshev,西班牙,26,CAM,79,83,84,74,75,80,56,74,62568132,Villarreal CF,西班牙甲级联赛,左,178,74,0,0
Rodrigo Palacio,意大利,34,W,79,79,81,73,73,84,33,71,43065978,Inter,意大利甲级联赛,右,175,70,65,10
Angelo Obinze Ogbonna,意大利,28,CB,79,79,71,47,49,58,83,77,57000399,Torino,意大利甲级联赛,左,190,86,0,0
Paulo Oliveira,葡萄牙,24,CB,79,83,73,38,56,62,83,79,53427058,Vitória Guimarães,葡萄牙超级联赛,右,188,82,0,0
Roberto Soldado,西班牙,31,ST,79,79,68,79,71,76,38,73,43830800,Valencia CF,西班牙甲级联赛,右,180,74,95,8
Hector Moreno,西班牙,28,FB,79,79,68,45,67,62,81,73,24321998,RCD Espanyol,西班牙甲级联赛,左,183,80,7,0
Maxwell,法国,35,CM,79,79,72,69,79,79,78,75,21991584,Paris Saint-Germain,法国甲级联赛,左,175,73,9,5
Augusto Fernandez,西班牙,30,CAM,79,79,71,72,81,80,58,65,55749667,RC Celta de Vigo,西班牙甲级联赛,右,178,71,8,1
Andrea Raggi,法国,32,FB,79,79,61,56,64,66,81,71,40893870,AS Monaco,法国甲级联赛,右,188,82,2,1
Marko Arnautovic,英格兰,27,W,79,80,78,73,75,84,45,77,61817617,Stoke City,英格兰超级联赛,右,193,83,18,7
Bernardo Silva,法国,22,W,79,86,79,66,79,82,44,60,27827044,AS Monaco,法国甲级联赛,左,173,65,0,0
Miroslav Klose,意大利,38,ST,79,79,69,71,58,72,22,71,31356113,Lazio,意大利甲级联赛,右,183,84,49,6
Jeremain Lens,荷兰,29,ST,79,79,83,77,73,82,29,74,27865788,PSV,荷兰甲级联赛,右,178,73,0,0
Leandro Castan,意大利,30,CB,79,79,68,40,53,59,80,73,19297606,Roma,意大利甲级联赛,左,183,80,1,0
Steven Nzonzi,英格兰,28,CM,79,80,66,64,74,79,78,77,46024522,Stoke City,英格兰超级联赛,右,190,75,9,6
Moussa Sow,法国,30,ST,79,79,86,79,68,78,33,77,30397351,LOSC Lille,法国甲级联赛,右,180,81,17,0
Kwadwo Asamoah,意大利,28,CAM,79,80,81,79,75,82,68,79,82334578,Udinese,意大利甲级联赛,左,173,76,12,3
Kevin Gameiro,法国,29,ST,79,79,80,77,75,77,33,73,42453913,FC Lorient,法国甲级联赛,右,173,70,42,2
Hakan Calhanoglu,德国,22,CAM,79,84,74,83,79,79,41,57,28230550,Bayer 04 Leverkusen,德国甲级联赛,右,178,76,11,2
Sergio Garcia,西班牙,33,W,79,79,76,79,74,82,27,60,45371851,RCD Espanyol,西班牙甲级联赛,右,175,72,38,11
Mbark Boussoufa,比利时,32,W,79,79,79,73,81,81,42,65,55478046,RSC Anderlecht,比利时甲级联赛,右,168,61,0,0
Cheik Tiote,英格兰,30,CM,78,78,68,61,69,72,80,84,19458134,Newcastle United,英格兰超级联赛,右,180,86,1,6
Dieumerci Mbokani,比利时,31,ST,78,78,82,76,65,76,29,81,29536643,RSC Anderlecht,比利时甲级联赛,右,185,73,0,0
Martin Demichelis,西班牙,36,GK,78,78,34,41,56,43,78,69,37250650,Málaga CF,西班牙甲级联赛,右,183,78,18,1
Joel Veltman,荷兰,24,FB,78,82,67,50,67,65,81,71,48329022,Ajax,荷兰甲级联赛,右,183,73,3,0
Yann M'Vila,法国,26,CM,78,82,76,64,78,73,75,76,29364516,Stade Rennais FC,法国甲级联赛,右,183,80,3,0
Gregory van der Wiel,荷兰,28,FB,78,78,81,67,73,76,76,77,29337915,Ajax,荷兰甲级联赛,右,180,69,2,3
Zlatko Junuzovic,德国,29,CAM,78,78,78,74,78,79,70,75,41519099,SV Werder Bremen,德国甲级联赛,右,173,69,5,2
Owen Hargreaves,英格兰,35,CM,78,78,77,66,77,76,78,70,33496831,Manchester United,英格兰超级联赛,右,180,73,0,0
Jermain Defoe,英格兰,34,ST,78,78,78,84,59,78,18,70,31401337,Tottenham Hotspur,英格兰超级联赛,右,170,70,61,15
Lucas,葡萄牙,25,W,78,83,82,74,72,80,39,67,16333615,Boavista FC,葡萄牙超级联赛,右,185,82,0,0
Martin Montoya,西班牙,25,FB,78,81,86,59,71,76,78,78,18125424,FC Barcelona,西班牙甲级联赛,右,175,72,1,2
Cristian Tello Herrera,葡萄牙,25,W,78,81,92,72,69,82,22,68,33361673,FC Porto,葡萄牙超级联赛,右,178,65,11,0
Anthony Modeste,德国,28,ST,78,78,76,75,62,73,25,78,22075569,TSG 1899 Hoffenheim,德国甲级联赛,右,188,84,32,1
Miguel Layun,葡萄牙,28,CM,78,79,84,75,75,78,75,76,24488451,FC Porto,葡萄牙超级联赛,右,178,69,0,0
Balazs Dzsudzsak,荷兰,30,ST,78,78,79,80,74,78,23,67,21128988,PSV,荷兰甲级联赛,左,178,72,1,1
David Beckham,意大利,41,CAM,78,78,58,75,85,74,52,70,21950259,Milan,意大利甲级联赛,右,183,75,2,6
Christophe Jallet,法国,33,CM,78,78,74,67,77,74,78,78,41602222,Paris Saint-Germain,法国甲级联赛,右,178,65,3,0
Leo Baptistao,西班牙,24,ST,78,83,79,73,67,81,20,69,56840556,Rayo Vallecano,西班牙甲级联赛,右,180,71,8,1
Wojciech Szczesny,英格兰,26,GK,78,79,45,14,36,16,13,46,24125065,Arsenal,英格兰超级联赛,右,196,84,0,0
Adrian,英格兰,29,GK,78,78,45,25,28,19,18,60,26218351,West Ham United,英格兰超级联赛,右,188,77,0,0
Daniele Baselli,意大利,24,CAM,78,84,77,74,81,80,64,72,52262513,Atalanta,意大利甲级联赛,右,183,70,0,0
Bruno Alves,葡萄牙,35,CM,78,78,61,74,65,69,75,84,36120742,FC Porto,葡萄牙超级联赛,右,188,83,0,0
Rodrigo,葡萄牙,25,ST,78,82,85,76,68,80,28,73,26250705,SL Benfica,葡萄牙超级联赛,左,180,77,1,1
Alex Song,英格兰,29,CM,78,78,70,55,76,71,75,78,40060561,Arsenal,英格兰超级联赛,右,185,74,10,14
Antonio Mirante,意大利,33,GK,78,78,44,18,38,18,15,50,32213858,Parma,意大利甲级联赛,右,193,79,0,0
Emiliano Insua,英格兰,27,CM,78,79,78,75,72,74,80,76,117025542,Liverpool,英格兰超级联赛,左,180,79,0,4
Scott Dann,英格兰,29,CB,78,78,52,39,63,52,80,75,25121352,Crystal Palace,英格兰超级联赛,右,190,78,8,4
Wahbi Khazri,法国,25,W,78,81,76,82,76,80,42,61,31718044,Girondins de Bordeaux,法国甲级联赛,右,183,76,13,0
Rafinha,德国,31,FB,78,78,74,47,70,75,80,67,26061225,FC Bayern Munich,德国甲级联赛,右,173,68,9,12
Lucas Vazquez,西班牙,25,W,78,83,82,74,72,80,39,67,32574204,RCD Espanyol,西班牙甲级联赛,右,173,69,0,0
Hakim Ziyech,荷兰,23,CAM,78,84,74,77,81,77,45,60,43465067,FC Twente,荷兰甲级联赛,左,180,70,9,12
Madjid Bougherra,苏格兰,34,FB,78,80,84,35,59,62,77,79,17580687,Rangers,苏格兰超级联赛,右,188,89,0,0
Tomas Pina,西班牙,29,CM,78,78,63,63,81,79,72,73,15451165,RCD Mallorca,西班牙甲级联赛,右,185,78,3,0
Markel Susaeta,西班牙,29,W,78,78,77,76,79,80,28,67,41075434,Athletic Club de Bilbao,西班牙甲级联赛,右,178,68,26,17
Emmanuel Adebayor,英格兰,32,ST,78,78,72,77,69,76,24,77,18737211,Tottenham Hotspur,英格兰超级联赛,右,190,82,70,25
Lukasz Fabianski,英格兰,31,GK,78,78,48,16,35,18,13,53,37112743,Swansea City,英格兰超级联赛,右,190,83,0,1
Alexander Dragovic,瑞士,25,FB,78,82,72,54,67,65,82,78,24232058,FC Basel,瑞士超级联赛,右,185,79,0,0
Pedro Mosquera,西班牙,28,CM,78,78,61,62,82,73,71,69,23445617,RC Deportivo de La Coruña,西班牙甲级联赛,左,183,77,0,1
Christian Gentner,德国,31,CM,78,78,60,79,78,74,75,77,16268374,VfB Stuttgart,德国甲级联赛,右,188,81,28,4
Luke Shaw,英格兰,21,FB,78,86,82,41,68,78,78,74,24744066,Southampton,英格兰超级联赛,左,185,75,0,1
Sofiane Boufal,法国,23,W,78,84,86,70,72,85,34,48,22373923,LOSC Lille,法国甲级联赛,右,170,60,0,0
Andreas Samaris,葡萄牙,27,CM,78,79,62,71,73,76,78,79,36475389,SL Benfica,葡萄牙超级联赛,右,188,80,0,0
Vladimir Darida,德国,26,CAM,78,81,70,75,78,80,66,72,35547784,SC Freiburg,德国甲级联赛,右,170,64,3,5
Alex Oxlade-Chamberlain,英格兰,23,W,78,85,89,73,74,84,42,70,37233918,Arsenal,英格兰超级联赛,右,175,70,5,6
Kenneth Vermeer,荷兰,30,GK,78,78,58,17,49,31,18,61,18695352,Ajax,荷兰甲级联赛,右,183,78,0,0
Thorgan Hazard,德国,23,W,78,83,78,75,77,82,35,63,43043513,Borussia Mönchengladbach,德国甲级联赛,右,175,69,0,0
Kevin Wimmer,德国,24,CB,78,83,67,29,68,65,80,73,24238216,1. FC Köln,德国甲级联赛,左,188,85,0,0
David Ospina,法国,28,GK,78,79,34,19,36,22,15,47,28019080,OGC Nice,法国甲级联赛,右,183,79,0,0
Esteban Cambiasso,意大利,36,CM,78,78,55,74,78,75,77,73,27818507,Inter,意大利甲级联赛,左,178,78,25,5
Sven Kums,比利时,28,CM,78,78,66,66,81,77,71,65,19987421,KV Kortrijk,比利时甲级联赛,右,175,68,0,0
Mario Suarez,西班牙,29,CM,78,78,62,71,81,78,74,71,14550963,Atlético Madrid,西班牙甲级联赛,右,188,80,8,2
Aleksandar Kolarov,英格兰,31,CM,78,78,68,75,74,76,80,78,18755041,Manchester City,英格兰超级联赛,左,188,83,10,14
Ari,荷兰,31,GK,78,78,58,16,40,18,16,52,36042768,AZ,荷兰甲级联赛,右,198,78,0,0
Alexander Meier,德国,33,CAM,78,78,54,82,77,74,49,67,52025173,Eintracht Frankfurt,德国甲级联赛,右,196,96,39,1
Marcel Schmelzer,德国,28,FB,78,78,78,57,64,69,78,77,32733738,Borussia Dortmund,德国甲级联赛,左,180,72,2,6
Wilfried Zaha,英格兰,24,W,78,81,88,68,67,86,30,65,15601521,Crystal Palace,英格兰超级联赛,右,180,66,0,1
Ricardo Carvalho,法国,38,CM,78,78,40,47,64,58,78,59,31704201,AS Monaco,法国甲级联赛,右,183,79,4,2
Teofilo Gutierrez,葡萄牙,31,ST,78,78,70,79,71,82,21,75,30459098,Sporting CP,葡萄牙超级联赛,右,178,82,0,0
Gabriel Paulista,西班牙,26,FB,78,82,70,56,66,62,80,75,25885451,Villarreal CF,西班牙甲级联赛,右,188,72,1,0
Martin Braithwaite,法国,25,ST,78,82,87,76,71,78,30,81,21237702,Toulouse FC,法国甲级联赛,右,180,77,7,3
Daniele Rugani,意大利,22,CB,78,86,66,44,55,62,83,74,70302918,Empoli,意大利甲级联赛,右,190,82,0,0
Fabinho,法国,23,FB,78,86,74,60,71,76,78,76,37379556,AS Monaco,法国甲级联赛,右,188,78,0,0
Papiss Cisse,英格兰,31,ST,78,78,74,79,66,74,20,73,49253197,Newcastle United,英格兰超级联赛,右,183,73,68,6
Christoph Kramer,德国,25,FB,78,81,66,45,73,76,79,72,25297523,Borussia Mönchengladbach,德国甲级联赛,右,190,80,3,0
Atiba Hutchinson,荷兰,33,CM,78,78,72,66,75,74,75,76,34412143,PSV,荷兰甲级联赛,右,188,73,0,0
Yassine Chikhaoui,瑞士,30,W,78,78,84,72,75,84,25,71,22543826,FC Zürich,瑞士超级联赛,右,188,80,0,0
Anthony Martial,英格兰,21,ST,78,86,89,76,66,83,24,80,52375737,Manchester United,英格兰超级联赛,右,180,76,2,0
Simon Rolfes,德国,34,CM,78,78,58,66,78,70,78,75,22360564,Bayer 04 Leverkusen,德国甲级联赛,左,190,83,24,3
Dusan Tadic,荷兰,28,W,78,78,71,67,81,84,33,68,37014118,FC Groningen,荷兰甲级联赛,左,180,76,0,0
Ljubomir Fejsa,葡萄牙,28,CM,78,78,52,65,72,71,79,77,26431429,SL Benfica,葡萄牙超级联赛,右,185,80,0,0
Oscar Wendt,德国,31,FB,78,78,78,59,77,80,77,71,31647835,Borussia Mönchengladbach,德国甲级联赛,左,180,82,4,0
Adrian Ramos,德国,30,ST,78,78,83,73,63,75,32,80,28956770,Hertha BSC Berlin,德国甲级联赛,右,185,75,33,5
Charles Aranguiz,德国,27,CAM,78,79,78,73,84,77,56,69,20867263,Bayer 04 Leverkusen,德国甲级联赛,右,170,70,0,0
Eduardo Vargas,英格兰,27,ST,78,80,84,76,71,82,30,70,13412673,Queens Park Rangers,英格兰超级联赛,右,175,70,2,1
Mikel Arteta,英格兰,34,CM,78,78,45,72,82,77,70,64,30450212,Arsenal,英格兰超级联赛,右,175,64,33,18
Felipe Pardo,葡萄牙,26,ST,78,82,86,77,67,80,31,74,14726171,SC Braga,葡萄牙超级联赛,右,178,84,0,0
Kyriakos Papadopoulos,德国,24,CB,78,82,64,51,51,49,77,81,58572046,FC Schalke 04,德国甲级联赛,右,183,89,4,1
Lukas Podolski,德国,31,ST,78,78,82,87,72,78,37,69,25498668,1. FC Köln,德国甲级联赛,左,183,83,60,21
Manolo Gabbiadini,意大利,25,ST,78,82,82,85,70,82,21,75,26222064,Sampdoria,意大利甲级联赛,左,185,81,15,2
Helton,葡萄牙,38,GK,78,78,64,15,45,38,16,62,33588638,FC Porto,葡萄牙超级联赛,右,188,80,0,0
Danilo,意大利,32,CB,78,78,52,48,51,49,85,69,30192618,Udinese,意大利甲级联赛,右,185,75,4,0
Mexer,葡萄牙,28,FB,78,79,68,51,63,62,80,76,30102800,CD Nacional,葡萄牙超级联赛,右,185,78,0,0
Danny Rose,英格兰,26,FB,78,82,82,66,70,76,79,74,41845887,Tottenham Hotspur,英格兰超级联赛,左,173,72,3,5
Wes Morgan,英格兰,32,CB,78,78,52,35,50,59,79,80,17782593,Leicester City,英格兰超级联赛,右,185,93,0,0
Yunus Malli,德国,24,W,78,81,78,68,76,82,34,65,29610204,1. FSV Mainz 05,德国甲级联赛,右,178,72,5,3
Jose Paolo Guerrero,德国,32,ST,78,78,68,74,68,80,26,72,20969403,Hamburger SV,德国甲级联赛,右,185,82,24,2
Beto,西班牙,34,GK,78,78,40,16,38,16,14,55,21961308,Sevilla FC,西班牙甲级联赛,右,183,81,0,0
Guilherme Siqueira,西班牙,30,CM,78,78,78,69,72,82,75,77,48711346,Granada CF,西班牙甲级联赛,左,183,76,12,1
Kolo Toure,英格兰,35,FB,78,78,68,67,64,58,80,76,17974644,Manchester City,英格兰超级联赛,右,178,76,5,3
Zvjezdan Misimovic,德国,34,CAM,78,78,61,75,81,79,29,57,19241158,VfL Wolfsburg,德国甲级联赛,右,180,80,16,11
Simon Mignolet,英格兰,28,GK,78,78,57,24,38,19,16,57,25003336,Liverpool,英格兰超级联赛,右,193,87,0,0
Adam Johnson,英格兰,29,W,78,78,74,76,75,84,38,63,25713540,Sunderland,英格兰超级联赛,左,175,63,24,24
Mapou Yanga-Mbiwa,法国,27,FB,78,79,78,39,55,63,79,77,37464041,Montpellier Hérault SC,法国甲级联赛,右,183,77,1,0
Jaume Costa,西班牙,28,FB,78,78,84,63,67,74,77,78,21539608,Villarreal CF,西班牙甲级联赛,左,170,62,1,0
Romain Hamouma,法国,29,W,78,78,82,77,76,80,41,66,12024566,AS Saint-Étienne,法国甲级联赛,右,178,74,24,0
Oliver Baumann,德国,26,GK,78,80,49,15,32,18,16,55,35746464,SC Freiburg,德国甲级联赛,右,188,82,0,0
Iago Aspas,西班牙,29,W,78,78,82,77,69,83,24,63,19670013,RC Celta de Vigo,西班牙甲级联赛,左,175,67,12,1
Ezequiel Lavezzi,意大利,31,W,78,78,82,71,71,80,32,71,29644793,Napoli,意大利甲级联赛,右,173,75,42,20
Nordin Amrabat,西班牙,29,W,78,78,86,76,77,84,33,68,44869238,Málaga CF,西班牙甲级联赛,右,178,77,2,5
Hilton,法国,39,CM,78,78,63,53,73,70,80,77,69843087,Montpellier Hérault SC,法国甲级联赛,右,180,78,4,1
Daniel van Buyten,德国,38,GK,78,78,29,61,53,40,76,60,22305506,FC Bayern Munich,德国甲级联赛,右,198,95,15,2
Iago Falque,意大利,26,W,78,80,80,68,72,82,31,55,35464530,Genoa,意大利甲级联赛,左,175,69,3,2
Marcos Rojo,葡萄牙,26,FB,78,80,74,65,67,68,80,82,16020003,Sporting CP,葡萄牙超级联赛,左,185,85,0,0
Kasper Schmeichel,英格兰,30,GK,78,78,62,21,33,18,15,52,24724027,Leicester City,英格兰超级联赛,右,185,76,0,0
Kingsley Coman,德国,20,W,78,86,93,73,67,82,16,67,59044178,FC Bayern Munich,德国甲级联赛,右,178,71,0,0
Marouane Fellaini,英格兰,29,CM,78,78,56,73,74,77,72,84,25825562,Everton,英格兰超级联赛,右,193,85,27,20
Steven Defour,比利时,28,CM,78,78,68,72,79,76,75,73,21160381,Standard de Liège,比利时甲级联赛,右,175,72,0,0
Mehmet Topal,西班牙,30,CM,78,78,68,71,69,70,82,84,16035774,Valencia CF,西班牙甲级联赛,右,188,82,1,1
Juan Quintero,意大利,23,W,78,83,77,76,81,84,26,49,33430152,Pescara,意大利甲级联赛,左,170,64,1,0
Ivan Marcano,葡萄牙,29,FB,78,78,69,55,67,64,81,73,53694341,FC Porto,葡萄牙超级联赛,左,188,77,4,0
Nikola Kalinic,英格兰,28,ST,78,78,74,74,61,75,31,74,44753186,Blackburn Rovers,英格兰超级联赛,右,188,80,8,2
Oliver Torres,葡萄牙,22,CAM,78,85,74,64,80,84,59,55,17570999,FC Porto,葡萄牙超级联赛,右,175,63,1,1
Salomon Kalou,法国,31,ST,78,78,76,75,67,86,21,72,33741686,LOSC Lille,法国甲级联赛,右,183,77,55,15
Daniel Caligiuri,德国,28,W,78,78,83,72,72,82,29,73,39710570,SC Freiburg,德国甲级联赛,右,183,79,12,0
Carlos Martinez,西班牙,30,FB,78,78,69,54,69,70,81,76,48293880,Real Sociedad,西班牙甲级联赛,右,188,79,1,1
Alejandro Daro Gomez,意大利,28,W,78,78,89,71,71,82,32,65,83902898,Catania,意大利甲级联赛,右,165,68,16,2
Ryan Bertrand,英格兰,27,FB,78,80,78,49,66,75,80,74,24131156,Southampton,英格兰超级联赛,左,178,85,0,1
Marcelo Brozovic,意大利,24,CAM,78,83,75,75,81,81,68,70,71879616,Inter,意大利甲级联赛,右,180,68,0,0
Ryan Giggs,英格兰,43,CAM,78,78,60,71,83,78,42,56,21575108,Manchester United,英格兰超级联赛,左,178,71,13,36
Gennaro Gattuso,意大利,38,CM,78,78,59,54,73,60,82,69,14535049,Milan,意大利甲级联赛,右,178,77,2,2
Dejan Stankovic,意大利,38,CAM,78,78,52,79,85,80,63,54,57561263,Inter,意大利甲级联赛,右,180,75,13,11
Fabio Quagliarella,意大利,33,ST,78,78,73,86,71,78,19,72,15398236,Torino,意大利甲级联赛,右,180,79,49,4
Lima,葡萄牙,33,ST,78,78,76,80,71,78,37,75,15854025,SL Benfica,葡萄牙超级联赛,右,178,78,0,0
Jesus Gamez,西班牙,31,FB,78,78,70,57,60,68,83,81,35427594,Málaga CF,西班牙甲级联赛,右,183,77,0,3
Mikel Rico,西班牙,32,CM,78,78,61,68,81,70,76,80,45573684,Athletic Club de Bilbao,西班牙甲级联赛,右,178,76,10,2
Emir Spahic,法国,36,CB,78,78,56,41,57,46,80,69,24587892,Montpellier Hérault SC,法国甲级联赛,左,185,81,5,2
Ludovic Lamine Sane,法国,29,FB,78,78,69,53,70,68,79,78,31518586,Girondins de Bordeaux,法国甲级联赛,右,193,77,4,0
Mustapha Bayal Sall,法国,31,CB,78,78,52,60,58,54,79,78,99118105,AS Saint-Étienne,法国甲级联赛,右,190,96,2,1
Fabian Johnson,德国,29,FB,78,78,86,66,75,78,71,71,41588829,TSG 1899 Hoffenheim,德国甲级联赛,右,183,74,6,3
Jose Raul Baena,西班牙,27,CM,78,79,53,58,71,66,79,76,56230687,Rayo Vallecano,西班牙甲级联赛,右,180,81,2,0
Mateo Kovacic,意大利,22,CAM,78,84,81,70,84,88,51,63,40056918,Inter,意大利甲级联赛,右,178,77,0,3
Valere Germain,法国,26,ST,78,80,78,79,73,77,26,73,47391569,OGC Nice,法国甲级联赛,右,180,73,5,2
Ji-Sung Park,英格兰,35,W,78,78,76,68,73,78,46,63,20164534,Manchester United,英格兰超级联赛,右,178,73,12,10
Federico Fernandez,英格兰,27,CB,78,78,54,27,57,52,80,74,33751696,Swansea City,英格兰超级联赛,右,190,83,2,0
Rafa Silva,葡萄牙,23,W,78,84,92,67,72,82,32,56,29254895,SC Braga,葡萄牙超级联赛,右,170,63,0,0
Sebastian Kehl,德国,36,CM,78,78,48,67,76,68,79,72,25379810,Borussia Dortmund,德国甲级联赛,左,188,80,9,1
Manuel Lanzini,英格兰,23,W,78,84,82,72,76,84,23,67,12349932,West Ham United,英格兰超级联赛,右,170,66,0,0
Jetro Willems,荷兰,22,FB,78,86,82,67,75,80,76,82,59624809,PSV,荷兰甲级联赛,左,170,73,1,11
Haavard Nordtveit,德国,26,CM,78,80,66,59,73,68,79,76,23676958,Borussia Mönchengladbach,德国甲级联赛,右,188,83,5,0
Ibrahim Afellay,荷兰,30,CAM,78,78,78,74,78,82,52,68,42561990,PSV,荷兰甲级联赛,右,180,76,4,0
Sadio Mane,英格兰,24,W,78,84,92,72,70,80,33,63,62955664,Southampton,英格兰超级联赛,右,175,75,0,0
Claudio Yacob,英格兰,29,CM,78,78,53,63,75,71,78,76,62583710,West Bromwich Albion,英格兰超级联赛,右,180,73,1,0
Younes Belhanda,法国,26,CAM,78,80,72,76,79,82,55,70,24737340,Montpellier Hérault SC,法国甲级联赛,右,178,75,20,0
Giannelli Imbula Wanga,法国,24,CM,78,83,77,69,78,80,75,77,29045440,Olympique de Marseille,法国甲级联赛,左,185,77,2,1
Faouzi Ghoulam,法国,25,FB,78,81,80,68,67,74,76,80,12661794,AS Saint-Étienne,法国甲级联赛,左,188,80,1,1
Jeffrey Bruma,荷兰,25,CM,78,82,66,63,71,60,78,79,50019356,PSV,荷兰甲级联赛,右,188,87,5,1
Luciano Dario Vietto,西班牙,23,W,78,85,78,75,70,86,32,66,29766564,Villarreal CF,西班牙甲级联赛,右,173,70,0,0
Jakub Blaszczykowski,德国,31,CAM,78,78,80,72,77,82,55,67,21655486,Borussia Dortmund,德国甲级联赛,右,175,77,27,16
Pedro Leon,西班牙,30,CAM,78,78,68,76,84,81,41,51,21926165,Getafe CF,西班牙甲级联赛,右,183,73,22,6
Ronaldinho,意大利,36,CAM,78,78,49,72,82,88,26,56,25111925,Milan,意大利甲级联赛,右,183,76,24,18
Hugo Viana,葡萄牙,33,CAM,78,78,64,79,84,80,59,67,33150297,SC Braga,葡萄牙超级联赛,左,178,74,0,0
Milan Badelj,德国,27,CM,78,79,62,63,81,75,76,70,20652097,Hamburger SV,德国甲级联赛,右,185,76,2,0
Robert Huth,英格兰,32,CB,78,78,42,58,54,42,79,73,23730004,Stoke City,英格兰超级联赛,右,190,88,14,5
Fabian Ernst,德国,37,CM,78,80,66,69,81,72,78,79,15731492,FC Schalke 04,德国甲级联赛,右,183,80,0,0
Jesus Corona,荷兰,23,W,78,84,82,67,71,86,44,62,21633755,FC Twente,荷兰甲级联赛,右,173,62,7,2
Sergi Roberto,西班牙,24,CM,78,84,77,68,82,77,69,70,25746486,FC Barcelona,西班牙甲级联赛,右,178,71,0,0
Bruno Martins Indi,荷兰,24,FB,78,82,60,52,58,62,79,74,43729645,Feyenoord,荷兰甲级联赛,左,185,80,0,0
Stefan Reinartz,德国,27,CM,78,79,66,63,69,54,80,77,73693762,Bayer 04 Leverkusen,德国甲级联赛,右,188,87,10,2
Raul Marcelo Bobadilla,德国,29,ST,78,78,71,79,66,78,31,83,31756645,FC Augsburg,德国甲级联赛,右,180,88,11,6
Wissam Ben Yedder,法国,26,ST,78,82,82,76,76,82,30,74,42288548,Toulouse FC,法国甲级联赛,右,170,68,33,3
Jonny Evans,英格兰,28,CB,78,78,68,32,60,54,80,74,31343096,Manchester United,英格兰超级联赛,右,188,77,7,4
Ivan Cordoba,意大利,40,FB,78,78,84,51,56,43,83,65,28441511,Inter,意大利甲级联赛,右,173,73,2,0
Marek Suchy,瑞士,28,FB,78,78,76,55,63,66,78,86,28466373,FC Basel,瑞士超级联赛,右,183,76,1,0
Mathew Ryan,比利时,24,GK,78,83,60,17,46,14,18,67,40178231,Club Brugge KV,比利时甲级联赛,右,183,82,0,0
Nicolas Lodeiro,荷兰,27,W,78,78,76,68,78,82,36,68,29220925,Ajax,荷兰甲级联赛,左,170,69,0,0
Hugo Mallo,西班牙,25,FB,78,82,78,47,69,74,79,77,39115935,RC Celta de Vigo,西班牙甲级联赛,右,173,69,0,0
Michel Bastos,法国,33,CAM,78,78,84,76,75,81,68,71,12687206,Olympique Lyonnais,法国甲级联赛,左,178,74,15,0
Felipe Caicedo,西班牙,28,ST,78,79,74,77,61,75,44,77,20486123,RCD Espanyol,西班牙甲级联赛,左,183,84,21,2
Weligton,西班牙,37,CB,78,78,52,41,53,52,82,70,22977010,Málaga CF,西班牙甲级联赛,左,185,71,10,0
Jonas Hector,德国,26,FB,78,80,76,62,72,78,78,73,20543692,1. FC Köln,德国甲级联赛,左,185,75,0,0
Marcus Berg,德国,30,ST,78,78,74,79,64,76,24,72,30615973,Hamburger SV,德国甲级联赛,右,183,74,5,0
Tomas Ujfalusi,西班牙,38,CB,78,78,62,41,60,56,80,65,30749507,Atlético Madrid,西班牙甲级联赛,右,185,76,0,5
Diego Forlan,西班牙,37,ST,78,78,66,81,78,83,24,70,36064398,Atlético Madrid,西班牙甲级联赛,右,180,78,63,18
Marco Sportiello,意大利,24,GK,78,83,43,18,32,20,20,57,33652493,Atalanta,意大利甲级联赛,右,193,87,0,0
Lorenzo Tonelli,意大利,26,CB,78,80,72,34,49,55,81,74,50493776,Empoli,意大利甲级联赛,右,183,78,0,0
Riccardo Saponara,意大利,25,W,78,83,76,70,81,84,28,69,64526377,Empoli,意大利甲级联赛,右,183,73,0,0
Tim Krul,英格兰,28,GK,78,78,42,16,35,19,17,57,42711738,Newcastle United,英格兰超级联赛,左,193,82,0,1
Luuk de Jong,荷兰,26,ST,78,80,63,76,69,74,35,78,50395529,FC Twente,荷兰甲级联赛,右,188,86,25,10
Giuseppe Rossi,西班牙,29,W,78,78,82,80,73,85,19,62,20022242,Villarreal CF,西班牙甲级联赛,左,173,72,61,11
Lisandro Lopez,法国,33,ST,78,78,76,77,71,76,41,77,29207255,Olympique Lyonnais,法国甲级联赛,右,175,74,38,0
Diego Milito,意大利,37,ST,78,78,64,73,73,81,20,68,14427772,Inter,意大利甲级联赛,右,183,78,91,13
Bryan Ruiz,荷兰,31,CAM,78,78,68,75,79,85,50,62,13450459,FC Twente,荷兰甲级联赛,左,188,78,8,14
Samuel Castillejo,西班牙,21,W,77,85,86,59,75,82,36,56,19452352,Málaga CF,西班牙甲级联赛,左,178,61,0,0
Jony,西班牙,25,W,77,81,86,73,75,75,46,68,75984810,Real Sporting de Gijón,西班牙甲级联赛,左,178,80,0,0
Phillippe Mexes,意大利,34,FB,77,77,69,58,58,64,78,73,11916327,Milan,意大利甲级联赛,右,188,82,9,3
Brad Friedel,英格兰,45,GK,77,77,42,26,24,24,25,52,16478430,Aston Villa,英格兰超级联赛,右,188,92,0,0
Leandro Romagnoli,葡萄牙,35,W,77,77,73,71,79,82,34,60,24150892,Sporting CP,葡萄牙超级联赛,右,173,68,0,0
Jamie Carragher,英格兰,38,GK,77,77,32,35,58,41,80,69,30997264,Liverpool,英格兰超级联赛,右,185,83,3,2
Pirmin Schwegler,德国,29,CM,77,77,65,72,81,77,76,74,44479207,Eintracht Frankfurt,德国甲级联赛,右,178,74,7,0
Nacho Fernandez,西班牙,26,FB,77,79,76,35,61,62,79,77,39282728,Real Madrid CF,西班牙甲级联赛,右,178,75,0,1
Ibai Gomez,西班牙,27,ST,77,79,76,80,71,82,51,70,28658743,Athletic Club de Bilbao,西班牙甲级联赛,右,178,72,12,1
Allan Nyom,西班牙,28,FB,77,77,77,56,61,67,80,77,23022875,Granada CF,西班牙甲级联赛,右,188,81,0,0
Nicolas Pareja,西班牙,32,CM,77,77,58,66,70,61,78,71,28304980,RCD Espanyol,西班牙甲级联赛,右,180,74,3,2
Sergio,西班牙,40,GK,77,86,52,15,30,13,16,54,20344890,RC Deportivo de La Coruña,西班牙甲级联赛,右,183,77,6,1
Cyril Thereau,意大利,33,ST,77,77,73,76,66,79,21,73,30898627,Chievo Verona,意大利甲级联赛,右,188,78,28,2
Arthur Boka,德国,33,FB,77,77,84,63,72,78,77,72,23379745,VfB Stuttgart,德国甲级联赛,左,165,65,4,3
Balde Diao Keita,意大利,21,W,77,85,90,72,68,84,26,72,57581206,Lazio,意大利甲级联赛,右,183,80,5,4
Wendell,德国,23,FB,77,85,86,49,70,78,76,70,19514498,Bayer 04 Leverkusen,德国甲级联赛,左,175,66,0,0
Alejandro Dominguez,西班牙,35,W,77,77,72,79,75,82,33,59,23531560,Rayo Vallecano,西班牙甲级联赛,右,175,73,5,3
Frank Lampard,英格兰,38,CAM,77,77,37,80,80,77,58,65,16991727,Chelsea,英格兰超级联赛,右,183,89,83,41
Samuel Garcia,西班牙,26,W,77,79,78,69,79,78,16,64,24366080,Málaga CF,西班牙甲级联赛,右,178,73,4,2
Jonathan Viera,西班牙,27,W,77,79,77,70,76,82,17,64,16905028,UD Las Palmas,西班牙甲级联赛,右,170,64,8,1
Alessandro Gamberini,意大利,35,CB,77,77,65,46,49,51,81,73,25179772,Fiorentina,意大利甲级联赛,右,185,80,3,2
Maicon,意大利,35,CM,77,77,75,75,74,78,76,73,15039345,Inter,意大利甲级联赛,右,183,77,15,26
Juraj Kucka,意大利,29,CM,77,77,69,76,75,76,73,85,31532166,Genoa,意大利甲级联赛,右,185,84,7,1
Claudio Beauvue,法国,28,ST,77,77,85,75,68,73,36,74,29423161,En Avant de Guingamp,法国甲级联赛,右,175,66,6,2
Francisco Navarro Yeste,西班牙,37,ST,77,77,66,76,82,80,20,62,8790594,Athletic Club de Bilbao,西班牙甲级联赛,左,183,70,5,2
"Juninho Pernambucano,20",法国,41,CAM,77,77,56,78,83,78,51,55,11039386,Olympique Lyonnais,法国甲级联赛,右,178,74,0,0
Sung-Yueng Ki,英格兰,27,CAM,77,77,66,76,83,79,62,71,64472495,Swansea City,英格兰超级联赛,右,185,75,3,4
Jose Luis Morales,西班牙,29,W,77,77,86,74,69,82,51,65,23363762,Levante UD,西班牙甲级联赛,右,180,70,0,0
Christian Traesch,德国,29,CM,77,77,72,68,75,72,78,77,28722641,VfL Wolfsburg,德国甲级联赛,右,180,75,5,8
Antonio Di Natale,意大利,39,W,77,77,79,81,80,86,22,55,23432702,Udinese,意大利甲级联赛,右,170,70,138,9
Ryad Boudebouz,法国,26,W,77,79,76,77,78,82,31,64,32315073,FC Sochaux-Montbéliard,法国甲级联赛,左,178,74,16,4
Omar El Kaddouri,意大利,26,CAM,77,80,74,74,79,82,55,74,27404574,Torino,意大利甲级联赛,右,185,74,6,6
Wilfredo Caballero,西班牙,35,GK,77,77,52,16,40,21,15,63,12085856,Málaga CF,西班牙甲级联赛,右,185,80,0,0
Ignazio Abate,意大利,30,FB,77,77,87,55,66,75,75,80,27196287,Milan,意大利甲级联赛,右,180,73,3,5
Eliseu,西班牙,33,FB,77,77,82,79,64,73,77,79,13843786,Málaga CF,西班牙甲级联赛,左,175,75,19,4
Pablo Aimar,葡萄牙,37,CAM,77,77,64,64,80,82,33,40,35091108,SL Benfica,葡萄牙超级联赛,右,170,62,0,0
Ruud van Nistelrooy,德国,40,ST,77,77,49,73,69,72,28,56,19603272,Hamburger SV,德国甲级联赛,右,188,80,22,4
Emiliano Moretti,意大利,35,CB,77,77,55,37,50,53,80,73,18259187,Torino,意大利甲级联赛,左,183,79,3,1
Mame Biram Diouf,德国,29,ST,77,77,88,75,53,68,36,83,37718840,Hannover 96,德国甲级联赛,右,185,79,30,4
Keisuke Honda,意大利,30,ST,77,77,76,77,79,81,42,77,22275456,Milan,意大利甲级联赛,左,183,76,1,1
Roberto Hilbert,德国,32,FB,77,77,78,55,70,74,77,72,74429113,Bayer 04 Leverkusen,德国甲级联赛,右,183,83,6,2
Luis Fabiano,西班牙,36,ST,77,77,61,76,63,76,24,66,15716497,Sevilla FC,西班牙甲级联赛,右,185,85,34,3
Riechedly Bazoer,荷兰,20,CM,77,88,76,69,77,81,66,78,29311076,Ajax,荷兰甲级联赛,右,183,74,1,0
Vincent Janssen,荷兰,22,ST,77,84,72,79,54,72,18,80,25176580,AZ,荷兰甲级联赛,左,183,80,0,0
Stefano Sorrentino,意大利,37,GK,77,77,37,15,35,16,15,55,15882951,Chievo Verona,意大利甲级联赛,右,185,86,0,0
Ikechukwu Uche,西班牙,32,ST,77,77,86,76,58,79,28,80,46750162,Villarreal CF,西班牙甲级联赛,右,178,71,25,6
Mehmet Ekici,德国,26,CAM,77,79,74,79,78,79,47,69,26427611,1. FC Nürnberg,德国甲级联赛,右,180,79,7,2
Jemerson,法国,24,CB,77,83,68,34,53,53,80,74,31362341,AS Monaco,法国甲级联赛,右,183,77,0,0
Alberto Aquilani,意大利,32,CAM,77,77,58,76,85,80,61,63,20134589,Fiorentina,意大利甲级联赛,右,185,79,19,17
Rafael Martins,葡萄牙,27,ST,77,77,76,78,56,70,22,80,25243091,Vitória Setúbal,葡萄牙超级联赛,右,178,73,0,0
Xabier Prieto,西班牙,33,CAM,77,77,62,74,84,80,30,62,20774121,Real Sociedad,西班牙甲级联赛,右,185,76,20,9
Alexander Frei,瑞士,37,ST,77,77,68,79,74,73,30,73,44549255,FC Basel,瑞士超级联赛,右,180,74,13,1
Glen Johnson,英格兰,32,CM,77,77,78,69,71,77,76,76,25662274,Liverpool,英格兰超级联赛,右,183,70,12,16
Heung-Min Son,德国,24,ST,77,81,86,83,66,80,22,65,29376645,Bayer 04 Leverkusen,德国甲级联赛,右,183,79,30,2
Nicolas Anelka,英格兰,37,ST,77,77,62,78,69,80,24,75,18997736,Chelsea,英格兰超级联赛,右,185,80,40,17
Guram Kashia,荷兰,29,CB,77,77,60,28,66,63,77,79,29148908,Vitesse,荷兰甲级联赛,右,185,81,1,1
Rafael van der Vaart,德国,33,CAM,77,77,41,76,81,78,52,51,26239960,Hamburger SV,德国甲级联赛,左,175,74,49,30
Jaime Valdes,意大利,35,CAM,77,77,72,73,81,79,43,56,28204441,Parma,意大利甲级联赛,右,175,71,16,0
Yannick Bolasie,英格兰,27,W,77,78,88,72,67,84,26,74,29349975,Crystal Palace,英格兰超级联赛,右,185,84,0,4
Xabier Etxeita,西班牙,29,CB,77,77,58,40,50,56,79,80,45698609,Athletic Club de Bilbao,西班牙甲级联赛,右,185,79,1,0
Hector Bellerin,英格兰,21,FB,77,85,95,49,65,75,75,68,49526349,Arsenal,英格兰超级联赛,右,178,74,0,0
Milan Bisevac,法国,33,FB,77,77,62,55,66,57,79,75,17141307,Valenciennes FC,法国甲级联赛,右,185,85,3,0
Admir Mehmedi,德国,25,ST,77,80,77,76,71,82,37,70,67484757,SC Freiburg,德国甲级联赛,右,183,80,12,4
Benjamin Moukandjo,法国,28,ST,77,78,90,74,65,77,24,69,34903935,AS Nancy-Lorraine,法国甲级联赛,右,180,74,12,0
Tom Cleverley,英格兰,27,CAM,77,79,73,71,80,80,55,64,59436894,Manchester United,英格兰超级联赛,右,175,67,6,6
Cedric Soares,葡萄牙,25,CM,77,81,78,73,70,76,77,75,23538544,Sporting CP,葡萄牙超级联赛,右,173,67,0,0
Senad Lulic,意大利,30,CM,77,77,81,76,75,79,72,80,75937324,Lazio,意大利甲级联赛,左,183,78,12,5
Julian Baumgartlinger,德国,28,FB,77,77,70,50,71,69,78,83,28139155,1. FSV Mainz 05,德国甲级联赛,右,183,82,0,1
Aissa Mandi,法国,25,FB,77,80,71,47,73,68,78,74,32373842,Stade de Reims,法国甲级联赛,右,183,78,4,2
Pablo Osvaldo,意大利,30,ST,77,77,66,76,64,79,22,75,35828393,Roma,意大利甲级联赛,右,183,81,56,5
Per Ciljan Skjelbred,德国,29,CM,77,77,68,49,78,78,74,76,18172215,Hertha BSC Berlin,德国甲级联赛,右,175,74,2,2
Angel Correa,西班牙,21,W,77,88,84,80,63,86,46,61,23134591,Atlético Madrid,西班牙甲级联赛,右,175,70,0,0
Jose Canas,西班牙,29,FB,77,77,64,49,73,61,77,75,65978320,Real Betis Balompié,西班牙甲级联赛,右,178,69,0,0
Aaron Lennon,英格兰,29,W,77,77,89,62,68,82,34,67,29015077,Tottenham Hotspur,英格兰超级联赛,右,165,63,19,33
Federico Bernardeschi,意大利,22,W,77,83,83,71,73,83,35,65,17813365,Fiorentina,意大利甲级联赛,左,183,75,0,0
Lior Rafaelov,比利时,30,W,77,77,72,76,74,82,24,60,14879229,Club Brugge KV,比利时甲级联赛,右,175,70,0,0
Stanislav Kritsyuk,葡萄牙,26,GK,77,80,48,18,29,18,18,58,36425931,SC Braga,葡萄牙超级联赛,右,193,85,0,0
Eugen Polanski,德国,30,CM,77,77,60,74,71,70,79,78,34641634,TSG 1899 Hoffenheim,德国甲级联赛,右,183,78,8,1
Arouna Kone,西班牙,33,ST,77,77,80,77,61,77,30,78,48594478,Levante UD,西班牙甲级联赛,右,183,81,28,7
Alen Halilovic,西班牙,20,CAM,77,90,82,65,77,78,51,60,34959224,Real Sporting de Gijón,西班牙甲级联赛,左,170,65,0,0
Fabricio Coloccini,英格兰,34,FB,77,77,63,58,61,60,76,74,33924150,Newcastle United,英格兰超级联赛,右,183,83,3,1
Lewis Holtby,德国,26,CM,77,81,71,69,79,78,64,80,26156192,Hamburger SV,德国甲级联赛,左,175,72,18,11
Dele Alli,英格兰,20,CAM,77,89,74,75,75,76,61,72,16744590,Tottenham Hotspur,英格兰超级联赛,右,185,76,0,0
Pablo Sarabia,西班牙,24,W,77,82,77,69,75,82,26,57,22499524,Getafe CF,西班牙甲级联赛,左,175,70,1,2
Chico,英格兰,29,CB,77,78,64,38,61,64,76,75,29941741,Swansea City,英格兰超级联赛,右,188,75,5,2
Daniel Wass,法国,27,CAM,77,78,78,77,76,78,71,74,28668447,Évian Thonon Gaillard FC,法国甲级联赛,右,180,74,15,0
Fredy Montero,葡萄牙,29,ST,77,77,74,80,76,84,33,71,39118877,Sporting CP,葡萄牙超级联赛,右,175,69,0,0
Jean-Alain Boumsong,法国,37,CB,77,77,58,49,63,52,76,77,20177674,Olympique Lyonnais,法国甲级联赛,右,190,88,0,0
Antonio Adan,西班牙,29,GK,77,77,55,16,37,14,16,61,65436207,Real Betis Balompié,西班牙甲级联赛,左,190,92,0,0
Gabriel Paletta,意大利,30,CB,77,77,54,40,44,44,82,77,29477423,Parma,意大利甲级联赛,右,190,88,6,1
Aaron Hunt,德国,30,ST,77,77,72,75,75,78,38,68,45731379,SV Werder Bremen,德国甲级联赛,左,183,73,36,9
Remy Riou,法国,29,GK,77,77,58,15,38,18,17,60,38687709,FC Nantes,法国甲级联赛,右,188,81,0,0
Cheick Diabate,法国,28,ST,77,77,58,78,62,70,18,79,29418762,Girondins de Bordeaux,法国甲级联赛,右,193,88,28,0
Jonathan Biabiany,意大利,28,W,77,77,95,64,64,79,26,69,13693367,Parma,意大利甲级联赛,右,178,73,21,9
Kevin-Prince Boateng,意大利,29,CAM,77,77,76,76,76,81,66,78,35163618,Milan,意大利甲级联赛,右,185,86,21,11
Walter,葡萄牙,27,ST,77,78,57,85,72,77,31,70,19629906,FC Porto,葡萄牙超级联赛,右,178,84,0,0
Emanuele Giaccherini,意大利,31,CAM,77,77,74,72,75,81,62,62,26312952,Cesena,意大利甲级联赛,右,168,60,16,6
Charles Kabore,法国,28,CM,77,77,74,66,73,72,76,78,33778927,Olympique de Marseille,法国甲级联赛,右,183,78,0,0
Nampalys Mendy,法国,24,FB,77,83,75,58,74,74,77,81,45721292,OGC Nice,法国甲级联赛,右,168,68,0,0
Lee Cattermole,英格兰,28,CM,77,77,68,63,72,69,78,73,28946456,Sunderland,英格兰超级联赛,右,178,76,2,5
Benjamin Lecomte,法国,25,GK,77,81,42,13,26,17,14,50,38267342,FC Lorient,法国甲级联赛,左,185,78,0,0
Lucas Digne,法国,23,FB,77,82,74,59,72,74,78,74,55735879,LOSC Lille,法国甲级联赛,左,178,74,2,0
Luis Aguiar,葡萄牙,31,CAM,77,80,68,74,80,78,44,69,18749757,SC Braga,葡萄牙超级联赛,右,183,81,0,0
Sylvain Distin,英格兰,39,CB,77,77,62,34,62,56,78,72,20039602,Everton,英格兰超级联赛,左,193,88,3,3
Micah Richards,英格兰,28,FB,77,78,75,48,60,65,76,82,20661653,Manchester City,英格兰超级联赛,右,180,83,8,7
Yuri Zhirkov,英格兰,33,CM,77,77,77,72,74,80,74,67,25961859,Chelsea,英格兰超级联赛,左,180,75,0,4
Vagner Love,法国,32,ST,77,77,76,77,63,78,29,77,60253130,AS Monaco,法国甲级联赛,左,173,72,0,0
Victor Wanyama,英格兰,25,CM,77,81,66,68,68,72,79,86,34739205,Southampton,英格兰超级联赛,右,188,76,0,0
Diego Valeri,葡萄牙,30,ST,77,77,68,77,79,77,31,67,24177377,FC Porto,葡萄牙超级联赛,右,178,75,0,0
Morgan Sanson,法国,22,CM,77,83,73,72,78,78,73,68,38347201,Montpellier Hérault SC,法国甲级联赛,右,180,72,1,0
Marco Matias,葡萄牙,27,W,77,78,88,77,65,78,30,64,22359710,Vitória Guimarães,葡萄牙超级联赛,右,183,72,0,0
Fred,法国,33,ST,77,77,52,77,69,76,24,69,36555118,Olympique Lyonnais,法国甲级联赛,右,185,84,0,0
Anders Lindegaard,英格兰,32,GK,77,77,51,21,34,26,16,57,14082832,Manchester United,英格兰超级联赛,右,193,79,0,0
Cristian Benitez,英格兰,30,ST,77,80,90,73,60,76,24,84,17561405,Birmingham City,英格兰超级联赛,右,170,72,6,5
Jonjo Shelvey,英格兰,24,CAM,77,83,66,79,83,76,60,74,57990724,Swansea City,英格兰超级联赛,右,183,83,8,8
Mariano,法国,30,FB,77,77,84,65,73,75,73,74,34510684,Girondins de Bordeaux,法国甲级联赛,右,178,69,1,1
Sidnei,西班牙,27,FB,77,78,56,52,59,62,79,73,20577392,RC Deportivo de La Coruña,西班牙甲级联赛,右,185,82,0,0
Xandao,葡萄牙,28,CB,77,77,53,46,57,58,79,72,41808667,Sporting CP,葡萄牙超级联赛,右,193,84,0,0
Adrien Rabiot,法国,21,CM,77,84,63,72,79,78,68,75,18026493,Paris Saint-Germain,法国甲级联赛,左,188,71,3,0
Andrea Ranocchia,意大利,28,CB,77,77,53,37,64,67,80,71,24126262,Inter,意大利甲级联赛,右,196,81,8,1
Fabian Delph,英格兰,27,CM,77,79,78,72,76,81,70,75,18236937,Aston Villa,英格兰超级联赛,左,175,60,5,2
Lucho Gonzalez,法国,35,CAM,77,77,65,73,81,76,61,64,28094946,Olympique de Marseille,法国甲级联赛,右,185,75,4,0
Andreu Fontas,西班牙,27,CM,77,79,44,50,72,63,80,70,35380947,RC Celta de Vigo,西班牙甲级联赛,左,185,89,0,1
Victor Ibarbo,意大利,26,ST,77,79,92,73,65,78,35,80,18183012,Cagliari,意大利甲级联赛,右,188,80,13,5
Christopher Samba,英格兰,32,GK,77,77,30,48,51,50,79,61,33943458,Blackburn Rovers,英格兰超级联赛,右,193,100,14,8
Santiago Gentiletti,意大利,31,FB,77,77,69,46,61,62,79,71,16407360,Lazio,意大利甲级联赛,左,183,79,1,0
Jesus Datolo,意大利,32,CAM,77,77,75,73,77,81,52,62,53691831,Napoli,意大利甲级联赛,左,178,72,3,1
Gustavo Cabral,西班牙,31,CB,77,77,52,34,57,55,78,79,31991574,RC Celta de Vigo,西班牙甲级联赛,右,183,81,3,0
Lucas Alfonso Orban,法国,27,FB,77,78,78,55,63,64,81,78,38699444,Girondins de Bordeaux,法国甲级联赛,左,183,78,0,3
Antonio Rukavina,西班牙,32,FB,77,77,78,52,67,67,78,76,32369736,Real Valladolid,西班牙甲级联赛,右,178,74,3,1
Claudio Pizarro,德国,38,ST,77,77,45,78,73,78,26,65,14947869,SV Werder Bremen,德国甲级联赛,右,183,84,77,10
Virgil van Dijk,苏格兰,25,CM,77,83,66,67,69,70,78,80,26649141,Celtic,苏格兰超级联赛,右,193,92,0,0
Jordy Clasie,荷兰,25,CM,77,80,66,58,82,76,70,67,23831709,Feyenoord,荷兰甲级联赛,右,170,70,2,4
Ragnar Klavan,德国,31,FB,77,77,66,54,68,63,78,77,15390357,FC Augsburg,德国甲级联赛,左,188,85,2,0
Daniel Ginczek,德国,25,ST,77,81,73,76,52,74,30,74,26510078,VfB Stuttgart,德国甲级联赛,右,190,87,3,0
Paul Verhaegh,德国,33,FB,77,77,74,53,68,72,80,76,46438915,FC Augsburg,德国甲级联赛,右,178,74,4,2
Leon Goretzka,德国,21,CM,77,85,80,71,76,78,73,71,21812580,FC Schalke 04,德国甲级联赛,右,188,79,4,1
Eric Durm,德国,24,FB,77,81,84,56,64,74,75,75,66572046,Borussia Dortmund,德国甲级联赛,右,183,72,0,0
Abdul Rahman Baba,德国,22,FB,77,84,86,51,65,76,76,75,37511028,FC Augsburg,德国甲级联赛,左,178,70,0,0
Esteban Granero,西班牙,29,CAM,77,77,62,72,82,78,63,64,36836267,Real Madrid CF,西班牙甲级联赛,右,180,75,10,8
Jonas Olsson,英格兰,33,CM,77,77,52,58,62,56,78,71,32262400,West Bromwich Albion,英格兰超级联赛,左,193,84,9,6
Sime Vrsaljko,意大利,24,FB,77,81,81,56,69,73,75,81,28527235,Sassuolo,意大利甲级联赛,右,183,76,1,0
Duvan Zapata,意大利,25,ST,77,80,74,79,50,74,22,80,26207050,Udinese,意大利甲级联赛,右,188,88,5,2
Hiroshi Kiyotake,德国,27,W,77,79,72,71,80,78,27,60,37514461,1. FC Nürnberg,德国甲级联赛,右,173,66,6,3
Etienne Capoue,法国,28,CM,77,77,60,66,73,74,77,81,44903993,Toulouse FC,法国甲级联赛,右,188,80,9,0
Graziano Pelle,英格兰,31,ST,77,77,54,76,66,70,28,80,13365450,Southampton,英格兰超级联赛,右,193,84,1,0
Alessio Cerci,意大利,29,W,77,77,85,73,71,83,30,70,23988209,Torino,意大利甲级联赛,左,180,78,34,7
Davy Proepper,荷兰,25,CAM,77,82,68,76,77,78,60,77,14417918,Vitesse,荷兰甲级联赛,右,185,72,1,4
Nemanja Gudelj,荷兰,25,CM,77,81,66,78,76,72,72,81,20339900,NAC Breda,荷兰甲级联赛,右,188,87,8,3
Marwin Hitz,德国,29,GK,77,77,44,26,23,15,17,61,56255899,FC Augsburg,德国甲级联赛,右,193,84,1,0
Henri Saivet,法国,26,CAM,77,80,77,71,81,81,62,79,22084439,Girondins de Bordeaux,法国甲级联赛,右,175,73,15,1
Salif Sane,法国,26,FB,77,79,64,54,67,70,80,72,33507743,AS Nancy-Lorraine,法国甲级联赛,右,196,85,6,0
Diogo Figueiras,西班牙,25,FB,77,83,78,64,64,74,78,75,49033178,Sevilla FC,西班牙甲级联赛,右,168,64,1,2
Thomas Heurtaux,意大利,28,CB,77,77,66,45,51,56,81,73,58047279,Udinese,意大利甲级联赛,右,185,80,6,0
John Obi Mikel,英格兰,29,CM,77,77,58,59,67,70,78,84,38421493,Chelsea,英格兰超级联赛,右,188,83,1,5
Alberto Moreno,英格兰,24,FB,77,82,87,69,66,79,74,75,29329067,Liverpool,英格兰超级联赛,左,170,65,3,0
Oscar Trejo,法国,28,CAM,77,77,78,73,77,82,62,70,23500674,Toulouse FC,法国甲级联赛,右,180,79,6,2
Thiago Neves,德国,31,ST,77,77,74,79,77,78,27,76,14849169,Hamburger SV,德国甲级联赛,左,183,70,0,0
Alessandro Matri,意大利,32,ST,77,77,75,73,57,72,24,76,15746421,Cagliari,意大利甲级联赛,右,183,80,62,10
Baye Oumar Niasse,英格兰,26,ST,77,79,84,77,54,78,26,76,25516487,Everton,英格兰超级联赛,右,183,82,0,0
Alfred N'Diaye,西班牙,26,FB,77,79,72,61,69,70,78,72,29442246,Real Betis Balompié,西班牙甲级联赛,右,190,80,0,1
Mark Noble,英格兰,29,CM,77,77,54,68,79,74,73,73,37426210,West Ham United,英格兰超级联赛,右,180,76,18,21
Jefferson Montero,英格兰,27,W,77,79,89,71,70,82,27,72,19207354,Swansea City,英格兰超级联赛,右,170,64,2,1
Celso Borges,西班牙,28,CM,77,77,64,75,77,74,68,76,55394292,RC Deportivo de La Coruña,西班牙甲级联赛,右,183,82,0,0
Stefano Sturaro,意大利,23,CM,77,82,79,72,76,76,75,78,33098201,Genoa,意大利甲级联赛,右,180,79,1,2
Andre Hahn,德国,26,ST,77,79,84,80,70,74,50,84,19171209,FC Augsburg,德国甲级联赛,右,185,80,12,7
Stefano Mauri,意大利,36,CAM,77,77,68,74,77,79,64,72,38401784,Lazio,意大利甲级联赛,左,183,79,21,12
Jannik Vestergaard,德国,24,CM,77,82,46,54,60,52,78,64,15820103,TSG 1899 Hoffenheim,德国甲级联赛,左,198,98,3,0
Vincent Aboubakar,法国,24,ST,77,82,84,76,75,78,22,79,38144741,Valenciennes FC,法国甲级联赛,右,183,82,23,2
Dirk Kuyt,英格兰,36,CM,77,77,68,78,75,74,66,80,33602211,Liverpool,英格兰超级联赛,右,183,84,39,23
Marco Andreolli,意大利,30,CB,77,77,64,33,47,48,80,77,43958238,Chievo Verona,意大利甲级联赛,右,188,81,6,0
Ignacio Piatti,意大利,31,W,77,77,78,76,73,82,42,63,9657017,Lecce,意大利甲级联赛,右,180,76,3,0
Sergio Rico,西班牙,23,GK,77,86,52,15,30,13,16,54,17881420,Sevilla FC,西班牙甲级联赛,右,193,88,0,0
Vicente Guaita,西班牙,29,GK,77,77,52,20,39,15,17,55,36119012,Valencia CF,西班牙甲级联赛,右,190,81,0,0
Alberto Paloschi,意大利,26,ST,77,79,77,66,53,73,16,82,14948728,Chievo Verona,意大利甲级联赛,右,183,80,31,2
Elseid Hysaj,意大利,22,FB,77,81,82,51,64,70,78,74,69933972,Napoli,意大利甲级联赛,右,183,70,0,0
Maximilian Arnold,德国,22,CAM,77,83,70,82,77,78,65,63,17564383,VfL Wolfsburg,德国甲级联赛,左,183,74,10,2
Diego Rolan,法国,23,ST,77,82,78,75,71,80,26,67,18652164,Girondins de Bordeaux,法国甲级联赛,右,178,71,2,2
Tito,西班牙,31,FB,77,77,77,48,66,70,79,71,24847063,Rayo Vallecano,西班牙甲级联赛,右,175,62,2,1
Oscar Cardozo,葡萄牙,33,ST,77,77,49,82,67,72,19,60,27804077,SL Benfica,葡萄牙超级联赛,左,193,87,0,0
Ricardo Alvarez,意大利,28,CAM,77,77,66,74,77,85,53,73,34410877,Inter,意大利甲级联赛,左,188,84,12,6
Philipp Wollscheid,德国,27,CB,77,78,51,39,61,40,78,68,24816680,1. FC Nürnberg,德国甲级联赛,右,193,88,8,0
Maxi Lopez,意大利,32,ST,77,77,66,76,62,76,18,73,28719290,Catania,意大利甲级联赛,右,190,88,29,4
Bafetimbi Gomis,法国,31,ST,77,77,68,80,62,72,36,76,21131633,Olympique Lyonnais,法国甲级联赛,右,183,77,42,1
Morgan De Sanctis,意大利,39,GK,77,77,38,15,28,17,13,54,9772489,Napoli,意大利甲级联赛,右,190,82,1,0
Carlos Zambrano,德国,27,FB,77,79,66,54,62,65,76,78,18843965,Eintracht Frankfurt,德国甲级联赛,右,185,83,1,0
Ruben Pardo,西班牙,24,CAM,77,83,70,66,84,78,59,63,29608236,Real Sociedad,西班牙甲级联赛,右,183,68,5,3
Andres Fernandez,西班牙,30,GK,77,77,56,19,39,16,16,67,26992469,CA Osasuna,西班牙甲级联赛,右,183,86,0,0
Daryl Janmaat,荷兰,27,CM,77,78,74,65,69,75,76,79,39296373,SC Heerenveen,荷兰甲级联赛,右,185,80,0,0
Dennis Praet,比利时,22,CAM,77,84,76,70,79,77,54,69,47527217,RSC Anderlecht,比利时甲级联赛,右,180,78,0,0
Jack Cork,英格兰,27,CM,77,79,62,52,77,75,76,74,12246659,Southampton,英格兰超级联赛,右,185,69,1,4
Adrian Lopez,西班牙,28,ST,77,77,80,73,68,84,22,69,27232288,RC Deportivo de La Coruña,西班牙甲级联赛,右,183,73,27,7
Charlie Austin,英格兰,27,ST,77,79,72,79,55,70,34,79,34902049,Queens Park Rangers,英格兰超级联赛,右,188,84,0,0
Bostjan Cesar,意大利,34,CB,77,77,45,31,46,51,79,72,47890943,Chievo Verona,意大利甲级联赛,左,190,89,4,0
Jores Okore,英格兰,24,FB,77,83,79,46,54,60,75,83,25669822,Aston Villa,英格兰超级联赛,右,183,80,0,0
Alhassane Bangoura,西班牙,24,W,77,80,92,69,67,82,24,71,25375381,Rayo Vallecano,西班牙甲级联赛,右,175,72,6,1
Gokhan Inler,意大利,32,CM,77,77,54,77,78,76,76,73,23439602,Udinese,意大利甲级联赛,右,183,80,12,4
Eric Maxim Choupo-Moting,德国,27,ST,77,77,78,77,71,84,30,75,29026004,FC Schalke 04,德国甲级联赛,右,190,91,27,2
Sebastian Langkamp,德国,28,CB,77,77,63,30,51,42,78,71,28947571,Hertha BSC Berlin,德国甲级联赛,右,190,85,5,0
Sven Ulreich,德国,28,GK,77,77,42,16,32,18,15,47,13505704,VfB Stuttgart,德国甲级联赛,右,193,84,1,0
Mathieu Bodmer,法国,34,CM,77,77,51,76,78,76,75,73,24274745,OGC Nice,法国甲级联赛,右,190,90,10,0
Adrien Regattin,法国,25,CAM,77,82,80,78,74,80,60,69,23378193,Toulouse FC,法国甲级联赛,右,168,66,4,0
Odion Ighalo,西班牙,27,ST,77,78,80,71,56,78,37,77,42184586,Granada CF,西班牙甲级联赛,右,178,77,13,1
Fabian Schaer,瑞士,25,CM,77,83,66,67,74,65,76,81,28704080,FC Basel,瑞士超级联赛,右,185,85,0,0
Lazar Markovic,葡萄牙,22,W,77,84,94,64,71,83,38,58,32160813,SL Benfica,葡萄牙超级联赛,右,175,66,0,0
Steven Pienaar,英格兰,34,CAM,77,77,70,72,80,82,50,63,29149348,Everton,英格兰超级联赛,右,170,66,21,27
Imanol Agirretxe,西班牙,29,ST,77,77,58,71,62,76,41,77,28323831,Real Sociedad,西班牙甲级联赛,右,188,77,36,3
Vedad Ibisevic,德国,32,ST,77,77,63,75,61,74,24,71,11790159,TSG 1899 Hoffenheim,德国甲级联赛,右,188,82,79,4
John Anthony Brooks,德国,23,CB,77,83,74,37,62,54,80,72,45210100,Hertha BSC Berlin,德国甲级联赛,左,193,78,2,0
Chancel Mbemba,英格兰,22,FB,77,84,79,59,57,70,78,81,22289256,Newcastle United,英格兰超级联赛,右,183,82,0,0
Arkadiusz Milik,荷兰,22,ST,77,84,74,81,61,71,33,71,42054573,Ajax,荷兰甲级联赛,左,185,78,10,4
Federico Fazio,西班牙,29,GK,77,77,32,44,58,57,78,68,18572538,Sevilla FC,西班牙甲级联赛,右,196,91,10,2
Stephane Sessegnon,英格兰,32,CAM,77,77,78,72,75,81,48,74,27998920,Sunderland,英格兰超级联赛,右,168,75,22,18
Juan Manuel Iturbe,意大利,23,W,77,83,92,72,64,83,24,57,23142064,Hellas Verona,意大利甲级联赛,左,170,62,8,3
Luca Antonelli,意大利,29,FB,77,77,79,60,70,76,76,76,33218775,Genoa,意大利甲级联赛,左,183,79,7,2
Gaston Ramirez,意大利,26,W,77,81,74,76,76,81,39,66,38648953,Bologna,意大利甲级联赛,左,183,78,18,7
Marco Hoeger,德国,27,CM,77,78,62,74,76,76,76,80,18321432,FC Schalke 04,德国甲级联赛,右,183,83,6,1
Benjamin Stambouli,法国,26,CM,77,81,65,62,75,72,76,76,21049914,Montpellier Hérault SC,法国甲级联赛,右,180,82,3,0
Jose Holebas,意大利,32,FB,77,77,82,77,64,74,76,79,33620117,Roma,意大利甲级联赛,左,183,79,0,0
Geoffrey Jourdren,法国,30,GK,77,77,49,15,35,17,16,54,17422592,Montpellier Hérault SC,法国甲级联赛,右,180,81,1,0
Geromel,德国,31,CB,77,77,56,33,66,68,80,66,35080527,1. FC Köln,德国甲级联赛,右,190,84,7,1
Daniel Agger,英格兰,32,CM,77,77,66,68,69,62,78,68,33892521,Liverpool,英格兰超级联赛,左,190,84,8,6
Andy Carroll,英格兰,27,ST,77,77,70,80,62,70,44,84,33476019,West Ham United,英格兰超级联赛,左,190,79,30,16
Pape Kouli Diop,西班牙,30,CM,77,77,64,70,74,70,76,81,55032181,Levante UD,西班牙甲级联赛,右,180,73,8,3
Hector Herrera,葡萄牙,26,CM,77,79,76,75,74,76,73,77,30604863,FC Porto,葡萄牙超级联赛,右,183,72,0,0
John Stones,英格兰,22,FB,77,87,74,39,69,71,79,75,37310561,Everton,英格兰超级联赛,右,188,75,0,0
Nicola Sansone,意大利,25,ST,77,81,82,72,70,81,19,68,27290551,Sassuolo,意大利甲级联赛,右,173,68,12,3
Josip Drmic,瑞士,24,ST,77,82,78,77,65,80,35,70,31774001,FC Zürich,瑞士超级联赛,右,180,80,17,1
Nuno Assis,葡萄牙,39,CAM,77,77,74,73,79,80,41,63,25953245,Vitória Guimarães,葡萄牙超级联赛,右,168,63,0,0
Franco Di Santo,英格兰,27,ST,77,78,75,77,67,78,28,71,23181477,Wigan Athletic,英格兰超级联赛,右,193,88,19,12
Alberto De la Bella,西班牙,31,FB,77,77,76,58,69,76,78,74,32431103,Real Sociedad,西班牙甲级联赛,左,183,82,4,2
Pierre-Michel Lasogga,德国,25,ST,77,81,61,80,51,70,32,78,31560688,Hamburger SV,德国甲级联赛,右,188,88,21,1
Laurent Ciman,比利时,31,FB,77,77,76,63,70,68,79,73,16842845,Standard de Liège,比利时甲级联赛,右,183,70,0,0
Alexandr Kerzhakov,瑞士,34,ST,77,77,77,75,74,75,30,76,23344506,FC Zürich,瑞士超级联赛,右,175,76,5,0
Julian Brandt,德国,20,W,76,88,78,72,71,80,24,63,45546390,Bayer 04 Leverkusen,德国甲级联赛,右,183,82,2,3
Pablo Hernandez,西班牙,31,W,76,76,78,75,71,83,44,59,24604315,Valencia CF,西班牙甲级联赛,右,173,72,21,28
Ousmane Dembele,法国,19,W,76,89,84,71,70,83,40,58,22126964,Stade Rennais FC,法国甲级联赛,左,178,61,0,0
Andre Almeida,葡萄牙,26,FB,76,78,69,57,71,71,79,74,19132835,SL Benfica,葡萄牙超级联赛,右,185,71,0,0
Lora,西班牙,29,FB,76,76,84,65,68,72,74,77,28311815,Real Sporting de Gijón,西班牙甲级联赛,右,168,67,4,2
Hyun-Jun Suk,葡萄牙,25,ST,76,79,78,80,55,75,28,76,25742240,Vitória Setúbal,葡萄牙超级联赛,右,190,82,0,0
Raul Meireles,葡萄牙,33,CM,76,76,72,77,76,77,72,73,19657507,FC Porto,葡萄牙超级联赛,右,180,78,7,10
Damian Suarez,西班牙,28,FB,76,76,82,70,64,68,75,83,10103392,Elche CF,西班牙甲级联赛,右,173,75,3,0
Inaki Williams,西班牙,22,ST,76,84,92,75,70,76,30,82,23404866,Athletic Club de Bilbao,西班牙甲级联赛,右,185,77,0,0
Renato Sanches,葡萄牙,19,CM,76,88,84,76,73,76,69,84,21031546,SL Benfica,葡萄牙超级联赛,右,175,75,0,0
Pedro Mendes,苏格兰,37,CM,76,76,66,74,79,75,74,72,33000222,Rangers,苏格兰超级联赛,右,178,77,1,0
Mehdi Carcela-Gonzalez,比利时,27,W,76,78,84,74,71,82,33,61,24589505,Standard de Liège,比利时甲级联赛,左,175,67,0,0
Cheikhou Kouyate,比利时,27,FB,76,78,77,66,65,70,77,85,26088897,RSC Anderlecht,比利时甲级联赛,右,193,78,0,0
Miguel Lopes,葡萄牙,30,FB,76,76,72,42,68,76,76,75,32955197,Sporting CP,葡萄牙超级联赛,右,183,83,0,1
Baiano,葡萄牙,29,FB,76,76,78,64,59,73,79,74,28391118,SC Braga,葡萄牙超级联赛,右,178,69,0,0
Stefan Aigner,德国,29,W,76,76,82,69,73,76,39,69,18512171,Eintracht Frankfurt,德国甲级联赛,右,183,73,13,5
Mile Jedinak,英格兰,32,CM,76,76,52,71,69,63,77,72,19466469,Crystal Palace,英格兰超级联赛,右,188,78,1,1
Josip Simunic,德国,38,CM,76,76,55,54,68,64,74,63,21609960,TSG 1899 Hoffenheim,德国甲级联赛,左,196,95,2,0
Maxi Moralez,意大利,29,W,76,76,88,68,73,80,26,53,25893239,Atalanta,意大利甲级联赛,右,160,57,12,6
Bernardo,西班牙,27,CB,76,78,71,46,64,52,76,77,11899367,Racing Santander,西班牙甲级联赛,右,193,85,2,0
Deyverson,西班牙,25,ST,76,80,79,73,55,73,32,78,14647274,Levante UD,西班牙甲级联赛,左,188,78,0,0
Hugo Rodallega,英格兰,31,ST,76,76,80,76,66,74,34,79,27850390,Wigan Athletic,英格兰超级联赛,右,180,72,31,16
Youssuf Mulumbu,英格兰,29,CM,76,76,66,65,71,72,76,77,22155169,West Bromwich Albion,英格兰超级联赛,右,178,76,11,9
Vasilios Torosidis,意大利,31,FB,76,76,76,63,64,70,77,75,25038273,Roma,意大利甲级联赛,右,185,80,2,0
William Vainqueur,比利时,28,CM,76,77,73,67,74,72,74,77,17686078,Standard de Liège,比利时甲级联赛,右,180,73,0,0
Fabrice Muamba,英格兰,28,FB,76,79,72,49,70,65,78,84,27347450,Bolton Wanderers,英格兰超级联赛,右,188,78,3,2
Moi Gomez,西班牙,22,CAM,76,83,74,70,76,80,42,68,21913185,Villarreal CF,西班牙甲级联赛,右,175,65,2,1
Joao Pereira,葡萄牙,32,FB,76,76,76,61,70,76,77,69,26256558,Sporting CP,葡萄牙超级联赛,右,173,66,0,0
Anthony Ujah,德国,26,ST,76,79,78,77,58,73,30,83,35480704,1. FC Köln,德国甲级联赛,右,178,81,2,0
Jordan Veretout,法国,23,CM,76,82,66,74,77,76,68,69,21257568,FC Nantes,法国甲级联赛,右,175,66,1,4
Leonardo Bittencourt,德国,23,W,76,82,84,67,72,79,54,68,50331739,Hannover 96,德国甲级联赛,右,170,63,5,3
Joe Allen,英格兰,26,CM,76,78,65,60,77,77,68,71,26851238,Liverpool,英格兰超级联赛,右,168,62,5,2
Leo Bonatini,葡萄牙,22,ST,76,83,82,79,60,76,22,68,47985858,Estoril Praia,葡萄牙超级联赛,右,185,80,0,0
Stefan Bell,德国,25,CB,76,80,64,43,59,50,79,69,28272599,1. FSV Mainz 05,德国甲级联赛,右,193,88,0,1
Andreas Bjelland,荷兰,28,CB,76,76,54,48,68,62,77,81,18720374,FC Twente,荷兰甲级联赛,左,188,85,3,3
Troy Deeney,英格兰,28,ST,76,76,72,80,61,70,25,80,19105475,Watford,英格兰超级联赛,右,183,90,0,0
Simone Pepe,意大利,33,CAM,76,76,79,74,76,81,59,62,17689245,Udinese,意大利甲级联赛,右,175,79,21,2
Antonio Amaya,西班牙,33,GK,76,76,37,36,59,46,76,70,18283724,Real Betis Balompié,西班牙甲级联赛,右,193,86,2,0
Deco,英格兰,39,CAM,76,76,54,70,82,83,42,46,10945842,Chelsea,英格兰超级联赛,右,175,73,5,4
Niko Bungert,德国,30,CB,76,76,71,42,57,50,79,70,11278957,1. FSV Mainz 05,德国甲级联赛,右,188,75,6,0
Andre Pinto,葡萄牙,27,CB,76,77,52,54,57,52,79,64,25712678,SC Braga,葡萄牙超级联赛,右,193,86,0,0
Joaquin Larrivey,意大利,32,ST,76,76,58,76,57,70,34,78,15400283,Cagliari,意大利甲级联赛,右,185,82,24,4
Mauricio Pinilla,意大利,32,ST,76,76,71,73,55,71,22,78,47732357,Cagliari,意大利甲级联赛,右,188,78,33,4
Matias Fernandez,意大利,30,CAM,76,76,77,75,79,85,52,65,8911489,Fiorentina,意大利甲级联赛,右,178,72,8,2
Antonio Ruediger,德国,23,FB,76,82,77,46,64,62,75,73,39432734,VfB Stuttgart,德国甲级联赛,右,190,85,2,0
Ben Davies,英格兰,23,FB,76,82,78,49,69,74,78,75,27182706,Swansea City,英格兰超级联赛,左,180,71,3,3
Florian Thauvin,法国,23,W,76,82,81,73,75,80,29,62,45300250,Olympique de Marseille,法国甲级联赛,左,178,70,18,0
Leon Britton,英格兰,34,CM,76,76,62,51,82,78,72,66,27217373,Swansea City,英格兰超级联赛,右,168,65,0,2
Hernan Crespo,意大利,41,ST,76,76,47,72,58,66,18,58,9118740,Parma,意大利甲级联赛,右,183,81,17,5
Joel Ward,英格兰,27,FB,76,78,76,60,72,67,79,74,20957564,Crystal Palace,英格兰超级联赛,右,188,83,0,2
Franck Tabanou,法国,27,CM,76,77,76,75,75,76,76,76,21722034,Toulouse FC,法国甲级联赛,左,178,70,11,0
Andrea Bertolacci,意大利,25,CAM,76,79,76,73,77,79,63,72,18760188,Genoa,意大利甲级联赛,左,178,75,12,0
Gregory Sertic,法国,27,CM,76,78,70,77,80,75,73,72,23347534,Girondins de Bordeaux,法国甲级联赛,右,183,76,3,4
Luca Toni,意大利,39,ST,76,76,34,72,56,66,18,65,15255525,Hellas Verona,意大利甲级联赛,右,193,88,55,6
Louis Saha,英格兰,38,ST,76,76,69,80,57,78,26,64,19608761,Everton,英格兰超级联赛,左,185,69,32,4
Sergio Sanchez,西班牙,30,CB,76,76,66,51,61,56,80,77,22250004,Málaga CF,西班牙甲级联赛,右,185,76,4,2
Corentin Tolisso,法国,22,CM,76,84,72,74,77,72,75,82,14708897,Olympique Lyonnais,法国甲级联赛,右,180,78,1,0
Jean Michael Seri,葡萄牙,25,CM,76,82,76,67,78,74,71,77,24791878,FC Paços de Ferreira,葡萄牙超级联赛,右,168,65,0,0
Kenny Tete,荷兰,21,FB,76,85,80,46,59,68,81,74,17277993,Ajax,荷兰甲级联赛,右,180,77,0,0
Jonathan Glao Tah,德国,20,CB,76,88,68,29,65,58,75,74,46654171,Bayer 04 Leverkusen,德国甲级联赛,右,193,98,0,0
Fraser Forster,苏格兰,28,GK,76,76,34,20,30,26,15,54,25411372,Celtic,苏格兰超级联赛,右,201,90,0,0
Marten De Roon,荷兰,25,CM,76,79,66,64,75,68,75,77,18357063,SC Heerenveen,荷兰甲级联赛,右,185,76,0,0
Sergio Ezequiel Araujo,西班牙,24,ST,76,80,78,76,66,79,24,64,22806958,UD Las Palmas,西班牙甲级联赛,右,180,74,0,0
Kieran Trippier,英格兰,26,FB,76,80,78,63,70,71,75,76,11848691,Burnley,英格兰超级联赛,右,178,71,0,0
Mathieu Flamini,意大利,32,CM,76,76,68,69,72,72,77,75,12512298,Milan,意大利甲级联赛,右,178,67,10,1
Jordan Ayew,法国,25,ST,76,80,77,76,68,76,26,72,27897152,Olympique de Marseille,法国甲级联赛,右,183,81,18,1
Mattia Destro,意大利,25,ST,76,79,75,74,56,72,18,73,18128179,Roma,意大利甲级联赛,右,178,72,33,0
James McArthur,苏格兰,29,CM,76,76,66,61,75,76,73,68,56179254,Hamilton Academical FC,苏格兰超级联赛,右,178,64,6,4
Ruben Amorim,葡萄牙,31,CM,76,76,66,69,79,76,72,73,21281386,SL Benfica,葡萄牙超级联赛,右,180,78,0,0
Marvin Plattenhardt,德国,24,FB,76,79,76,57,69,74,75,72,30970852,1. FC Nürnberg,德国甲级联赛,左,180,76,2,1
Przemyslaw Tyton,荷兰,29,GK,76,76,50,17,33,18,17,56,13128009,Roda JC Kerkrade,荷兰甲级联赛,右,193,85,0,0
Matias Emilio Delgado,瑞士,34,ST,76,76,66,72,80,76,26,70,28176577,FC Basel,瑞士超级联赛,右,183,79,7,0
Glenn Whelan,英格兰,32,CM,76,76,42,67,71,70,75,74,18083271,Stoke City,英格兰超级联赛,右,180,80,4,14
Andoni Iraola,西班牙,34,CM,76,76,76,65,74,76,75,78,18824591,Athletic Club de Bilbao,西班牙甲级联赛,右,183,74,17,12
Didier Digard,法国,30,CM,76,76,60,69,73,70,75,77,19236367,OGC Nice,法国甲级联赛,右,183,76,3,2
Younes Kaboul,英格兰,30,FB,76,76,62,53,58,56,76,77,19185575,Tottenham Hotspur,英格兰超级联赛,右,190,87,10,4
Kakha Kaladze,意大利,38,CB,76,76,52,44,55,48,79,67,16141170,Genoa,意大利甲级联赛,左,185,76,1,0
Paul-Jose M'Poku,比利时,24,ST,76,82,78,81,73,80,42,77,35107519,Standard de Liège,比利时甲级联赛,右,178,80,0,0
Enner Valencia,英格兰,27,ST,76,78,86,78,64,74,42,82,16179347,West Ham United,英格兰超级联赛,右,175,74,0,0
Dennis Aogo,德国,29,CM,76,76,75,60,75,76,76,75,21580547,Hamburger SV,德国甲级联赛,左,183,85,2,3
Atsuto Uchida,德国,28,FB,76,76,78,51,72,76,76,68,17897224,FC Schalke 04,德国甲级联赛,右,175,70,1,3
Michael Dawson,英格兰,33,GK,76,76,32,35,57,38,78,76,39004303,Tottenham Hotspur,英格兰超级联赛,右,188,76,6,1
Marco Materazzi,意大利,43,CB,76,85,60,62,65,40,76,76,14219466,Inter,意大利甲级联赛,左,193,92,0,0
Rafael Marquez,意大利,37,CM,76,76,34,56,58,52,79,66,29691513,Hellas Verona,意大利甲级联赛,右,183,75,2,0
Youri Tielemans,比利时,19,CAM,76,88,62,77,79,78,68,65,34046451,RSC Anderlecht,比利时甲级联赛,右,178,75,0,0
Kevin Grosskreutz,德国,28,CM,76,77,72,71,75,70,76,64,33600718,Borussia Dortmund,德国甲级联赛,右,185,77,23,15
Seydou Keita,西班牙,36,CM,76,76,66,67,76,69,76,69,25006380,FC Barcelona,西班牙甲级联赛,左,183,75,18,3
Florentin Pogba,法国,26,CB,76,79,68,56,56,53,76,83,33027142,AS Saint-Étienne,法国甲级联赛,左,188,90,0,0
Dame N'Doye,英格兰,31,ST,76,76,75,77,55,73,33,77,33436260,Hull City,英格兰超级联赛,右,185,81,0,0
Faycal Fajr,西班牙,28,CAM,76,77,70,71,78,78,47,66,19997917,RC Deportivo de La Coruña,西班牙甲级联赛,右,178,72,0,0
Sejad Salihovic,德国,32,CAM,76,76,49,81,80,76,66,63,22121812,TSG 1899 Hoffenheim,德国甲级联赛,左,183,79,45,5
Lucio,意大利,38,CM,76,76,52,58,63,64,76,71,27583625,Inter,意大利甲级联赛,右,188,86,5,4
Juan Vargas,意大利,33,CM,76,76,76,81,75,77,75,72,9637392,Fiorentina,意大利甲级联赛,左,180,77,16,12
Stefano Okaka Chuka,意大利,27,ST,76,77,76,74,54,75,20,84,22097816,Sampdoria,意大利甲级联赛,右,185,90,12,4
Julien Escude,西班牙,37,CM,76,76,52,48,67,64,78,64,28834249,Sevilla FC,西班牙甲级联赛,左,183,79,5,3
Frederic Kanoute,西班牙,39,CAM,76,76,54,72,73,84,47,63,29985393,Sevilla FC,西班牙甲级联赛,右,193,82,49,12
Robinho,意大利,32,W,76,76,80,59,71,88,24,41,23617778,Milan,意大利甲级联赛,右,173,60,41,16
Mikel Gonzalez,西班牙,31,CB,76,76,57,42,59,49,80,71,35313546,Real Sociedad,西班牙甲级联赛,右,190,79,3,2
Ze Castro,西班牙,33,CB,76,76,56,47,68,63,82,73,42716900,Rayo Vallecano,西班牙甲级联赛,右,183,82,4,1
Curtis Davies,英格兰,31,CB,76,76,68,39,57,54,78,79,11127373,Hull City,英格兰超级联赛,右,188,89,4,2
Kei Ansu Kamara,英格兰,32,ST,76,76,78,72,59,70,22,85,23224427,Norwich City,英格兰超级联赛,右,188,75,1,1
Brad Guzan,英格兰,32,GK,76,76,48,18,35,21,16,59,49920924,Aston Villa,英格兰超级联赛,左,193,95,0,1
Gianluca Zambrotta,意大利,39,CM,76,76,71,66,75,78,76,66,16201998,Milan,意大利甲级联赛,右,180,76,2,1
Peter Pekarik,德国,30,FB,76,76,76,41,63,74,78,70,16988319,Hertha BSC Berlin,德国甲级联赛,右,175,70,0,1
Nathan Dyer,英格兰,29,W,76,76,91,75,68,80,40,70,43720775,Swansea City,英格兰超级联赛,右,168,62,14,8
Antunes,西班牙,29,CM,76,78,82,75,71,74,76,73,14952240,Málaga CF,西班牙甲级联赛,左,175,69,1,0
Markel Bergara,西班牙,30,CM,76,76,60,66,77,74,75,75,25310305,Real Sociedad,西班牙甲级联赛,右,180,78,1,1
Mehdi Lacen,西班牙,32,CM,76,76,65,65,79,78,72,74,35507752,Getafe CF,西班牙甲级联赛,左,175,72,5,2
Steven Davis,苏格兰,31,CM,76,76,70,61,77,76,68,78,11767477,Rangers,苏格兰超级联赛,右,173,72,5,11
Robin Knoche,德国,24,CB,76,79,58,44,59,50,79,70,34546621,VfL Wolfsburg,德国甲级联赛,右,190,77,3,2
Alvaro Gonzalez Soberon,西班牙,26,CB,76,78,74,32,55,56,78,80,34367887,RCD Espanyol,西班牙甲级联赛,右,180,68,2,0
Nicolas Pallois,法国,29,FB,76,76,64,57,63,60,78,77,45662878,Girondins de Bordeaux,法国甲级联赛,左,190,85,0,0
Luca Cigarini,意大利,30,CAM,76,76,67,69,83,77,64,62,20308509,Atalanta,意大利甲级联赛,右,175,72,10,3
Nemanja Pejcinovic,法国,29,CB,76,76,54,44,61,54,76,80,15141596,OGC Nice,法国甲级联赛,左,185,80,8,0
Fernando Meira,西班牙,38,CB,76,76,47,37,68,62,74,70,11365160,Real Zaragoza,西班牙甲级联赛,右,190,85,0,1
Maarten Stekelenburg,荷兰,34,GK,76,76,40,12,39,22,18,54,12730298,Ajax,荷兰甲级联赛,右,198,92,0,0
Tino Costa,西班牙,31,CM,76,76,65,75,79,76,70,67,22846746,Valencia CF,西班牙甲级联赛,左,175,75,10,3
Andrey Voronin,德国,37,ST,76,76,67,80,76,78,31,69,19113797,Hertha BSC Berlin,德国甲级联赛,右,175,81,11,2
Paulinho,意大利,30,ST,76,76,81,74,72,77,25,78,16761904,Livorno,意大利甲级联赛,右,175,72,15,1
Douglao,葡萄牙,30,CB,76,76,44,42,61,44,76,71,21541891,SC Braga,葡萄牙超级联赛,右,193,84,0,0
Zakaria Bakkali,荷兰,20,W,76,84,88,72,63,84,16,54,27222387,PSV,荷兰甲级联赛,右,165,60,0,0
Victor Moses,英格兰,26,W,76,79,82,71,68,82,36,73,30186748,Wigan Athletic,英格兰超级联赛,右,178,85,11,10
Laurent Depoitre,比利时,28,ST,76,77,68,73,68,70,33,84,22366944,KAA Gent,比利时甲级联赛,右,190,96,0,0
Sergi Darder,西班牙,23,CM,76,82,58,64,80,78,70,62,32350241,Málaga CF,西班牙甲级联赛,右,180,70,2,0
Jairo,德国,23,W,76,81,86,61,72,78,29,65,27199852,1. FSV Mainz 05,德国甲级联赛,右,173,69,6,2
Ismaily,葡萄牙,26,FB,76,78,82,68,66,72,76,74,20549132,S.C. Olhanense,葡萄牙超级联赛,左,178,78,0,0
Roberto Rosales,荷兰,28,FB,76,77,78,62,69,78,72,75,18396733,FC Twente,荷兰甲级联赛,右,175,70,0,0
Siem de Jong,荷兰,27,CAM,76,76,66,80,77,76,56,81,37280957,Ajax,荷兰甲级联赛,右,185,80,5,1
Costel Pantilimon,英格兰,29,GK,76,76,45,13,37,18,19,48,10651078,Sunderland,英格兰超级联赛,右,203,96,1,0
Lorik Cana,意大利,33,CM,76,76,52,60,63,56,76,74,40397457,Lazio,意大利甲级联赛,右,185,77,4,2
Remy Vercoutre,法国,36,GK,76,76,37,13,30,16,15,49,35927118,SM Caen,法国甲级联赛,右,185,78,0,0
Alex Telles,意大利,24,FB,76,81,84,64,70,76,75,73,22734973,Inter,意大利甲级联赛,左,180,71,0,0
Renato Civelli,法国,33,CB,76,76,49,53,53,44,75,71,40489859,OGC Nice,法国甲级联赛,右,193,89,12,0
Michael Ciani,法国,32,CB,76,76,58,51,48,45,76,78,18543480,Girondins de Bordeaux,法国甲级联赛,右,193,88,3,0
Javi Lopez,西班牙,30,FB,76,76,74,52,68,74,76,73,50384351,RCD Espanyol,西班牙甲级联赛,右,180,76,3,0
Mario Rui,意大利,25,FB,76,79,86,56,62,70,75,72,21965213,Empoli,意大利甲级联赛,左,170,67,0,0
Fernando Belluschi,葡萄牙,33,CAM,76,76,68,76,78,80,54,63,31352326,FC Porto,葡萄牙超级联赛,右,173,78,1,0
Filip Djordjevic,法国,29,ST,76,76,72,74,61,72,38,76,49177067,FC Nantes,法国甲级联赛,左,185,80,11,0
Marvin Matip,德国,31,FB,76,76,71,51,59,54,77,75,61184352,FC Ingolstadt 04,德国甲级联赛,右,183,83,1,0
Jack Colback,英格兰,27,CM,76,78,66,63,72,72,75,73,48762160,Sunderland,英格兰超级联赛,左,175,70,4,3
Heiko Westermann,德国,33,FB,76,76,64,57,64,57,77,74,56139592,Hamburger SV,德国甲级联赛,左,190,87,19,4
Mario Lemina,法国,23,CM,76,82,76,60,77,74,72,71,16379946,Olympique de Marseille,法国甲级联赛,右,183,83,0,0
Silvestre Varela,葡萄牙,31,ST,76,76,76,80,70,80,36,64,27368450,FC Porto,葡萄牙超级联赛,右,178,79,0,0
Eric Fernando Botteghin,荷兰,29,GK,76,76,34,43,51,62,78,80,16008573,FC Groningen,荷兰甲级联赛,右,193,89,2,2
Daniele Gastaldello,意大利,33,CB,76,76,54,41,53,55,80,75,13766568,Sampdoria,意大利甲级联赛,右,185,77,7,2
Brice Dja Djedje,法国,26,FB,76,79,83,61,70,72,75,75,24958411,Évian Thonon Gaillard FC,法国甲级联赛,右,170,71,4,3
Cristian Zapata,意大利,30,CB,76,76,71,37,51,49,80,78,52590929,Udinese,意大利甲级联赛,右,188,82,6,0
Jeremie Aliadiere,法国,33,ST,76,76,80,77,62,73,27,63,24746812,FC Lorient,法国甲级联赛,右,183,70,25,3
Rune Almenning Jarstein,德国,32,GK,76,76,43,17,32,17,14,53,21153314,Hertha BSC Berlin,德国甲级联赛,右,190,82,0,0
Ciaran Clark,英格兰,27,FB,76,77,64,56,61,58,78,71,21763785,Aston Villa,英格兰超级联赛,左,188,76,5,2
Fabien Lemoine,法国,29,CM,76,76,63,70,78,72,74,74,38444678,AS Saint-Étienne,法国甲级联赛,右,175,67,3,2
Willians,意大利,30,FB,76,76,74,67,68,72,79,80,19687673,Udinese,意大利甲级联赛,右,175,75,0,0
Walter Gargano,意大利,32,FB,76,76,74,62,69,67,79,77,22349762,Napoli,意大利甲级联赛,右,170,64,3,5
Sergio Romero,荷兰,29,GK,76,76,43,13,39,18,15,58,21901120,AZ,荷兰甲级联赛,右,193,87,0,0
Victor Sanchez Mata,西班牙,29,CM,76,76,66,67,81,72,68,70,25868570,RCD Espanyol,西班牙甲级联赛,右,175,72,8,3
Matias Kranevitter,西班牙,23,FB,76,84,68,49,71,70,79,76,19485113,Atlético Madrid,西班牙甲级联赛,右,178,75,0,0
Cheikh Ndoye,法国,30,CM,76,76,58,73,73,74,72,89,16050561,Angers SCO,法国甲级联赛,右,193,90,0,0
Divock Origi,法国,21,ST,76,83,86,74,68,77,25,74,23365090,LOSC Lille,法国甲级联赛,右,185,75,6,0
Nemanja Radoja,西班牙,23,CM,76,82,60,49,75,60,78,69,23569400,RC Celta de Vigo,西班牙甲级联赛,右,185,77,0,0
Gael Kakuta,西班牙,25,W,76,78,80,69,71,80,34,72,21365225,Rayo Vallecano,西班牙甲级联赛,左,173,64,5,0
Nicolas Burdisso,意大利,35,CB,76,76,62,27,49,46,78,72,19374842,Roma,意大利甲级联赛,右,183,81,8,0
Polga,葡萄牙,37,CM,76,76,53,54,65,60,80,73,9254897,Sporting CP,葡萄牙超级联赛,右,183,84,0,0
Ahmed Hassan Koka,葡萄牙,23,ST,76,81,64,77,55,72,24,71,89667757,Rio Ave FC,葡萄牙超级联赛,右,190,85,0,0
Neto,葡萄牙,28,CB,76,76,68,37,60,48,78,74,30145417,CD Nacional,葡萄牙超级联赛,右,188,71,1,0
Miguel Rosa,葡萄牙,27,W,76,77,73,78,76,80,39,65,16878580,CF Os Belenenses,葡萄牙超级联赛,右,178,67,0,0
Tranquillo Barnetta,德国,31,CAM,76,76,76,71,75,80,56,67,25557907,Bayer 04 Leverkusen,德国甲级联赛,右,178,70,11,14
Souza,葡萄牙,27,CM,76,77,70,71,71,76,76,76,35219770,FC Porto,葡萄牙超级联赛,右,188,80,0,0
Jose Recio,西班牙,25,CM,76,80,62,68,77,74,68,68,37852213,Málaga CF,西班牙甲级联赛,右,183,74,6,1
Romain Alessandrini,法国,27,W,76,77,90,80,67,77,26,62,27638779,Stade Rennais FC,法国甲级联赛,左,173,70,16,3
Francesco Magnanelli,意大利,32,CM,76,76,68,61,75,66,76,68,22768582,Sassuolo,意大利甲级联赛,右,180,79,0,1
Jesse Lingard,英格兰,24,W,76,82,84,66,71,79,38,67,42270612,Manchester United,英格兰超级联赛,右,175,65,0,0
Alexandru Maxim,德国,26,W,76,78,75,69,78,79,27,55,22133467,VfB Stuttgart,德国甲级联赛,右,178,73,8,4
Julian Speroni,英格兰,37,GK,76,76,42,16,34,17,14,50,10516660,Crystal Palace,英格兰超级联赛,右,185,87,0,0
Jimmy Briand,法国,31,ST,76,76,76,74,72,70,43,78,31061241,Olympique Lyonnais,法国甲级联赛,右,183,80,18,3
Pedro Morales,西班牙,31,CAM,76,76,69,76,77,77,54,61,18273484,Málaga CF,西班牙甲级联赛,右,180,77,4,0
Jeremy Clement,法国,32,CM,76,76,53,61,73,66,77,75,28678328,AS Saint-Étienne,法国甲级联赛,左,180,76,0,0
Wesley Hoolahan,英格兰,34,CAM,76,76,64,68,78,78,44,49,20702600,Norwich City,英格兰超级联赛,左,168,71,8,10
Danijel Milicevic,比利时,30,W,76,76,75,78,78,74,30,60,29264291,KAA Gent,比利时甲级联赛,右,170,62,0,0
Ja-Cheol Koo,德国,27,CAM,76,77,74,77,71,81,53,72,27370919,FC Augsburg,德国甲级联赛,右,183,77,9,2
Yossi Benayoun,英格兰,36,CAM,76,76,68,72,77,80,42,54,8649723,Liverpool,英格兰超级联赛,右,178,70,20,13
Steven Taylor,英格兰,30,CB,76,76,53,33,51,50,78,72,21783291,Newcastle United,英格兰超级联赛,右,185,91,8,3
Ahmed Musa,荷兰,24,ST,76,82,94,76,64,81,24,73,42349597,VVV-Venlo,荷兰甲级联赛,右,168,69,0,0
Ravel Morrison,英格兰,23,W,76,80,78,67,77,80,42,60,15218637,West Ham United,英格兰超级联赛,右,175,71,3,2
Alessio Romagnoli,意大利,21,FB,76,85,67,42,51,62,78,74,25243178,Milan,意大利甲级联赛,左,188,78,1,0
Carlos Martins,葡萄牙,34,CAM,76,76,52,80,81,77,53,58,15490288,SL Benfica,葡萄牙超级联赛,右,173,72,3,3
David Pizarro,意大利,37,CAM,76,76,50,62,85,79,63,50,22480802,Roma,意大利甲级联赛,右,170,65,12,13
Salvatore Bocchetti,意大利,30,FB,76,76,74,56,59,61,78,74,33076220,Genoa,意大利甲级联赛,左,185,86,2,1
Sebastien Corchia,法国,26,CM,76,79,75,68,73,75,76,72,13411733,FC Sochaux-Montbéliard,法国甲级联赛,右,175,69,4,2
Robert Green,英格兰,36,GK,76,76,44,15,33,14,14,51,38187085,West Ham United,英格兰超级联赛,右,190,93,2,0
Vandinho,葡萄牙,38,CM,76,80,70,70,73,71,78,78,21412021,SC Braga,葡萄牙超级联赛,右,183,76,0,0
Christian Fuchs,德国,30,CM,76,76,67,73,74,70,76,77,23704586,FC Schalke 04,德国甲级联赛,左,185,86,8,14
Daniele Padelli,意大利,31,GK,76,76,44,15,28,16,14,47,16487566,Torino,意大利甲级联赛,左,190,82,0,0
Jay Rodriguez,英格兰,27,ST,76,78,82,76,70,77,27,79,41308097,Southampton,英格兰超级联赛,右,185,70,24,8
Ruud Vormer,荷兰,28,CM,76,76,66,73,76,70,70,79,17001661,Roda JC Kerkrade,荷兰甲级联赛,右,178,80,0,0
Steven Naismith,苏格兰,30,ST,76,76,76,71,71,78,48,81,13108083,Rangers,苏格兰超级联赛,右,178,72,11,3
Raul Jimenez,葡萄牙,25,ST,76,80,78,71,70,74,29,75,32183798,SL Benfica,葡萄牙超级联赛,右,190,76,0,0
Juan Valera,西班牙,32,FB,76,76,75,56,69,70,72,80,23696396,Getafe CF,西班牙甲级联赛,右,183,76,6,6
Ivan Cuellar,西班牙,32,GK,76,76,51,20,31,14,14,58,21895091,Real Sporting de Gijón,西班牙甲级联赛,左,188,82,0,0
Amin Younes,荷兰,23,W,76,81,78,67,69,83,22,58,13824279,Ajax,荷兰甲级联赛,右,168,67,1,1
Roberto Soriano,意大利,25,CAM,76,79,76,67,77,80,63,70,10485654,Sampdoria,意大利甲级联赛,右,183,76,5,1
German Dario Lux,西班牙,34,GK,76,76,30,12,27,23,15,61,13108504,RC Deportivo de La Coruña,西班牙甲级联赛,右,185,77,0,0
Cata Diaz,西班牙,37,CB,76,76,38,55,53,47,77,66,27927761,Getafe CF,西班牙甲级联赛,右,183,80,3,1
Clement Grenier,法国,25,CAM,76,80,59,77,82,80,54,66,41746572,Olympique Lyonnais,法国甲级联赛,右,185,72,11,1
Gelson Fernandes,法国,30,CM,76,76,69,62,72,70,78,78,20945828,Stade Rennais FC,法国甲级联赛,右,178,70,5,2
Sebastian Proedl,德国,29,CB,76,76,52,38,50,42,76,68,15770942,SV Werder Bremen,德国甲级联赛,右,193,92,9,1
Bruma,西班牙,22,W,76,85,93,63,69,82,25,67,66332393,Real Sociedad,西班牙甲级联赛,右,173,66,0,0
Ludovic Baal,法国,30,FB,76,76,84,51,70,68,74,75,20000470,Le Mans FC,法国甲级联赛,左,175,72,0,0
Anthony Mounier,法国,29,W,76,76,83,69,70,80,32,68,56731029,OGC Nice,法国甲级联赛,左,175,69,13,2
Victor Romero Rodriguez,西班牙,27,W,76,78,80,73,72,80,40,59,19253186,Elche CF,西班牙甲级联赛,右,170,70,1,0
Artur Boruc,苏格兰,36,GK,76,76,44,16,33,16,20,58,15611762,Celtic,苏格兰超级联赛,右,193,87,0,1
Valon Behrami,英格兰,31,CM,76,76,66,67,73,72,76,75,25682114,West Ham United,英格兰超级联赛,右,185,78,5,7
Jordan Ferri,法国,24,CAM,76,80,68,73,78,76,67,68,17240423,Olympique Lyonnais,法国甲级联赛,右,173,70,3,0
Shinji Okazaki,德国,30,ST,76,76,76,74,65,76,39,79,12291172,1. FSV Mainz 05,德国甲级联赛,右,175,76,25,0
Matz Sels,比利时,24,GK,76,81,36,24,36,26,15,54,19438651,KAA Gent,比利时甲级联赛,右,188,82,0,0
Manucho,西班牙,33,ST,76,76,64,72,60,74,26,75,25789059,Real Valladolid,西班牙甲级联赛,左,188,83,18,4
Steven Fletcher,英格兰,29,ST,76,76,69,74,64,71,24,78,20171583,Sunderland,英格兰超级联赛,左,185,76,47,10
Thomas Kraft,德国,28,GK,76,77,50,18,29,17,18,59,18783616,Hertha BSC Berlin,德国甲级联赛,右,188,78,0,1
Matthias Ginter,德国,22,CM,76,82,62,62,72,68,79,74,25714692,SC Freiburg,德国甲级联赛,右,190,88,2,0
Davide Zappacosta,意大利,24,FB,76,82,82,69,67,72,75,74,18988102,Atalanta,意大利甲级联赛,右,183,70,0,0
Nedum Onuoha,英格兰,30,FB,76,76,77,34,60,65,76,75,9127165,Queens Park Rangers,英格兰超级联赛,右,188,78,4,5
Nihat Kahveci,西班牙,37,ST,76,82,80,80,73,77,26,66,10731682,Villarreal CF,西班牙甲级联赛,右,175,71,0,1
Ivan Cavaleiro,西班牙,23,W,76,83,86,70,68,81,35,60,31950773,RC Deportivo de La Coruña,西班牙甲级联赛,右,175,73,0,0
Sebastian Jung,德国,26,FB,76,78,78,56,72,74,75,75,36898040,Eintracht Frankfurt,德国甲级联赛,右,178,72,2,5
Maxime Lestienne,比利时,24,W,76,80,84,72,74,80,31,70,15288239,Club Brugge KV,比利时甲级联赛,左,175,63,0,0
Fernando Gago,西班牙,30,CM,76,76,67,65,79,74,75,57,24545860,Real Madrid CF,西班牙甲级联赛,右,178,70,2,8
Alvaro Arbeloa,西班牙,33,FB,76,76,68,57,66,60,82,71,20028397,Real Madrid CF,西班牙甲级联赛,右,183,79,5,6
Joan Verdu,西班牙,33,CAM,76,76,62,73,81,78,45,55,28109897,RCD Espanyol,西班牙甲级联赛,右,178,71,32,5
Eric Dier,英格兰,22,CM,76,85,63,66,71,64,78,79,12490615,Tottenham Hotspur,英格兰超级联赛,右,188,83,0,0
Johny,西班牙,22,FB,76,82,80,46,58,68,78,77,24191120,RC Celta de Vigo,西班牙甲级联赛,右,175,70,0,1
Marcell Jansen,德国,31,CM,76,76,78,72,72,74,76,73,35672849,Hamburger SV,德国甲级联赛,左,190,89,20,3
Johan Djourou,德国,29,FB,76,76,70,35,62,62,76,69,43878559,Hamburger SV,德国甲级联赛,右,190,87,3,1
Henrique,西班牙,30,FB,76,76,64,51,58,68,79,71,15819805,Racing Santander,西班牙甲级联赛,右,185,73,4,1
Haris Seferovic,德国,24,ST,76,80,70,79,64,74,36,75,17540287,Eintracht Frankfurt,德国甲级联赛,左,185,85,2,0
Alan Kardec,葡萄牙,27,ST,76,76,67,75,60,70,27,68,23931984,SL Benfica,葡萄牙超级联赛,右,188,80,0,0
Valentin Stocker,瑞士,27,CAM,76,77,74,69,75,80,42,71,42002695,FC Basel,瑞士超级联赛,左,178,72,0,0
Victor Vazquez,比利时,29,CAM,76,76,50,69,80,77,33,49,29982655,Club Brugge KV,比利时甲级联赛,右,178,70,0,0
Aiden McGeady,苏格兰,30,W,76,76,78,68,70,82,39,62,29933547,Celtic,苏格兰超级联赛,右,178,71,1,2
Ze Luis,葡萄牙,25,ST,76,80,74,73,57,75,22,81,31974361,SC Braga,葡萄牙超级联赛,左,185,84,0,0
Mirko Valdifiori,意大利,30,CM,76,76,68,63,83,71,70,72,17062395,Empoli,意大利甲级联赛,右,185,70,0,0
Sebastian De Maio,意大利,29,CB,76,76,66,36,43,36,77,82,23075522,Genoa,意大利甲级联赛,右,188,81,2,0
Nosa Emanuel Igiebor,西班牙,26,CM,76,79,76,70,73,76,63,81,8334110,Real Betis Balompié,西班牙甲级联赛,右,183,76,2,0
Eneko Boveda,西班牙,28,FB,76,77,77,51,63,73,77,71,11806462,SD Eibar,西班牙甲级联赛,右,180,77,0,0
Danny Drinkwater,英格兰,26,CM,76,78,70,68,80,72,70,67,23418240,Leicester City,英格兰超级联赛,右,178,70,0,0
Daniele Bonera,意大利,35,CB,76,76,48,45,53,46,81,68,18006559,Milan,意大利甲级联赛,右,183,74,0,0
Patrick Vieira,意大利,40,CM,76,87,60,61,77,69,77,77,16229354,Inter,意大利甲级联赛,右,193,82,5,3
Renato Augusto,德国,28,ST,76,80,68,74,78,80,30,72,16715086,Bayer 04 Leverkusen,德国甲级联赛,右,185,85,8,9
Carlos Sanchez,法国,30,CM,76,76,66,64,73,73,72,82,27801590,Valenciennes FC,法国甲级联赛,左,183,82,3,1
Jonathan De Guzman,英格兰,29,CAM,76,76,78,78,76,81,49,70,29838159,Swansea City,英格兰超级联赛,右,173,70,16,13
Jaroslav Drobny,德国,37,GK,76,76,38,17,32,18,14,50,10079679,Hamburger SV,德国甲级联赛,右,193,90,0,1
Ruben Vezo,西班牙,22,FB,76,83,68,53,63,56,78,76,33614628,Valencia CF,西班牙甲级联赛,右,183,80,1,0
Luca Zuffi,瑞士,26,CAM,76,78,72,71,81,74,63,75,44626499,FC Basel,瑞士超级联赛,左,180,70,2,0
Darron Gibson,英格兰,29,CM,76,76,58,73,80,74,75,74,31660323,Everton,英格兰超级联赛,右,180,80,5,7
Ruben Ferreira,葡萄牙,26,CM,76,77,75,65,70,73,74,76,9361307,CS Marítimo,葡萄牙超级联赛,左,183,65,0,0
Christian Atsu,荷兰,24,W,76,81,92,68,71,78,28,59,34374582,Vitesse,荷兰甲级联赛,左,173,68,0,0
Joel Campbell,西班牙,24,ST,76,82,88,75,71,78,41,75,24899098,Real Betis Balompié,西班牙甲级联赛,左,178,72,4,0
Cesar Navas,西班牙,36,CB,76,76,44,45,60,50,80,71,32876781,Racing Santander,西班牙甲级联赛,右,198,88,1,0
Juan,意大利,37,CB,76,76,50,44,54,52,80,62,24878203,Roma,意大利甲级联赛,右,183,74,7,1
Marcos Angeleri,西班牙,33,CB,76,76,70,50,62,52,79,77,25192944,Málaga CF,西班牙甲级联赛,右,183,76,0,0
Mauro Zarate,意大利,29,ST,76,76,78,79,67,85,31,67,22149654,Lazio,意大利甲级联赛,右,175,76,29,12
Pablo Javier Perez,西班牙,31,CAM,76,76,70,73,78,77,64,69,24857718,Málaga CF,西班牙甲级联赛,右,178,71,1,2
Bruno Cesar,葡萄牙,28,CAM,76,77,68,83,81,78,53,64,46868874,SL Benfica,葡萄牙超级联赛,左,178,75,0,0
Gil,法国,29,FB,76,79,64,45,58,58,78,69,26373389,Valenciennes FC,法国甲级联赛,右,188,84,2,0
Michu,英格兰,30,ST,76,76,61,76,74,71,29,73,20639090,Swansea City,英格兰超级联赛,左,185,80,36,6
Fedor Smolov,荷兰,26,ST,76,78,86,75,69,79,28,72,54203606,Feyenoord,荷兰甲级联赛,右,188,80,0,0
Jonas Hofmann,德国,24,W,76,79,80,65,73,78,33,62,18863379,Borussia Dortmund,德国甲级联赛,右,175,71,2,3
Rodrigo De Paul,西班牙,22,W,76,84,77,75,76,82,39,64,18312811,Valencia CF,西班牙甲级联赛,右,178,68,0,0
Alberto Bueno,西班牙,28,W,76,76,70,79,70,80,37,55,28090132,Rayo Vallecano,西班牙甲级联赛,右,178,64,17,3
Timm Klose,德国,28,CB,76,76,50,46,65,51,78,66,22087612,1. FC Nürnberg,德国甲级联赛,右,193,87,2,0
Ermin Bicakcic,德国,26,CB,76,77,66,43,54,46,78,70,45390433,TSG 1899 Hoffenheim,德国甲级联赛,右,185,84,2,1
Vlad Chiriches,英格兰,27,FB,76,78,72,70,61,61,80,73,37469216,Tottenham Hotspur,英格兰超级联赛,右,183,75,1,0
Henri Bedimo,法国,32,FB,76,76,76,63,72,74,76,75,13064663,Olympique Lyonnais,法国甲级联赛,左,180,80,3,4
Cicero,德国,32,CAM,76,76,68,78,78,78,50,79,21607042,Hertha BSC Berlin,德国甲级联赛,左,183,72,11,4
Aleksandar Mitrovic,比利时,22,ST,76,83,64,77,59,70,16,76,21177406,RSC Anderlecht,比利时甲级联赛,右,188,82,0,0
Marco Ruben,西班牙,30,ST,76,76,76,72,65,74,34,74,20787291,Villarreal CF,西班牙甲级联赛,右,178,75,20,3
Sebastien Haller,荷兰,22,ST,76,84,77,73,56,76,20,80,38162997,FC Utrecht,荷兰甲级联赛,右,190,88,11,5
Jonas Loessl,法国,27,GK,76,77,57,16,38,17,16,55,11843285,En Avant de Guingamp,法国甲级联赛,右,196,89,0,0
Achille Emana,西班牙,34,CAM,76,76,66,73,78,80,54,62,19834549,Real Betis Balompié,西班牙甲级联赛,右,180,77,11,1
Angel Rangel,英格兰,34,CM,76,76,62,60,71,74,79,77,17606010,Swansea City,英格兰超级联赛,右,180,82,3,5
Santiago Arias,荷兰,24,FB,76,81,84,46,66,72,75,77,33264123,PSV,荷兰甲级联赛,右,175,68,1,0
Lorenzo De Silvestri,意大利,28,FB,76,76,79,63,61,72,76,81,19320120,Sampdoria,意大利甲级联赛,右,185,84,6,5
Giovanni Sio,瑞士,27,ST,76,77,86,77,72,77,16,74,22291157,FC Sion,瑞士超级联赛,左,180,70,4,0
Konstantinos Fortounis,德国,24,W,76,80,75,75,76,79,34,66,15803603,1. FC Kaiserslautern,德国甲级联赛,右,183,70,0,1
Saido Berahino,英格兰,23,ST,76,85,83,77,57,76,24,63,30592349,West Bromwich Albion,英格兰超级联赛,右,180,83,5,1
Geoff Cameron,英格兰,31,FB,76,76,74,59,71,68,78,76,28381882,Stoke City,英格兰超级联赛,右,190,84,2,2
Sebastian Rudy,德国,26,CM,76,78,71,69,78,78,69,69,39314012,TSG 1899 Hoffenheim,德国甲级联赛,右,178,73,4,5
Steven Caulker,英格兰,25,CB,76,80,72,32,59,61,78,78,21765219,Cardiff City,英格兰超级联赛,右,190,77,7,1
Theo Janssen,荷兰,35,CAM,76,76,48,79,86,67,58,64,28001073,FC Twente,荷兰甲级联赛,左,180,80,1,1
Giancarlo Gonzalez,意大利,28,FB,76,76,74,50,60,60,78,70,32855184,Palermo,意大利甲级联赛,右,185,78,0,0
Anwar El-Ghazi,荷兰,21,ST,76,84,80,79,62,80,23,70,22711938,Ajax,荷兰甲级联赛,右,188,87,6,4
Petros,西班牙,27,CM,76,77,76,64,72,78,76,70,24853349,Real Betis Balompié,西班牙甲级联赛,右,180,78,0,0
Heurelho Gomes,英格兰,35,GK,76,76,51,20,27,20,16,56,24340094,Tottenham Hotspur,英格兰超级联赛,右,190,82,0,0
Gary Neville,英格兰,41,CB,76,82,67,35,67,54,82,70,21773355,Manchester United,英格兰超级联赛,右,178,79,0,1
Guillaume Gillet,比利时,32,CM,76,76,70,73,75,74,75,80,35342240,RSC Anderlecht,比利时甲级联赛,右,185,80,0,0
Apoula Edima Edel,法国,30,GK,76,80,44,12,26,16,14,60,37056031,Paris Saint-Germain,法国甲级联赛,右,183,80,0,0
Sidney Sam,德国,28,ST,76,76,86,79,69,78,30,66,26557595,Bayer 04 Leverkusen,德国甲级联赛,左,175,71,25,5
Saul Berjon,西班牙,30,ST,76,76,80,76,73,79,33,73,18642202,SD Eibar,西班牙甲级联赛,右,178,83,0,0
Charles,西班牙,32,ST,76,76,68,79,52,80,28,76,23387068,RC Celta de Vigo,西班牙甲级联赛,右,178,75,12,0
Geoffrey Kondogbia,法国,23,CM,76,81,69,67,76,77,74,82,13342233,AS Monaco,法国甲级联赛,左,188,76,2,0
Danny Ings,英格兰,24,ST,76,83,86,73,66,78,31,77,40623046,Burnley,英格兰超级联赛,右,178,73,0,0
Stiliyan Petrov,英格兰,37,CM,76,76,48,74,79,73,68,64,25485909,Aston Villa,英格兰超级联赛,右,180,77,6,8
Leroy Sane,德国,20,W,76,87,91,74,68,80,31,66,33158378,FC Schalke 04,德国甲级联赛,左,183,75,0,0
Breel Embolo,瑞士,19,ST,76,88,86,71,70,80,29,79,34563688,FC Basel,瑞士超级联赛,右,185,84,5,0
Ruben Perez,西班牙,27,CM,76,77,64,65,75,66,73,76,22442764,Granada CF,西班牙甲级联赛,右,178,72,1,0
Ricardo Kishna,荷兰,21,W,75,82,85,68,65,85,26,61,24992404,Ajax,荷兰甲级联赛,左,183,77,5,4
Silvio Proto,比利时,33,GK,75,75,59,22,40,22,17,58,17289728,RSC Anderlecht,比利时甲级联赛,右,185,77,0,0
Juan Arango,德国,36,ST,75,75,65,81,80,80,34,72,21794440,Borussia Mönchengladbach,德国甲级联赛,左,180,77,34,17
Mariano Damian Barbosa,西班牙,32,GK,75,75,57,16,35,16,15,60,12327869,Villarreal CF,西班牙甲级联赛,右,188,75,0,0
Verza,西班牙,30,CM,75,75,58,73,79,69,69,70,22270727,UD Almería,西班牙甲级联赛,右,180,78,9,0
Maniche,德国,39,CAM,75,83,60,76,82,78,56,66,10615030,1. FC Köln,德国甲级联赛,右,173,71,3,1
Gorka Elustondo,西班牙,29,CM,75,75,60,70,77,70,74,78,20762096,Real Sociedad,西班牙甲级联赛,右,183,79,2,0
Victor Camarasa,西班牙,22,CM,75,83,64,68,77,76,68,75,34560080,Levante UD,西班牙甲级联赛,右,183,76,0,0
Francisco Portillo,西班牙,26,W,75,76,74,61,78,79,22,63,12834419,Málaga CF,西班牙甲级联赛,右,170,63,5,0
Jordi Amat,西班牙,24,FB,75,81,64,58,59,58,76,75,16439040,RCD Espanyol,西班牙甲级联赛,右,185,83,3,0
Ruben Micael,葡萄牙,30,CAM,75,75,68,71,79,78,48,62,48901963,SC Braga,葡萄牙超级联赛,右,175,70,0,1
Lucas Mendes,法国,26,CM,75,80,58,58,64,58,75,78,21510538,Olympique de Marseille,法国甲级联赛,左,183,80,2,1
Christian Kabasele,比利时,25,FB,75,78,78,51,51,62,75,81,31587281,KRC Genk,比利时甲级联赛,右,188,84,0,0
Marco Asensio,西班牙,20,CAM,75,87,66,62,78,80,38,59,30315183,RCD Espanyol,西班牙甲级联赛,左,178,70,0,0
Jairo Riedewald,荷兰,20,FB,75,85,75,55,70,71,76,73,21587799,Ajax,荷兰甲级联赛,左,183,79,0,0
Carlos Mane,葡萄牙,22,W,75,81,86,74,68,78,38,59,26219605,Sporting CP,葡萄牙超级联赛,右,173,66,0,0
David Albelda,西班牙,39,CM,75,75,34,67,79,66,69,56,28256329,Valencia CF,西班牙甲级联赛,右,180,77,2,1
Antonio Sanabria,西班牙,20,ST,75,86,78,73,65,78,19,76,30012976,Real Sporting de Gijón,西班牙甲级联赛,右,180,70,0,0
Andre Hoffmann,德国,23,CB,75,80,56,41,63,58,76,69,29397863,Hannover 96,德国甲级联赛,右,188,84,2,0
Javi Varas,西班牙,34,GK,75,75,58,20,29,14,15,63,13876588,Sevilla FC,西班牙甲级联赛,右,183,74,0,0
Martin Hinteregger,德国,24,FB,75,81,69,67,63,60,78,80,34569061,Borussia Mönchengladbach,德国甲级联赛,左,185,86,0,0
Ivan Piris,意大利,27,FB,75,76,78,53,57,70,81,73,19518393,Udinese,意大利甲级联赛,右,175,68,0,0
Pajtim Kasami,英格兰,24,CAM,75,83,67,73,76,78,60,73,23508465,Fulham,英格兰超级联赛,左,188,90,5,2
Sylvain Marveaux,法国,30,CAM,75,75,71,73,77,79,50,62,27153619,Stade Rennais FC,法国甲级联赛,左,173,66,1,4
Romain Danze,法国,30,CM,75,75,68,64,73,70,78,69,22967986,Stade Rennais FC,法国甲级联赛,右,183,73,4,0
Karim El Ahmadi,荷兰,31,CAM,75,75,68,66,78,76,60,69,31483072,Feyenoord,荷兰甲级联赛,右,185,78,5,1
Nicolas Douchez,法国,36,GK,75,75,42,13,36,18,16,54,13102234,Stade Rennais FC,法国甲级联赛,右,185,81,0,0
Filip Djuricic,荷兰,24,W,75,80,78,66,73,83,35,66,27328219,SC Heerenveen,荷兰甲级联赛,右,183,73,0,0
Felix Wiedwald,德国,26,GK,75,77,34,15,26,18,12,64,21447093,SV Werder Bremen,德国甲级联赛,右,190,82,0,0
Matheus Doria,西班牙,22,CB,75,81,54,45,55,52,77,70,24635182,Granada CF,西班牙甲级联赛,左,188,82,0,0
Fabio Liverani,意大利,40,CAM,75,84,61,70,86,74,63,61,16820024,Palermo,意大利甲级联赛,左,175,73,0,4
Bruno Ecuele Manga,法国,28,CB,75,75,64,32,58,48,76,67,13234594,FC Lorient,法国甲级联赛,右,188,75,6,0
David Abraham,瑞士,30,FB,75,75,76,58,64,58,74,75,44434092,FC Basel,瑞士超级联赛,右,188,83,2,0
Marc Stendera,德国,21,CAM,75,84,71,74,74,77,51,62,25272525,Eintracht Frankfurt,德国甲级联赛,右,173,73,0,0
Raphael Guerreiro,法国,23,CAM,75,81,83,72,70,76,72,64,28050521,FC Lorient,法国甲级联赛,左,170,67,0,0
Aatif Chahechouhe,法国,30,ST,75,75,78,76,71,78,29,65,33405415,Olympique de Marseille,法国甲级联赛,右,175,68,0,0
Pontus Jansson,意大利,25,FB,75,79,62,49,57,62,77,70,19767091,Torino,意大利甲级联赛,右,193,89,0,0
Matias Vecino,意大利,25,CM,75,78,68,69,77,75,70,71,20888284,Empoli,意大利甲级联赛,右,188,81,2,0
Zdenek Pospech,德国,38,FB,75,75,78,64,70,74,76,79,7635794,1. FSV Mainz 05,德国甲级联赛,右,175,72,2,4
Christian Clemens,德国,25,W,75,79,85,73,72,76,38,70,12627180,1. FC Köln,德国甲级联赛,右,178,80,7,2
Brown Ideye,法国,28,ST,75,76,79,74,60,72,35,80,23667707,FC Sochaux-Montbéliard,法国甲级联赛,右,180,78,8,0
Neeskens Kebano,比利时,24,ST,75,79,82,73,70,78,28,75,26706654,Sporting Charleroi,比利时甲级联赛,右,170,65,0,0
Tom Heaton,英格兰,30,GK,75,75,51,13,34,18,15,56,29310259,Burnley,英格兰超级联赛,右,188,86,0,0
Leon Osman,英格兰,35,CAM,75,75,61,74,79,82,62,67,9088226,Everton,英格兰超级联赛,右,173,64,25,18
Djibril Sidibe,法国,24,FB,75,80,77,57,68,72,76,76,28878075,LOSC Lille,法国甲级联赛,右,183,73,1,0
Borja Ekiza,西班牙,28,CB,75,75,66,41,59,44,77,78,33610742,Athletic Club de Bilbao,西班牙甲级联赛,右,180,73,0,0
Aras Oezbiliz,荷兰,26,ST,75,77,78,81,71,77,29,65,18423809,Ajax,荷兰甲级联赛,左,175,70,0,0
Danilo Dias,葡萄牙,31,W,75,75,78,72,73,78,31,60,14732187,CS Marítimo,葡萄牙超级联赛,右,173,63,0,0
Andre Santos,英格兰,33,CM,75,75,70,75,75,76,71,71,32219204,Arsenal,英格兰超级联赛,左,180,74,2,0
Jose Manuel Jurado,西班牙,30,W,75,75,74,80,76,80,26,57,17239153,RCD Mallorca,西班牙甲级联赛,右,175,72,20,8
Junior Caicara,葡萄牙,27,FB,75,76,83,61,68,76,75,67,21961213,Gil Vicente FC,葡萄牙超级联赛,右,173,70,0,0
Lorenzo Melgarejo,葡萄牙,26,CAM,75,79,83,72,66,77,67,74,41683946,FC Paços de Ferreira,葡萄牙超级联赛,左,178,70,0,0
Javier Aquino,西班牙,26,W,75,77,92,65,69,77,33,61,14690213,Villarreal CF,西班牙甲级联赛,右,165,62,1,3
Joselu,德国,26,ST,75,77,66,76,59,75,19,68,43729796,Hannover 96,德国甲级联赛,右,193,80,16,1
Yoan Gouffran,法国,30,ST,75,75,76,73,73,77,46,73,25025485,Girondins de Bordeaux,法国甲级联赛,右,175,76,30,3
Gareth McAuley,英格兰,37,CB,75,75,43,41,52,46,76,71,12731198,West Bromwich Albion,英格兰超级联赛,右,196,89,11,2
Idrissa Gana Gueye,法国,27,CM,75,77,72,64,74,75,78,77,31357861,LOSC Lille,法国甲级联赛,右,175,72,1,1
Erik Pieters,英格兰,28,FB,75,76,68,40,67,68,78,74,33657854,Stoke City,英格兰超级联赛,左,183,86,2,1
Alessandro Diamanti,意大利,33,W,75,75,68,74,75,83,30,61,6568612,Bologna,意大利甲级联赛,左,180,75,34,11
Mahamadou Diarra,英格兰,35,CM,75,75,56,46,73,66,78,68,16891681,Fulham,英格兰超级联赛,右,183,82,2,1
Emre Can,英格兰,22,CM,75,85,74,68,77,76,75,76,41423088,Liverpool,英格兰超级联赛,右,188,82,4,1
Rene Krhin,意大利,26,CM,75,77,52,58,73,69,72,73,21366698,Bologna,意大利甲级联赛,右,188,78,0,0
Marc Muniesa,英格兰,24,FB,75,81,65,42,63,68,77,75,47822696,Stoke City,英格兰超级联赛,左,178,72,0,0
Evandro Goebel,葡萄牙,30,CAM,75,75,66,74,78,80,46,63,12618832,Estoril Praia,葡萄牙超级联赛,右,178,72,0,0
Jason Puncheon,英格兰,30,ST,75,75,76,75,73,78,36,70,27488470,Crystal Palace,英格兰超级联赛,左,173,71,17,5
Antonio Valencia,英格兰,31,CM,75,75,81,66,71,80,68,74,14813734,Manchester United,英格兰超级联赛,右,180,78,16,37
Antonio Barragan,西班牙,29,FB,75,75,74,53,60,66,77,75,15977326,Valencia CF,西班牙甲级联赛,右,185,83,0,1
Andre Dias,意大利,37,CB,75,75,55,57,56,52,78,71,10864296,Lazio,意大利甲级联赛,右,183,80,6,1
Ogenyi Onazi,意大利,24,CM,75,79,80,67,75,75,72,69,17648693,Lazio,意大利甲级联赛,右,170,65,2,0
Marcel Schaefer,德国,32,CM,75,75,68,73,73,74,75,73,30781473,VfL Wolfsburg,德国甲级联赛,左,183,75,6,4
Jires Kembo-Ekoko,法国,28,ST,75,79,84,77,69,76,31,67,24590979,Stade Rennais FC,法国甲级联赛,右,178,78,6,0
Alexis,西班牙,31,CB,75,75,59,38,64,58,75,76,27019431,Getafe CF,西班牙甲级联赛,右,183,75,7,0
Robert Pires,西班牙,43,CAM,75,84,62,73,83,80,32,57,17530943,Villarreal CF,西班牙甲级联赛,右,188,80,7,5
Jeremy Morel,法国,32,FB,75,75,75,65,66,68,78,75,14919630,Olympique de Marseille,法国甲级联赛,左,173,71,3,1
Marco Benassi,意大利,22,CM,75,82,70,74,74,75,68,75,22095381,Torino,意大利甲级联赛,右,183,80,2,2
Kevin Vogt,德国,25,CM,75,78,70,62,72,69,74,73,44985719,1. FC Köln,德国甲级联赛,右,193,85,2,0
Pascal Gross,德国,25,CM,75,78,68,69,77,74,64,75,18015531,FC Ingolstadt 04,德国甲级联赛,右,180,76,0,0
Lucas Nahuel Castro,意大利,27,W,75,75,80,70,74,78,24,71,36359002,Catania,意大利甲级联赛,右,180,80,7,2
Alejandro Bedoya,法国,29,CAM,75,75,72,75,77,74,56,77,26883829,FC Nantes,法国甲级联赛,右,178,73,5,0
Ruben Botta,意大利,26,W,75,77,78,62,75,82,29,57,20177651,Chievo Verona,意大利甲级联赛,左,175,65,0,0
Justo Villar,西班牙,39,GK,75,75,32,19,34,22,15,47,15573069,Real Valladolid,西班牙甲级联赛,右,180,85,0,0
Marquinho,意大利,30,CAM,75,75,72,78,75,78,61,70,17391828,Roma,意大利甲级联赛,右,183,79,9,1
Marcel Risse,德国,27,CAM,75,76,86,76,68,76,64,72,35710001,1. FC Köln,德国甲级联赛,右,183,75,3,3
Paulo da Silva,西班牙,36,CM,75,75,33,52,61,58,76,77,11359362,Real Zaragoza,西班牙甲级联赛,右,180,76,2,1
Jonathan Schmid,德国,26,CAM,75,77,80,70,70,77,62,73,15618881,SC Freiburg,德国甲级联赛,右,178,78,17,3
Breno,德国,27,FB,75,77,70,41,64,61,74,66,39747584,FC Bayern Munich,德国甲级联赛,右,190,85,0,0
David Marshall,英格兰,31,GK,75,75,49,18,31,18,16,53,11618664,Cardiff City,英格兰超级联赛,右,190,83,0,0
Andrea Poli,意大利,27,CAM,75,76,76,67,78,78,62,73,21899381,Sampdoria,意大利甲级联赛,右,183,77,6,0
Scott Parker,英格兰,36,CM,75,75,58,67,70,70,76,71,17772486,West Ham United,英格兰超级联赛,右,175,69,10,12
Facundo Sebastian Roncaglia,意大利,29,FB,75,75,74,64,58,66,78,74,8554803,Fiorentina,意大利甲级联赛,右,178,76,3,0
Mathieu Dossevi,法国,28,W,75,75,82,70,72,79,32,67,14540585,Valenciennes FC,法国甲级联赛,右,173,65,9,0
Pedro Henrique,瑞士,26,W,75,77,85,72,70,78,26,50,11890354,FC Zürich,瑞士超级联赛,左,178,71,0,0
Tonny Vilhena,荷兰,21,CM,75,80,70,68,75,78,66,78,51170698,Feyenoord,荷兰甲级联赛,左,175,73,0,0
Dominique Heintz,德国,23,CB,75,82,60,33,69,52,75,73,18606753,1. FC Köln,德国甲级联赛,左,188,87,0,0
Tomas Rincon,德国,28,CM,75,75,73,68,77,74,76,82,13516304,Hamburger SV,德国甲级联赛,右,175,75,0,0
Jeffrey Gouweleeuw,荷兰,25,FB,75,77,74,59,64,62,78,69,46392721,AZ,荷兰甲级联赛,右,188,75,2,2
Seba,葡萄牙,24,ST,75,79,86,76,66,76,34,69,14292452,Estoril Praia,葡萄牙超级联赛,左,178,73,0,0
Hans Vanaken,比利时,24,CAM,75,80,58,73,77,76,39,68,35999726,Sporting Lokeren,比利时甲级联赛,右,193,80,0,0
Stephen Ireland,英格兰,30,CAM,75,75,60,65,75,76,48,62,33138577,Manchester City,英格兰超级联赛,右,173,66,15,17
Richard Dunne,英格兰,37,GK,75,75,23,45,39,39,76,67,12169477,Aston Villa,英格兰超级联赛,右,188,95,10,1
Joey Barton,英格兰,34,CM,75,75,56,72,75,74,72,77,13526738,Queens Park Rangers,英格兰超级联赛,右,180,70,8,13
Lucas Barrios,德国,32,ST,75,75,70,74,67,74,44,70,17412674,Borussia Dortmund,德国甲级联赛,右,188,84,42,2
Jose Maria Basanta,意大利,32,FB,75,75,62,54,55,58,76,71,17102334,Fiorentina,意大利甲级联赛,左,188,78,0,0
Stephane M'Bia,法国,30,CM,75,75,70,66,71,70,73,82,31137114,Olympique de Marseille,法国甲级联赛,右,188,82,5,3
Romain Saiss,法国,26,FB,75,77,72,56,72,72,76,72,13053064,Angers SCO,法国甲级联赛,左,190,76,0,0
Sergio Alvarez,西班牙,24,CM,75,81,70,65,76,70,72,73,29516727,Real Sporting de Gijón,西班牙甲级联赛,右,183,72,0,0
Maxi Rodriguez,英格兰,35,ST,75,75,72,79,75,78,34,69,14227634,Liverpool,英格兰超级联赛,右,180,79,23,6
Andrea Belotti,意大利,23,ST,75,83,76,74,55,74,22,78,20364932,Torino,意大利甲级联赛,右,180,72,0,0
James Tomkins,英格兰,27,CB,75,76,62,33,57,54,78,75,20792023,West Ham United,英格兰超级联赛,右,190,74,3,2
Hans-Joerg Butt,德国,42,GK,75,75,42,19,34,20,12,56,23231388,FC Bayern Munich,德国甲级联赛,右,190,90,1,0
Javad Nekounam,西班牙,36,CM,75,75,53,70,82,70,66,69,12906321,CA Osasuna,西班牙甲级联赛,右,185,78,23,0
Fabian Lustenberger,德国,28,CB,75,75,65,38,68,66,80,75,37620522,Hertha BSC Berlin,德国甲级联赛,右,180,70,1,0
Andros Townsend,英格兰,25,W,75,81,89,75,68,80,28,61,22318318,Tottenham Hotspur,英格兰超级联赛,左,180,81,3,1
Joao Cancelo,西班牙,22,FB,75,84,84,61,71,80,74,68,14298520,Valencia CF,西班牙甲级联赛,右,183,72,0,0
Iuri Medeiros,葡萄牙,22,W,75,86,85,72,68,80,27,64,46686253,Moreirense FC,葡萄牙超级联赛,左,175,66,0,0
Albano Benjamin Bizzarri,意大利,39,GK,75,75,50,18,34,20,14,51,16242165,Chievo Verona,意大利甲级联赛,右,193,89,0,0
Quim,葡萄牙,41,GK,75,75,34,19,25,20,15,62,14325810,SC Braga,葡萄牙超级联赛,右,183,80,0,0
Nicolai Joergensen,德国,25,ST,75,79,79,76,67,78,31,77,14253894,Bayer 04 Leverkusen,德国甲级联赛,右,190,86,0,1
Jonas Martin,法国,26,CM,75,77,76,74,76,76,72,71,22150571,Montpellier Hérault SC,法国甲级联赛,右,183,76,1,1
Pape Ndiaye Souare,法国,26,FB,75,77,82,53,71,74,74,80,28498596,LOSC Lille,法国甲级联赛,左,178,68,3,0
Florent Balmont,法国,36,CM,75,75,57,70,77,74,76,66,7628846,LOSC Lille,法国甲级联赛,右,168,72,3,2
German Denis,意大利,35,ST,75,75,63,77,55,69,22,81,8022477,Atalanta,意大利甲级联赛,右,183,87,64,9
Robert Brady,英格兰,24,CAM,75,77,82,72,74,76,61,75,52154143,Norwich City,英格兰超级联赛,左,175,69,3,1
Aaron Mooy,苏格兰,26,CAM,75,78,70,70,80,73,62,73,23723029,St. Mirren,苏格兰超级联赛,右,175,68,0,0
Hugo Almeida,德国,32,ST,75,75,60,80,57,64,27,68,19454357,SV Werder Bremen,德国甲级联赛,左,190,97,25,1
Sebastian Coates,英格兰,26,CB,75,79,58,38,43,50,78,67,20315549,Sunderland,英格兰超级联赛,右,196,85,1,0
Dede,德国,38,CM,75,82,74,66,77,79,75,69,8406636,Borussia Dortmund,德国甲级联赛,左,175,69,1,1
Abou Diaby,英格兰,30,CM,75,75,75,73,74,80,72,74,24180924,Arsenal,英格兰超级联赛,右,193,76,12,8
Martin Harnik,德国,29,ST,75,75,79,72,73,74,38,82,31251254,VfB Stuttgart,德国甲级联赛,右,185,80,43,8
Dominic Maroh,德国,29,CB,75,75,54,40,55,49,78,73,22667855,1. FC Köln,德国甲级联赛,右,185,85,3,0
Bruno Vilela Gama,葡萄牙,29,W,75,76,79,68,69,78,39,61,20727300,Rio Ave FC,葡萄牙超级联赛,右,175,74,6,0
Andreas Ivanschitz,德国,33,ST,75,75,66,78,75,76,34,64,18179953,1. FSV Mainz 05,德国甲级联赛,左,183,82,25,4
Riccardo Meggiorini,意大利,31,ST,75,75,79,69,60,77,24,75,22502315,Chievo Verona,意大利甲级联赛,左,183,78,10,4
Leroy Fer,荷兰,26,CM,75,76,75,78,76,76,69,85,17934724,Feyenoord,荷兰甲级联赛,右,188,79,3,2
Mauricio Isla,意大利,28,FB,75,75,80,61,71,76,77,71,35801447,Udinese,意大利甲级联赛,右,178,72,8,7
Marcos Senna,西班牙,40,CAM,75,75,37,76,84,65,61,50,7131960,Villarreal CF,西班牙甲级联赛,右,178,76,9,3
John Ruddy,英格兰,30,GK,75,75,42,19,27,19,14,63,28224577,Norwich City,英格兰超级联赛,右,193,96,0,0
Nacho Martinez,西班牙,27,FB,75,76,88,64,61,68,74,76,17010978,Rayo Vallecano,西班牙甲级联赛,左,175,69,1,1
Jean-Paul Boetius,荷兰,22,W,75,82,88,72,70,79,26,53,18690909,Feyenoord,荷兰甲级联赛,右,178,67,5,3
Otavio,葡萄牙,21,W,75,84,78,67,75,78,26,54,47007981,Vitória Guimarães,葡萄牙超级联赛,右,173,71,0,0
Tono,西班牙,37,GK,75,75,54,17,26,19,16,64,10560176,Racing Santander,西班牙甲级联赛,右,183,80,0,0
Javier Saviola,葡萄牙,35,W,75,75,72,63,68,82,23,52,11871532,SL Benfica,葡萄牙超级联赛,右,168,70,9,1
Gilberto,英格兰,40,CM,75,75,60,70,77,79,72,57,13010149,Portsmouth,英格兰超级联赛,左,180,77,0,0
Emmanuel Eboue,英格兰,33,CM,75,75,80,74,67,74,74,72,24783298,Arsenal,英格兰超级联赛,右,178,73,5,6
John O'Shea,英格兰,35,GK,75,75,33,34,58,57,77,68,21866867,Sunderland,英格兰超级联赛,右,190,84,5,7
Darren Fletcher,英格兰,32,CM,75,75,54,72,76,70,80,72,53563434,Manchester United,英格兰超级联赛,右,183,74,11,14
Eric Bautheac,法国,29,W,75,75,81,71,70,76,38,59,23456886,OGC Nice,法国甲级联赛,左,168,65,15,0
Jhon Cordoba,西班牙,23,ST,75,80,80,74,62,74,36,80,26261844,Granada CF,西班牙甲级联赛,右,185,85,4,0
Terence Kongolo,荷兰,22,FB,75,80,80,49,61,65,80,72,47156428,Feyenoord,荷兰甲级联赛,左,188,70,0,0
Alassane Plea,法国,23,ST,75,82,80,81,74,76,34,66,25778219,OGC Nice,法国甲级联赛,右,180,79,0,0
Bjorn Engels,比利时,22,FB,75,83,64,42,66,59,75,73,42584613,Club Brugge KV,比利时甲级联赛,右,193,83,0,0
Diego Reyes,西班牙,24,FB,75,83,69,52,66,73,79,68,25339185,Real Sociedad,西班牙甲级联赛,右,188,74,0,0
Yohan Benalouane,法国,29,CB,75,75,68,44,59,54,78,74,17917017,AS Saint-Étienne,法国甲级联赛,右,185,85,2,1
Luis Perea,西班牙,37,FB,75,75,81,43,54,58,75,81,18428026,Atlético Madrid,西班牙甲级联赛,右,180,76,1,0
Callum Wilson,英格兰,24,ST,75,81,92,71,67,74,31,75,16264772,Bournemouth,英格兰超级联赛,右,180,66,0,0
Heldon,葡萄牙,28,W,75,76,85,70,63,77,26,63,27099081,CS Marítimo,葡萄牙超级联赛,右,175,68,0,0
Emmanuel Emenike,英格兰,29,ST,75,75,82,76,61,75,22,78,13303685,West Ham United,英格兰超级联赛,右,183,90,0,0
Andy Delort,法国,25,ST,75,81,77,77,60,77,22,78,14902015,SM Caen,法国甲级联赛,右,183,82,1,0
Jack Rodwell,英格兰,25,CM,75,78,66,75,74,74,72,77,13324981,Everton,英格兰超级联赛,右,188,71,7,4
Elderson,葡萄牙,28,FB,75,75,72,66,62,69,76,82,17417956,SC Braga,葡萄牙超级联赛,左,185,76,0,0
Nils Petersen,德国,28,ST,75,75,62,73,57,68,28,70,20697154,SV Werder Bremen,德国甲级联赛,右,188,80,21,0
Paolo Cannavaro,意大利,35,CB,75,75,42,51,60,52,78,68,19884774,Napoli,意大利甲级联赛,右,185,83,8,1
Moussa Marega,葡萄牙,25,ST,75,79,84,74,52,68,28,80,30284688,CS Marítimo,葡萄牙超级联赛,右,183,80,0,0
Sven van Beek,荷兰,22,CB,75,80,70,39,56,51,78,75,31021173,Feyenoord,荷兰甲级联赛,右,190,76,2,1
Leander Dendoncker,比利时,21,CM,75,84,68,70,74,70,73,77,13425329,RSC Anderlecht,比利时甲级联赛,右,188,83,0,0
Sergio Oliveira,葡萄牙,24,CAM,75,80,65,79,79,78,52,56,20080910,FC Paços de Ferreira,葡萄牙超级联赛,右,180,72,0,0
Jaroslav Plasil,法国,34,CAM,75,75,51,67,82,78,57,57,20447106,Girondins de Bordeaux,法国甲级联赛,右,183,72,13,3
Bruno Fernandes,意大利,22,CAM,75,82,78,69,75,78,64,66,40710502,Udinese,意大利甲级联赛,右,173,65,5,4
Razvan Rat,西班牙,35,FB,75,75,72,60,73,66,76,72,22637324,Rayo Vallecano,西班牙甲级联赛,左,178,72,0,1
Leonardo Pavoletti,意大利,28,ST,75,75,68,72,49,68,20,79,21076484,Genoa,意大利甲级联赛,右,188,85,0,0
Lucas Hradecky,德国,27,GK,75,77,42,13,27,14,14,52,26491388,Eintracht Frankfurt,德国甲级联赛,右,190,80,0,0
Bojan Jokic,意大利,30,FB,75,75,76,59,68,68,76,76,23986432,Chievo Verona,意大利甲级联赛,左,175,75,0,1
Cristian Molinaro,德国,33,FB,75,75,79,54,65,71,74,75,15972636,VfB Stuttgart,德国甲级联赛,左,183,82,2,5
Danilo Fernando Avelar,意大利,27,FB,75,76,75,60,54,76,75,73,34720551,Cagliari,意大利甲级联赛,左,185,79,0,0
Craig Gardner,英格兰,30,CM,75,75,54,79,74,73,71,77,31219045,Sunderland,英格兰超级联赛,右,175,81,20,6
Matthew Etherington,英格兰,35,W,75,75,74,70,74,78,41,69,21186612,Stoke City,英格兰超级联赛,左,178,64,16,26
James Collins,英格兰,33,CB,75,75,42,53,61,48,76,71,15345430,West Ham United,英格兰超级联赛,右,193,90,7,1
Alexander Tettey,英格兰,30,CM,75,75,72,76,72,70,74,79,25152937,Norwich City,英格兰超级联赛,右,180,68,2,1
Sulley Ali Muntari,意大利,32,CM,75,75,62,76,71,73,73,81,22350369,Milan,意大利甲级联赛,左,178,76,16,10
Pablo De Blasis,德国,28,W,75,75,82,72,70,80,35,72,19483797,1. FSV Mainz 05,德国甲级联赛,右,165,65,0,0
Alfred Finnbogason,荷兰,27,ST,75,76,69,78,70,72,28,66,16265886,SC Heerenveen,荷兰甲级联赛,右,185,78,0,0
Ali Ghazal,葡萄牙,24,FB,75,78,64,38,68,66,76,75,14920600,CD Nacional,葡萄牙超级联赛,右,188,84,0,0
Jose Sa,葡萄牙,23,GK,75,81,45,17,34,20,17,55,21103056,CS Marítimo,葡萄牙超级联赛,右,193,85,0,0
Fran Rico,西班牙,29,CM,75,75,62,66,79,72,69,65,27822521,Granada CF,西班牙甲级联赛,右,178,72,5,3
Jason Shackell,英格兰,33,CB,75,75,67,42,59,60,76,78,17156901,Burnley,英格兰超级联赛,左,193,83,0,0
Olcay Sahan,德国,29,CAM,75,75,79,74,68,77,55,64,21312671,1. FC Kaiserslautern,德国甲级联赛,右,178,71,1,1
Manuel Schmiedebach,德国,28,FB,75,76,72,52,73,76,74,80,16511393,Hannover 96,德国甲级联赛,右,170,70,1,6
Patrick Ebert,德国,29,CAM,75,75,74,74,78,74,59,66,14167316,Hertha BSC Berlin,德国甲级联赛,右,175,72,13,2
Valter Birsa,意大利,30,ST,75,75,75,73,77,79,34,71,34057426,Chievo Verona,意大利甲级联赛,左,183,81,6,0
Miralem Sulejmani,荷兰,28,W,75,76,82,73,69,80,29,61,21699193,Ajax,荷兰甲级联赛,左,178,77,6,0
Joao Tomas,葡萄牙,41,ST,75,75,34,79,65,65,30,62,15194373,Rio Ave FC,葡萄牙超级联赛,右,188,84,0,0
Fabio Borini,英格兰,25,ST,75,78,78,73,69,76,23,71,26809304,Sunderland,英格兰超级联赛,右,180,74,16,2
Khouma Babacar,意大利,23,ST,75,80,75,77,53,72,22,75,21087582,Fiorentina,意大利甲级联赛,右,185,76,1,0
Cristian Rodriguez,葡萄牙,31,ST,75,75,78,75,73,77,51,77,34827313,FC Porto,葡萄牙超级联赛,左,178,75,2,1
Theodor Gebre Selassie,德国,30,FB,75,75,78,50,68,76,73,76,20851192,SV Werder Bremen,德国甲级联赛,右,180,71,4,0
Ryan Mason,英格兰,25,CM,75,79,70,69,78,72,70,63,36010845,Tottenham Hotspur,英格兰超级联赛,右,175,68,0,0
Patrick Helmes,德国,32,ST,75,75,74,78,61,74,27,64,17571878,Bayer 04 Leverkusen,德国甲级联赛,右,183,78,41,1
Ioannis Amanatidis,德国,35,ST,75,79,72,74,59,73,29,73,20074122,Eintracht Frankfurt,德国甲级联赛,右,180,80,3,0
Marco Russ,德国,31,CB,75,75,52,53,62,48,76,67,18720024,Eintracht Frankfurt,德国甲级联赛,右,190,88,17,2
Mattia De Sciglio,意大利,24,FB,75,80,81,50,63,70,76,75,28614284,Milan,意大利甲级联赛,右,183,74,0,0
Geoffrey Mujangi Bia,比利时,27,ST,75,77,82,79,72,76,19,74,16294838,Standard de Liège,比利时甲级联赛,右,180,79,5,1
Kerim Frei Koyunlu,英格兰,23,W,75,83,90,70,68,82,32,63,23944651,Fulham,英格兰超级联赛,右,170,66,0,0
Santi Mina,西班牙,21,W,75,84,74,69,62,79,33,64,22576668,RC Celta de Vigo,西班牙甲级联赛,右,178,71,2,0
Hamari Traore,比利时,24,FB,75,78,82,40,66,70,74,74,11134574,Lierse SK,比利时甲级联赛,右,168,64,0,0
Benoit Assou-Ekotto,英格兰,32,FB,75,75,79,63,69,75,74,75,34340542,Tottenham Hotspur,英格兰超级联赛,左,180,69,4,8
Gregory Coupet,法国,44,GK,75,83,38,14,29,21,15,59,13348231,Paris Saint-Germain,法国甲级联赛,右,180,80,0,0
Michail Antonio,英格兰,26,ST,75,77,87,73,66,78,44,79,21819556,West Ham United,英格兰超级联赛,右,180,79,0,0
Dorlan Pabon,西班牙,28,ST,75,75,88,80,74,80,34,78,22598582,Real Betis Balompié,西班牙甲级联赛,右,168,73,11,0
Franco Brienza,意大利,37,CAM,75,75,65,74,73,82,43,49,17684189,Siena,意大利甲级联赛,左,168,68,11,2
Anatoli Tymoschuk,德国,37,CM,75,75,52,65,69,63,79,72,28161162,FC Bayern Munich,德国甲级联赛,右,180,70,4,1
Ivica Dragutinovic,西班牙,41,FB,75,79,64,52,68,62,76,67,26811374,Sevilla FC,西班牙甲级联赛,左,185,84,3,2
Nolan Roux,法国,28,ST,75,75,73,74,68,72,29,72,34975928,LOSC Lille,法国甲级联赛,右,183,78,26,3
Serey Die,瑞士,32,FB,75,75,70,50,67,70,77,81,24150913,FC Sion,瑞士超级联赛,右,178,77,0,0
Floyd Ayite,法国,28,W,75,76,84,72,67,80,22,57,14234463,SC Bastia,法国甲级联赛,右,175,68,7,0
Youssef El Arabi,西班牙,29,ST,75,75,70,75,68,86,40,67,28398266,Granada CF,西班牙甲级联赛,右,183,84,28,2
Paulao,西班牙,34,CB,75,75,58,49,55,50,76,70,19547439,Real Betis Balompié,西班牙甲级联赛,右,188,88,4,0
Ioannis Fetfatzidis,意大利,26,W,75,79,84,63,71,84,24,53,14540420,Genoa,意大利甲级联赛,左,165,64,2,1
Ciprian Tatarusanu,意大利,30,GK,75,75,48,14,36,18,17,58,30381407,Fiorentina,意大利甲级联赛,右,196,88,0,0
Salva Sevilla,西班牙,32,CAM,75,75,52,72,84,76,45,58,11927449,Real Betis Balompié,西班牙甲级联赛,右,178,70,8,4
Sergio Pelegrin,西班牙,37,CB,75,75,44,37,58,50,74,64,12368972,Elche CF,西班牙甲级联赛,左,185,77,0,1
Karim Ziani,法国,34,W,75,81,78,70,75,76,26,68,19347506,Olympique de Marseille,法国甲级联赛,右,170,66,0,1
Simone Missiroli,意大利,30,CM,75,75,68,65,75,76,68,68,11826588,Sassuolo,意大利甲级联赛,右,190,77,1,1
Markus Henriksen,荷兰,24,CM,75,80,68,79,73,75,64,82,33534684,AZ,荷兰甲级联赛,右,188,78,6,4
Yonathan Del Valle,葡萄牙,26,ST,75,77,84,76,63,80,28,66,26077526,Rio Ave FC,葡萄牙超级联赛,右,173,75,0,0
Cacau,德国,35,ST,75,75,75,77,65,78,27,72,10925698,VfB Stuttgart,德国甲级联赛,右,178,74,42,6
Marco Storari,意大利,39,GK,75,75,44,16,40,20,12,59,20546936,Juventus,意大利甲级联赛,右,188,76,0,0
Jan Kirchhoff,德国,26,FB,75,79,70,41,73,60,77,66,64805579,1. FSV Mainz 05,德国甲级联赛,右,196,90,1,0
Luciano Narsingh,荷兰,26,W,75,77,93,62,62,76,22,58,17954445,PSV,荷兰甲级联赛,右,175,75,3,5
Zouhair Feddal,西班牙,27,FB,75,76,60,54,60,60,77,73,19515853,Levante UD,西班牙甲级联赛,左,190,78,0,0
"Marios Oikonomou,18",意大利,24,CB,75,79,60,31,49,60,76,74,29448862,Bologna,意大利甲级联赛,右,188,85,0,0
Jurgen Locadia,荷兰,23,ST,75,80,76,79,71,72,33,66,18158928,PSV,荷兰甲级联赛,右,190,79,3,1
Peter Crouch,英格兰,35,ST,75,75,52,74,72,71,25,58,12014678,Stoke City,英格兰超级联赛,右,201,84,50,30
Cristian Chivu,意大利,36,CM,75,75,55,59,67,65,76,69,18026717,Inter,意大利甲级联赛,左,183,81,3,0
Tomas Vaclik,瑞士,27,GK,75,76,34,15,40,14,20,59,17111368,FC Basel,瑞士超级联赛,右,188,85,0,0
Leonard Kweuke,德国,29,ST,75,75,74,76,58,71,26,66,19357600,Eintracht Frankfurt,德国甲级联赛,右,188,94,0,0
Kolbeinn Sigthorsson,荷兰,26,ST,75,77,68,75,62,68,37,76,28671313,Ajax,荷兰甲级联赛,右,185,80,4,1
Muhamed Besic,英格兰,24,FB,75,83,73,51,70,74,77,75,20381167,Everton,英格兰超级联赛,右,178,78,0,0
Marc Albrighton,英格兰,27,W,75,77,80,69,71,76,47,68,27028114,Aston Villa,英格兰超级联赛,右,175,67,7,12
Adnan Januzaj,英格兰,21,W,75,84,81,64,75,82,21,57,26314725,Manchester United,英格兰超级联赛,左,183,75,4,3
Gaston Pereiro,荷兰,21,ST,75,83,78,78,64,80,36,68,30838824,PSV,荷兰甲级联赛,左,188,76,0,0
Pawel Kieszek,葡萄牙,32,GK,75,75,48,15,38,14,15,60,12011454,Vitória Setúbal,葡萄牙超级联赛,右,188,82,0,0
Jonathan Soriano,西班牙,31,ST,75,75,62,77,74,79,27,72,15426791,Sevilla FC,西班牙甲级联赛,右,178,70,0,0
Kim Kaellstroem,法国,34,CM,75,75,52,78,83,76,65,77,8684057,Olympique Lyonnais,法国甲级联赛,左,185,83,4,0
Paul Baysse,法国,28,CM,75,75,58,49,67,64,75,74,12685125,Stade Brestois 29,法国甲级联赛,右,188,85,4,0
Andreas Beck,德国,29,FB,75,75,74,54,68,74,76,70,21795778,TSG 1899 Hoffenheim,德国甲级联赛,右,180,76,3,3
Ewerton,葡萄牙,27,CB,75,75,64,38,60,64,77,77,8833494,SC Braga,葡萄牙超级联赛,左,188,83,0,0
Shane Long,英格兰,29,ST,75,75,84,73,58,74,32,85,37191285,West Bromwich Albion,英格兰超级联赛,右,180,81,24,7
Sergej Milinkovic-Savic,意大利,21,CM,75,82,69,72,75,78,68,79,32882562,Lazio,意大利甲级联赛,右,190,76,0,0
Romain Salin,葡萄牙,32,GK,75,75,31,16,39,14,16,57,9698609,CS Marítimo,葡萄牙超级联赛,左,185,78,0,0
Cheikh Mbengue,法国,28,FB,75,76,74,42,66,68,76,73,36759352,Toulouse FC,法国甲级联赛,左,183,80,1,0
Jelle van Damme,比利时,33,CM,75,75,68,66,68,65,69,87,13615861,Standard de Liège,比利时甲级联赛,左,190,90,1,1
Kieren Westwood,英格兰,32,GK,75,75,48,18,29,21,20,53,13917829,Sunderland,英格兰超级联赛,左,188,86,0,0
Jose Manuel Casado,西班牙,30,FB,75,75,80,67,62,72,75,78,17745885,Rayo Vallecano,西班牙甲级联赛,左,173,72,1,3
David Zurutuza,西班牙,30,CAM,75,75,64,67,79,78,48,59,12768040,Real Sociedad,西班牙甲级联赛,右,185,78,8,2
Suso,西班牙,23,W,75,80,79,67,73,85,20,55,49001024,UD Almería,西班牙甲级联赛,左,175,70,3,1
James Ward-Prowse,英格兰,22,CAM,75,83,69,66,81,74,62,69,30926851,Southampton,英格兰超级联赛,右,173,66,0,2
Mbaye Niang,意大利,22,ST,75,84,86,76,64,83,22,71,29601227,Milan,意大利甲级联赛,右,183,75,8,2
Matthias Lehmann,德国,33,CM,75,75,50,68,76,69,72,75,15563924,1. FC Köln,德国甲级联赛,右,178,75,5,0
Yannick Gerhardt,德国,22,CM,75,83,69,70,76,76,68,72,32694950,1. FC Köln,德国甲级联赛,左,183,81,0,0
Anderson Talisca,葡萄牙,22,CAM,75,80,74,82,76,74,56,59,17107071,SL Benfica,葡萄牙超级联赛,左,188,72,0,0
Xabi Irureta,西班牙,30,GK,75,75,63,18,34,14,18,60,45353283,SD Eibar,西班牙甲级联赛,右,180,74,0,0
Abdoulay Konko,意大利,32,FB,75,75,79,62,70,72,74,73,17772161,Lazio,意大利甲级联赛,右,183,71,5,4
Dennis Diekmeier,德国,27,FB,75,77,86,45,67,70,72,73,68849124,Hamburger SV,德国甲级联赛,右,188,79,0,2
Julian Korb,德国,24,FB,75,77,74,49,69,76,76,70,18864894,Borussia Mönchengladbach,德国甲级联赛,右,178,69,0,0
Valeri Kazaishvili,荷兰,23,W,75,80,72,76,73,80,33,57,53916296,Vitesse,荷兰甲级联赛,右,180,78,6,2
Thomas Meunier,比利时,25,CM,75,78,77,73,72,75,72,83,26480826,Club Brugge KV,比利时甲级联赛,右,190,88,0,0
Santiago Garcia,德国,28,FB,75,75,73,54,63,69,75,77,33796234,SV Werder Bremen,德国甲级联赛,左,190,80,6,0
Marcos Alonso,意大利,26,CM,75,78,78,69,69,77,72,79,25758852,Fiorentina,意大利甲级联赛,左,188,81,1,1
Fabio Simplicio,意大利,37,CM,75,75,62,73,80,74,68,67,11377190,Palermo,意大利甲级联赛,右,173,69,19,4
Emil Hallfredsson,意大利,32,CM,75,75,68,70,79,76,72,73,40852549,Hellas Verona,意大利甲级联赛,左,185,83,3,2
Jorrit Hendrix,荷兰,21,CM,75,82,72,58,75,74,72,75,17436057,PSV,荷兰甲级联赛,左,183,70,0,0
Jan Durica,德国,35,CB,75,75,47,52,58,58,77,76,27982925,Hannover 96,德国甲级联赛,左,188,86,0,0
Christian Maggio,意大利,34,CM,75,75,78,72,69,76,72,83,16944572,Napoli,意大利甲级联赛,右,183,79,20,6
Perparim Hetemaj,意大利,30,CM,75,75,78,68,77,76,71,82,29418517,Chievo Verona,意大利甲级联赛,右,175,76,2,2
Panagiotis Kone,意大利,29,CAM,75,75,76,74,74,78,56,69,11633557,Bologna,意大利甲级联赛,右,183,74,13,0
Cesare Bovo,意大利,33,CM,75,75,55,62,55,60,78,67,8924767,Palermo,意大利甲级联赛,右,180,79,9,2
Dida,意大利,43,GK,75,75,40,25,23,26,25,56,23906541,Milan,意大利甲级联赛,左,196,85,0,0
Eric Abidal,西班牙,37,CB,75,75,54,31,61,59,79,65,9782364,FC Barcelona,西班牙甲级联赛,左,185,74,2,8
Wesley Hoedt,意大利,22,CB,75,81,64,40,57,60,76,74,27903823,Lazio,意大利甲级联赛,左,188,77,2,0
Rogelio Funes Mori,葡萄牙,25,ST,75,78,78,73,71,74,52,81,24088987,FC Porto,葡萄牙超级联赛,右,183,81,0,0
Zakaria Labyad,荷兰,23,W,75,79,78,75,69,82,30,66,25036780,PSV,荷兰甲级联赛,右,173,74,7,2
Diafra Sakho,英格兰,27,ST,75,77,78,72,57,74,26,76,12812230,West Ham United,英格兰超级联赛,右,183,79,0,0
Alejandro Arribas,西班牙,27,CB,75,76,58,35,55,58,76,76,19371491,CA Osasuna,西班牙甲级联赛,右,183,74,5,1
Damien Da Silva,法国,28,CB,75,75,62,31,53,55,77,70,19810263,SM Caen,法国甲级联赛,右,183,82,0,0
Adrian Mutu,意大利,37,ST,75,75,67,76,74,77,29,64,41794954,Fiorentina,意大利甲级联赛,右,183,76,42,3
Rincon,法国,29,CB,75,75,48,42,52,45,78,75,17805377,ES Troyes AC,法国甲级联赛,右,188,80,2,0
Diego Capel,葡萄牙,28,W,75,75,86,64,64,82,38,53,42216351,Sporting CP,葡萄牙超级联赛,左,173,67,3,2
Thiago Ribeiro,意大利,30,ST,75,75,77,75,69,78,35,66,20634587,Cagliari,意大利甲级联赛,右,183,74,7,0
Gueida Fofana,法国,25,CM,75,79,70,73,77,74,74,77,19640378,Olympique Lyonnais,法国甲级联赛,右,183,74,4,0
Bastian Oczipka,德国,27,FB,75,76,70,54,68,72,76,77,15719684,Eintracht Frankfurt,德国甲级联赛,左,185,87,0,2
Christian Abbiati,意大利,39,GK,75,75,38,18,35,17,13,57,15117083,Milan,意大利甲级联赛,右,190,92,1,0
Kamil Grosicki,波兰,28,W,75,75,86,76,70,74,28,63,40765084,Jagiellonia Białystok,波兰甲级联赛,右,180,78,0,2
Miguel,西班牙,36,FB,75,75,76,60,66,72,76,72,16914304,Valencia CF,西班牙甲级联赛,右,178,78,0,4
Luc Castaignos,荷兰,24,ST,75,80,80,76,68,71,23,76,20664346,FC Twente,荷兰甲级联赛,右,188,78,6,0
Nicolai Mueller,德国,29,W,75,75,88,67,70,77,44,70,50206259,1. FSV Mainz 05,德国甲级联赛,右,173,66,21,4
Mohamed Zidan,德国,35,W,75,75,79,73,72,80,26,67,37396335,Borussia Dortmund,德国甲级联赛,右,173,71,20,4
Marcelo Moreno,英格兰,29,ST,75,75,62,77,64,70,23,72,55735205,Wigan Athletic,英格兰超级联赛,右,188,82,0,1
Adel Taarabt,英格兰,27,W,75,76,70,74,70,84,31,54,22741463,Queens Park Rangers,英格兰超级联赛,右,180,78,12,11
Silvan Widmer,意大利,23,FB,75,80,81,67,70,76,71,82,30197008,Udinese,意大利甲级联赛,右,183,81,0,0
Pablo Armero,意大利,30,FB,75,75,87,72,69,75,72,77,25908277,Udinese,意大利甲级联赛,左,175,73,2,6
Nenad Tomovic,意大利,29,FB,75,75,72,44,57,65,78,75,15357969,Fiorentina,意大利甲级联赛,右,183,79,1,0
Vincenzo Iaquinta,意大利,37,ST,75,75,73,73,56,65,42,70,16967962,Juventus,意大利甲级联赛,右,190,84,26,6
Zeca,葡萄牙,28,CM,75,76,76,66,76,75,68,71,73197331,Vitória Setúbal,葡萄牙超级联赛,右,180,68,0,0
Christian Daniel Ledesma,意大利,34,CM,75,75,54,68,85,77,66,68,15852498,Lazio,意大利甲级联赛,右,180,78,8,12
Modibo Diakite,意大利,29,CB,75,75,72,50,47,46,76,78,28623498,Lazio,意大利甲级联赛,右,193,88,4,1
Fabian Frei,瑞士,27,CM,75,76,70,74,78,72,68,76,32386481,FC Basel,瑞士超级联赛,右,183,77,0,0
Tom Starke,德国,35,GK,75,75,47,15,37,16,15,64,8627082,TSG 1899 Hoffenheim,德国甲级联赛,右,193,98,0,0
Marco van Ginkel,荷兰,24,CAM,75,81,74,74,76,74,64,79,21185380,Vitesse,荷兰甲级联赛,右,185,82,0,0
Gerard Moreno,西班牙,24,ST,75,81,68,74,61,74,41,69,37880014,Villarreal CF,西班牙甲级联赛,左,178,75,0,0
Scott Sinclair,英格兰,27,W,75,76,88,70,61,78,30,66,14112051,Swansea City,英格兰超级联赛,右,178,69,11,5
Bakary Sako,法国,28,ST,75,75,86,80,74,77,38,71,24026994,AS Saint-Étienne,法国甲级联赛,左,183,90,11,0
Luis Muriel,意大利,25,W,75,78,89,74,64,86,20,63,26166933,Udinese,意大利甲级联赛,右,178,79,21,1
Fabri,西班牙,29,GK,75,75,52,18,30,17,17,57,27059123,RC Deportivo de La Coruña,西班牙甲级联赛,右,183,80,0,0
Fernando Martin Forestieri,西班牙,26,W,75,77,80,71,69,79,35,67,18636093,Málaga CF,西班牙甲级联赛,右,173,67,1,0
Enzo Roco,西班牙,24,CB,75,82,55,42,61,64,75,83,15342664,Elche CF,西班牙甲级联赛,右,188,82,0,0
Marko Marin,德国,27,W,75,76,76,65,74,82,24,55,17360504,SV Werder Bremen,德国甲级联赛,右,170,64,14,12
Sol Campbell,英格兰,42,CB,75,79,64,37,52,48,75,79,17878537,Portsmouth,英格兰超级联赛,右,188,86,0,1
Albin Ekdal,意大利,27,CM,75,77,69,67,76,78,63,73,38439650,Cagliari,意大利甲级联赛,右,185,82,5,1
Georges N'Koudou,法国,21,W,75,82,92,72,67,78,34,64,35244145,Olympique de Marseille,法国甲级联赛,右,173,68,0,0
Jordan Amavi,法国,22,FB,75,83,79,68,66,74,74,74,20182037,OGC Nice,法国甲级联赛,左,175,70,1,0
Rickie Lambert,英格兰,34,ST,75,75,47,80,72,70,27,74,39251109,Southampton,英格兰超级联赛,右,188,77,29,15
Lasse Schoene,荷兰,30,CAM,75,75,64,77,78,79,46,57,13069002,Ajax,荷兰甲级联赛,右,175,75,2,6
Fernando Damian Tissone,意大利,30,CM,75,75,62,70,75,71,70,78,17049703,Sampdoria,意大利甲级联赛,右,180,77,2,1
Charlie Adam,英格兰,31,CAM,75,75,50,80,81,74,59,69,11668737,Stoke City,英格兰超级联赛,左,185,82,28,23
Piotr Trochowski,德国,32,CAM,75,75,70,79,78,80,51,67,22943105,Hamburger SV,德国甲级联赛,右,170,72,17,7
Jonathan Pereira,西班牙,29,W,75,75,87,75,55,82,20,58,13925654,Racing Santander,西班牙甲级联赛,右,168,61,13,7
Halil Altintop,德国,34,ST,75,75,64,75,74,75,27,68,20712956,FC Augsburg,德国甲级联赛,右,185,75,18,6
Ariel Ibagaza,西班牙,40,CAM,75,75,64,60,84,76,50,44,20293389,Villarreal CF,西班牙甲级联赛,右,165,65,3,5
Andrey Arshavin,英格兰,35,W,75,75,72,72,78,78,26,57,15591970,Arsenal,英格兰超级联赛,右,173,70,24,24
"Juanpi,20",西班牙,22,W,75,85,74,73,75,79,38,57,54186102,Málaga CF,西班牙甲级联赛,左,170,65,0,0
Gelson,葡萄牙,21,W,75,87,92,69,64,82,33,58,20327373,Sporting CP,葡萄牙超级联赛,右,173,67,0,0
Yann Jouffre,法国,32,CAM,75,75,71,67,77,76,49,53,21967925,FC Lorient,法国甲级联赛,左,175,65,11,2
Wayne Routledge,英格兰,31,W,75,75,78,64,73,80,38,71,21160489,Swansea City,英格兰超级联赛,右,170,77,8,15
Niko Kranjcar,英格兰,32,CAM,75,75,60,78,78,80,33,62,14784872,Tottenham Hotspur,英格兰超级联赛,右,185,75,12,10
Nabil Dirar,比利时,30,W,75,75,82,68,71,80,38,74,32846194,Club Brugge KV,比利时甲级联赛,右,183,79,1,2
Sebastien Pocognoli,比利时,29,FB,75,75,78,62,65,72,74,78,28441343,Standard de Liège,比利时甲级联赛,左,180,73,0,0
Jelle Vossen,比利时,27,ST,75,76,64,77,71,70,40,72,28080192,KRC Genk,比利时甲级联赛,右,180,73,0,0
Massimo Maccarone,意大利,37,ST,75,75,70,80,61,77,26,65,14723294,Empoli,意大利甲级联赛,右,180,79,28,1
Lacina Traore,法国,26,ST,75,77,72,75,56,72,28,70,18679997,AS Monaco,法国甲级联赛,左,203,87,0,0
Silvio,葡萄牙,29,FB,75,75,76,65,69,74,76,72,28712001,Rio Ave FC,葡萄牙超级联赛,右,178,72,2,0
David Navarro,西班牙,36,GK,75,75,34,40,56,50,76,73,9294704,Levante UD,西班牙甲级联赛,右,188,82,7,0
Davide Santon,英格兰,25,FB,75,78,78,63,70,75,75,77,40793253,Newcastle United,英格兰超级联赛,右,185,83,1,4
Youssef Wasef Mohamad,德国,36,CB,75,78,68,38,63,40,74,76,9580542,1. FC Köln,德国甲级联赛,右,183,80,5,1
Kian Hansen,法国,27,FB,75,76,74,46,69,59,76,76,13620032,FC Nantes,法国甲级联赛,右,183,74,0,0
Fernando Navarro,西班牙,34,FB,75,75,65,54,64,66,80,73,9897806,Sevilla FC,西班牙甲级联赛,左,175,70,0,4
Steven Berghuis,荷兰,25,ST,75,79,75,79,72,78,34,63,21425121,AZ,荷兰甲级联赛,左,183,70,9,3
Eljero Elia,德国,29,W,75,75,90,64,67,82,29,67,23788950,SV Werder Bremen,德国甲级联赛,右,175,77,11,7
Aytac Sulu,德国,31,CB,75,75,68,44,48,56,75,79,20350544,SV Darmstadt 98,德国甲级联赛,右,183,80,0,0
Alex McCarthy,英格兰,27,GK,75,77,57,17,39,17,15,55,16089688,Reading,英格兰超级联赛,右,193,79,0,0
Rio Ferdinand,英格兰,38,CM,75,75,52,42,65,61,77,53,11014774,Manchester United,英格兰超级联赛,右,193,86,1,2
Cesar Sanchez,西班牙,45,GK,75,75,44,13,21,22,14,57,24827886,Valencia CF,西班牙甲级联赛,右,185,82,0,0
Alvaro Vazquez,西班牙,25,ST,75,79,72,79,61,75,28,69,20648620,Getafe CF,西班牙甲级联赛,右,183,75,14,1
Salvador Agra,葡萄牙,25,W,75,79,92,71,64,76,35,64,15871022,CD Nacional,葡萄牙超级联赛,右,165,71,1,0
Ramiro Funes Mori,英格兰,25,FB,75,79,72,52,55,64,75,77,20932106,Everton,英格兰超级联赛,左,185,80,0,0
Ruben Neves,葡萄牙,19,CM,75,86,66,70,79,74,72,73,45546502,FC Porto,葡萄牙超级联赛,右,180,75,0,0
Julian Weigl,德国,21,CM,75,84,72,53,80,74,70,65,57781462,Borussia Dortmund,德国甲级联赛,右,185,71,0,0
Jorge Molina,西班牙,34,ST,75,75,48,77,58,68,30,74,30402088,Real Betis Balompié,西班牙甲级联赛,右,188,87,29,2
Javier Zanetti,意大利,43,CM,75,75,62,47,76,82,71,60,25211065,Inter,意大利甲级联赛,右,178,75,0,5
Sylvain Armand,法国,36,CM,75,75,58,60,77,64,76,73,23117053,Paris Saint-Germain,法国甲级联赛,左,183,82,3,0
Milot Rashica,荷兰,20,W,74,82,88,71,65,79,28,58,24715187,Vitesse,荷兰甲级联赛,右,178,73,0,0
Walter Samuel,意大利,38,CB,74,74,40,41,61,46,76,63,23769049,Inter,意大利甲级联赛,左,183,81,11,1
Mladen Petric,德国,35,ST,74,74,65,76,71,71,28,67,9827032,Hamburger SV,德国甲级联赛,左,183,81,43,2
Fabien Camus,法国,31,CAM,74,74,68,74,74,76,55,62,10602660,ES Troyes AC,法国甲级联赛,右,175,68,7,0
Ximo Navarro,西班牙,26,FB,74,76,80,52,64,66,74,78,25187599,UD Almería,西班牙甲级联赛,右,178,71,0,0
Adnane Tighadouini,荷兰,24,ST,74,79,76,78,64,82,29,72,24771564,NAC Breda,荷兰甲级联赛,右,178,72,9,3
Iago Herrerin,西班牙,28,GK,74,74,40,20,28,16,16,61,10655348,Athletic Club de Bilbao,西班牙甲级联赛,右,188,90,0,0
Edenilson,意大利,27,FB,74,76,84,64,68,77,65,76,12116061,Genoa,意大利甲级联赛,右,175,76,0,0
Fin Bartels,德国,29,W,74,74,82,69,69,79,39,71,43223024,SV Werder Bremen,德国甲级联赛,右,175,69,2,0
Julien Feret,法国,34,CAM,74,74,61,75,77,75,54,68,29889647,AS Nancy-Lorraine,法国甲级联赛,右,188,76,19,0
Javi Guerra,西班牙,34,ST,74,74,73,75,60,70,38,75,23206768,Real Valladolid,西班牙甲级联赛,右,178,77,23,0
Christophe Mandanne,法国,31,W,74,74,86,73,72,76,37,55,21207649,En Avant de Guingamp,法国甲级联赛,右,170,62,1,0
Tarantini,葡萄牙,33,CM,74,74,52,75,74,72,62,76,12840230,Rio Ave FC,葡萄牙超级联赛,右,188,78,0,0
Marko Vejinovic,荷兰,26,CAM,74,76,62,72,80,72,60,72,15798209,Heracles Almelo,荷兰甲级联赛,右,185,69,5,6
Eloy Room,荷兰,27,GK,74,75,45,15,30,19,16,56,53985378,Vitesse,荷兰甲级联赛,右,188,81,0,0
Sebastian Dubarbier,西班牙,30,FB,74,74,80,63,64,75,72,82,14963440,UD Almería,西班牙甲级联赛,左,178,77,2,0
Theofanis Gekas,德国,36,ST,74,74,68,73,62,66,24,61,11315050,Eintracht Frankfurt,德国甲级联赛,右,178,76,33,1
Brett Holman,荷兰,32,ST,74,74,78,73,68,73,50,77,12372613,AZ,荷兰甲级联赛,右,178,75,1,3
Jonathan Rodriguez,西班牙,23,ST,74,82,80,77,62,72,28,66,22450702,RC Deportivo de La Coruña,西班牙甲级联赛,右,180,78,0,0
Urby Emanuelson,荷兰,30,FB,74,74,84,65,71,80,72,70,15580687,Ajax,荷兰甲级联赛,左,175,68,7,6
Michael Owen,英格兰,37,ST,74,74,62,71,64,78,16,54,41845747,Newcastle United,英格兰超级联赛,右,173,70,15,0
Fredrik Ljungberg,苏格兰,39,W,74,83,76,73,73,76,35,65,31310629,Celtic,苏格兰超级联赛,右,175,73,0,0
Etrit Berisha,意大利,27,GK,74,75,28,17,29,14,14,53,46449172,Lazio,意大利甲级联赛,左,193,92,0,0
Roque Santa Cruz,西班牙,35,ST,74,74,43,72,59,70,27,57,14827383,Málaga CF,西班牙甲级联赛,右,190,83,28,4
Christoph Metzelder,德国,36,CB,74,74,44,32,65,58,75,59,8152501,FC Schalke 04,德国甲级联赛,右,193,92,3,1
Simao,西班牙,37,W,74,74,70,72,74,78,26,54,10172464,Atlético Madrid,西班牙甲级联赛,右,170,64,16,17
Makoto Hasebe,德国,32,CM,74,74,68,54,75,70,74,72,8399634,VfL Wolfsburg,德国甲级联赛,右,180,72,4,5
Mike van der Hoorn,荷兰,24,CB,74,78,53,49,52,50,74,80,19335658,FC Utrecht,荷兰甲级联赛,右,190,81,1,0
Ryan Nelsen,英格兰,39,CB,74,74,42,37,55,43,75,72,10636829,Blackburn Rovers,英格兰超级联赛,右,183,90,9,6
Marcio Mossoro,葡萄牙,33,W,74,74,74,73,73,76,40,63,13015927,SC Braga,葡萄牙超级联赛,右,170,67,0,0
Pedro Munitis,西班牙,41,W,74,74,68,68,76,76,27,62,11335560,Racing Santander,西班牙甲级联赛,左,168,70,3,6
Pierre-Emil Hoejbjerg,德国,21,CM,74,82,68,66,75,76,68,71,17195309,FC Schalke 04,德国甲级联赛,右,185,84,0,0
Viktor Fischer,荷兰,22,W,74,81,78,72,71,80,31,64,22844102,Ajax,荷兰甲级联赛,右,180,81,3,0
Clemens Fritz,德国,36,CM,74,74,60,65,74,76,76,71,27610113,SV Werder Bremen,德国甲级联赛,右,183,81,3,5
Christophe Kerbrat,法国,30,FB,74,74,70,42,59,65,78,73,28432709,En Avant de Guingamp,法国甲级联赛,右,183,74,0,0
Luca Caldirola,德国,25,FB,74,77,66,46,65,64,74,75,20730313,SV Werder Bremen,德国甲级联赛,左,188,79,0,1
Benjamin Huebner,德国,27,CB,74,76,54,31,50,60,76,67,15502035,FC Ingolstadt 04,德国甲级联赛,左,193,85,0,0
Roman Neustaedter,德国,28,CM,74,74,52,57,77,68,74,72,35621783,FC Schalke 04,德国甲级联赛,右,190,83,5,1
Fallou Diagne,德国,27,FB,74,76,70,45,63,68,75,74,21664225,SC Freiburg,德国甲级联赛,右,185,80,1,0
Ruben Semedo,葡萄牙,22,FB,74,82,70,58,58,64,72,83,15176636,Vitória Setúbal,葡萄牙超级联赛,右,188,85,0,0
Jaume,西班牙,26,GK,74,78,38,18,36,12,15,59,19695856,Valencia CF,西班牙甲级联赛,右,188,76,0,0
Ze Roberto,德国,42,CAM,74,74,65,71,74,80,70,56,21205876,Hamburger SV,德国甲级联赛,左,173,72,11,6
Helder Barbosa,葡萄牙,29,W,74,79,83,71,66,79,39,66,16159062,SC Braga,葡萄牙超级联赛,左,173,67,1,0
Matias Suarez,比利时,28,ST,74,74,68,74,73,76,21,57,13794431,RSC Anderlecht,比利时甲级联赛,右,183,75,0,0
Nabil El Zhar,西班牙,30,W,74,74,78,68,70,82,28,63,8897419,Levante UD,西班牙甲级联赛,右,175,66,7,2
Kevin Anin,法国,30,CM,74,80,67,51,74,72,71,72,29069374,FC Sochaux-Montbéliard,法国甲级联赛,右,188,84,1,0
David Timor Copovi,西班牙,27,CM,74,76,60,67,74,66,71,80,11183560,CA Osasuna,西班牙甲级联赛,左,185,77,2,1
Marcelo Diaz,瑞士,30,CM,74,74,65,71,75,75,72,72,7179073,FC Basel,瑞士超级联赛,右,165,63,0,0
Manuel Iturra,西班牙,32,FB,74,74,70,57,70,68,76,71,16071865,Granada CF,西班牙甲级联赛,左,175,73,1,0
Humberto Suazo,西班牙,35,ST,74,74,68,76,74,76,39,73,36630652,Real Zaragoza,西班牙甲级联赛,右,173,76,6,0
Adrien Trebel,比利时,25,CAM,74,76,77,68,74,75,65,70,40930108,Standard de Liège,比利时甲级联赛,左,173,72,0,0
Tiago Rodrigues,葡萄牙,24,CAM,74,78,66,76,78,74,56,64,9577010,Vitória Guimarães,葡萄牙超级联赛,右,178,75,0,0
Joseph Yobo,英格兰,36,FB,74,74,70,44,51,60,76,72,15012030,Everton,英格兰超级联赛,右,188,76,3,0
Martin Kelly,英格兰,26,FB,74,76,69,47,59,64,76,75,15115035,Crystal Palace,英格兰超级联赛,右,190,77,0,2
Claude Makelele,法国,43,FB,74,81,62,31,77,70,76,68,8491188,Paris Saint-Germain,法国甲级联赛,右,175,70,0,0
Libor Kozak,意大利,27,ST,74,75,54,70,50,66,26,77,26576030,Lazio,意大利甲级联赛,右,193,82,15,3
Gianluca Sansone,意大利,29,W,74,74,84,76,61,78,24,59,12062721,Sampdoria,意大利甲级联赛,左,173,68,6,0
Eran Zahavi,意大利,29,CAM,74,80,60,69,75,82,40,69,27771200,Palermo,意大利甲级联赛,右,178,81,2,1
Kevin Kuranyi,德国,34,ST,74,74,64,74,65,69,30,73,16583302,FC Schalke 04,德国甲级联赛,右,190,88,32,8
Jaba Kankava,法国,30,CB,74,74,54,43,70,57,75,75,8739109,Stade de Reims,法国甲级联赛,右,178,70,0,0
Issa Cissokho,法国,31,FB,74,74,79,62,63,71,73,79,16581572,FC Nantes,法国甲级联赛,右,173,73,0,1
Willy Boly,法国,25,FB,74,78,70,35,59,56,74,73,16929589,AJ Auxerre,法国甲级联赛,右,190,81,2,0
Sebastian Larsson,英格兰,31,CAM,74,74,56,77,76,76,61,72,19549663,Sunderland,英格兰超级联赛,右,178,70,18,18
Lucas Deaux,法国,28,CM,74,74,60,53,72,68,73,79,12867002,FC Nantes,法国甲级联赛,右,188,80,1,0
Bruno Gonzalez,西班牙,26,CB,74,76,48,37,56,52,76,77,37483375,Real Betis Balompié,西班牙甲级联赛,右,185,86,0,0
Sebastien Dewaest,比利时,25,CB,74,77,59,47,47,42,73,77,14231284,Sporting Charleroi,比利时甲级联赛,右,188,88,0,0
Thimothee Kolodziejczak,法国,25,FB,74,80,76,37,66,68,75,77,12494157,OGC Nice,法国甲级联赛,左,185,75,2,1
Alejandro Bergantinos,西班牙,31,CM,74,74,55,49,71,62,74,78,16239606,RC Deportivo de La Coruña,西班牙甲级联赛,右,178,73,1,0
Ivica Olic,德国,37,ST,74,74,66,76,63,68,34,76,11286588,VfL Wolfsburg,德国甲级联赛,左,183,85,47,11
Julian Schieber,德国,27,ST,74,75,69,76,56,68,22,77,21036118,1. FC Nürnberg,德国甲级联赛,左,185,83,16,0
David Trezeguet,西班牙,39,ST,74,74,39,72,63,68,30,64,10062469,Hércules Club de Fútbol,西班牙甲级联赛,右,190,80,22,0
Gabriel Heinze,法国,38,CB,74,74,45,41,61,59,76,67,16851189,Olympique de Marseille,法国甲级联赛,左,178,72,5,2
Angel Trujillo,西班牙,29,CB,74,74,62,41,52,48,76,79,27334689,UD Almería,西班牙甲级联赛,右,178,79,1,0
Oswaldo Vizcarrondo,法国,32,GK,74,74,23,49,45,41,76,72,19366609,FC Nantes,法国甲级联赛,右,190,85,1,0
Sotiris Ninis,意大利,26,W,74,76,75,68,72,80,23,62,27494930,Parma,意大利甲级联赛,右,173,70,0,0
Mohamed Lamine Sissoko,意大利,31,CM,74,74,59,65,72,72,73,74,24732723,Juventus,意大利甲级联赛,右,190,81,4,3
Roger,德国,31,CM,74,74,58,56,69,59,76,81,22636607,FC Ingolstadt 04,德国甲级联赛,右,183,86,0,0
Roberto Lago,西班牙,31,FB,74,74,76,58,64,70,75,80,28923000,Getafe CF,西班牙甲级联赛,左,178,76,0,0
Jean-Sylvain Babin,西班牙,30,GK,74,74,44,58,61,43,76,89,32763975,Granada CF,西班牙甲级联赛,右,183,84,0,0
Gary Hooper,苏格兰,28,ST,74,74,72,74,64,72,20,72,22491932,Celtic,苏格兰超级联赛,右,175,71,10,2
Benjamin Mendy,法国,22,FB,74,78,77,54,58,73,74,74,13611817,Olympique de Marseille,法国甲级联赛,左,185,75,1,2
Tiago Ilori,法国,23,FB,74,77,68,39,55,60,78,71,9526572,Girondins de Bordeaux,法国甲级联赛,右,190,80,0,1
Pedro Santos,葡萄牙,28,W,74,74,84,71,67,78,28,62,15202511,SC Braga,葡萄牙超级联赛,左,173,65,0,0
Marc Janko,荷兰,33,ST,74,74,51,77,51,66,28,66,14845358,FC Twente,荷兰甲级联赛,左,196,93,5,0
Niklas Moisander,荷兰,31,CM,74,74,64,54,73,72,74,73,15340263,AZ,荷兰甲级联赛,左,183,77,0,0
Ibrahim Sissoko,葡萄牙,25,W,74,78,82,60,71,79,25,71,16988834,Académica de Coimbra,葡萄牙超级联赛,左,178,71,0,0
Sergio Padt,荷兰,26,GK,74,76,38,25,40,26,12,54,31307589,FC Groningen,荷兰甲级联赛,右,198,92,1,0
Nelson Oliveira,法国,25,ST,74,79,76,73,63,76,34,72,18955850,Stade Rennais FC,法国甲级联赛,右,185,82,12,1
Gabriel Penalba,法国,32,CM,74,74,54,69,76,78,68,65,29978677,FC Lorient,法国甲级联赛,右,188,85,0,0
Mariano Julio Izco,意大利,33,CM,74,74,72,71,74,78,71,69,9714089,Catania,意大利甲级联赛,右,180,77,6,3
Giovanni Marchese,意大利,32,FB,74,74,69,59,58,66,78,68,15955637,Catania,意大利甲级联赛,左,180,75,5,2
Henrique Dourado,葡萄牙,27,ST,74,76,68,74,64,70,26,78,24708917,Vitória Guimarães,葡萄牙超级联赛,左,183,82,0,0
Johan Mojica,西班牙,24,FB,74,79,92,65,68,72,67,81,11328106,Rayo Vallecano,西班牙甲级联赛,左,185,73,0,0
Daley Sinkgraven,荷兰,21,W,74,82,80,61,70,78,48,64,9938105,SC Heerenveen,荷兰甲级联赛,左,178,64,3,4
Lautaro Acosta,西班牙,28,W,74,74,92,73,68,76,30,70,21682565,Racing Santander,西班牙甲级联赛,右,170,67,2,0
Derlis Gonzalez,瑞士,22,W,74,81,86,68,69,76,38,71,23621347,FC Basel,瑞士超级联赛,右,173,64,0,0
Mitchell Langerak,德国,28,GK,74,75,50,16,36,18,17,54,37518519,Borussia Dortmund,德国甲级联赛,右,193,81,0,0
Leandro Daniel Paredes,意大利,22,CAM,74,82,71,71,77,79,62,67,33408100,Empoli,意大利甲级联赛,右,180,75,0,0
Valentin Eysseric,法国,24,ST,74,78,75,74,73,77,27,65,37389606,OGC Nice,法国甲级联赛,右,180,73,8,2
James Morrison,英格兰,30,CAM,74,74,68,77,75,78,60,62,16510603,West Bromwich Albion,英格兰超级联赛,右,178,64,18,21
Emre Belozoglu,西班牙,36,CAM,74,74,64,75,79,76,66,62,10386125,Atlético Madrid,西班牙甲级联赛,左,170,72,0,0
Shay Given,英格兰,40,GK,74,74,42,23,34,18,16,53,22431135,Manchester City,英格兰超级联赛,右,185,84,0,1
Vaclav Sverkos,法国,33,ST,74,80,78,74,65,75,31,60,31420591,FC Sochaux-Montbéliard,法国甲级联赛,右,185,77,0,0
Jonathan Pitroipa,法国,30,W,74,75,89,62,65,76,25,62,16377031,Stade Rennais FC,法国甲级联赛,右,175,60,18,3
Olof Mellberg,意大利,39,CB,74,74,41,50,61,44,73,68,13596041,Juventus,意大利甲级联赛,右,188,83,2,0
David Jarolim,德国,37,CM,74,74,64,49,74,73,71,75,13244819,Hamburger SV,德国甲级联赛,右,175,72,3,2
Alessandro Lucarelli,意大利,39,CB,74,74,51,53,49,44,79,60,20510192,Parma,意大利甲级联赛,左,183,78,10,1
Sinisa Andjelkovic,意大利,30,FB,74,74,66,49,46,51,76,70,37261300,Palermo,意大利甲级联赛,右,185,80,0,0
Aaron Cresswell,英格兰,27,FB,74,76,78,62,68,72,74,73,21453551,West Ham United,英格兰超级联赛,左,170,66,0,0
Matt Ritchie,英格兰,27,CAM,74,76,76,74,70,76,53,70,28759466,Bournemouth,英格兰超级联赛,左,173,71,0,0
Tarik Elyounoussi,德国,28,W,74,74,82,73,62,80,35,66,9531939,TSG 1899 Hoffenheim,德国甲级联赛,右,173,66,0,1
Xavier Torres,西班牙,30,CM,74,74,52,63,79,68,70,72,19414670,Levante UD,西班牙甲级联赛,右,183,83,5,2
Gabriel Agbonlahor,英格兰,30,ST,74,74,86,75,63,75,30,72,9572547,Aston Villa,英格兰超级联赛,右,180,79,46,25
Nicolas Benezet,法国,25,W,74,78,88,70,69,76,27,55,21403547,Évian Thonon Gaillard FC,法国甲级联赛,右,173,61,3,1
Frederik Soerensen,意大利,24,CB,74,80,62,39,53,47,77,73,15884239,Bologna,意大利甲级联赛,右,193,88,2,1
Ervin Zukanovic,比利时,29,FB,74,74,68,60,61,55,75,69,28018081,KV Kortrijk,比利时甲级联赛,左,188,85,0,0
Petit,德国,40,CM,74,74,47,71,72,66,77,62,11843647,1. FC Köln,德国甲级联赛,右,175,72,5,2
Arne Friedrich,德国,37,FB,74,74,66,50,60,55,72,66,24538865,Hertha BSC Berlin,德国甲级联赛,右,185,82,1,2
Jiri Stajner,德国,40,ST,74,78,72,74,70,76,36,71,29497819,Hannover 96,德国甲级联赛,右,178,78,15,0
Yohan Mollo,法国,27,ST,74,76,84,72,67,78,29,74,15528758,AS Saint-Étienne,法国甲级联赛,右,175,79,16,2
Jagos Vukovic,荷兰,28,GK,74,74,33,57,56,48,74,77,28862710,Roda JC Kerkrade,荷兰甲级联赛,左,193,82,0,0
Alberto Gilardino,意大利,34,ST,74,74,62,69,58,72,24,71,7737682,Fiorentina,意大利甲级联赛,右,183,79,85,5
Semir Stilic,波兰,29,CAM,74,74,52,67,75,78,24,50,18906947,Lech Poznań,波兰甲级联赛,左,183,75,0,0
Doni,意大利,37,GK,74,74,50,22,30,18,19,61,11786935,Roma,意大利甲级联赛,右,193,91,0,0
Gino Peruzzi,意大利,24,FB,74,79,84,56,59,68,74,74,26886687,Catania,意大利甲级联赛,右,178,74,1,1
Diego Castro,西班牙,34,W,74,74,76,72,68,80,39,58,8966130,Getafe CF,西班牙甲级联赛,右,175,70,42,3
David Suazo,意大利,37,ST,74,74,91,75,60,68,39,72,16613511,Genoa,意大利甲级联赛,右,183,75,3,0
Ivan Lopez,西班牙,23,FB,74,82,80,62,69,75,74,72,26869157,Levante UD,西班牙甲级联赛,右,175,69,0,0
Munas Dabbur,瑞士,24,ST,74,80,80,69,68,80,29,75,31911199,Grasshopper Club Zürich,瑞士超级联赛,右,180,77,9,0
Julien Palmieri,法国,30,FB,74,74,78,63,73,75,72,65,29643665,SC Bastia,法国甲级联赛,左,170,66,2,1
Nicklas Bendtner,英格兰,28,ST,74,74,61,72,62,72,30,71,24431787,Arsenal,英格兰超级联赛,右,193,89,28,14
Marcel Heller,德国,30,W,74,74,93,68,57,76,24,69,20626091,SV Darmstadt 98,德国甲级联赛,右,175,70,0,0
Wayne Hennessey,英格兰,29,GK,74,74,46,22,30,15,17,46,13588721,Wolverhampton Wanderers,英格兰超级联赛,右,198,90,0,1
Joe Ledley,苏格兰,29,CM,74,74,68,67,76,72,69,81,21616215,Celtic,苏格兰超级联赛,左,183,73,2,2
Silvio Romero,法国,28,ST,74,75,80,72,69,73,34,68,14073172,Stade Rennais FC,法国甲级联赛,右,175,86,2,0
Jozy Altidore,荷兰,27,ST,74,76,71,75,64,70,30,78,12385761,AZ,荷兰甲级联赛,右,185,79,3,4
Diego Daniel Colotto,西班牙,35,CM,74,74,52,58,56,61,76,75,8516809,RCD Espanyol,西班牙甲级联赛,右,183,81,12,2
Thomas Ince,英格兰,24,W,74,77,80,67,63,78,24,55,31579076,Crystal Palace,英格兰超级联赛,左,178,66,1,1
Patrick Ochs,德国,32,FB,74,74,74,58,70,70,74,75,15955091,Eintracht Frankfurt,德国甲级联赛,右,178,71,4,6
Simon Jentzsch,德国,40,GK,74,74,36,34,20,16,14,62,10132700,FC Augsburg,德国甲级联赛,右,196,97,0,0
Philipp Bargfrede,德国,27,CM,74,75,66,62,72,70,75,68,15908069,SV Werder Bremen,德国甲级联赛,右,175,71,3,1
Mariano Andujar,意大利,33,GK,74,74,45,19,32,18,17,59,16817357,Catania,意大利甲级联赛,右,193,88,0,0
Vangelis Moras,意大利,35,CB,74,74,54,23,55,46,78,67,14103582,Hellas Verona,意大利甲级联赛,右,193,78,3,1
Marco Borriello,意大利,34,ST,74,74,63,70,57,72,22,70,23055953,Milan,意大利甲级联赛,左,185,76,42,5
Federico Nicolas Cartabia,西班牙,23,W,74,81,76,70,69,83,34,55,14186335,Córdoba CF,西班牙甲级联赛,左,170,65,0,0
Djavan,葡萄牙,29,FB,74,74,77,51,59,74,73,77,19409164,SC Braga,葡萄牙超级联赛,左,183,76,0,0
Raul Albentosa,西班牙,28,CB,74,75,43,42,57,45,74,73,17683266,Málaga CF,西班牙甲级联赛,右,193,89,0,0
Dario Dainelli,意大利,37,GK,74,74,34,40,46,51,79,69,16568277,Chievo Verona,意大利甲级联赛,右,190,78,4,1
Pasquale Foggia,意大利,33,W,74,76,85,62,73,78,38,53,11230165,Lazio,意大利甲级联赛,左,168,67,3,2
Robert Beric,法国,25,ST,74,78,69,73,71,72,34,76,43925507,AS Saint-Étienne,法国甲级联赛,右,188,80,0,0
Kevin Theophile-Catherine,法国,27,FB,74,76,74,54,71,70,76,74,22689860,Stade Rennais FC,法国甲级联赛,右,183,85,3,0
Luka Milivojevic,比利时,25,CM,74,78,60,67,73,68,70,75,18829439,RSC Anderlecht,比利时甲级联赛,右,185,80,0,0
Ivo Pinto,葡萄牙,26,FB,74,76,82,49,62,68,74,71,36264943,"União de Leiria, SAD",葡萄牙超级联赛,右,183,70,0,0
Pedro Mba Obiang,意大利,24,CM,74,79,68,62,77,74,74,76,20997968,Sampdoria,意大利甲级联赛,右,185,75,1,0
Danilo D'Ambrosio,意大利,28,FB,74,74,79,60,61,70,76,77,19053188,Inter,意大利甲级联赛,右,180,75,4,0
John Guidetti,荷兰,24,ST,74,80,63,79,61,74,26,70,23897466,Feyenoord,荷兰甲级联赛,右,185,79,3,1
Joo-Ho Park,德国,29,FB,74,74,78,50,71,73,76,71,25344748,1. FSV Mainz 05,德国甲级联赛,左,175,73,1,0
Stewart Downing,英格兰,32,W,74,74,76,74,75,77,40,61,20972096,West Ham United,英格兰超级联赛,左,180,65,16,20
Cesare Natali,意大利,37,GK,74,74,34,42,43,46,76,63,14252397,Fiorentina,意大利甲级联赛,右,193,89,5,1
Fabian Rinaudo,葡萄牙,29,CM,74,74,72,66,71,70,73,77,25459464,Sporting CP,葡萄牙超级联赛,右,175,78,0,0
Mark Uth,荷兰,25,ST,74,80,76,69,68,74,28,71,11372082,SC Heerenveen,荷兰甲级联赛,左,183,73,7,9
Robert Mak,德国,25,W,74,78,84,70,67,78,30,65,14336779,1. FC Nürnberg,德国甲级联赛,右,178,78,6,0
Damien Delaney,英格兰,35,CB,74,74,47,47,54,40,76,73,13763406,Crystal Palace,英格兰超级联赛,左,190,89,2,1
Bertrand Traore,荷兰,21,ST,74,85,84,76,72,78,30,71,25023816,Vitesse,荷兰甲级联赛,左,180,72,12,3
Danny Latza,德国,27,CM,74,76,70,59,76,73,66,77,11585748,1. FSV Mainz 05,德国甲级联赛,右,178,76,0,0
Robert Vittek,法国,34,ST,74,84,79,75,62,73,22,73,8705075,LOSC Lille,法国甲级联赛,右,188,84,0,0
Yohan Tavares,葡萄牙,28,CB,74,74,60,40,50,57,76,70,39111177,Estoril Praia,葡萄牙超级联赛,右,188,81,0,0
Bruno Moreira,葡萄牙,29,ST,74,74,60,72,56,70,26,71,34104220,FC Paços de Ferreira,葡萄牙超级联赛,右,185,78,0,0
Ashkan Dejagah,德国,30,W,74,74,78,68,70,80,32,71,33670538,VfL Wolfsburg,德国甲级联赛,右,180,78,15,9
Ricardo Costa,西班牙,35,CB,74,74,54,42,48,52,75,80,6801676,Valencia CF,西班牙甲级联赛,右,183,80,12,2
Zoltan Gera,英格兰,37,CAM,74,74,61,74,74,80,48,60,24546882,Fulham,英格兰超级联赛,右,183,75,9,8
Giampaolo Pazzini,意大利,32,ST,74,74,68,63,54,69,20,71,11096222,Sampdoria,意大利甲级联赛,右,180,74,71,3
Ricardo,葡萄牙,36,FB,74,74,60,43,53,58,77,67,15587789,FC Paços de Ferreira,葡萄牙超级联赛,右,185,78,0,0
Ludovic Butelle,法国,33,GK,74,74,51,16,32,17,14,62,11413949,Angers SCO,法国甲级联赛,左,188,84,0,0
Jaime,西班牙,36,GK,74,74,54,21,28,12,16,58,10576541,Real Valladolid,西班牙甲级联赛,右,188,80,0,0
Tolga Cigerci,德国,24,CM,74,78,54,66,76,74,64,80,29587314,Hertha BSC Berlin,德国甲级联赛,右,185,80,1,3
Tom Huddlestone,英格兰,30,CM,74,74,42,75,81,74,70,62,21499464,Tottenham Hotspur,英格兰超级联赛,右,188,80,7,12
Ion Ansotegi,西班牙,34,GK,74,74,34,37,55,42,77,62,17885673,Real Sociedad,西班牙甲级联赛,右,193,84,3,0
Mikel Eizaguirre Aranburu,西班牙,37,CM,74,74,55,68,73,63,73,72,14389791,Real Sociedad,西班牙甲级联赛,左,180,70,7,1
Enzo Maresca,意大利,36,CM,74,74,40,64,80,72,61,51,22290121,Palermo,意大利甲级联赛,右,180,77,9,3
Pavel Kaderabek,德国,24,FB,74,80,78,60,69,74,72,73,29283910,TSG 1899 Hoffenheim,德国甲级联赛,右,183,81,0,0
Michael Agazzi,意大利,32,GK,74,74,41,17,36,14,13,55,15703080,Cagliari,意大利甲级联赛,右,188,85,0,0
Simone Padoin,意大利,32,CM,74,74,69,66,75,76,75,68,25301095,Atalanta,意大利甲级联赛,右,178,78,7,1
Diego Lugano,西班牙,36,GK,74,74,29,55,54,40,73,68,8832483,Málaga CF,西班牙甲级联赛,右,188,84,1,0
Tuncay Sanli,英格兰,34,ST,74,74,66,73,70,79,33,64,12189971,Middlesbrough,英格兰超级联赛,右,183,70,14,9
Nikolce Noveski,德国,37,CB,74,74,43,51,53,40,75,73,13904399,1. FSV Mainz 05,德国甲级联赛,右,190,87,8,0
Thomas Lemar,法国,21,CAM,74,85,82,71,68,76,62,70,19629063,AS Monaco,法国甲级联赛,左,170,58,0,0
Ryan Babel,德国,30,ST,74,76,84,75,65,80,28,74,25145630,TSG 1899 Hoffenheim,德国甲级联赛,右,185,77,13,2
Leon Andreasen,德国,33,CM,74,74,54,74,70,71,74,76,10694049,Hannover 96,德国甲级联赛,右,188,81,9,2
Matthieu Delpierre,德国,35,CM,74,74,39,51,61,50,74,67,24250813,VfB Stuttgart,德国甲级联赛,右,193,86,4,0
Manuel da Costa,英格兰,30,FB,74,74,67,62,53,58,74,79,21568341,West Ham United,英格兰超级联赛,右,193,84,3,0
Guglielmo Stendardo,意大利,35,GK,74,74,34,42,41,37,79,59,16741558,Atalanta,意大利甲级联赛,右,190,89,6,0
Jonathan Walters,英格兰,33,ST,74,74,68,72,67,72,56,84,38051222,Stoke City,英格兰超级联赛,右,183,79,33,11
Victor Casadesus,西班牙,31,ST,74,74,64,70,70,75,32,77,17115295,RCD Mallorca,西班牙甲级联赛,右,180,80,27,5
Jasmin Kurtic,意大利,27,CM,74,75,69,69,74,72,74,76,18144422,Palermo,意大利甲级联赛,右,185,88,3,1
Daniele Portanova,意大利,38,CB,74,74,49,42,50,33,76,68,27593059,Bologna,意大利甲级联赛,右,185,78,10,2
Luca Rossettini,意大利,31,CB,74,74,64,51,48,49,78,72,7057863,Cagliari,意大利甲级联赛,右,188,82,1,1
Sergio Ballesteros,西班牙,41,CM,74,74,50,51,60,54,74,64,21221747,Levante UD,西班牙甲级联赛,右,188,93,2,1
Frank Rost,德国,43,GK,74,74,36,22,30,18,13,56,9595186,Hamburger SV,德国甲级联赛,右,193,92,1,0
Marouane Chamakh,法国,32,ST,74,74,66,75,74,74,45,75,15342130,Girondins de Bordeaux,法国甲级联赛,右,185,70,13,6
Thulani Serero,荷兰,26,FB,74,75,84,48,72,79,64,61,24132212,Ajax,荷兰甲级联赛,右,165,62,1,0
Adam Maher,荷兰,23,CAM,74,80,71,70,74,78,53,55,27387184,AZ,荷兰甲级联赛,右,175,65,1,3
Nicolas Issimat Mirin,法国,25,CB,74,80,62,36,55,44,74,75,8387695,Valenciennes FC,法国甲级联赛,右,188,83,3,0
Javier Pinola,德国,33,FB,74,74,66,58,64,68,74,75,16998749,1. FC Nürnberg,德国甲级联赛,左,183,82,3,0
Koen Casteels,德国,24,GK,74,79,45,18,35,18,16,57,17914248,TSG 1899 Hoffenheim,德国甲级联赛,左,198,86,0,0
Erik Sviatchenko,苏格兰,25,FB,74,78,70,52,67,54,74,80,33042760,Celtic,苏格兰超级联赛,右,185,82,0,0
Abdelaziz Barrada,西班牙,27,W,74,75,74,68,75,77,36,66,17767716,Getafe CF,西班牙甲级联赛,右,178,73,8,1
Alou Diarra,法国,35,CM,74,74,50,63,69,66,72,63,28657776,Girondins de Bordeaux,法国甲级联赛,右,190,79,4,0
Thomas,西班牙,23,CM,74,81,63,63,69,66,73,83,32341012,UD Almería,西班牙甲级联赛,右,185,73,0,0
Vincent Pajot,法国,26,CM,74,77,61,60,74,72,74,70,12063141,Stade Rennais FC,法国甲级联赛,右,175,64,1,0
Leigh Griffiths,苏格兰,26,ST,74,77,80,77,63,70,16,71,17010180,Celtic,苏格兰超级联赛,左,175,76,0,0
Adam Szalai,德国,29,ST,74,74,59,72,62,72,30,73,17362441,1. FSV Mainz 05,德国甲级联赛,右,193,91,30,2
Armando Izzo,意大利,24,FB,74,78,68,38,49,59,78,70,12233668,Genoa,意大利甲级联赛,右,183,78,0,0
Oliver Sorg,德国,26,FB,74,76,74,62,65,70,77,67,12764442,SC Freiburg,德国甲级联赛,右,175,69,2,0
Tobias Strobl,德国,26,CM,74,76,64,60,63,62,74,76,21833044,TSG 1899 Hoffenheim,德国甲级联赛,右,185,77,1,1
Fernando Marcal,葡萄牙,27,FB,74,75,81,62,61,72,72,76,18330977,CD Nacional,葡萄牙超级联赛,左,178,72,0,0
Sead Kolasinac,德国,23,FB,74,78,80,54,57,65,76,80,18702835,FC Schalke 04,德国甲级联赛,左,183,85,0,2
Hedwiges Maduro,西班牙,31,CM,74,74,38,59,69,62,74,69,19697113,Valencia CF,西班牙甲级联赛,右,188,84,2,0
Yannis Salibur,法国,25,ST,74,78,89,73,67,74,38,72,24195641,En Avant de Guingamp,法国甲级联赛,左,178,76,0,0
Nikos Liberopoulos,德国,41,ST,74,74,56,77,66,70,35,62,8592672,Eintracht Frankfurt,德国甲级联赛,右,185,75,10,0
Timo Werner,德国,20,W,74,84,90,69,62,78,20,66,13693280,VfB Stuttgart,德国甲级联赛,右,180,75,4,1
Yoshinori Muto,德国,24,ST,74,80,78,72,67,78,27,67,15774225,1. FSV Mainz 05,德国甲级联赛,右,178,72,0,0
Joshua Kimmich,德国,21,CM,74,85,68,54,76,76,70,69,27898488,FC Bayern Munich,德国甲级联赛,右,175,70,0,0
Albert Riera,英格兰,34,CM,74,74,70,67,76,76,73,66,5356536,Liverpool,英格兰超级联赛,左,188,83,3,6
Ivo Ilicevic,德国,30,W,74,74,77,73,73,78,30,61,15351800,Hamburger SV,德国甲级联赛,右,175,63,12,1
Sandro Wagner,德国,29,ST,74,74,60,77,39,66,19,71,10106551,SV Darmstadt 98,德国甲级联赛,右,193,90,8,0
Jose Izquierdo,比利时,24,ST,74,78,94,72,64,74,21,73,18483137,Club Brugge KV,比利时甲级联赛,右,170,73,0,0
Christian Schulz,德国,33,CB,74,74,54,45,63,56,74,70,25268353,Hannover 96,德国甲级联赛,左,185,80,12,0
Rachid Ghezzal,法国,24,CAM,74,79,75,72,76,80,45,64,13104600,Olympique Lyonnais,法国甲级联赛,左,183,65,1,0
Cristiano Lucarelli,意大利,41,ST,74,74,45,76,63,68,30,64,20025609,Livorno,意大利甲级联赛,右,188,83,11,0
Cleber,德国,26,CB,74,77,71,46,44,58,75,79,34268543,Hamburger SV,德国甲级联赛,右,183,87,0,0
Artur Ionita,意大利,26,CM,74,76,68,72,74,76,71,83,22543074,Hellas Verona,意大利甲级联赛,右,183,73,0,0
Aron Johannsson,荷兰,26,ST,74,78,78,76,69,72,23,65,15986916,AZ,荷兰甲级联赛,右,183,70,9,3
Eduardo Gottardi,葡萄牙,31,GK,74,74,42,14,30,16,16,55,16524013,CD Nacional,葡萄牙超级联赛,右,193,80,0,0
Leandro Salino,葡萄牙,31,FB,74,74,80,63,67,72,75,62,13956400,SC Braga,葡萄牙超级联赛,右,168,62,0,0
Rafael Toloi,意大利,26,FB,74,77,64,56,58,57,76,70,15280741,Atalanta,意大利甲级联赛,右,185,75,0,0
Genki Haraguchi,德国,25,W,74,78,84,61,66,80,36,57,16248743,Hertha BSC Berlin,德国甲级联赛,右,178,68,0,0
Michael Rensing,德国,32,GK,74,74,41,16,35,18,13,58,21179318,1. FC Köln,德国甲级联赛,右,190,93,0,0
Jin-Su Kim,德国,24,FB,74,80,75,26,58,67,76,69,18927219,TSG 1899 Hoffenheim,德国甲级联赛,左,175,69,0,0
Shkelzen Gashi,瑞士,28,ST,74,75,76,80,74,72,52,75,22545820,Grasshopper Club Zürich,瑞士超级联赛,左,183,75,0,0
Alessandro Gazzi,意大利,33,CM,74,74,58,60,69,66,77,74,11149317,Torino,意大利甲级联赛,左,183,81,4,1
Hernan Perez,西班牙,27,ST,74,75,81,76,68,78,25,71,27121329,RCD Espanyol,西班牙甲级联赛,右,180,77,5,0
Borja Oubina,西班牙,34,CAM,74,74,54,56,83,75,52,56,16098537,RC Celta de Vigo,西班牙甲级联赛,右,178,75,2,0
Andre Geraldes,葡萄牙,25,FB,74,78,78,41,62,67,76,75,36144791,CF Os Belenenses,葡萄牙超级联赛,右,180,70,0,0
Jonas Gutierrez,英格兰,33,CAM,74,74,64,72,74,80,66,66,28085758,Newcastle United,英格兰超级联赛,右,183,73,6,11
Ivan Ramis,西班牙,32,CM,74,74,43,65,58,59,74,72,28293717,RCD Mallorca,西班牙甲级联赛,右,188,82,9,1
Ferran Corominas,西班牙,33,ST,74,74,72,69,64,76,33,70,15736336,Elche CF,西班牙甲级联赛,右,175,70,10,1
Sebastien Squillaci,法国,36,CB,74,74,37,36,61,57,77,61,16781704,SC Bastia,法国甲级联赛,右,185,80,6,1
Aldo Pedro Duscher,西班牙,37,CM,74,82,66,67,69,68,78,71,17854973,Sevilla FC,西班牙甲级联赛,右,175,72,1,0
Juan Carlos Valeron,西班牙,41,CAM,74,74,38,57,81,79,19,32,15718206,RC Deportivo de La Coruña,西班牙甲级联赛,右,185,76,2,4
Mohamed Diame,英格兰,29,CM,74,74,79,73,72,82,74,75,11318105,Wigan Athletic,英格兰超级联赛,右,185,80,12,4
Kevin Monnet-Paquet,法国,28,W,74,75,84,71,69,74,43,71,21157356,FC Lorient,法国甲级联赛,右,183,73,14,1
Milan Stepanov,西班牙,33,CB,74,80,68,51,59,50,75,79,7693593,Málaga CF,西班牙甲级联赛,右,190,83,0,0
Renato Neto,比利时,25,CM,74,77,61,70,75,72,70,81,15314360,KAA Gent,比利时甲级联赛,右,185,83,0,0
Andrej Kramaric,德国,25,ST,74,78,74,76,58,79,21,66,12921256,TSG 1899 Hoffenheim,德国甲级联赛,右,178,73,0,0
Maxime Le Marchand,法国,27,CB,74,76,72,27,60,45,75,82,19075792,OGC Nice,法国甲级联赛,左,185,77,0,0
Sofiane Hanni,比利时,26,ST,74,76,74,75,71,76,22,59,16229503,KV Mechelen,比利时甲级联赛,右,178,73,0,0
Raul Navas,西班牙,28,CB,74,74,56,50,53,42,75,76,11597334,SD Eibar,西班牙甲级联赛,右,185,83,0,0
Anis Ben-Hatira,德国,28,ST,74,75,80,71,68,78,22,72,22856164,Hertha BSC Berlin,德国甲级联赛,左,183,82,9,3
Elano,英格兰,35,CAM,74,74,63,77,77,74,57,56,28006570,Manchester City,英格兰超级联赛,右,175,73,6,3
Paco Montanes,西班牙,30,W,74,74,86,67,69,79,34,67,12952946,Real Zaragoza,西班牙甲级联赛,右,173,70,5,0
Izet Hajrovic,瑞士,25,W,74,79,80,78,72,80,42,67,19146746,Grasshopper Club Zürich,瑞士超级联赛,左,178,71,0,0
Robbin Ruiter,荷兰,29,GK,74,74,55,24,36,18,16,54,16666821,FC Utrecht,荷兰甲级联赛,右,196,82,0,0
Agim Ibraimi,意大利,28,W,74,80,77,58,72,80,31,61,19304361,Cagliari,意大利甲级联赛,左,178,71,2,1
Brecht Dejaeghere,比利时,25,CM,74,78,78,67,72,79,67,78,14355519,KAA Gent,比利时甲级联赛,右,173,70,0,0
Boukari Drame,意大利,31,FB,74,74,81,62,59,72,74,79,14940286,Chievo Verona,意大利甲级联赛,左,180,74,4,2
Renan Bressan,葡萄牙,28,CAM,74,75,66,74,75,76,42,58,14753749,Rio Ave FC,葡萄牙超级联赛,右,183,75,0,0
Yuri Berchiche,西班牙,26,FB,74,76,78,64,58,74,73,82,18868955,Real Sociedad,西班牙甲级联赛,左,178,77,0,0
Javi Moreno Marquez,西班牙,30,CAM,74,74,58,75,84,74,68,60,23585003,RCD Espanyol,西班牙甲级联赛,左,178,71,9,1
Caio,瑞士,30,ST,74,74,76,79,73,78,28,68,18477305,Grasshopper Club Zürich,瑞士超级联赛,右,185,85,12,0
Andrea Costa,意大利,30,CB,74,74,68,42,51,60,78,75,10657906,Sampdoria,意大利甲级联赛,左,183,73,2,0
Felipe Santana,德国,30,CB,74,74,80,48,45,39,74,74,16790781,Borussia Dortmund,德国甲级联赛,右,193,85,10,0
Vito Mannone,英格兰,28,GK,74,74,60,20,43,20,16,58,17843534,Sunderland,英格兰超级联赛,右,188,80,0,0
Daniele Croce,意大利,34,CM,74,74,76,63,78,75,68,70,26839451,Empoli,意大利甲级联赛,右,173,68,0,0
Prejuce Nakoulma,波兰,29,ST,74,74,92,73,62,76,38,79,10304347,Polonia Bytom,波兰甲级联赛,右,175,70,0,0
Gustavo Adolfo Munua,西班牙,38,GK,74,74,51,29,33,28,24,59,20115278,Levante UD,西班牙甲级联赛,右,188,87,1,0
Goran Pandev,意大利,33,ST,74,74,66,74,70,83,35,63,21246843,Napoli,意大利甲级联赛,左,183,75,35,14
Bryan Rabello,瑞士,22,W,74,78,78,68,73,80,32,57,10911982,FC Luzern,瑞士超级联赛,右,165,64,0,0
Imoh Ezekiel,比利时,23,ST,74,79,92,73,60,70,24,77,31270036,Standard de Liège,比利时甲级联赛,右,170,70,0,0
Ricardo Pereira,葡萄牙,23,CAM,74,81,84,69,74,76,71,63,18853229,Vitória Guimarães,葡萄牙超级联赛,右,175,70,0,0
Andrea Cossu,意大利,36,W,74,74,65,63,73,78,28,46,13245188,Cagliari,意大利甲级联赛,右,170,63,10,11
Roel Brouwers,德国,35,GK,74,74,36,45,48,41,77,68,22459964,Borussia Mönchengladbach,德国甲级联赛,右,193,82,13,2
Jeremy Pied,法国,27,CM,74,74,78,75,73,75,72,73,28762992,OGC Nice,法国甲级联赛,右,173,69,2,0
Guillaume Hoarau,法国,32,ST,74,74,57,72,67,69,42,70,12073627,Paris Saint-Germain,法国甲级联赛,右,193,80,30,0
Ricardo Horta,葡萄牙,22,W,74,83,77,72,71,82,27,56,54880303,Vitória Setúbal,葡萄牙超级联赛,右,173,61,0,0
Dani Garcia,西班牙,26,CM,74,76,52,59,76,70,70,70,15102111,SD Eibar,西班牙甲级联赛,右,180,75,0,0
Mounir Obbadi,法国,33,CM,74,74,66,70,77,73,70,70,16607023,AS Monaco,法国甲级联赛,右,173,65,5,2
Milan Jovanovic,比利时,35,ST,74,74,72,73,74,74,30,67,45131924,RSC Anderlecht,比利时甲级联赛,左,183,76,0,0
Giuseppe Vives,意大利,36,CM,74,74,60,62,77,70,72,61,30253150,Torino,意大利甲级联赛,右,178,70,3,3
Borja Baston,西班牙,24,ST,74,82,64,73,55,68,23,65,13077935,SD Eibar,西班牙甲级联赛,右,190,82,0,0
Nathan Redmond,英格兰,22,W,74,82,86,70,68,78,24,54,28338366,Norwich City,英格兰超级联赛,右,173,75,2,3
Romain Thomas,法国,28,CB,74,74,58,34,58,44,75,70,20167427,Angers SCO,法国甲级联赛,左,193,84,0,0
Lamine Kone,法国,27,CB,74,75,60,35,51,54,72,75,6295264,FC Lorient,法国甲级联赛,右,185,83,5,0
Kader Mangane,法国,33,CM,74,74,35,59,65,52,72,79,26967598,Stade Rennais FC,法国甲级联赛,右,193,90,1,0
Jake Livermore,英格兰,27,CM,74,75,68,68,75,74,71,78,10454879,Hull City,英格兰超级联赛,右,180,76,3,5
Nemanja Nikolic,波兰,29,ST,74,74,74,73,51,68,20,74,10340806,Legia Warszawa,波兰甲级联赛,右,180,81,0,0
Nicolas Lopez,意大利,23,W,74,81,78,71,62,82,21,61,16456173,Hellas Verona,意大利甲级联赛,左,178,75,3,0
Arthur Masuaku,法国,23,FB,74,84,84,72,69,77,72,73,12408008,Valenciennes FC,法国甲级联赛,左,178,70,1,4
Andy Najar,比利时,23,FB,74,78,82,66,69,77,70,76,22155836,RSC Anderlecht,比利时甲级联赛,右,170,69,0,0
Guillermo Sara,西班牙,29,GK,74,74,42,30,36,24,16,61,12581808,Real Betis Balompié,西班牙甲级联赛,右,183,82,0,0
Alexander Scholz,比利时,24,FB,74,78,68,52,65,66,76,79,19227853,Sporting Lokeren,比利时甲级联赛,右,188,87,0,0
Alex Lopez,西班牙,28,CAM,74,74,66,76,76,70,60,65,16248756,RC Celta de Vigo,西班牙甲级联赛,右,173,64,7,0
Carlos Carbonero,意大利,26,W,74,78,81,75,77,80,39,65,30764134,Cesena,意大利甲级联赛,右,178,74,0,0
Stefan Mitrovic,比利时,26,CB,74,76,54,40,55,58,75,73,18375348,KAA Gent,比利时甲级联赛,左,188,84,2,0
Leandro Damiao,西班牙,27,ST,74,74,62,76,58,74,32,71,14953088,Real Betis Balompié,西班牙甲级联赛,右,188,92,0,0
Wellington Silva,西班牙,23,W,74,80,92,66,69,80,25,59,34030619,UD Almería,西班牙甲级联赛,右,170,68,0,0
Milos Jojic,德国,24,CAM,74,78,74,74,76,78,52,67,12833373,Borussia Dortmund,德国甲级联赛,右,178,79,4,1
Emiliano Velazquez,西班牙,22,FB,74,81,64,50,58,62,76,72,23487282,Getafe CF,西班牙甲级联赛,右,185,79,0,0
Edgar Prib,德国,27,CAM,74,76,78,70,71,76,65,73,16337922,Hannover 96,德国甲级联赛,左,180,77,6,1
Walid Mesloub,法国,31,CAM,74,74,68,69,75,76,45,69,16504443,FC Lorient,法国甲级联赛,右,180,69,0,0
Alexander Buettner,荷兰,27,FB,74,75,81,70,67,74,72,76,25126623,Vitesse,荷兰甲级联赛,左,175,75,2,1
Martin Olsson,英格兰,28,FB,74,74,82,65,67,71,73,77,24440970,Blackburn Rovers,英格兰超级联赛,左,178,81,5,4
Juan Pablo Carrizo,意大利,32,GK,74,74,54,15,41,18,14,57,19058545,Lazio,意大利甲级联赛,右,188,87,0,0
Alban Meha,德国,30,CAM,74,74,71,80,75,74,50,65,32287152,SC Paderborn 07,德国甲级联赛,右,175,76,0,0
Daniel Brosinski,德国,28,FB,74,75,86,59,65,72,70,74,22774881,1. FSV Mainz 05,德国甲级联赛,右,178,70,1,0
Miguel Torres,西班牙,30,FB,74,74,64,42,62,67,80,74,27474191,Getafe CF,西班牙甲级联赛,右,183,74,1,1
Sam Larsson,荷兰,23,CAM,74,80,78,70,69,82,54,66,36394550,SC Heerenveen,荷兰甲级联赛,右,180,76,7,4
Renan,西班牙,31,GK,74,74,35,26,31,25,25,56,25030958,Xerez Club Deportivo,西班牙甲级联赛,右,185,82,1,0
Zainadine Junior,葡萄牙,28,FB,74,75,75,46,51,62,75,80,23868891,CD Nacional,葡萄牙超级联赛,右,178,75,0,0
Emmanuel Agyemang-Badu,意大利,26,CM,74,77,82,70,73,76,72,81,15507060,Udinese,意大利甲级联赛,右,173,71,5,1
Zdravko Kuzmanovic,德国,29,CM,74,74,55,74,78,73,72,73,5552557,VfB Stuttgart,德国甲级联赛,右,185,80,19,2
Michael Lang,瑞士,25,FB,74,78,76,63,62,64,76,77,12684782,Grasshopper Club Zürich,瑞士超级联赛,右,185,79,3,0
Oussama Assaidi,荷兰,28,W,74,76,86,74,65,82,30,58,14408020,SC Heerenveen,荷兰甲级联赛,右,178,70,4,0
Gerhard Tremmel,德国,38,GK,74,74,44,13,19,19,16,56,9183566,FC Energie Cottbus,德国甲级联赛,右,190,86,0,0
Alan,葡萄牙,37,CAM,74,74,58,74,79,82,48,63,28725620,SC Braga,葡萄牙超级联赛,右,180,70,0,0
Cassio,葡萄牙,36,GK,74,74,46,15,36,17,17,60,18664265,FC Paços de Ferreira,葡萄牙超级联赛,右,185,79,0,0
David Barral,西班牙,33,ST,74,74,75,74,57,75,40,77,29233610,Real Sporting de Gijón,西班牙甲级联赛,右,183,78,36,3
Marc Valiente,西班牙,29,CB,74,77,58,37,62,50,79,74,22495185,Real Valladolid,西班牙甲级联赛,右,183,71,3,1
Clement Chantome,法国,29,CM,74,74,64,67,77,74,71,72,24966297,Paris Saint-Germain,法国甲级联赛,右,180,71,5,3
Piotr Zielinski,意大利,22,CAM,74,82,76,66,77,80,56,62,79073117,Empoli,意大利甲级联赛,右,180,75,0,0
Gerso Fernandes,葡萄牙,25,W,74,78,93,67,62,76,18,49,11615987,Estoril Praia,葡萄牙超级联赛,左,173,62,0,0
Luis Hernandez,西班牙,27,FB,74,75,74,54,66,66,78,79,22980283,Real Sporting de Gijón,西班牙甲级联赛,右,183,74,0,0
Ruben Garcia,西班牙,23,W,74,81,80,69,68,80,34,63,20490843,Levante UD,西班牙甲级联赛,左,170,72,6,0
Fernando Cavenaghi,法国,33,ST,74,74,60,75,61,70,26,63,8617873,Girondins de Bordeaux,法国甲级联赛,右,178,81,2,0
Miguel Britos,意大利,31,CB,74,74,54,33,52,52,77,74,10592482,Bologna,意大利甲级联赛,左,188,82,7,1
Luisinho,西班牙,31,FB,74,74,72,54,69,76,75,61,15062543,RC Deportivo de La Coruña,西班牙甲级联赛,左,175,62,0,0
Allan McGregor,苏格兰,34,GK,74,74,38,19,41,20,14,58,18506905,Rangers,苏格兰超级联赛,右,183,84,0,1
Jonathan Cristaldo,意大利,27,ST,74,74,76,76,60,78,25,62,18233584,Bologna,意大利甲级联赛,右,175,70,4,0
Liam Bridcutt,英格兰,27,FB,74,75,69,48,70,74,73,84,11225580,Sunderland,英格兰超级联赛,右,170,76,0,0
Cristian Gamboa,英格兰,27,FB,74,76,88,57,65,71,71,77,21245540,Liverpool,英格兰超级联赛,右,175,67,0,0
Cristian Maidana,西班牙,29,CAM,74,74,68,65,79,74,32,63,22922730,RC Recreativo,西班牙甲级联赛,左,180,74,1,0
Christoph Moritz,德国,26,CM,74,75,60,60,74,75,72,73,11708121,FC Schalke 04,德国甲级联赛,右,185,80,3,1
Georgi Milanov,瑞士,24,CAM,74,78,75,71,74,76,65,70,52908785,Grasshopper Club Zürich,瑞士超级联赛,左,183,74,0,0
Marvin Zeegelaar,葡萄牙,26,FB,74,78,82,67,65,76,73,75,35360165,Rio Ave FC,葡萄牙超级联赛,左,185,82,0,0
Patrick van Aanholt,荷兰,26,FB,74,77,88,64,71,73,72,79,10164079,Vitesse,荷兰甲级联赛,左,175,67,0,0
Nicolas De Preville,法国,25,W,74,76,84,73,68,76,32,65,17225937,Stade de Reims,法国甲级联赛,右,183,77,6,0
Flavio Nunes Ferreira,葡萄牙,25,FB,74,80,64,54,63,64,73,73,20216083,Académica de Coimbra,葡萄牙超级联赛,右,180,75,0,0
Adama Traore,瑞士,26,FB,74,76,85,59,65,68,72,80,13542240,FC Basel,瑞士超级联赛,左,170,73,1,0
Carles Gil,西班牙,24,CAM,74,80,69,64,78,83,40,60,16774586,Elche CF,西班牙甲级联赛,左,170,65,1,1
David Simon,西班牙,27,FB,74,76,80,48,60,72,71,73,31325443,UD Las Palmas,西班牙甲级联赛,右,175,68,0,0
Jose Rodriguez,西班牙,22,CAM,74,79,72,66,77,78,65,65,55005226,RC Deportivo de La Coruña,西班牙甲级联赛,右,180,68,0,0
Lucas Silva,法国,23,CM,74,76,63,67,72,74,72,76,15858148,Olympique de Marseille,法国甲级联赛,右,183,80,0,0
Kara Mbodji,比利时,27,FB,74,76,73,60,57,64,71,83,14383496,KRC Genk,比利时甲级联赛,右,193,88,0,0
Bruno Zuculini,西班牙,23,CM,74,84,78,70,73,73,74,68,16567985,Córdoba CF,西班牙甲级联赛,右,183,74,0,0
Miguel Vitor,葡萄牙,27,CB,74,76,66,37,60,53,76,75,21848244,SL Benfica,葡萄牙超级联赛,右,183,83,0,0
Lionel Mathis,法国,35,CM,74,74,46,57,73,64,74,69,21574078,En Avant de Guingamp,法国甲级联赛,右,175,72,0,0
Mevlut Erdinc,法国,29,ST,74,74,74,71,68,71,39,78,17822210,Paris Saint-Germain,法国甲级联赛,右,180,84,29,0
Daniel Congre,法国,31,FB,74,74,62,31,66,69,76,73,25459123,Toulouse FC,法国甲级联赛,右,185,80,3,0
Laure,西班牙,31,FB,74,74,78,46,62,70,75,71,26207377,RC Deportivo de La Coruña,西班牙甲级联赛,右,165,68,1,0
Kyle Naughton,英格兰,28,FB,74,75,76,55,66,66,75,72,15349972,Tottenham Hotspur,英格兰超级联赛,右,180,73,0,2
Dario Cvitanich,法国,32,ST,74,74,72,72,68,74,29,72,24605822,OGC Nice,法国甲级联赛,右,175,72,28,0
Sturgeon,葡萄牙,22,W,74,79,80,68,67,78,35,71,9849371,CF Os Belenenses,葡萄牙超级联赛,右,183,75,0,0
Afonso,葡萄牙,23,FB,74,79,78,47,60,72,76,66,28803031,Boavista FC,葡萄牙超级联赛,左,170,63,0,0
Cani,西班牙,35,W,74,74,74,73,73,80,44,63,10626338,Villarreal CF,西班牙甲级联赛,右,180,75,16,8
Sebastien Bassong,英格兰,30,CB,74,74,68,40,53,40,74,78,23965367,Norwich City,英格兰超级联赛,左,188,73,6,2
Jussie,法国,33,ST,74,74,72,73,73,77,28,65,20230702,Girondins de Bordeaux,法国甲级联赛,右,180,81,17,0
Giulio Donati,德国,26,FB,74,76,74,53,62,62,76,73,31507506,Bayer 04 Leverkusen,德国甲级联赛,右,178,82,0,1
Paulo Vinicius,葡萄牙,32,CM,74,74,53,54,60,58,73,77,18785457,"União de Leiria, SAD",葡萄牙超级联赛,右,185,82,0,0
Alejandro Faurlin,英格兰,30,CM,74,74,62,62,77,72,70,73,13685043,Queens Park Rangers,英格兰超级联赛,左,185,79,2,3
Daniel Schwaab,德国,28,FB,74,75,68,38,64,66,77,70,18426054,VfB Stuttgart,德国甲级联赛,右,188,76,2,2
Takashi Inui,德国,28,W,74,74,80,59,70,84,25,55,46005883,Eintracht Frankfurt,德国甲级联赛,右,170,63,6,0
Serge Gakpe,法国,29,ST,74,74,92,74,66,76,24,68,14253126,FC Nantes,法国甲级联赛,右,175,68,8,1
Ahmed El Mohamady,英格兰,29,CM,74,74,80,69,71,73,68,78,14927163,Hull City,英格兰超级联赛,右,183,78,3,5
Erwin Mulder,荷兰,27,GK,74,74,38,25,36,22,16,60,15968188,Feyenoord,荷兰甲级联赛,右,193,88,0,0
Craig Gordon,苏格兰,34,GK,74,74,46,17,39,18,16,53,34825143,Celtic,苏格兰超级联赛,左,193,83,0,0
Panagiotis Tachtsidis,意大利,25,CM,74,77,57,65,79,70,70,80,33222042,Hellas Verona,意大利甲级联赛,左,193,86,2,0
Matias Alustiza,西班牙,32,ST,74,74,80,76,67,76,32,65,21355412,Xerez Club Deportivo,西班牙甲级联赛,左,165,68,1,0
Anthony Reveillere,法国,37,CM,74,74,68,61,66,66,74,71,16420538,Olympique Lyonnais,法国甲级联赛,右,180,77,1,0
Francesco Bardi,意大利,24,GK,74,79,48,17,32,12,11,53,11462298,Livorno,意大利甲级联赛,右,188,82,1,0
Joleon Lescott,英格兰,34,CB,74,74,46,52,57,56,75,74,17576211,Manchester City,英格兰超级联赛,左,188,89,12,5
Yuto Nagatomo,意大利,30,FB,74,74,87,57,64,70,73,74,11855896,Inter,意大利甲级联赛,左,170,68,9,6
Alvaro Pereira,葡萄牙,31,FB,74,74,80,66,70,72,72,77,10269159,FC Porto,葡萄牙超级联赛,左,180,78,1,0
Morgan Amalfitano,法国,31,CAM,74,74,69,70,77,78,54,63,33884486,FC Lorient,法国甲级联赛,右,175,68,11,3
Nicolas Maurice-Belay,法国,31,W,74,74,80,68,73,75,45,67,14677954,Girondins de Bordeaux,法国甲级联赛,左,183,80,8,1
Francesco Antonioli,意大利,45,GK,74,74,50,22,34,18,18,55,9454311,Cesena,意大利甲级联赛,右,188,82,0,0
Mitchell Dijks,荷兰,23,FB,74,78,78,42,64,69,76,77,31451293,Ajax,荷兰甲级联赛,左,193,93,0,0
Timo Letschert,荷兰,23,CM,74,79,70,64,67,66,75,72,16732513,FC Utrecht,荷兰甲级联赛,右,188,75,0,1
Mauro Boselli,英格兰,31,ST,74,74,65,72,65,68,28,75,29028492,Wigan Athletic,英格兰超级联赛,右,185,75,4,0
Nicolas Federico Spolli,意大利,33,CB,74,74,44,43,38,46,76,71,23289299,Catania,意大利甲级联赛,右,193,90,5,0
Luis Farina,西班牙,25,CAM,74,77,80,68,72,80,56,64,15616363,RC Deportivo de La Coruña,西班牙甲级联赛,右,178,72,0,0
Etienne Didot,法国,33,CM,74,74,50,65,79,72,72,67,6523341,Toulouse FC,法国甲级联赛,右,175,69,4,3
Jeremie Janot,法国,39,GK,74,74,50,16,30,16,15,53,16637043,AS Saint-Étienne,法国甲级联赛,左,175,75,0,0
Robert Snodgrass,英格兰,29,CAM,74,74,66,76,73,79,43,70,18457774,Norwich City,英格兰超级联赛,左,183,77,13,8
Graham Dorrans,英格兰,29,CAM,74,74,67,72,76,76,60,68,16233512,West Bromwich Albion,英格兰超级联赛,右,175,73,7,6
Liedson,葡萄牙,39,CAM,74,74,64,74,68,74,38,58,13264213,Sporting CP,葡萄牙超级联赛,右,175,61,0,0
Juan Rodriguez,西班牙,34,CM,74,74,42,70,77,71,68,71,11098294,RC Deportivo de La Coruña,西班牙甲级联赛,右,185,80,8,3
Luis Pedro Cavanda,意大利,25,FB,74,77,92,62,59,76,72,77,13454387,Lazio,意大利甲级联赛,右,180,76,1,0
Joel Robles,英格兰,26,GK,74,76,50,19,26,20,16,55,29841401,Everton,英格兰超级联赛,右,196,90,0,0
Neil Taylor,英格兰,27,FB,74,74,73,44,69,74,78,71,13587371,Swansea City,英格兰超级联赛,左,178,75,1,2
Daniel Aranzubia,西班牙,37,GK,74,74,55,24,23,25,24,61,41002668,RC Deportivo de La Coruña,西班牙甲级联赛,右,185,82,1,0
Rod Fanni,法国,35,FB,74,74,69,58,65,67,74,70,28887328,Olympique de Marseille,法国甲级联赛,右,185,78,3,1
Edouard Cisse,法国,38,CM,74,74,58,66,71,68,74,76,15599362,Olympique de Marseille,法国甲级联赛,右,185,76,2,0
Mario Yepes,意大利,40,GK,74,74,34,39,55,41,76,65,13996409,Chievo Verona,意大利甲级联赛,左,185,83,3,0
Simone Verdi,意大利,24,W,74,80,84,64,71,80,27,55,18783718,Empoli,意大利甲级联赛,左,170,62,0,0
Gabriel Torje,西班牙,27,W,74,76,82,72,63,78,34,62,10488635,Granada CF,西班牙甲级联赛,右,168,71,5,0
Jean-Armel Kana-Biyik,法国,27,CB,74,76,72,34,57,58,74,77,28122228,Stade Rennais FC,法国甲级联赛,右,183,86,3,0
Ashley R. Westwood,英格兰,26,CM,74,76,68,55,81,69,66,68,24323102,Aston Villa,英格兰超级联赛,右,170,67,4,8
Matias Ezequiel Schelotto,意大利,27,FB,74,75,80,66,68,74,72,83,14725627,Atalanta,意大利甲级联赛,右,188,76,9,4
Lukas Rupp,德国,25,CM,74,77,68,69,76,78,65,70,23221983,VfB Stuttgart,德国甲级联赛,右,178,73,0,0
Alberto Botia,西班牙,27,CM,74,75,58,59,61,61,74,77,15911344,Real Sporting de Gijón,西班牙甲级联赛,右,188,80,5,1
David Lomban,西班牙,29,CM,74,74,49,63,69,60,74,76,16406196,Elche CF,西班牙甲级联赛,右,188,84,1,0
Matthew Lowton,英格兰,27,FB,74,75,77,63,64,70,73,78,10922285,Aston Villa,英格兰超级联赛,右,180,78,2,7
Christophe Berra,英格兰,31,CB,74,74,62,35,57,54,74,79,17355464,Wolverhampton Wanderers,英格兰超级联赛,左,190,92,0,4
Alvaro Cejudo,西班牙,32,W,74,74,78,70,64,80,36,68,8684097,CA Osasuna,西班牙甲级联赛,右,180,78,10,8
Younousse Sankhare,法国,27,CM,74,76,68,64,73,73,72,75,10407484,En Avant de Guingamp,法国甲级联赛,左,183,76,7,2
Ederson,法国,30,CAM,74,74,69,70,73,82,46,65,12619515,Olympique Lyonnais,法国甲级联赛,右,180,74,6,0
Teddy Richert,法国,42,GK,74,74,39,10,21,20,14,38,9218740,FC Sochaux-Montbéliard,法国甲级联赛,右,183,79,0,0
Bakary Sare,葡萄牙,26,FB,74,76,73,64,64,68,76,80,24693555,Vitória Guimarães,葡萄牙超级联赛,右,185,77,0,0
Marco Di Vaio,意大利,40,ST,74,74,73,71,61,73,31,64,8521118,Bologna,意大利甲级联赛,右,180,78,68,4
Massimo Ambrosini,意大利,39,CM,74,74,50,65,75,67,77,74,14648546,Milan,意大利甲级联赛,右,183,72,10,5
Gilles Yapi,瑞士,34,CM,74,74,71,57,76,74,66,76,10027245,FC Basel,瑞士超级联赛,右,170,63,0,0
Lucas Ariel Ocampos,法国,22,CAM,74,79,78,71,72,75,48,71,21539983,AS Monaco,法国甲级联赛,右,188,84,5,0
Helder Postiga,西班牙,34,ST,74,74,71,70,60,73,30,79,17033242,Real Zaragoza,西班牙甲级联赛,右,180,76,26,1
Joao Paulo Andrade,葡萄牙,35,CM,74,75,54,66,58,62,74,80,18121953,Vitória Guimarães,葡萄牙超级联赛,右,183,83,0,0
Munir El Haddadi,西班牙,21,W,74,80,84,71,58,80,18,51,35766619,FC Barcelona,西班牙甲级联赛,左,175,69,0,0
Joao Palinha,葡萄牙,21,CM,74,85,65,57,69,66,74,81,21186322,Moreirense FC,葡萄牙超级联赛,右,190,82,0,0
Bernard Mensah,葡萄牙,22,W,74,82,80,72,71,78,50,68,55002935,Vitória Guimarães,葡萄牙超级联赛,右,178,65,0,0
Daniel Ceballos,西班牙,20,CAM,74,85,70,58,75,82,52,55,7727390,Real Betis Balompié,西班牙甲级联赛,右,175,65,0,0
Diogo Jota,葡萄牙,20,W,74,87,79,74,68,78,31,61,23722227,FC Paços de Ferreira,葡萄牙超级联赛,右,178,70,0,0
Philip Neville,英格兰,39,CM,74,74,52,59,68,62,77,69,16111922,Everton,英格兰超级联赛,右,180,76,3,6
Joao Aurelio,葡萄牙,28,CM,74,75,72,66,72,76,72,77,13669977,CD Nacional,葡萄牙超级联赛,右,183,75,0,0
Nabil Bentaleb,英格兰,22,CM,74,82,64,68,77,76,68,68,28680581,Tottenham Hotspur,英格兰超级联赛,左,188,68,0,1
Lucas Hernandez,西班牙,20,FB,74,85,68,48,53,56,76,72,19800336,Atlético Madrid,西班牙甲级联赛,左,180,75,0,0
Jose Dorado,西班牙,34,CB,74,74,52,35,65,54,77,62,22755229,Real Betis Balompié,西班牙甲级联赛,左,180,70,3,1
Angel Lafita,西班牙,32,CAM,74,74,68,70,73,78,38,61,28892614,Real Zaragoza,西班牙甲级联赛,右,188,73,27,4
Laurent Batlles,法国,41,CAM,73,73,51,73,76,76,40,60,19825083,Grenoble Foot 38,法国甲级联赛,右,175,68,4,0
Rick Karsdorp,荷兰,21,FB,73,80,86,69,68,70,70,76,18108114,Feyenoord,荷兰甲级联赛,右,183,80,0,2
Goncalo Guedes,葡萄牙,20,W,73,85,80,71,69,76,32,64,26416081,SL Benfica,葡萄牙超级联赛,右,178,73,0,0
Roland Lamah,法国,29,W,73,73,89,62,66,72,52,80,20328806,Le Mans FC,法国甲级联赛,左,180,71,6,3
Jose Javier Barkero,西班牙,37,CAM,73,73,58,77,81,69,46,59,18642474,Levante UD,西班牙甲级联赛,左,180,75,25,5
Marat Izmailov,葡萄牙,34,W,73,73,71,72,72,78,36,50,16997112,Sporting CP,葡萄牙超级联赛,右,170,70,0,0
Gianluigi Donnarumma,意大利,17,GK,73,86,47,18,35,23,17,50,17249533,Milan,意大利甲级联赛,右,196,90,0,0
Marcelo Toscano,葡萄牙,31,CAM,73,73,76,74,74,68,53,73,19583274,Vitória Guimarães,葡萄牙超级联赛,左,183,83,0,0
Thomas Hitzlsperger,德国,34,CM,73,73,59,80,75,70,71,71,14600236,VfB Stuttgart,德国甲级联赛,左,183,82,9,5
Renato,西班牙,37,CM,73,73,57,69,79,76,66,68,10278911,Sevilla FC,西班牙甲级联赛,右,178,78,14,7
Wes Brown,英格兰,37,CB,73,73,50,30,57,58,76,63,11961235,Sunderland,英格兰超级联赛,右,185,77,5,3
Danijel Pranjic,德国,35,CAM,73,73,73,73,73,74,67,64,16653717,FC Bayern Munich,德国甲级联赛,左,170,70,1,7
Juliano Belletti,英格兰,40,CM,73,79,76,66,72,71,73,72,9271837,Chelsea,英格兰超级联赛,右,178,76,3,1
Unai Lopez,西班牙,21,CAM,73,80,74,61,76,74,47,71,40066439,Athletic Club de Bilbao,西班牙甲级联赛,右,170,64,0,0
Jason Denayer,苏格兰,21,FB,73,84,78,43,56,66,74,75,8695653,Celtic,苏格兰超级联赛,右,183,70,0,0
Adam Masina,意大利,22,FB,73,78,76,31,61,68,71,73,17773443,Bologna,意大利甲级联赛,左,188,78,0,0
Marvin Martin,法国,28,CAM,73,73,66,68,75,76,51,50,4859056,FC Sochaux-Montbéliard,法国甲级联赛,右,170,68,2,0
Miku,西班牙,31,ST,73,73,77,71,57,76,37,72,9500063,Getafe CF,西班牙甲级联赛,右,185,80,26,2
Charles N'Zogbia,英格兰,30,W,73,73,76,72,70,80,47,62,15057543,Wigan Athletic,英格兰超级联赛,左,170,70,20,23
Tim Borowski,德国,36,CM,73,73,48,74,74,70,69,60,8301741,SV Werder Bremen,德国甲级联赛,右,193,84,9,1
Adriano,意大利,34,ST,73,73,40,80,56,74,26,51,12027122,Inter,意大利甲级联赛,左,188,88,3,3
Mark Schwarzer,英格兰,44,GK,73,73,24,19,26,15,20,48,11166635,Fulham,英格兰超级联赛,右,193,95,0,0
Thievy Bifouma,西班牙,24,ST,73,77,93,73,57,74,24,76,12608459,UD Almería,西班牙甲级联赛,右,180,74,6,3
Simon Thern,荷兰,24,W,73,80,77,67,70,78,43,60,9000483,SC Heerenveen,荷兰甲级联赛,右,180,76,3,0
Lucas Piazon,荷兰,22,W,73,79,74,73,71,78,26,57,19095284,Vitesse,荷兰甲级联赛,右,183,75,1,1
Andrew Surman,英格兰,30,CM,73,73,63,65,78,73,63,71,21731729,Bournemouth,英格兰超级联赛,左,178,73,4,2
Marc Wilson,英格兰,29,CM,73,73,67,62,66,66,76,72,16015106,Stoke City,英格兰超级联赛,右,188,80,2,2
Gregoire Defrel,意大利,25,W,73,77,84,72,66,80,22,55,40648796,Cesena,意大利甲级联赛,左,178,77,0,0
Matt Jarvis,英格兰,30,W,73,73,82,64,67,78,38,59,11704828,Wolverhampton Wanderers,英格兰超级联赛,右,170,72,19,19
Kris Commons,苏格兰,33,ST,73,73,61,77,73,75,29,65,10328006,Celtic,苏格兰超级联赛,左,168,64,1,2
Miroslav Stoch,荷兰,27,W,73,74,84,77,63,79,27,56,24362012,FC Twente,荷兰甲级联赛,右,170,66,0,0
Florian Lejeune,法国,25,CM,73,77,52,62,56,54,72,74,14381444,Stade Brestois 29,法国甲级联赛,右,188,81,0,0
Reto Ziegler,意大利,30,CM,73,73,73,68,75,71,73,73,27509607,Sampdoria,意大利甲级联赛,左,183,79,5,4
Benjamin Nivet,法国,39,CAM,73,73,57,70,77,74,53,52,19740218,SM Caen,法国甲级联赛,右,178,75,17,0
Timmy Simons,德国,40,CM,73,73,46,62,69,62,75,72,8654142,1. FC Nürnberg,德国甲级联赛,右,185,79,12,0
Robbie Kruse,德国,28,W,73,74,79,68,67,76,38,65,12734790,Fortuna Düsseldorf,德国甲级联赛,右,180,72,6,0
Ruud Boffin,荷兰,29,GK,73,73,56,18,22,18,15,60,18836878,VVV-Venlo,荷兰甲级联赛,右,196,86,0,0
Abel Hernandez,意大利,26,ST,73,76,86,70,55,72,23,71,22858300,Palermo,意大利甲级联赛,左,185,73,17,1
Alan Hutton,英格兰,32,FB,73,73,69,49,62,68,76,79,7505723,Aston Villa,英格兰超级联赛,右,185,73,3,5
Marama Vahirua,法国,36,W,73,73,77,70,71,76,29,53,10484471,FC Lorient,法国甲级联赛,右,173,68,2,0
Romain Pitau,法国,39,CM,73,73,38,54,76,62,72,69,8075014,Montpellier Hérault SC,法国甲级联赛,右,178,71,0,0
Dani Hernandez,西班牙,31,GK,73,73,30,15,32,14,12,58,10131814,Real Valladolid,西班牙甲级联赛,右,196,89,0,0
Dorian Leveque,法国,27,FB,73,74,66,36,62,64,76,69,17969714,En Avant de Guingamp,法国甲级联赛,左,180,74,0,0
Kamohelo Mokotjo,荷兰,25,CM,73,76,72,60,76,74,68,75,10762863,FC Twente,荷兰甲级联赛,右,170,73,0,4
German Pezzela,西班牙,25,CB,73,77,55,52,45,52,74,75,11598649,Real Betis Balompié,西班牙甲级联赛,右,185,81,0,0
Francois Modesto,法国,38,CM,73,73,48,55,60,55,76,68,14337238,SC Bastia,法国甲级联赛,右,183,80,2,0
Zoltan Stieber,德国,28,W,73,74,78,71,70,76,30,66,16543615,Hamburger SV,德国甲级联赛,左,175,67,3,1
Abdoulaye Doucoure,法国,23,CM,73,79,66,73,75,75,69,76,18946408,Stade Rennais FC,法国甲级联赛,右,183,75,7,4
Junior Malanda-Adje,比利时,22,CM,73,85,72,62,67,69,70,82,8001641,SV Zulte-Waregem,比利时甲级联赛,右,180,78,2,1
Abel,葡萄牙,38,CM,73,75,76,60,76,72,72,76,14679824,Sporting CP,葡萄牙超级联赛,右,178,75,0,0
Tiago Pinto,葡萄牙,28,FB,73,73,82,65,72,72,70,74,9079974,Rio Ave FC,葡萄牙超级联赛,左,178,70,0,0
Ukra,葡萄牙,28,ST,73,73,77,70,67,76,24,65,30210445,Rio Ave FC,葡萄牙超级联赛,右,175,64,0,0
Duda,西班牙,36,CAM,73,73,53,79,80,74,55,49,9772490,Málaga CF,西班牙甲级联赛,左,175,71,19,9
Felipe Gutierrez,荷兰,26,CAM,73,76,70,69,74,76,59,58,13422096,FC Twente,荷兰甲级联赛,左,170,64,0,0
Santiago Vergini,英格兰,28,FB,73,74,64,39,64,67,78,70,41034535,Sunderland,英格兰超级联赛,右,190,83,0,0
Efstathios Tavlaridis,法国,36,CB,73,73,61,46,53,54,74,73,13071839,AS Saint-Étienne,法国甲级联赛,右,185,81,0,0
Foued Kadir,法国,33,W,73,73,74,71,73,76,39,62,30319095,Valenciennes FC,法国甲级联赛,右,180,70,20,3
Craig Bryson,苏格兰,30,CM,73,73,73,69,72,70,67,73,28586352,Kilmarnock,苏格兰超级联赛,右,170,60,0,0
Aleksandr Hleb,德国,35,W,73,73,64,64,75,78,30,55,11179302,VfB Stuttgart,德国甲级联赛,右,185,73,2,6
Ishak Belfodil,意大利,24,ST,73,80,74,62,64,82,26,76,23158116,Parma,意大利甲级联赛,右,193,86,9,0
Jose Luis Palomino,法国,26,FB,73,75,62,34,54,64,75,66,32503524,FC Metz,法国甲级联赛,左,188,85,0,0
Sebastien Puygrenier,法国,34,CB,73,73,50,50,53,52,73,79,25040426,AS Monaco,法国甲级联赛,右,188,91,11,0
Ivan de la Pena,西班牙,40,CAM,73,86,62,66,87,72,48,54,7876595,RCD Espanyol,西班牙甲级联赛,右,170,71,4,1
Zoumana Camara,法国,37,CB,73,73,58,38,58,58,73,71,7289225,Paris Saint-Germain,法国甲级联赛,右,183,76,2,0
Douglas,荷兰,28,FB,73,73,62,53,58,56,71,77,16385792,FC Twente,荷兰甲级联赛,右,193,80,0,0
Michiel Kramer,荷兰,28,ST,73,74,70,70,60,62,31,77,17904805,ADO Den Haag,荷兰甲级联赛,右,196,80,9,1
Nikos Karelis,比利时,24,ST,73,78,78,75,64,72,30,69,16172845,KRC Genk,比利时甲级联赛,左,178,73,0,0
Rafael Galhardo,比利时,25,CM,73,76,76,71,69,72,72,66,31804017,Sint-Truidense VV,比利时甲级联赛,右,175,70,0,0
Ludovic Giuly,法国,40,W,73,73,74,69,72,71,38,34,9663757,Paris Saint-Germain,法国甲级联赛,右,165,62,4,0
Jonathan Zebina,法国,38,CM,73,73,30,51,61,62,75,68,16932968,Toulouse FC,法国甲级联赛,右,188,86,2,0
Tulio de Melo,法国,31,ST,73,73,50,74,63,67,33,77,18739250,LOSC Lille,法国甲级联赛,右,193,90,10,0
Manu Herrera,西班牙,35,GK,73,73,45,20,25,14,16,53,11389806,Elche CF,西班牙甲级联赛,左,183,75,0,0
Jonathan,意大利,30,FB,73,73,85,67,65,76,71,69,31254873,Inter,意大利甲级联赛,右,170,72,4,2
Warner Hahn,荷兰,24,GK,73,79,48,26,47,22,20,63,8173355,PEC Zwolle,荷兰甲级联赛,右,198,85,0,0
Rafael Miranda,葡萄牙,32,CM,73,73,66,53,69,68,74,76,11433851,CS Marítimo,葡萄牙超级联赛,左,178,75,0,0
Thomas Mangani,法国,29,CM,73,73,66,73,74,71,70,73,7328659,AS Nancy-Lorraine,法国甲级联赛,左,183,80,1,0
Ruud Boymans,荷兰,27,ST,73,74,46,76,51,64,22,78,8253622,VVV-Venlo,荷兰甲级联赛,右,190,88,4,1
Vurnon Anita,荷兰,27,FB,73,74,76,56,71,76,71,73,10376736,Ajax,荷兰甲级联赛,右,168,65,1,3
Yassine Ayoub,荷兰,22,CAM,73,80,71,70,72,76,64,64,13218539,FC Utrecht,荷兰甲级联赛,左,175,70,4,4
Luca Siligardi,意大利,28,W,73,73,78,71,66,78,24,59,22116203,Hellas Verona,意大利甲级联赛,左,180,72,5,0
Daniel Opare,比利时,26,FB,73,76,88,66,62,72,70,81,23837294,Standard de Liège,比利时甲级联赛,右,175,74,0,0
Andre Castro,西班牙,28,CAM,73,73,70,74,74,74,62,73,14231493,Real Sporting de Gijón,西班牙甲级联赛,右,180,75,4,0
Ezequiel Scarione,瑞士,31,W,73,73,75,74,71,76,33,59,23557278,FC St. Gallen,瑞士超级联赛,右,178,71,0,0
Matias Silvestre,意大利,32,CB,73,73,54,54,60,55,74,75,9373577,Catania,意大利甲级联赛,右,185,78,13,0
Jose Enrique,英格兰,30,FB,73,73,74,56,70,74,74,72,22686702,Liverpool,英格兰超级联赛,左,183,76,2,12
Ludovic Obraniak,法国,32,CAM,73,73,66,75,74,73,46,55,8557369,Girondins de Bordeaux,法国甲级联赛,左,175,72,17,1
Abdoulaye Ba,葡萄牙,25,CB,73,77,46,43,47,44,73,73,11170272,Académica de Coimbra,葡萄牙超级联赛,右,198,79,0,0
Franck Beria,法国,33,CM,73,73,72,61,71,70,73,75,18252779,LOSC Lille,法国甲级联赛,右,178,76,0,0
Diego Buonanotte,西班牙,28,W,73,76,78,67,74,78,27,51,20805392,Granada CF,西班牙甲级联赛,左,160,56,2,1
Gaetan Bong,法国,28,FB,73,73,72,45,70,70,75,74,27844071,Valenciennes FC,法国甲级联赛,左,183,74,1,0
Ibrahima Balde,西班牙,27,ST,73,74,76,75,52,68,19,79,17490769,CA Osasuna,西班牙甲级联赛,右,190,85,8,0
Idriss Saadi,法国,24,ST,73,77,82,71,53,70,23,85,12019856,AS Saint-Étienne,法国甲级联赛,右,180,85,0,0
Yohann Pele,法国,34,GK,73,73,49,15,27,16,15,59,18266991,Le Mans FC,法国甲级联赛,右,196,89,0,0
Marco Fabian,德国,27,ST,73,75,70,75,71,76,32,70,12706267,Eintracht Frankfurt,德国甲级联赛,右,170,65,0,0
Tsepo Masilela,西班牙,31,FB,73,73,86,60,59,70,71,77,12186377,Getafe CF,西班牙甲级联赛,左,175,70,0,0
Billy Ketkeophomphone,法国,26,ST,73,75,82,72,65,75,23,69,31361845,Angers SCO,法国甲级联赛,右,180,71,0,0
Graeme Shinnie,苏格兰,25,FB,73,79,78,27,67,70,72,76,31186388,Inverness Caledonian Thistle,苏格兰超级联赛,左,175,72,0,0
Mario Rondon,葡萄牙,30,ST,73,73,78,70,67,76,20,75,16839250,CD Nacional,葡萄牙超级联赛,右,183,72,0,0
Mohamed Elneny,瑞士,24,CM,73,80,62,71,74,72,71,79,24937404,FC Basel,瑞士超级联赛,右,180,71,1,0
Douglas Santos,意大利,22,FB,73,80,78,66,63,76,73,65,28103784,Udinese,意大利甲级联赛,左,175,69,0,0
John Carew,英格兰,37,ST,73,73,69,73,59,72,34,73,9325711,Aston Villa,英格兰超级联赛,右,193,94,25,8
Jens Toornstra,荷兰,27,ST,73,74,70,76,73,74,50,77,12611556,ADO Den Haag,荷兰甲级联赛,右,178,79,5,3
Renaud Cohade,法国,32,CM,73,73,66,71,75,74,66,70,19719879,Valenciennes FC,法国甲级联赛,右,180,74,10,0
"Abdoulaye Diallo Sadio,22",法国,26,ST,73,75,75,71,71,76,38,72,16111577,Stade Rennais FC,法国甲级联赛,右,183,76,3,1
Nilson,葡萄牙,41,GK,73,73,42,17,23,18,17,60,13010213,Vitória Guimarães,葡萄牙超级联赛,右,185,80,0,0
Lex Immers,荷兰,30,CM,73,73,52,74,72,70,60,85,11670506,Feyenoord,荷兰甲级联赛,右,188,77,6,1
Henrique Sereno,西班牙,31,FB,73,73,67,42,61,53,73,70,9104940,Real Valladolid,西班牙甲级联赛,右,188,78,0,0
Benoit Cheyrou,法国,35,CM,73,73,46,63,75,74,70,72,11313609,Olympique de Marseille,法国甲级联赛,左,183,78,9,0
Tunay Torun,德国,26,ST,73,75,76,70,72,76,22,68,15525190,Hamburger SV,德国甲级联赛,右,175,72,6,0
Yacine Abdessadki,德国,35,CM,73,73,76,66,72,73,59,79,7344512,SC Freiburg,德国甲级联赛,右,175,70,2,1
Albin Ebondo,法国,32,FB,73,76,80,44,65,67,72,76,10963820,AS Saint-Étienne,法国甲级联赛,右,183,85,1,0
Emanuel Insua,西班牙,25,FB,73,77,79,65,64,72,72,73,18507701,Granada CF,西班牙甲级联赛,左,180,82,0,0
Filipe Augusto,葡萄牙,23,CM,73,80,70,62,75,78,66,68,11683582,Rio Ave FC,葡萄牙超级联赛,左,183,76,0,0
Victor Andrade,葡萄牙,21,W,73,83,91,70,60,78,30,55,26529299,CD Nacional,葡萄牙超级联赛,右,178,70,0,0
Josue,德国,37,CM,73,73,58,59,68,70,76,76,12806924,VfL Wolfsburg,德国甲级联赛,右,170,66,2,1
Andres Tunez,西班牙,29,CB,73,73,50,35,58,44,75,72,6788054,RC Celta de Vigo,西班牙甲级联赛,左,188,83,0,0
Carlos Henrique,法国,33,CM,73,73,44,56,58,42,73,55,15884430,Girondins de Bordeaux,法国甲级联赛,右,188,87,4,0
Saphir Taider,意大利,24,CM,73,78,70,71,75,74,65,74,5742618,Bologna,意大利甲级联赛,右,180,73,4,0
Mariano Bogliacino,意大利,36,CAM,73,73,62,69,75,77,58,66,12678395,Chievo Verona,意大利甲级联赛,左,178,72,5,2
Saleh Gomaa,葡萄牙,23,CAM,73,80,77,63,76,76,58,67,25778328,CD Nacional,葡萄牙超级联赛,右,175,72,0,0
Ederson Moraes,葡萄牙,23,GK,73,83,52,25,43,24,14,51,9314539,Rio Ave FC,葡萄牙超级联赛,左,188,83,0,0
Fabian Giefer,德国,26,GK,73,75,38,17,29,17,14,60,23592648,Fortuna Düsseldorf,德国甲级联赛,右,196,93,0,0
Delvin N'Dinga,法国,28,FB,73,73,68,54,67,62,74,80,16689497,AJ Auxerre,法国甲级联赛,右,180,70,1,0
David Simao,葡萄牙,26,CAM,73,75,68,74,77,74,48,75,21840822,FC Arouca,葡萄牙超级联赛,左,183,74,0,0
Cala,西班牙,27,CM,73,75,65,59,64,64,74,73,11583268,Sevilla FC,西班牙甲级联赛,右,188,72,7,0
Jens Hegeler,德国,28,CM,73,73,54,67,75,71,70,68,21166722,1. FC Nürnberg,德国甲级联赛,右,193,86,7,3
Tobias Figueiredo,葡萄牙,22,CB,73,78,58,36,57,58,72,77,11682197,Sporting CP,葡萄牙超级联赛,右,188,84,0,0
Karol Linetty,波兰,21,CM,73,83,74,62,72,68,71,82,4815174,Lech Poznań,波兰甲级联赛,右,175,74,0,0
Nikola Vukcevic,葡萄牙,25,CM,73,79,66,55,71,70,70,81,35088562,SC Braga,葡萄牙超级联赛,左,183,76,0,0
Vincenzo Grifo,德国,23,W,73,78,78,74,67,77,32,62,18717803,TSG 1899 Hoffenheim,德国甲级联赛,右,180,75,0,0
Maor Melikson,波兰,32,W,73,73,77,67,73,77,33,52,10725467,Wisła Kraków,波兰甲级联赛,右,175,70,5,2
Stijn Schaars,荷兰,32,CM,73,73,35,69,77,71,70,62,14640928,AZ,荷兰甲级联赛,左,178,76,0,0
Gretar Rafn Steinsson,英格兰,34,CM,73,73,54,49,69,62,76,74,11140343,Bolton Wanderers,英格兰超级联赛,右,188,78,6,6
Mateus,葡萄牙,32,ST,73,73,88,71,63,76,36,74,22503122,CD Nacional,葡萄牙超级联赛,右,175,75,0,0
Lucas Wilchez,西班牙,33,W,73,73,82,70,73,77,32,61,18072006,Real Zaragoza,西班牙甲级联赛,左,173,65,0,0
Hakan Yakin,瑞士,39,CAM,73,73,50,72,73,71,34,63,18617465,FC Luzern,瑞士超级联赛,左,180,79,0,0
Maicosuel,意大利,30,W,73,73,76,71,71,80,30,63,9431238,Udinese,意大利甲级联赛,右,178,70,6,1
Fransergio,葡萄牙,26,CM,73,75,74,69,72,72,68,71,10840845,CS Marítimo,葡萄牙超级联赛,右,188,82,0,0
Victor Anichebe,英格兰,28,ST,73,73,71,73,64,72,42,70,19042835,Everton,英格兰超级联赛,右,185,80,16,9
Sven Schipplock,德国,28,ST,73,73,70,71,56,70,30,77,24360378,TSG 1899 Hoffenheim,德国甲级联赛,右,185,84,14,1
Felipe Gedoz,比利时,23,ST,73,79,82,74,68,75,38,72,11084918,Club Brugge KV,比利时甲级联赛,右,178,79,0,0
Adrien Thomasson,法国,23,CAM,73,80,78,72,75,76,59,69,33564110,FC Nantes,法国甲级联赛,右,178,72,0,0
Jonathan Cristian Silva,葡萄牙,22,FB,73,79,80,66,62,72,73,71,21485152,Sporting CP,葡萄牙超级联赛,左,178,72,0,0
Maximillian Beister,德国,26,ST,73,76,84,77,67,74,43,72,11181684,Hamburger SV,德国甲级联赛,左,180,81,8,0
Junya Tanaka,葡萄牙,29,ST,73,73,76,75,67,76,29,70,11573527,Sporting CP,葡萄牙超级联赛,左,180,73,0,0
Bosko Jankovic,意大利,32,ST,73,73,71,75,69,78,34,68,21734766,Genoa,意大利甲级联赛,右,183,78,16,2
Danilo Cataldi,意大利,22,CAM,73,81,71,70,75,74,63,65,8313852,Lazio,意大利甲级联赛,右,180,70,0,0
Eden Ben Basat,法国,30,ST,73,73,70,74,60,72,35,60,12521972,Stade Brestois 29,法国甲级联赛,右,183,75,19,0
Ivan Radovanovic,意大利,28,CM,73,74,60,68,74,70,73,77,13449338,Chievo Verona,意大利甲级联赛,右,188,80,1,0
Diego Llorente,西班牙,23,FB,73,80,64,41,61,60,75,69,23507121,Rayo Vallecano,西班牙甲级联赛,右,185,74,0,0
Victoriano Rivas Nano,西班牙,36,CB,73,73,54,45,60,56,73,70,22353540,Levante UD,西班牙甲级联赛,左,185,80,5,0
Bo-Kyung Kim,英格兰,27,W,73,75,80,63,73,74,46,61,9867766,Cardiff City,英格兰超级联赛,左,178,67,1,0
Lindsay Rose,法国,24,FB,73,77,69,42,56,63,73,74,20520628,Valenciennes FC,法国甲级联赛,右,183,80,1,0
Antonio Luna,英格兰,25,FB,73,77,76,64,62,72,72,79,16428487,Aston Villa,英格兰超级联赛,左,178,68,3,1
Anthony Knockaert,比利时,25,ST,73,77,76,71,66,77,26,65,16981014,Standard de Liège,比利时甲级联赛,左,173,69,0,0
Bryan Dabo,法国,24,CM,73,78,79,72,72,76,73,81,25303643,Montpellier Hérault SC,法国甲级联赛,右,188,79,0,0
Yannik Boli,法国,28,ST,73,73,81,71,51,75,23,69,20004464,Le Havre AC,法国甲级联赛,右,180,75,0,0
Vincent Bessat,法国,31,CAM,73,73,76,65,74,74,52,69,13138225,FC Nantes,法国甲级联赛,左,178,73,1,0
Abdoulaye Diaby,比利时,25,ST,73,76,90,71,66,64,44,72,15643322,Royal Excel Mouscron,比利时甲级联赛,左,173,70,0,0
Cameron Jerome,英格兰,30,ST,73,73,82,75,64,68,41,80,14205421,Birmingham City,英格兰超级联赛,右,185,85,23,15
Ricky van Wolfswinkel,荷兰,27,ST,73,74,68,71,63,74,33,71,19550915,FC Utrecht,荷兰甲级联赛,右,185,74,1,1
Tin Jedvaj,德国,21,FB,73,84,71,52,56,64,76,73,16796988,Bayer 04 Leverkusen,德国甲级联赛,右,183,83,0,0
Diego Laxalt,意大利,23,W,73,78,80,65,71,77,49,73,22963665,Genoa,意大利甲级联赛,左,178,66,2,0
Thibault Giresse,法国,35,CAM,73,73,64,70,77,77,34,41,17877059,En Avant de Guingamp,法国甲级联赛,左,173,65,3,2
Maarten Martens,荷兰,32,W,73,73,64,68,77,75,24,55,9863293,AZ,荷兰甲级联赛,左,175,66,0,0
Lasse Nielsen,比利时,28,CB,73,73,66,39,64,55,72,77,23606353,KAA Gent,比利时甲级联赛,右,185,80,0,0
Slobodan Rajkovic,德国,27,CB,73,74,68,37,49,46,72,70,16960827,Hamburger SV,德国甲级联赛,左,190,88,1,0
Evander Sno,荷兰,29,CM,73,73,52,69,75,70,68,82,16105054,RKC Waalwijk,荷兰甲级联赛,右,188,89,0,0
Ousmane Dabo,意大利,39,CM,73,79,68,70,75,69,71,74,11457895,Lazio,意大利甲级联赛,右,185,84,1,0
Aly Cissokho,法国,29,FB,73,73,76,62,61,64,75,74,20872997,Olympique Lyonnais,法国甲级联赛,左,180,75,5,1
Bakary Kone,法国,28,CB,73,73,66,44,55,48,74,77,8239918,Olympique Lyonnais,法国甲级联赛,右,188,80,5,1
Jose Leonardo Ulloa,英格兰,30,ST,73,73,62,71,63,69,38,76,8381293,Leicester City,英格兰超级联赛,右,185,80,7,0
Romulo,意大利,29,CM,73,73,79,68,73,76,71,70,26459654,Hellas Verona,意大利甲级联赛,右,178,72,8,2
Lukasz Skorupski,波兰,25,GK,73,77,52,16,29,20,13,49,10370098,Polonia Bytom,波兰甲级联赛,右,188,84,0,0
Tolgay Arslan,德国,26,CAM,73,76,76,73,79,80,66,67,16267736,Hamburger SV,德国甲级联赛,右,180,77,2,1
Federico Peluso,意大利,32,FB,73,73,65,56,54,59,80,73,17067002,Atalanta,意大利甲级联赛,左,188,82,5,0
Francelino Matuzalem,意大利,36,CM,73,73,54,68,78,72,62,69,9329359,Lazio,意大利甲级联赛,左,178,74,3,1
Jamel Saihi,法国,29,CM,73,73,58,58,76,70,70,68,19239456,Montpellier Hérault SC,法国甲级联赛,右,183,75,1,0
Martin Latka,德国,32,FB,73,73,58,53,58,56,71,72,13873675,Fortuna Düsseldorf,德国甲级联赛,右,193,87,1,0
Lukasz Teodorczyk,波兰,25,ST,73,77,78,71,61,72,20,79,12937132,Lech Poznań,波兰甲级联赛,右,185,76,0,0
Trent Sainsbury,荷兰,24,FB,73,78,74,50,70,60,75,73,25516011,PEC Zwolle,荷兰甲级联赛,右,183,75,0,1
Francesco Lodi,意大利,32,CM,73,73,55,69,83,75,66,57,19516376,Catania,意大利甲级联赛,左,183,70,24,8
Eduardo,英格兰,33,ST,73,73,68,74,69,77,26,57,8517549,Arsenal,英格兰超级联赛,左,178,72,3,4
Maurizio Domizzi,意大利,36,CB,73,73,42,58,47,45,78,61,8223677,Udinese,意大利甲级联赛,左,185,80,7,2
Tobias Sippel,德国,28,GK,73,73,46,16,29,16,13,57,16736116,1. FC Kaiserslautern,德国甲级联赛,右,180,78,0,0
Slobodan Medojevic,德国,26,FB,73,76,67,50,67,64,76,72,64028836,VfL Wolfsburg,德国甲级联赛,右,183,77,0,0
Alessandro Rosina,意大利,32,W,73,73,77,68,71,76,21,46,13393324,Siena,意大利甲级联赛,左,168,67,11,1
Nelson Haedo Valdez,德国,33,ST,73,73,76,70,60,71,46,76,7071082,Borussia Dortmund,德国甲级联赛,右,178,76,26,1
Dodo,意大利,24,CM,73,78,76,60,69,78,64,70,17242099,Roma,意大利甲级联赛,左,183,69,0,0
Laurens De Bock,比利时,24,FB,73,77,76,49,62,70,73,80,14403728,Club Brugge KV,比利时甲级联赛,左,178,74,0,0
Blaise N'Kufo,荷兰,41,ST,73,77,58,74,63,74,32,75,12771373,FC Twente,荷兰甲级联赛,右,188,84,0,0
Andreas Johansson,德国,34,CM,73,73,52,54,66,55,74,78,22532611,VfL Bochum,德国甲级联赛,右,183,72,1,0
Adrian Gonzalez,西班牙,28,CM,73,73,66,61,74,76,70,63,21199225,Racing Santander,西班牙甲级联赛,左,183,76,7,6
Nenad Milijas,英格兰,33,CM,73,74,54,77,77,68,60,72,9106864,Wolverhampton Wanderers,英格兰超级联赛,左,188,81,4,8
Sascha Riether,德国,33,FB,73,73,70,57,64,70,75,70,15867848,VfL Wolfsburg,德国甲级联赛,右,175,70,7,6
James McClean,英格兰,27,CAM,73,74,76,67,68,76,56,74,19862084,Sunderland,英格兰超级联赛,左,180,70,7,6
Bernard Parker,荷兰,30,ST,73,73,77,74,68,74,24,66,19121831,FC Twente,荷兰甲级联赛,左,170,65,0,0
Darko Lazovic,意大利,26,W,73,76,88,62,66,78,28,48,18365905,Genoa,意大利甲级联赛,右,180,66,0,0
Ignacio Fideleff,意大利,27,CB,73,77,62,40,50,52,74,70,24552331,Napoli,意大利甲级联赛,左,190,84,0,0
Toze,葡萄牙,23,W,73,78,74,74,74,76,38,57,30285393,Estoril Praia,葡萄牙超级联赛,右,165,68,0,0
Marcos Lopes,法国,21,W,73,81,78,64,72,78,25,55,23765262,LOSC Lille,法国甲级联赛,左,175,68,0,0
Benjamin Brou Angoua,法国,30,CB,73,73,58,41,57,52,72,73,10188367,Valenciennes FC,法国甲级联赛,右,183,72,3,0
Vaclav Pilar,德国,28,W,73,76,82,73,69,76,37,65,8886086,SC Freiburg,德国甲级联赛,右,170,68,0,0
Pablo Chavarria,比利时,28,ST,73,73,86,68,68,71,34,77,24586652,KV Kortrijk,比利时甲级联赛,右,185,74,0,0
Papa Bouba Diop,英格兰,38,CM,73,73,52,76,67,60,74,76,14997021,Portsmouth,英格兰超级联赛,右,193,85,0,0
Jean-Francois Gillet,意大利,37,GK,73,73,39,23,35,18,16,53,11111562,Bari,意大利甲级联赛,左,180,80,0,0
Alfred Duncan,意大利,23,CM,73,79,76,69,72,73,72,79,11501261,Sassuolo,意大利甲级联赛,左,178,78,0,0
Jacques Alaixys Romao,法国,32,CM,73,73,56,59,69,70,72,80,27540964,Olympique de Marseille,法国甲级联赛,右,180,74,2,0
Yuya Osako,德国,26,W,73,75,74,67,65,77,31,68,20752944,1. FC Köln,德国甲级联赛,右,183,71,0,0
Hasan Salihamidzic,意大利,39,CM,73,73,59,61,75,73,71,68,11124534,Juventus,意大利甲级联赛,右,175,71,6,0
Elton,葡萄牙,31,ST,73,73,74,71,58,68,40,73,12887401,SC Braga,葡萄牙超级联赛,左,185,82,0,0
Marco Sau,意大利,29,W,73,73,92,69,69,78,19,67,10005648,Cagliari,意大利甲级联赛,右,170,65,18,0
Egor Filipenko,西班牙,28,CB,73,73,52,40,57,42,75,66,10621689,Málaga CF,西班牙甲级联赛,右,193,84,0,0
Craig Bellamy,英格兰,37,W,73,73,78,75,69,78,46,66,17519484,Manchester City,英格兰超级联赛,右,175,69,24,13
Peter Odemwingie,英格兰,35,ST,73,73,74,77,66,76,31,71,14875089,West Bromwich Albion,英格兰超级联赛,右,183,74,39,14
Ager Aketxe,西班牙,23,CAM,73,81,67,73,75,76,42,62,24071014,Athletic Club de Bilbao,西班牙甲级联赛,左,175,69,0,0
Brandon Mechele,比利时,23,CB,73,79,68,38,59,59,75,75,18428041,Club Brugge KV,比利时甲级联赛,右,188,81,0,0
Adam Matthews,苏格兰,24,FB,73,77,78,58,69,70,74,72,15358227,Celtic,苏格兰超级联赛,右,178,71,0,0
Pierre Bengtsson,德国,28,FB,73,73,78,60,69,71,71,73,34922248,1. FSV Mainz 05,德国甲级联赛,左,178,77,0,0
Dragos Grigore,法国,30,CM,73,73,60,58,63,52,74,76,29542101,Toulouse FC,法国甲级联赛,右,185,76,0,0
Paul Papp,意大利,27,CB,73,75,62,48,47,46,76,75,21306542,Chievo Verona,意大利甲级联赛,右,188,80,1,0
Ivan Martic,瑞士,26,FB,73,77,77,46,57,68,74,67,15092588,FC St. Gallen,瑞士超级联赛,右,183,70,0,0
Ioannis Maniatis,比利时,30,CM,73,73,73,64,69,71,74,70,27484024,Standard de Liège,比利时甲级联赛,右,175,68,0,0
Jan Schlaudraff,德国,33,W,73,73,72,71,72,76,25,56,33947426,Hannover 96,德国甲级联赛,右,180,72,17,6
Johannes Flum,德国,29,CM,73,73,52,67,74,69,70,66,20097828,SC Freiburg,德国甲级联赛,右,190,82,11,3
Massimo Gobbi,意大利,36,CM,73,73,62,63,63,65,77,67,30444865,Parma,意大利甲级联赛,左,183,78,5,6
Oscar Duarte,比利时,27,CB,73,74,69,31,42,54,74,76,18395572,Club Brugge KV,比利时甲级联赛,右,183,83,0,0
Sergio Escudero,西班牙,27,FB,73,75,76,61,65,72,74,74,21521911,Getafe CF,西班牙甲级联赛,左,175,72,3,1
Sammir,西班牙,29,W,73,77,68,72,74,82,30,52,11692624,Getafe CF,西班牙甲级联赛,右,178,77,0,0
Michel,西班牙,31,CAM,73,73,66,71,79,70,64,66,15354025,Getafe CF,西班牙甲级联赛,右,183,72,1,2
Carlos Eduardo,德国,29,W,73,73,81,67,70,80,21,56,21574051,TSG 1899 Hoffenheim,德国甲级联赛,左,170,68,14,3
Thomas Rogne,苏格兰,26,CB,73,75,50,32,57,52,75,68,11949032,Celtic,苏格兰超级联赛,右,190,86,1,0
Emanuele Calaio,意大利,34,ST,73,73,72,69,54,70,15,75,11977472,Siena,意大利甲级联赛,左,178,75,32,1
Frank Acheampong,比利时,23,FB,73,80,92,67,65,74,65,84,16352423,RSC Anderlecht,比利时甲级联赛,左,168,73,0,0
Connor Wickham,英格兰,23,ST,73,78,74,74,60,74,21,76,18335396,Sunderland,英格兰超级联赛,右,188,90,6,1
Moussa Maazou,葡萄牙,28,ST,73,74,88,72,54,65,22,79,19162082,Vitória Guimarães,葡萄牙超级联赛,右,185,79,0,0
Callum McManaman,英格兰,25,W,73,77,78,64,65,78,22,51,19007676,Wigan Athletic,英格兰超级联赛,右,175,71,2,1
Juan Forlin,西班牙,28,CB,73,73,64,36,65,60,74,78,11667308,RCD Espanyol,西班牙甲级联赛,右,180,71,3,0
Matthew Phillips,英格兰,25,W,73,75,90,73,67,75,33,66,16409780,Queens Park Rangers,英格兰超级联赛,右,183,75,1,3
Moses Simon,比利时,21,ST,73,83,90,71,62,76,23,74,24324866,KAA Gent,比利时甲级联赛,右,168,66,0,0
Benjamin Corgnet,法国,29,CAM,73,73,69,74,73,75,50,69,14556377,AS Saint-Étienne,法国甲级联赛,右,180,75,16,1
Wesley Lautoa,法国,29,CB,73,73,64,39,49,44,74,78,19963761,FC Lorient,法国甲级联赛,左,183,87,3,1
Mathieu Duhamel,法国,32,ST,73,73,66,71,56,72,26,71,19219039,SM Caen,法国甲级联赛,左,183,75,0,0
Mike Williamson,英格兰,33,CB,73,73,44,36,55,47,76,71,10926459,Newcastle United,英格兰超级联赛,右,193,92,0,3
Russell Martin,英格兰,30,FB,73,73,66,57,60,57,76,75,11041236,Norwich City,英格兰超级联赛,右,183,73,6,2
Andrea Masiello,意大利,30,CB,73,73,68,42,52,56,76,74,26695676,Bari,意大利甲级联赛,右,183,82,5,0
Alejandro Galvez,西班牙,27,CB,73,74,52,39,61,55,74,65,24822987,Rayo Vallecano,西班牙甲级联赛,右,190,79,4,0
Stefano Denswil,比利时,23,CM,73,78,60,63,68,64,73,73,19059836,Club Brugge KV,比利时甲级联赛,左,188,81,0,0
Andre,法国,26,ST,73,79,74,70,57,76,24,68,9896674,Girondins de Bordeaux,法国甲级联赛,右,185,77,0,0
Cristian Riveros,英格兰,34,CM,73,73,56,69,77,72,62,67,5969196,Sunderland,英格兰超级联赛,右,178,74,1,0
Cicinho,意大利,36,CM,73,73,76,62,75,76,70,68,11037604,Roma,意大利甲级联赛,右,173,68,2,1
Tobias Werner,德国,31,ST,73,73,79,74,70,68,47,73,22479045,FC Augsburg,德国甲级联赛,左,175,70,16,3
Darren Randolph,苏格兰,29,GK,73,73,42,21,35,24,15,50,13101546,Motherwell,苏格兰超级联赛,右,185,80,0,0
Gaetan Bussmann,法国,25,FB,73,76,72,62,68,66,75,75,17038427,FC Metz,法国甲级联赛,左,183,76,0,0
Jon Errasti,西班牙,28,FB,73,73,64,44,68,56,75,74,33672778,SD Eibar,西班牙甲级联赛,右,180,81,0,0
Marc Torrejon Moya,西班牙,30,CB,73,73,52,34,58,54,76,69,23213464,Racing Santander,西班牙甲级联赛,右,188,87,3,1
Ander Capa,西班牙,24,FB,73,78,86,66,63,76,64,77,23214164,SD Eibar,西班牙甲级联赛,右,173,70,0,0
Miguel Flano,西班牙,32,CB,73,73,65,43,54,47,73,79,12378496,CA Osasuna,西班牙甲级联赛,右,178,72,8,0
Scott Brown,苏格兰,31,CM,73,73,72,65,70,72,70,76,21104297,Celtic,苏格兰超级联赛,右,175,74,1,1
Zacharie Boucher,法国,24,GK,73,77,56,12,26,20,15,66,9418760,Toulouse FC,法国甲级联赛,右,180,79,0,0
Oerjan Haaskjold Nyland,德国,26,GK,73,77,50,16,36,22,15,59,14784612,FC Ingolstadt 04,德国甲级联赛,右,193,90,0,0
Benjamin Jeannot,法国,24,ST,73,77,73,74,62,69,24,64,21633759,FC Lorient,法国甲级联赛,右,183,76,0,0
Ivan Strinic,意大利,29,FB,73,73,76,59,65,73,74,74,13967580,Napoli,意大利甲级联赛,左,185,78,0,0
Franco Daniel Jara,西班牙,28,ST,73,74,78,74,66,76,29,66,14242442,Granada CF,西班牙甲级联赛,右,180,76,3,3
Alexander Baumjohann,德国,29,W,73,73,66,68,74,77,21,58,7980358,Borussia Mönchengladbach,德国甲级联赛,右,178,75,3,2
Aleksandar Ignjovski,德国,25,FB,73,76,74,54,68,68,76,69,22361860,SV Werder Bremen,德国甲级联赛,右,175,70,1,1
Osama Hawsawi,比利时,32,FB,73,73,74,57,47,54,73,84,11772840,Oud-Heverlee Leuven,比利时甲级联赛,右,188,80,0,0
Maza,荷兰,35,CB,73,73,50,50,53,48,74,71,10927538,PSV,荷兰甲级联赛,右,190,84,2,1
Edimar Fraga,葡萄牙,30,FB,73,73,76,61,59,66,72,75,13680362,Rio Ave FC,葡萄牙超级联赛,左,180,70,0,0
Abraham Gonzalez,西班牙,31,CM,73,73,44,69,81,66,68,53,31465829,RCD Espanyol,西班牙甲级联赛,右,178,80,0,0
Gonzalo Escalante,西班牙,23,FB,73,81,68,57,66,68,73,67,53995085,SD Eibar,西班牙甲级联赛,右,183,75,0,0
Moritz Leitner,德国,24,CAM,73,77,74,68,75,78,53,64,21767194,VfB Stuttgart,德国甲级联赛,右,178,70,1,1
Luis Leal,葡萄牙,29,ST,73,73,78,76,59,70,18,73,26599557,Estoril Praia,葡萄牙超级联赛,右,175,75,0,0
Ryan Donk,比利时,30,CM,73,73,68,68,68,74,75,79,24327578,Club Brugge KV,比利时甲级联赛,右,193,80,0,1
Luca Rigoni,意大利,32,CM,73,73,62,72,74,71,72,74,27628782,Chievo Verona,意大利甲级联赛,右,185,76,10,3
Domenico Maietta,意大利,34,GK,73,73,44,20,46,43,78,66,17723333,Hellas Verona,意大利甲级联赛,右,183,75,0,1
Mehmet Aurelio,西班牙,39,CM,73,76,64,62,78,67,72,67,7175299,Real Betis Balompié,西班牙甲级联赛,右,178,75,4,1
Danko Lazovic,荷兰,33,ST,73,73,76,75,67,74,27,71,15681347,PSV,荷兰甲级联赛,右,183,80,0,1
Davide Chiumiento,瑞士,32,W,73,73,74,65,75,74,31,62,13465382,FC Zürich,瑞士超级联赛,右,173,71,1,0
Youssouf Sabaly,法国,23,FB,73,78,77,37,58,72,75,65,4909920,Évian Thonon Gaillard FC,法国甲级联赛,右,175,68,0,0
Antolin Alcaraz,英格兰,34,CB,73,73,41,45,44,64,75,71,12411785,Wigan Athletic,英格兰超级联赛,右,188,80,4,1
Roversio,西班牙,32,FB,73,74,66,52,56,57,76,76,21620353,CA Osasuna,西班牙甲级联赛,右,188,70,3,1
Stipe Pletikosa,西班牙,37,GK,73,73,58,16,18,24,17,58,16244349,RC Deportivo de La Coruña,西班牙甲级联赛,右,193,83,0,0
David Rozehnal,法国,36,CM,73,73,36,50,67,50,77,64,18197868,LOSC Lille,法国甲级联赛,右,190,80,3,0
Edgar Barreto,意大利,32,CM,73,73,68,70,74,72,71,67,20196820,Palermo,意大利甲级联赛,右,183,78,3,3
Filip Daems,德国,38,CB,73,73,47,44,60,61,76,68,6126053,Borussia Mönchengladbach,德国甲级联赛,左,180,79,15,0
Abdelhamid El Kaoutari,法国,26,FB,73,75,67,38,57,57,75,70,13576058,Montpellier Hérault SC,法国甲级联赛,左,180,73,2,1
Tamir Cohen,英格兰,32,CM,73,77,72,77,73,74,71,69,28015251,Bolton Wanderers,英格兰超级联赛,右,180,77,5,4
Edgar Alvarez,意大利,36,W,73,73,92,63,65,74,44,67,10502904,Bari,意大利甲级联赛,右,173,76,4,1
Kossi Agassa,法国,38,GK,73,73,33,16,17,20,16,56,13301439,Stade de Reims,法国甲级联赛,右,190,85,0,0
Diego Contento,法国,26,FB,73,75,72,52,65,72,74,67,16735557,Girondins de Bordeaux,法国甲级联赛,左,178,74,0,2
Andreas Wolf,德国,34,CB,73,73,44,51,60,44,73,71,12263296,1. FC Nürnberg,德国甲级联赛,右,183,82,4,1
Nick Viergever,荷兰,27,FB,73,75,70,52,67,61,75,76,10888164,AZ,荷兰甲级联赛,左,183,78,1,0
Emerse Fae,法国,32,CM,73,75,70,63,73,68,69,72,12612963,OGC Nice,法国甲级联赛,右,175,71,1,0
Giuseppe Biava,意大利,39,CB,73,73,42,41,56,48,78,56,20725638,Lazio,意大利甲级联赛,右,180,73,9,0
Marko Pantelic,荷兰,38,ST,73,73,59,74,60,69,24,67,11167064,Ajax,荷兰甲级联赛,右,183,80,11,5
Juan Gomez,意大利,31,ST,73,73,83,66,63,76,25,75,17903337,Hellas Verona,意大利甲级联赛,右,180,75,5,2
Pawel Olkowski,波兰,26,FB,73,74,84,60,64,74,71,72,20163448,Polonia Bytom,波兰甲级联赛,右,183,76,0,0
Oriol Romeu,德国,25,CM,73,78,60,43,72,63,72,75,23050847,VfB Stuttgart,德国甲级联赛,右,183,83,0,0
Paul Scharner,英格兰,36,CM,73,73,54,64,63,60,72,68,16210089,Wigan Athletic,英格兰超级联赛,右,190,81,13,8
Mark Bunn,英格兰,32,GK,73,73,47,19,35,25,16,54,15662802,Norwich City,英格兰超级联赛,右,183,78,1,0
Afriyie Acquah,意大利,24,FB,73,78,81,64,72,74,68,84,10300392,Parma,意大利甲级联赛,右,178,70,1,1
Richard Kingson,英格兰,38,GK,73,76,62,16,30,18,14,65,11514746,Blackpool,英格兰超级联赛,右,183,83,0,0
Johnny Heitinga,英格兰,33,CM,73,73,42,58,68,57,72,69,12380860,Everton,英格兰超级联赛,右,180,77,7,4
Giampiero Pinzi,意大利,35,CM,73,73,66,70,77,68,71,68,5952582,Udinese,意大利甲级联赛,右,180,73,11,7
Jerry Uche Mbakogu,意大利,24,ST,73,78,89,68,57,71,20,84,40409810,Carpi,意大利甲级联赛,右,183,82,0,0
Diego Marino,西班牙,26,GK,73,75,48,21,29,14,16,57,23476270,Levante UD,西班牙甲级联赛,右,185,75,0,0
Ruben Rochina,西班牙,25,ST,73,77,72,75,73,76,40,69,14599794,Granada CF,西班牙甲级联赛,左,183,76,6,0
Michael Turner,英格兰,33,GK,73,73,34,38,49,48,74,75,20002052,Sunderland,英格兰超级联赛,右,193,90,10,0
Tim Sparv,荷兰,29,CM,73,73,53,60,70,56,73,64,35278954,FC Groningen,荷兰甲级联赛,左,196,84,0,0
Diomansy Kamara,英格兰,36,ST,73,78,83,73,58,77,22,68,13240877,Fulham,英格兰超级联赛,右,180,77,7,0
Ricardo van Rhijn,荷兰,25,FB,73,77,82,65,65,68,72,72,27415514,Ajax,荷兰甲级联赛,右,178,72,0,1
Marcinho,葡萄牙,35,W,73,73,78,73,75,78,46,69,11426098,CS Marítimo,葡萄牙超级联赛,右,170,70,0,0
Pedro Bigas,西班牙,26,FB,73,77,76,53,54,52,76,77,22591246,RCD Mallorca,西班牙甲级联赛,左,180,78,1,0
Nabil Ghilas,葡萄牙,26,ST,73,75,76,72,67,74,31,71,8648998,Moreirense FC,葡萄牙超级联赛,右,183,85,0,0
Garry Mendes Rodrigues,西班牙,26,W,73,76,86,67,68,73,44,71,27070782,Elche CF,西班牙甲级联赛,右,173,70,1,2
Peterson Pecanha,葡萄牙,36,GK,73,75,44,15,32,14,14,65,28427494,CS Marítimo,葡萄牙超级联赛,左,183,77,0,0
Kuca,葡萄牙,27,W,73,75,80,69,68,76,20,67,25973099,Estoril Praia,葡萄牙超级联赛,右,180,63,0,0
Steeve Elana,法国,36,GK,73,73,37,12,37,18,15,52,7650848,Stade Brestois 29,法国甲级联赛,右,188,85,0,0
Daryl Murphy,苏格兰,33,ST,73,73,66,74,60,68,27,78,18740147,Celtic,苏格兰超级联赛,左,188,82,0,1
Manuel Pucciarelli,意大利,25,ST,73,77,83,72,65,78,28,69,22761963,Empoli,意大利甲级联赛,右,175,63,0,0
Filip Helander,意大利,23,CB,73,78,59,37,49,43,74,71,5406817,Hellas Verona,意大利甲级联赛,左,193,83,0,0
Ramazan Oezcan,德国,32,GK,73,73,52,18,31,14,15,60,12615498,FC Ingolstadt 04,德国甲级联赛,左,188,84,0,0
Frantisek Rajtoral,德国,30,CM,73,73,79,66,73,74,72,72,16655849,Hannover 96,德国甲级联赛,右,178,77,0,0
Roberto Abbondanzieri,西班牙,44,GK,73,82,64,20,34,20,15,57,13020006,Getafe CF,西班牙甲级联赛,右,185,88,0,0
Mark Gonzalez,西班牙,32,ST,73,73,83,75,67,74,22,75,15547966,Real Betis Balompié,西班牙甲级联赛,左,175,74,4,2
Nicolas Blandi,法国,26,ST,73,75,65,73,59,70,33,69,17081315,En Avant de Guingamp,法国甲级联赛,右,180,76,0,0
Manuel Friedrich,德国,37,CB,73,73,52,40,55,50,73,68,18543419,Bayer 04 Leverkusen,德国甲级联赛,右,188,87,9,2
Cristian Zaccardo,意大利,35,CB,73,73,55,50,50,56,76,71,14214087,Parma,意大利甲级联赛,右,183,77,11,3
Christian Brocchi,意大利,40,CM,73,73,57,67,74,70,74,61,25571697,Lazio,意大利甲级联赛,右,170,70,2,2
Petr Jiracek,德国,30,CM,73,73,70,67,69,70,73,77,27406974,Hamburger SV,德国甲级联赛,左,180,77,4,1
Matteo Sereni,意大利,41,GK,73,76,52,22,42,22,16,61,15377032,Torino,意大利甲级联赛,右,185,80,0,0
Celso Ortiz,荷兰,27,CM,73,74,64,59,67,71,74,71,8758863,AZ,荷兰甲级联赛,左,175,70,0,0
Luigi Sepe,意大利,25,GK,73,76,48,18,35,18,17,51,15043228,Empoli,意大利甲级联赛,左,190,90,0,0
Jan-Ingwer Callsen-Bracker,德国,32,CB,73,73,54,39,64,52,72,69,14036780,FC Augsburg,德国甲级联赛,右,188,88,8,0
Timothy Chandler,德国,26,FB,73,75,78,63,62,70,72,75,14848782,1. FC Nürnberg,德国甲级联赛,右,185,84,4,0
Sergio Floccari,意大利,35,ST,73,73,68,70,60,72,22,75,7890698,Lazio,意大利甲级联赛,右,180,80,49,3
Tim Cahill,英格兰,37,ST,73,73,62,67,56,62,46,76,6846988,Everton,英格兰超级联赛,右,178,69,28,13
Roy Beerens,荷兰,29,W,73,73,80,67,65,80,22,59,17530439,AZ,荷兰甲级联赛,右,173,63,0,0
Mahmoud Dahoud,德国,20,CAM,73,85,73,63,76,77,61,69,15725844,Borussia Mönchengladbach,德国甲级联赛,右,178,67,0,0
Miguel Angel de las Cuevas,西班牙,30,W,73,73,74,70,74,74,32,61,13876756,Real Sporting de Gijón,西班牙甲级联赛,右,175,69,18,4
Achraf Lazaar,意大利,24,FB,73,78,80,64,65,76,70,73,24517921,Palermo,意大利甲级联赛,左,183,76,0,0
Simon Tibbling,荷兰,22,CAM,73,81,72,54,75,78,59,62,29966988,FC Groningen,荷兰甲级联赛,右,173,76,1,0
Matheus,葡萄牙,33,W,73,74,86,73,62,76,31,65,5960046,SC Braga,葡萄牙超级联赛,左,175,68,0,0
Piti,西班牙,35,ST,73,73,64,79,76,76,34,62,14723607,Rayo Vallecano,西班牙甲级联赛,左,178,79,26,2
Assani Lukimya-Mulongoti,德国,30,FB,73,73,72,53,39,40,72,69,12458447,SV Werder Bremen,德国甲级联赛,右,190,89,2,0
Mohammed Abu,法国,25,CM,73,78,73,64,72,71,70,78,12647044,FC Lorient,法国甲级联赛,左,170,68,0,0
Florin Gardos,英格兰,28,CB,73,74,55,47,56,62,75,72,20852158,Southampton,英格兰超级联赛,右,193,88,0,0
Ola John,荷兰,24,W,73,78,88,70,70,78,23,57,32974840,FC Twente,荷兰甲级联赛,右,178,79,0,0
Abel Aguilar,法国,31,CM,73,73,41,63,71,68,72,73,10663025,Toulouse FC,法国甲级联赛,右,185,80,8,2
Michele Canini,意大利,31,CB,73,73,68,43,50,48,76,74,9744757,Cagliari,意大利甲级联赛,右,188,84,4,0
Rolando Bianchi,意大利,33,ST,73,73,59,75,51,63,27,68,16075829,Torino,意大利甲级联赛,右,188,81,25,0
Markus Rosenberg,德国,34,ST,73,73,68,73,67,70,34,76,10568928,SV Werder Bremen,德国甲级联赛,右,183,81,28,6
Saber Khalifa,法国,30,ST,73,76,76,72,66,74,40,69,13320359,Évian Thonon Gaillard FC,法国甲级联赛,右,183,73,17,0
Julian,西班牙,25,GK,73,77,40,15,28,16,14,53,10270197,UD Almería,西班牙甲级联赛,右,196,95,0,0
Florian Klein,德国,30,FB,73,73,79,61,67,72,72,72,14603633,VfB Stuttgart,德国甲级联赛,右,183,72,0,0
Mano,葡萄牙,29,FB,73,73,82,51,59,68,73,73,30086902,Estoril Praia,葡萄牙超级联赛,右,170,67,0,0
Ondrej Mazuch,比利时,27,CB,73,76,64,35,45,48,74,71,21593915,RSC Anderlecht,比利时甲级联赛,右,188,83,0,0
Tomas Necid,荷兰,27,ST,73,75,68,76,60,69,30,71,11055599,PEC Zwolle,荷兰甲级联赛,右,190,81,7,2
Raul Rodriguez,西班牙,29,CB,73,73,64,24,59,46,76,73,18986304,RCD Espanyol,西班牙甲级联赛,右,183,74,0,0
Benik Afobe,英格兰,23,ST,73,81,84,71,61,72,21,75,12678910,Bournemouth,英格兰超级联赛,右,183,77,0,0
Alex Silva,德国,31,CM,73,75,38,55,59,46,75,61,17528897,Hamburger SV,德国甲级联赛,右,193,81,0,0
Nana Asare,荷兰,30,FB,73,73,79,61,74,76,75,79,31065822,FC Utrecht,荷兰甲级联赛,左,173,65,0,0
Marcelo Estigarribia,意大利,29,FB,73,73,80,61,68,76,64,67,14521014,Sampdoria,意大利甲级联赛,左,180,70,4,1
Roque Mesa,西班牙,27,FB,73,74,79,61,71,73,70,71,13608169,UD Las Palmas,西班牙甲级联赛,右,168,64,0,0
Steven Cherundolo,德国,37,FB,73,73,68,51,68,70,74,72,10371779,Hannover 96,德国甲级联赛,右,173,69,2,0
Marco Natanel Torsiglieri,西班牙,28,CB,73,73,37,44,62,49,74,68,15176020,UD Almería,西班牙甲级联赛,左,190,86,1,0
Steven Zuber,瑞士,25,W,73,77,80,73,68,76,50,71,21332579,Grasshopper Club Zürich,瑞士超级联赛,右,180,79,0,0
Edgar Antonio Mendez,西班牙,25,ST,73,77,76,69,71,73,31,73,17672120,UD Almería,西班牙甲级联赛,左,188,75,0,0
Derley,葡萄牙,29,ST,73,73,70,73,65,72,29,75,14361718,CS Marítimo,葡萄牙超级联赛,右,185,83,0,0
Ayoze Perez,英格兰,23,W,73,82,78,68,63,80,17,65,21655294,Newcastle United,英格兰超级联赛,右,178,66,0,0
Artur Sobiech,德国,26,ST,73,75,70,69,57,70,31,74,17290827,Hannover 96,德国甲级联赛,右,185,81,9,0
Szymon Pawlowski,波兰,30,ST,73,73,86,70,64,74,41,74,17012615,Zagłębie Lubin,波兰甲级联赛,右,175,70,0,0
Isma Lopez,西班牙,26,FB,73,75,82,65,64,73,73,68,21576007,Real Sporting de Gijón,西班牙甲级联赛,左,180,75,0,0
Simon Zoller,德国,25,ST,73,77,79,72,60,72,20,62,9337035,1. FC Köln,德国甲级联赛,右,178,70,0,0
Fabio Rochemback,葡萄牙,35,CM,73,78,57,76,76,74,70,67,16238051,Sporting CP,葡萄牙超级联赛,右,183,83,0,0
Diego Barcelos,葡萄牙,31,W,73,73,84,70,68,77,31,69,11092638,CD Nacional,葡萄牙超级联赛,右,173,71,0,0
Jeremy Sorbon,法国,33,CB,73,73,40,33,57,47,76,62,26446598,En Avant de Guingamp,法国甲级联赛,右,183,79,1,0
Szabolcs Huszti,德国,33,ST,73,73,75,70,73,73,33,69,18717286,Hannover 96,德国甲级联赛,左,173,72,24,2
Geovanni,英格兰,36,ST,73,76,78,79,66,76,30,58,8643968,Hull City,英格兰超级联赛,右,170,67,12,0
Ola Toivonen,荷兰,30,CAM,73,73,54,77,73,73,38,66,25756558,PSV,荷兰甲级联赛,右,188,81,11,1
Henok Goitom,西班牙,32,ST,73,73,68,67,67,72,38,71,8532384,Real Valladolid,西班牙甲级联赛,右,188,86,13,0
Adam Bogdan,英格兰,29,GK,73,73,54,14,22,14,16,57,9626675,Bolton Wanderers,英格兰超级联赛,右,193,90,0,0
Cristiano Piccini,西班牙,24,FB,73,80,80,40,60,73,76,72,18737807,Real Betis Balompié,西班牙甲级联赛,右,183,77,0,0
Stefanos Kapinos,德国,22,GK,73,80,28,17,25,22,13,41,23235172,Borussia Dortmund,德国甲级联赛,右,196,91,0,0
Darren Bent,英格兰,32,ST,73,73,74,75,46,66,21,65,26870496,Sunderland,英格兰超级联赛,右,180,73,73,8
Victor Alvarez,西班牙,23,FB,73,79,78,53,72,74,69,74,19003345,RCD Espanyol,西班牙甲级联赛,左,178,69,0,0
Nacho Cases,西班牙,29,CM,73,73,66,67,77,70,70,72,13115111,Real Sporting de Gijón,西班牙甲级联赛,左,175,66,1,2
Jermaine Pennant,英格兰,33,W,73,73,80,63,69,78,34,65,15575609,Stoke City,英格兰超级联赛,右,173,68,4,17
Matthias Ostrzolek,德国,26,FB,73,75,76,48,63,72,73,71,21473523,FC Augsburg,德国甲级联赛,左,178,72,0,3
Ben Mee,英格兰,27,FB,73,75,69,42,60,64,74,83,22291086,Burnley,英格兰超级联赛,左,180,74,0,0
Omar Elabdellaoui,德国,25,FB,73,79,84,60,68,76,72,66,30352859,Eintracht Braunschweig,德国甲级联赛,右,178,73,1,2
Jorge Fucile,葡萄牙,32,FB,73,73,72,45,66,74,74,72,25496451,FC Porto,葡萄牙超级联赛,右,178,80,0,0
Alvaro Gonzalez,意大利,32,CM,73,73,74,66,73,72,76,72,8474012,Lazio,意大利甲级联赛,右,175,72,4,4
"Bennedict McCarthy,27",英格兰,39,ST,73,73,70,75,65,72,31,68,10415600,Blackburn Rovers,英格兰超级联赛,右,183,87,14,6
Constant Djakpa,德国,30,FB,73,73,79,53,68,72,72,74,14036816,Eintracht Frankfurt,德国甲级联赛,左,178,74,1,1
Keko,西班牙,25,W,73,77,78,67,69,79,33,68,20887262,SD Eibar,西班牙甲级联赛,右,173,68,1,1
Sandro,英格兰,27,CM,73,74,72,73,71,72,80,76,16289895,Tottenham Hotspur,英格兰超级联赛,右,188,75,4,1
Felipe,意大利,32,FB,73,73,52,43,62,61,77,64,26456136,Udinese,意大利甲级联赛,左,188,75,2,0
Adrian Embarba,西班牙,24,CAM,73,79,77,68,71,74,50,59,7552774,Rayo Vallecano,西班牙甲级联赛,右,173,66,0,0
Albert Rusnak,荷兰,22,W,73,80,82,72,73,74,33,56,11000249,FC Groningen,荷兰甲级联赛,右,180,65,4,5
Caiuby,德国,28,ST,73,74,83,71,69,72,28,83,23780532,FC Augsburg,德国甲级联赛,右,183,85,1,0
Ivan Klasnic,英格兰,36,ST,73,73,54,75,61,70,28,70,8088639,Bolton Wanderers,英格兰超级联赛,左,185,82,22,6
Shinji Ono,德国,37,CAM,73,73,60,69,76,76,58,65,10718664,VfL Bochum,德国甲级联赛,右,175,74,0,0
Martin Jiranek,英格兰,37,CM,73,73,64,71,63,60,72,69,10689011,Birmingham City,英格兰超级联赛,右,183,78,0,1
Alessandro Nesta,意大利,40,CB,73,73,42,35,61,62,74,60,9654143,Milan,意大利甲级联赛,右,188,79,4,0
Filippo Inzaghi,意大利,43,ST,73,73,53,62,51,58,14,45,9522062,Milan,意大利甲级联赛,右,180,74,21,1
Harry Arter,英格兰,27,CAM,73,75,69,74,74,72,63,74,17212804,Bournemouth,英格兰超级联赛,右,178,70,0,0
Gabriele Angella,意大利,27,CB,73,74,54,42,59,52,75,70,15531627,Udinese,意大利甲级联赛,右,190,82,4,0
Aleksandar Pantic,西班牙,24,FB,73,77,74,42,55,59,74,74,27078311,Córdoba CF,西班牙甲级联赛,右,185,76,0,0
Steve Sidwell,英格兰,34,CM,73,73,58,71,71,70,71,71,19244148,Fulham,英格兰超级联赛,右,178,80,18,9
Markus Feulner,德国,34,CM,73,73,64,73,75,72,68,72,16794441,1. FC Nürnberg,德国甲级联赛,右,183,82,7,2
Salih Ucan,意大利,22,CAM,73,79,76,69,74,76,67,64,19131645,Roma,意大利甲级联赛,右,183,65,0,0
Josef Martinez,意大利,23,W,73,79,89,61,63,81,14,71,8976408,Torino,意大利甲级联赛,右,173,71,0,0
Cristiano Biraghi,西班牙,24,FB,73,79,77,63,60,64,76,72,16231953,Granada CF,西班牙甲级联赛,左,183,78,0,0
Mergim Mavraj,德国,30,CB,73,73,52,32,53,48,73,72,26286549,VfL Bochum,德国甲级联赛,左,188,84,1,0
Toni Sunjic,德国,28,CB,73,74,56,39,51,46,75,74,25870372,VfB Stuttgart,德国甲级联赛,右,193,84,0,0
Timo Hildebrand,德国,37,GK,73,73,44,29,30,26,24,58,15162311,TSG 1899 Hoffenheim,德国甲级联赛,右,185,80,0,0
Kieran Richardson,英格兰,32,CM,73,73,77,75,73,76,73,68,29376380,Sunderland,英格兰超级联赛,左,175,69,17,10
Georg Niedermaier,德国,30,GK,73,73,34,34,46,36,73,70,13747239,VfB Stuttgart,德国甲级联赛,右,190,80,8,1
Paul Bastien Lasne,法国,27,CM,73,74,68,71,73,74,72,71,16180647,AC Ajaccio,法国甲级联赛,左,185,77,4,1
Nicolas Castillo,比利时,23,ST,73,81,65,76,60,68,28,77,13454581,Club Brugge KV,比利时甲级联赛,右,178,78,0,0
Jeong-Ho Hong,德国,27,FB,73,75,74,48,58,54,74,79,21631916,FC Augsburg,德国甲级联赛,右,185,80,0,0
Federico Viviani,意大利,24,CM,73,77,69,71,77,74,66,68,14363898,Hellas Verona,意大利甲级联赛,右,180,75,0,0
Lucas Andersen,荷兰,22,W,73,80,76,63,73,82,34,53,21369715,Willem II,荷兰甲级联赛,右,180,73,1,3
Mounir El Hamdaoui,荷兰,32,ST,73,73,68,77,62,80,16,62,25452915,AZ,荷兰甲级联赛,右,183,84,7,1
Uwe Huenemeier,德国,30,FB,73,73,64,48,62,56,73,74,8166829,SC Paderborn 07,德国甲级联赛,右,188,84,0,0
Kelvin,葡萄牙,23,W,73,80,82,66,62,82,19,49,15177439,Rio Ave FC,葡萄牙超级联赛,左,173,67,0,0
Robin Quaison,意大利,23,CAM,73,80,81,65,75,77,55,68,15404198,Palermo,意大利甲级联赛,右,183,76,0,0
Molla Wague,意大利,25,CB,73,76,60,35,45,44,74,75,19440402,Udinese,意大利甲级联赛,右,190,87,1,0
Jean-Daniel Akpa-Akpro,法国,24,CM,73,78,76,72,71,74,72,68,11954966,Toulouse FC,法国甲级联赛,右,180,71,2,0
Robert Ibanez,西班牙,23,W,73,80,78,67,73,74,46,53,19813701,Granada CF,西班牙甲级联赛,右,170,67,0,0
Milivoje Novakovic,德国,37,ST,73,73,70,71,60,72,22,65,11447527,1. FC Köln,德国甲级联赛,右,193,85,46,5
Adam Federici,英格兰,31,GK,73,73,48,16,39,23,18,62,15357377,Reading,英格兰超级联赛,右,188,90,0,0
Souleymane Diawara,法国,38,CB,73,73,59,46,60,50,71,71,16624098,Olympique de Marseille,法国甲级联赛,右,188,88,4,0
Killan Overmeire,比利时,31,CM,73,73,66,58,73,66,69,83,15717469,Sporting Lokeren,比利时甲级联赛,右,188,84,0,0
Amauri,意大利,36,ST,73,73,44,67,60,79,20,75,9909909,Juventus,意大利甲级联赛,右,185,83,45,4
Jean Beausejour,英格兰,32,FB,73,73,80,66,67,74,71,75,17871256,Wigan Athletic,英格兰超级联赛,左,178,83,3,13
Will Orban,德国,24,CB,73,79,62,33,53,57,73,76,10744255,1. FC Nürnberg,德国甲级联赛,右,185,82,0,0
Edgar Salli,瑞士,24,W,73,78,90,65,66,77,19,55,14701708,FC St. Gallen,瑞士超级联赛,右,163,64,5,0
Jean-Christophe Bahebeck,法国,23,ST,73,79,79,73,65,75,25,66,12479996,ES Troyes AC,法国甲级联赛,右,183,76,5,0
Jerome Roussillon,法国,23,FB,73,79,85,64,71,72,72,70,11012037,Montpellier Hérault SC,法国甲级联赛,左,175,80,1,0
David Bentley,英格兰,32,ST,73,73,64,69,73,74,25,59,9459266,Tottenham Hotspur,英格兰超级联赛,右,175,68,3,4
Elvis Manu,荷兰,23,ST,73,78,90,70,52,76,23,75,29912675,SC Cambuur,荷兰甲级联赛,右,173,70,5,1
Michael Essien,英格兰,34,CM,73,73,55,71,73,71,72,76,13757794,Chelsea,英格兰超级联赛,右,178,85,10,3
Andre Martins,葡萄牙,26,CAM,73,75,80,65,73,81,53,56,12434166,Sporting CP,葡萄牙超级联赛,右,170,62,0,0
Wilson Eduardo,葡萄牙,26,ST,73,75,79,77,64,76,26,67,13248058,S.C. Olhanense,葡萄牙超级联赛,右,178,76,2,1
Yacine Bammou,法国,25,ST,73,76,72,73,71,72,32,76,52388422,FC Nantes,法国甲级联赛,右,188,78,0,0
Mikel Oiarzabal,西班牙,19,W,73,85,72,71,70,76,32,61,24154579,Real Sociedad,西班牙甲级联赛,左,178,77,0,0
Olivier Deschacht,比利时,35,FB,73,73,58,53,61,54,77,70,39712354,RSC Anderlecht,比利时甲级联赛,左,188,81,0,0
Sone Aluko,苏格兰,27,W,73,74,88,71,68,76,35,61,29067019,Aberdeen,苏格兰超级联赛,左,173,75,3,3
Mauro,葡萄牙,26,FB,73,76,68,50,68,70,74,75,25168137,SC Braga,葡萄牙超级联赛,右,178,72,0,0
Moussa Konate,瑞士,23,ST,73,81,88,67,51,72,18,73,15538718,FC Sion,瑞士超级联赛,右,183,78,6,0
Neca,葡萄牙,37,CAM,73,73,65,70,74,75,44,64,17811928,Vitória Setúbal,葡萄牙超级联赛,右,178,71,0,0
Custodio,葡萄牙,33,CM,73,73,50,70,73,70,73,72,8043053,SC Braga,葡萄牙超级联赛,右,180,75,0,0
Goncalo Santos,葡萄牙,30,CM,73,76,64,57,69,64,73,82,22242458,Estoril Praia,葡萄牙超级联赛,右,183,79,0,0
Christian Pander,德国,33,CM,73,73,68,73,69,74,72,69,8172447,Hannover 96,德国甲级联赛,左,185,80,3,7
Alberto Rivera,西班牙,38,CAM,73,73,66,56,79,74,53,65,9941400,Real Sporting de Gijón,西班牙甲级联赛,右,168,66,1,4
Fabio,英格兰,26,FB,73,76,82,58,69,74,73,70,20777868,Queens Park Rangers,英格兰超级联赛,右,173,65,1,0
Pablo Orbaiz,西班牙,37,CM,73,73,56,66,81,67,65,60,7663734,Athletic Club de Bilbao,西班牙甲级联赛,右,178,75,3,2
Leon Balogun,德国,28,FB,73,74,72,53,57,61,74,74,18378103,1. FSV Mainz 05,德国甲级联赛,右,190,88,0,0
Alexander Esswein,德国,26,ST,73,74,90,75,64,74,28,75,16764796,1. FC Nürnberg,德国甲级联赛,右,183,85,6,1
Vadis Odjidja-Ofoe,比利时,27,CM,73,74,69,74,74,72,69,79,25897305,Club Brugge KV,比利时甲级联赛,右,185,91,0,0
Rudy Gestede,英格兰,28,ST,73,74,72,73,51,68,28,82,18936971,Aston Villa,英格兰超级联赛,右,193,86,0,0
Artem Kravets,德国,27,ST,73,74,72,72,62,66,37,69,24561335,VfB Stuttgart,德国甲级联赛,右,188,78,0,0
Onyekachi Apam,法国,30,CB,73,74,64,42,57,45,73,76,11765670,OGC Nice,法国甲级联赛,右,175,84,1,0
Drissa Diakite,法国,31,FB,73,73,76,44,63,62,73,72,19409969,OGC Nice,法国甲级联赛,右,175,69,0,0
Santiago Montoya,葡萄牙,25,W,73,79,84,68,69,80,37,50,18993339,Vitória Guimarães,葡萄牙超级联赛,左,173,63,0,0
Andrew Robertson,苏格兰,22,FB,73,81,81,60,64,72,71,67,36329959,Dundee United,苏格兰超级联赛,左,178,63,0,0
Sergi Gomez,西班牙,24,CM,73,79,53,42,69,62,73,67,28576311,RC Celta de Vigo,西班牙甲级联赛,右,185,77,0,0
Anderson,英格兰,28,CAM,73,73,76,65,78,78,66,61,23855135,Manchester United,英格兰超级联赛,左,175,69,5,6
Shaun Maloney,英格兰,33,W,73,73,68,68,72,76,36,64,19228765,Wigan Athletic,英格兰超级联赛,右,170,69,9,10
Mario Alvarez,西班牙,34,CB,73,73,66,48,56,50,76,74,11486673,Getafe CF,西班牙甲级联赛,左,178,75,1,0
Kelechi Iheanacho,英格兰,20,ST,73,87,87,71,63,73,16,66,15812490,Manchester City,英格兰超级联赛,左,188,77,0,0
Sabin Merino,西班牙,24,W,73,79,79,67,66,74,40,62,11238780,Athletic Club de Bilbao,西班牙甲级联赛,右,185,80,0,0
Javier Eraso,西班牙,26,CAM,73,75,68,71,75,70,60,73,12562643,Athletic Club de Bilbao,西班牙甲级联赛,右,180,71,0,0
Matias Nahuel Leiva,西班牙,20,W,73,85,74,64,70,80,22,60,10398993,Villarreal CF,西班牙甲级联赛,右,173,67,0,1
Nikica Jelavic,英格兰,31,ST,73,73,67,74,56,72,16,70,13750473,Everton,英格兰超级联赛,右,188,84,22,2
Godfred Donsah,意大利,20,CM,73,83,82,67,72,76,64,80,26335622,Bologna,意大利甲级联赛,右,175,70,0,0
Aritz Elustondo,西班牙,22,FB,72,80,71,34,46,58,73,68,12498708,Real Sociedad,西班牙甲级联赛,右,183,72,0,0
Amilton,葡萄牙,27,W,72,74,90,70,53,72,31,60,7012473,Uniao da Madeira,葡萄牙超级联赛,右,173,68,0,0
Amadou Diawara,意大利,19,FB,72,82,72,54,70,72,68,70,15049713,Bologna,意大利甲级联赛,右,183,75,0,0
Adrian Marin,西班牙,19,FB,72,82,75,47,61,70,74,66,20162290,Villarreal CF,西班牙甲级联赛,左,180,73,0,0
Sami Allagui,德国,30,ST,72,72,74,71,63,75,23,73,20230982,1. FSV Mainz 05,德国甲级联赛,右,183,77,23,2
Maximilian Philipp,德国,22,W,72,78,83,67,66,76,28,64,32462152,SC Freiburg,德国甲级联赛,右,183,77,0,0
Lionn,葡萄牙,27,FB,72,73,80,63,57,68,72,73,13318754,Rio Ave FC,葡萄牙超级联赛,右,183,77,0,0
Jose Moreira,葡萄牙,34,GK,72,78,51,22,32,22,14,64,12149254,SL Benfica,葡萄牙超级联赛,右,185,83,0,0
Laryea Kingston,苏格兰,36,CAM,72,76,72,69,72,73,50,65,9008990,Heart of Midlothian,苏格兰超级联赛,右,178,72,0,0
Pedro Botelho,西班牙,27,FB,72,74,76,65,62,72,69,77,13169926,Levante UD,西班牙甲级联赛,左,185,70,1,1
Yoric Ravet,瑞士,27,ST,72,74,84,76,66,70,36,67,18799383,Grasshopper Club Zürich,瑞士超级联赛,右,178,74,6,0
Adalberto Penaranda,西班牙,19,ST,72,84,82,74,57,74,20,63,36888944,Granada CF,西班牙甲级联赛,右,183,78,0,0
Ashley Cole,英格兰,36,FB,72,72,72,48,64,70,73,69,7472966,Chelsea,英格兰超级联赛,左,175,66,6,16
Stephan Andersen,法国,35,GK,72,72,54,17,44,16,16,60,14601726,Évian Thonon Gaillard FC,法国甲级联赛,右,188,82,0,0
Bryan Linssen,荷兰,26,ST,72,75,82,76,62,73,39,68,12211006,Heracles Almelo,荷兰甲级联赛,右,170,64,7,8
Joel Chukwuma Obi,意大利,25,FB,72,76,83,67,73,75,71,72,27815027,Inter,意大利甲级联赛,左,175,71,1,0
Mohammed Abdellaoue,德国,31,ST,72,72,71,71,62,71,33,69,19372518,Hannover 96,德国甲级联赛,左,183,80,30,2
Torsten Frings,德国,40,CM,72,72,34,69,72,66,73,72,17001448,SV Werder Bremen,德国甲级联赛,右,183,80,19,0
Fausto Rossi,西班牙,26,CM,72,76,69,60,77,70,68,61,20725137,Real Valladolid,西班牙甲级联赛,右,175,67,1,0
Mehdi Mostefa,法国,33,CM,72,72,52,55,69,66,66,80,11988946,AC Ajaccio,法国甲级联赛,右,180,82,5,2
Massadio Haidara,法国,24,FB,72,79,76,55,59,72,74,72,26569556,AS Nancy-Lorraine,法国甲级联赛,左,180,75,1,0
Juan Camilo Zuniga,意大利,31,FB,72,72,87,68,68,79,70,68,10682013,Napoli,意大利甲级联赛,右,173,72,4,1
Gato Silva,西班牙,30,CM,72,72,56,67,76,63,69,75,19856790,CA Osasuna,西班牙甲级联赛,右,178,75,1,1
Gonzalo Jara,英格兰,31,FB,72,72,68,50,69,63,72,73,8499189,West Bromwich Albion,英格兰超级联赛,右,178,78,1,2
Glenn Murray,英格兰,33,ST,72,72,57,73,63,66,30,74,15155955,Crystal Palace,英格兰超级联赛,右,185,84,1,1
Simon Francis,英格兰,31,FB,72,72,72,50,64,71,72,69,25698400,Bournemouth,英格兰超级联赛,右,190,89,0,0
Quincy Owusu-Abeyie,西班牙,30,W,72,72,89,67,59,78,24,70,18818776,Málaga CF,西班牙甲级联赛,右,180,75,2,2
Alex Martinez,西班牙,26,FB,72,76,78,64,62,69,71,66,21458038,Real Betis Balompié,西班牙甲级联赛,左,175,64,0,0
Lars Veldwijk,荷兰,25,ST,72,76,67,74,50,62,20,77,13840005,PEC Zwolle,荷兰甲级联赛,右,198,95,0,0
Tony Hibbert,英格兰,35,CB,72,72,54,20,56,41,81,74,24901171,Everton,英格兰超级联赛,右,173,71,2,6
Kenneth Omeruo,荷兰,23,FB,72,81,74,36,47,59,72,77,16042016,ADO Den Haag,荷兰甲级联赛,右,185,83,0,0
Ayanda Patosi,比利时,24,W,72,76,74,67,72,76,22,50,7621376,Sporting Lokeren,比利时甲级联赛,右,175,67,0,0
Chris Loewe,德国,27,FB,72,73,86,63,65,70,70,71,16889996,Borussia Dortmund,德国甲级联赛,左,173,63,0,0
Fernando Canesin Matos,比利时,24,W,72,76,82,61,68,77,30,64,11762073,KV Oostende,比利时甲级联赛,右,175,68,0,0
Alex Pearce,英格兰,28,GK,72,72,44,30,47,44,73,76,14171007,Reading,英格兰超级联赛,右,188,85,0,1
Danny Simpson,英格兰,29,FB,72,72,74,39,61,64,75,76,15250573,Newcastle United,英格兰超级联赛,右,178,77,0,0
Armand Traore,英格兰,27,FB,72,73,86,52,64,72,67,73,15117464,Queens Park Rangers,英格兰超级联赛,左,183,82,1,4
Nicola Rigoni,意大利,26,CM,72,76,63,59,74,71,66,70,8073462,Chievo Verona,意大利甲级联赛,右,188,84,0,0
Liassine Cadamuro,西班牙,28,FB,72,73,68,40,62,63,72,74,13507711,Real Sociedad,西班牙甲级联赛,右,188,81,0,0
Damian Escudero,西班牙,29,W,72,72,73,66,71,74,42,67,25888143,Real Valladolid,西班牙甲级联赛,左,175,74,1,0
Egidio Arevalo,意大利,34,FB,72,72,66,56,63,63,75,77,7551143,Palermo,意大利甲级联赛,右,168,73,2,0
John Jairo Culma,法国,35,CM,72,72,64,50,70,64,72,74,21211430,Stade Brestois 29,法国甲级联赛,右,180,78,0,0
Geremi,英格兰,38,CM,72,79,70,70,73,71,70,75,5216379,Newcastle United,英格兰超级联赛,右,175,83,0,3
Goncalo Brandao,葡萄牙,30,FB,72,72,67,47,52,56,74,65,11800628,CF Os Belenenses,葡萄牙超级联赛,左,188,79,0,0
Jon Flanagan,英格兰,23,FB,72,80,72,37,59,70,75,70,4640245,Liverpool,英格兰超级联赛,右,180,69,1,1
Du-Ri Cha,苏格兰,36,FB,72,72,86,59,65,64,72,75,11758372,Celtic,苏格兰超级联赛,右,180,79,2,0
Manu Lanzarote,西班牙,32,ST,72,72,67,73,73,74,29,60,13541077,RCD Espanyol,西班牙甲级联赛,左,178,69,1,1
Jonathan Zongo,西班牙,24,ST,72,73,91,67,62,72,35,79,12958624,UD Almería,西班牙甲级联赛,右,183,72,1,1
Guido Marcelo Carrillo,法国,25,ST,72,76,65,73,58,70,30,74,15169943,AS Monaco,法国甲级联赛,右,188,89,0,0
David Stockdale,英格兰,31,GK,72,72,34,16,32,18,15,46,18787629,Fulham,英格兰超级联赛,右,190,84,1,0
Javier Espinosa Gonzalez,西班牙,24,CAM,72,78,69,65,75,82,54,55,13264589,UD Almería,西班牙甲级联赛,右,175,70,0,0
Suk-Young Yun,英格兰,26,FB,72,72,82,61,65,70,70,74,11897082,Queens Park Rangers,英格兰超级联赛,左,183,74,0,0
Boaz Myhill,英格兰,34,GK,72,72,44,17,37,25,16,55,11303827,West Bromwich Albion,英格兰超级联赛,右,190,92,0,0
Emiliano Sala,法国,26,ST,72,75,62,71,55,72,24,73,17732041,FC Nantes,法国甲级联赛,右,188,75,0,0
Mbaye Leye,比利时,34,ST,72,72,66,71,66,70,33,73,12079424,SV Zulte-Waregem,比利时甲级联赛,右,183,75,0,0
Jacopo Sala,意大利,25,CM,72,78,77,66,72,73,70,74,19346597,Hellas Verona,意大利甲级联赛,右,183,75,2,3
Juan Sanchez Mino,意大利,26,CAM,72,74,78,73,73,72,49,69,13157771,Torino,意大利甲级联赛,左,178,78,0,0
Ramon Cardozo,葡萄牙,30,ST,72,72,54,72,54,66,19,68,9033913,Vitória Setúbal,葡萄牙超级联赛,右,190,83,0,0
Etienne Reijnen,荷兰,29,CB,72,72,54,31,66,59,72,77,10593433,AZ,荷兰甲级联赛,右,190,85,0,1
Djaniny,葡萄牙,25,ST,72,74,82,68,64,76,29,74,18759600,CD Nacional,葡萄牙超级联赛,右,188,85,0,0
Alexis Rolin,意大利,27,CB,72,73,61,35,43,50,76,67,9146091,Catania,意大利甲级联赛,右,185,76,0,0
Clint Hill,英格兰,38,GK,72,72,29,31,46,47,73,67,12293271,Queens Park Rangers,英格兰超级联赛,左,183,73,1,2
Christian Lell,德国,32,FB,72,72,80,62,64,67,71,77,13623555,Hertha BSC Berlin,德国甲级联赛,右,183,80,3,1
Jonathan Howson,英格兰,28,CAM,72,72,68,73,75,72,60,70,56857100,Norwich City,英格兰超级联赛,右,180,77,5,1
Rudolf Skacel,苏格兰,37,CAM,72,72,78,70,71,71,55,74,16383771,Heart of Midlothian,苏格兰超级联赛,左,178,77,0,0
John Arne Riise,意大利,36,CM,72,72,58,72,73,68,78,73,9815459,Roma,意大利甲级联赛,左,188,82,7,11
Boudewijn Zenden,英格兰,40,CAM,72,75,68,74,74,75,50,64,10747667,Sunderland,英格兰超级联赛,左,175,70,4,3
Asier del Horno,西班牙,35,CM,72,72,68,63,69,69,72,71,26544218,Levante UD,西班牙甲级联赛,左,183,70,2,0
Ruben Schaken,荷兰,34,W,72,72,78,66,62,73,33,66,14479284,Feyenoord,荷兰甲级联赛,右,173,74,2,1
George Friend,英格兰,29,FB,72,72,74,56,60,72,73,80,12231720,Manchester United,英格兰超级联赛,左,188,83,0,0
Francisco Chica,西班牙,31,FB,72,72,75,57,62,60,72,82,10466286,RCD Espanyol,西班牙甲级联赛,右,175,77,2,2
Ritchie De Laet,英格兰,28,FB,72,72,86,47,59,68,70,74,12018904,Leicester City,英格兰超级联赛,右,185,77,1,0
Abdoul Karim Yoda,瑞士,28,W,72,73,86,65,65,74,44,72,14403049,FC Sion,瑞士超级联赛,左,183,73,0,0
Nene,意大利,33,ST,72,72,66,69,57,71,22,75,8690438,Cagliari,意大利甲级联赛,右,183,78,22,1
Titus Bramble,英格兰,35,CB,72,72,66,44,56,38,73,76,12403481,Wigan Athletic,英格兰超级联赛,右,185,86,6,0
Felix Klaus,德国,24,W,72,75,85,66,64,74,32,70,17736871,SC Freiburg,德国甲级联赛,右,178,79,7,3
Sacha Kljestan,比利时,31,CM,72,72,64,69,73,73,62,75,18606680,RSC Anderlecht,比利时甲级联赛,右,185,68,0,0
Artur Jedrzejczyk,波兰,29,FB,72,72,69,53,57,66,74,79,12685665,Legia Warszawa,波兰甲级联赛,右,188,82,0,0
Rafael Bracalli,葡萄牙,35,GK,72,72,40,15,40,22,16,60,10781960,CD Nacional,葡萄牙超级联赛,右,185,78,0,0
Jan Rajnoch,德国,35,CM,72,74,68,64,67,66,71,74,6124565,FC Energie Cottbus,德国甲级联赛,右,185,76,0,0
Richard Stearman,英格兰,29,CB,72,72,58,42,50,51,73,71,10367957,Wolverhampton Wanderers,英格兰超级联赛,右,190,76,3,0
Cristian Portu,西班牙,24,CAM,72,78,70,66,76,70,57,73,9390808,Rayo Vallecano,西班牙甲级联赛,右,178,70,0,0
Alejandro Pozuelo,比利时,25,CAM,72,75,76,61,74,76,55,66,11773766,KRC Genk,比利时甲级联赛,右,170,63,4,2
Karim Rekik,荷兰,22,FB,72,77,66,41,62,60,70,73,24468830,PSV,荷兰甲级联赛,左,185,78,1,0
Diego Biseswar,荷兰,28,ST,72,72,84,72,61,76,25,70,24173331,Feyenoord,荷兰甲级联赛,右,170,73,0,2
Rubinho,意大利,34,GK,72,72,46,17,33,19,12,56,16968821,Genoa,意大利甲级联赛,右,183,90,0,0
Michael Keane,英格兰,23,CB,72,79,68,39,61,62,75,79,15779095,Burnley,英格兰超级联赛,右,188,82,0,0
Paulo Cesar,葡萄牙,36,ST,72,72,79,70,64,74,36,67,16826668,SC Braga,葡萄牙超级联赛,右,175,73,0,0
Daniele Conti,意大利,37,CM,72,72,52,66,80,66,66,55,7490030,Cagliari,意大利甲级联赛,右,178,71,26,3
Stuart Holden,英格兰,31,CM,72,74,74,65,78,73,68,69,13742357,Bolton Wanderers,英格兰超级联赛,右,178,73,3,2
Sergio Pellissier,意大利,37,ST,72,72,59,78,60,74,25,58,12411557,Chievo Verona,意大利甲级联赛,右,175,76,50,2
Carl Jenkinson,英格兰,24,FB,72,75,76,51,65,68,73,73,10852212,West Ham United,英格兰超级联赛,右,185,77,1,3
Anaitz Arbilla,西班牙,29,FB,72,72,70,60,61,66,72,78,19473588,Rayo Vallecano,西班牙甲级联赛,右,178,75,1,0
Davide Brivio,意大利,28,FB,72,72,68,67,53,57,76,77,19916020,Atalanta,意大利甲级联赛,左,185,82,5,1
Kalu Uche,西班牙,34,ST,72,72,78,70,59,70,31,78,10457672,UD Almería,西班牙甲级联赛,右,178,79,30,2
Somalia,法国,28,FB,72,73,80,70,67,68,70,68,5912315,Toulouse FC,法国甲级联赛,右,180,75,0,0
Nir Bitton,苏格兰,25,CM,72,78,63,56,71,68,72,69,27806526,Celtic,苏格兰超级联赛,右,193,82,0,0
Norbert Gyomber,意大利,24,CB,72,77,59,23,43,49,75,62,13515186,Catania,意大利甲级联赛,右,188,74,1,0
Paul Nardi,法国,22,GK,72,82,48,13,36,18,14,45,17806627,AS Monaco,法国甲级联赛,右,188,77,0,0
Bolatti,意大利,31,CM,72,72,59,70,73,70,71,73,36311803,Fiorentina,意大利甲级联赛,右,190,81,0,0
Alexander Gerndt,瑞士,30,ST,72,72,76,74,66,72,33,71,39785751,BSC Young Boys,瑞士超级联赛,左,185,80,9,0
Iiass Bel Hassani,荷兰,24,CAM,72,76,66,67,72,78,39,57,28169016,Heracles Almelo,荷兰甲级联赛,左,173,72,2,3
Alex Fernandez,西班牙,24,CAM,72,77,55,60,77,70,54,62,12646194,RCD Espanyol,西班牙甲级联赛,右,180,68,0,0
Miroslav Radovic,波兰,32,W,72,72,76,63,72,78,38,69,6861432,Legia Warszawa,波兰甲级联赛,右,183,76,0,1
Alexander Madlung,德国,34,GK,72,72,28,56,53,40,69,66,11019813,VfL Wolfsburg,德国甲级联赛,右,193,92,10,0
Arnold Bruggink,德国,39,ST,72,75,57,75,74,68,25,66,8520002,Hannover 96,德国甲级联赛,右,185,80,9,2
Fabio Grosso,意大利,39,CM,72,72,42,70,71,72,76,57,10544025,Juventus,意大利甲级联赛,左,190,82,2,2
Stefan Johansen,苏格兰,25,CAM,72,76,70,65,75,72,58,68,4674956,Celtic,苏格兰超级联赛,左,183,76,0,0
Anders Konradsen,法国,26,CM,72,76,68,69,72,70,70,80,29826445,Stade Rennais FC,法国甲级联赛,右,183,76,1,0
Manuel Pasqual,意大利,34,CM,72,72,75,60,75,72,73,71,12828314,Fiorentina,意大利甲级联赛,左,178,71,4,3
Rafael Martinho,意大利,28,W,72,72,89,67,68,74,57,66,9519149,Cesena,意大利甲级联赛,左,183,73,2,0
Nicola Leali,意大利,23,GK,72,80,32,18,20,18,17,54,9766646,Frosinone,意大利甲级联赛,右,188,78,0,0
Mike Te Wierik,荷兰,24,FB,72,77,66,52,66,60,73,72,15080382,Heracles Almelo,荷兰甲级联赛,右,190,73,0,0
Mitchell Weiser,德国,22,FB,72,82,82,56,70,80,68,60,31883234,Hertha BSC Berlin,德国甲级联赛,右,175,67,0,0
Scott Carson,英格兰,31,GK,72,72,46,20,32,18,19,58,23963665,West Bromwich Albion,英格兰超级联赛,右,188,88,3,0
Stephane Dalmat,法国,37,CAM,72,72,66,73,77,72,44,62,15688182,FC Sochaux-Montbéliard,法国甲级联赛,右,180,76,1,0
Domingo Cisma,西班牙,34,FB,72,72,71,58,68,68,72,72,14159835,Racing Santander,西班牙甲级联赛,左,183,78,6,1
Marco Caneira,葡萄牙,37,FB,72,75,72,57,68,64,72,76,22200628,Sporting CP,葡萄牙超级联赛,右,178,75,0,0
Adam Pinter,西班牙,28,CM,72,72,46,48,65,56,69,71,21006067,Real Zaragoza,西班牙甲级联赛,右,190,84,0,0
Tim Matavz,荷兰,27,ST,72,73,66,69,48,68,32,67,16761181,FC Groningen,荷兰甲级联赛,右,188,81,1,0
Maya Yoshida,英格兰,28,CB,72,72,66,42,55,60,73,78,6914075,Southampton,英格兰超级联赛,右,188,78,1,0
Bradley Johnson,英格兰,29,CM,72,72,68,80,72,71,66,80,8346850,Norwich City,英格兰超级联赛,左,178,68,7,8
Hamdi Harbaoui,比利时,31,ST,72,72,66,69,62,71,27,80,7770560,Sporting Lokeren,比利时甲级联赛,右,185,81,0,0
Roberto Vitiello,意大利,33,FB,72,72,66,48,52,54,76,57,14305152,Siena,意大利甲级联赛,右,175,70,1,0
Phil Bardsley,英格兰,31,FB,72,72,67,65,51,64,74,76,7565075,Sunderland,英格兰超级联赛,右,180,74,10,2
Elkin Soto,德国,36,CM,72,72,36,63,76,76,74,50,9528136,1. FSV Mainz 05,德国甲级联赛,左,178,75,8,2
Fabrizio Cacciatore,意大利,30,FB,72,72,77,57,56,60,74,77,14540616,Hellas Verona,意大利甲级联赛,右,183,85,4,1
Koffi Djidji,法国,24,FB,72,78,70,27,48,57,74,64,9159874,FC Nantes,法国甲级联赛,右,183,71,2,0
Antonio Di Gaudio,意大利,27,W,72,74,92,65,63,76,23,56,12975942,Carpi,意大利甲级联赛,右,170,63,0,0
Nico Schulz,德国,23,FB,72,78,87,49,67,74,70,70,25830611,Hertha BSC Berlin,德国甲级联赛,左,180,78,0,0
Giorgos Tzavellas,德国,29,FB,72,72,68,66,60,64,75,72,15986640,Eintracht Frankfurt,德国甲级联赛,左,183,81,1,2
Mathias Joergensen,荷兰,26,FB,72,74,68,42,66,53,70,74,16810672,PSV,荷兰甲级联赛,右,190,79,0,0
Eren Derdiyok,德国,28,ST,72,72,51,74,68,68,22,69,23404901,Bayer 04 Leverkusen,德国甲级联赛,右,190,92,26,8
Ryan Taylor,英格兰,32,CM,72,72,60,71,70,70,73,68,11419178,Newcastle United,英格兰超级联赛,右,178,81,4,7
Lazaros Christodoulopoulos,意大利,30,CAM,72,72,77,76,72,78,53,71,8727760,Bologna,意大利甲级联赛,右,183,77,3,1
Lars Unnerstall,德国,26,GK,72,74,35,13,31,18,16,59,9590766,FC Schalke 04,德国甲级联赛,右,198,100,0,0
Carlos Cuellar,英格兰,35,CB,72,72,46,35,48,48,73,64,9141126,Aston Villa,英格兰超级联赛,右,190,84,5,6
Evangelos Mantzios,葡萄牙,33,ST,72,74,74,71,61,72,16,73,13203017,CS Marítimo,葡萄牙超级联赛,右,190,81,0,0
Alexandros Tziolis,西班牙,31,CM,72,72,54,72,72,62,70,71,13307158,Racing Santander,西班牙甲级联赛,右,188,84,1,0
Loukas Vyntra,西班牙,35,FB,72,72,64,59,58,56,72,74,33503871,Levante UD,西班牙甲级联赛,右,183,76,2,0
Nasief Morris,西班牙,35,FB,72,78,74,56,56,62,72,73,9228710,RC Recreativo,西班牙甲级联赛,右,175,74,3,0
Mikael Antonsson,意大利,35,CB,72,72,50,39,49,48,72,72,12268258,Bologna,意大利甲级联赛,右,188,80,0,0
Oscar Hiljemark,意大利,24,CM,72,77,73,66,73,72,64,78,13054567,Palermo,意大利甲级联赛,右,183,75,0,1
Andres Palop,西班牙,43,GK,72,72,46,24,24,23,24,53,32669197,Sevilla FC,西班牙甲级联赛,右,183,75,0,0
Javier Garrido,英格兰,31,CM,72,72,65,62,66,68,74,67,7187017,Norwich City,英格兰超级联赛,左,178,76,2,4
Edu Albacar,西班牙,37,CM,72,72,74,69,67,65,74,71,6402361,Elche CF,西班牙甲级联赛,左,178,71,3,0
Roberto Canella,西班牙,28,FB,72,72,77,53,63,67,70,74,22738177,Real Sporting de Gijón,西班牙甲级联赛,左,180,73,3,0
Dealbert,西班牙,33,CB,72,72,48,45,49,46,73,74,18611837,Valencia CF,西班牙甲级联赛,右,185,80,0,0
Nicholas Sebastian Frey,意大利,32,FB,72,72,69,45,52,58,79,75,8683441,Chievo Verona,意大利甲级联赛,右,183,78,0,2
Valerio Di Cesare,意大利,33,CB,72,72,52,53,34,57,73,73,17189162,Torino,意大利甲级联赛,右,188,75,0,0
Ismael Traore,法国,30,CB,72,72,63,37,59,50,72,76,18176499,Angers SCO,法国甲级联赛,右,183,89,0,0
Bebe,西班牙,26,ST,72,75,84,74,62,78,22,75,13704031,Rayo Vallecano,西班牙甲级联赛,右,190,83,0,0
Renato Ibarra,荷兰,25,W,72,75,86,65,65,76,48,72,18114410,Vitesse,荷兰甲级联赛,右,170,70,2,2
Pierre Webo,西班牙,34,ST,72,72,64,73,58,72,26,70,13139702,RCD Mallorca,西班牙甲级联赛,右,180,81,23,2
Jean Makoun,法国,33,CM,72,72,65,57,77,70,68,75,7693732,Olympique Lyonnais,法国甲级联赛,右,173,65,3,1
Dominik Kohr,德国,22,CM,72,77,66,60,72,72,70,73,7280398,FC Augsburg,德国甲级联赛,右,183,75,0,0
Diego Galo,葡萄牙,32,CB,72,72,54,31,41,44,74,76,11178701,FC Arouca,葡萄牙超级联赛,右,185,79,0,0
Javier Manquillo,法国,22,FB,72,82,81,45,56,72,71,70,18878920,Olympique de Marseille,法国甲级联赛,右,180,72,0,0
Bryan Cristante,意大利,21,CM,72,82,62,62,75,76,62,67,18843777,Milan,意大利甲级联赛,右,185,78,1,0
Jerzy Dudek,西班牙,43,GK,72,82,52,18,27,18,14,59,10286624,Real Madrid CF,西班牙甲级联赛,左,188,78,0,0
Duje Cop,西班牙,26,ST,72,74,65,73,64,70,24,62,14888876,Málaga CF,西班牙甲级联赛,右,183,73,0,0
Artiles Oliva Aythami,西班牙,30,CB,72,72,44,39,61,50,72,77,8145602,RC Deportivo de La Coruña,西班牙甲级联赛,右,183,78,4,0
Nicolo Cherubin,意大利,30,CB,72,72,52,20,46,43,76,69,12223844,Bologna,意大利甲级联赛,左,188,83,3,0
Kristoffer Nordfeldt,荷兰,27,GK,72,73,54,15,32,19,16,63,13125733,SC Heerenveen,荷兰甲级联赛,右,190,85,0,0
Jonathan Delaplace,比利时,30,CM,72,72,72,56,72,71,68,77,17450259,SV Zulte-Waregem,比利时甲级联赛,右,168,68,1,0
John Utaka,法国,34,ST,72,72,78,71,60,74,31,72,6754363,Montpellier Hérault SC,法国甲级联赛,右,178,82,14,3
Andreas Hinkel,苏格兰,34,FB,72,72,70,43,66,70,72,68,10568501,Celtic,苏格兰超级联赛,右,183,74,0,0
Oscar Gonzalez,西班牙,34,ST,72,72,64,76,72,71,41,66,10016654,Real Valladolid,西班牙甲级联赛,右,178,71,13,1
Ben Rienstra,荷兰,26,CM,72,74,66,70,71,73,67,78,5497788,Heracles Almelo,荷兰甲级联赛,右,183,79,4,0
Jose Manuel Pinto,西班牙,41,GK,72,72,38,25,31,24,25,58,10620701,FC Barcelona,西班牙甲级联赛,右,185,82,0,0
Esteban,西班牙,41,GK,72,72,42,17,35,15,18,63,7979355,UD Almería,西班牙甲级联赛,左,178,70,0,0
Alberto Rodriguez,葡萄牙,32,CB,72,72,62,36,53,54,72,69,22351536,SC Braga,葡萄牙超级联赛,右,183,71,0,0
Omar Milanetto,意大利,41,CAM,72,72,50,66,79,69,61,51,5335357,Genoa,意大利甲级联赛,右,175,75,5,3
Francesco Renzetti,意大利,28,FB,72,72,82,55,62,69,70,77,8972704,Cesena,意大利甲级联赛,左,175,65,0,0
Julien Gorius,比利时,31,CAM,72,72,51,72,75,70,56,68,9568485,KV Mechelen,比利时甲级联赛,右,183,78,0,0
Deivid,西班牙,27,FB,72,73,65,36,65,70,73,70,32764251,Córdoba CF,西班牙甲级联赛,右,188,73,0,0
Sebastian Cristoforo,西班牙,23,CM,72,80,68,59,74,64,73,59,22331834,Sevilla FC,西班牙甲级联赛,右,173,70,0,0
Igor Bubnjic,意大利,24,CB,72,77,55,34,42,47,75,69,19335581,Udinese,意大利甲级联赛,左,188,83,0,0
Jedaias Capucho Neves,意大利,37,W,72,72,79,62,62,78,32,65,10448507,Cagliari,意大利甲级联赛,右,175,74,25,3
Daniel Ciofani,意大利,31,ST,72,72,64,74,39,60,18,74,12361194,Frosinone,意大利甲级联赛,右,190,82,0,0
Mauro Goicoechea,葡萄牙,28,GK,72,72,50,20,25,16,22,58,25893212,FC Arouca,葡萄牙超级联赛,右,185,84,1,0
Pawel Wszolek,波兰,24,W,72,76,78,60,70,75,37,72,25990787,P. Warszawa,波兰甲级联赛,右,185,77,1,0
Guerrero,西班牙,26,ST,72,76,74,70,60,65,22,74,20436275,Real Sporting de Gijón,西班牙甲级联赛,右,180,77,0,0
Wesley,葡萄牙,36,ST,72,72,68,72,72,70,41,78,8510186,Leixões SC,葡萄牙超级联赛,左,180,72,0,0
Martin Petrov,英格兰,37,ST,72,72,66,77,75,72,27,55,6435745,Bolton Wanderers,英格兰超级联赛,左,180,76,11,15
Romain Bregerie,德国,30,CB,72,72,64,36,58,52,70,73,11079051,FC Ingolstadt 04,德国甲级联赛,右,190,88,0,0
Steeven Langil,比利时,28,W,72,72,92,65,64,74,28,64,14261028,Waasland-Beveren,比利时甲级联赛,右,178,70,2,1
Marius Stankevicius,意大利,35,FB,72,72,75,61,63,62,72,78,4740762,Sampdoria,意大利甲级联赛,右,190,83,6,0
Antonio Floro Flores,意大利,33,ST,72,72,75,73,65,74,25,72,9643586,Udinese,意大利甲级联赛,右,183,78,44,7
Mike Havenaar,荷兰,29,ST,72,72,64,65,58,70,18,78,24644450,Vitesse,荷兰甲级联赛,左,193,81,0,0
Marcos Ceara,法国,36,CM,72,72,64,68,73,71,74,70,12747308,Paris Saint-Germain,法国甲级联赛,右,175,81,1,0
Fagner,德国,27,FB,72,75,86,65,69,74,71,75,12405495,VfL Wolfsburg,德国甲级联赛,右,168,67,0,0
Claudio Terzi,意大利,32,CB,72,72,59,45,47,51,74,73,10915337,Siena,意大利甲级联赛,右,180,69,5,0
Thomas Manfredini,意大利,36,CB,72,72,53,42,49,51,75,69,13783165,Atalanta,意大利甲级联赛,左,180,72,3,0
Claiton Dos Santos,意大利,32,CB,72,72,54,28,43,52,74,71,15787552,Chievo Verona,意大利甲级联赛,左,185,78,0,0
Artjoms Rudnevs,波兰,28,ST,72,72,80,74,50,64,26,78,13058522,Lech Poznań,波兰甲级联赛,右,183,81,19,4
Larrys Mabiala,法国,29,FB,72,72,52,45,60,56,73,56,12869706,OGC Nice,法国甲级联赛,右,188,80,0,0
Joao Pedro Galvao,葡萄牙,24,ST,72,77,75,73,68,74,36,71,15751273,Estoril Praia,葡萄牙超级联赛,右,183,73,0,0
Fidel,西班牙,27,ST,72,74,84,67,63,74,18,70,26181402,Elche CF,西班牙甲级联赛,左,178,73,2,0
Nikola Stojiljkovic,葡萄牙,24,ST,72,78,68,71,59,68,17,72,7140043,SC Braga,葡萄牙超级联赛,右,183,76,0,0
Romain Genevois,法国,29,CB,72,72,63,39,58,58,72,75,15532713,OGC Nice,法国甲级联赛,右,183,75,0,0
Cezary Wilk,波兰,30,FB,72,72,70,58,71,58,70,74,7001795,Wisła Kraków,波兰甲级联赛,右,183,76,0,0
Milos Ninkovic,法国,32,CAM,72,72,73,70,70,75,50,67,14866923,Évian Thonon Gaillard FC,法国甲级联赛,右,180,75,1,0
Lionel Letizi,法国,43,GK,72,76,22,15,14,24,13,43,17721626,OGC Nice,法国甲级联赛,右,188,80,0,0
Haris Medunjanin,西班牙,31,CAM,72,72,70,78,74,78,67,72,12106467,RC Deportivo de La Coruña,西班牙甲级联赛,左,188,76,6,0
Mahamane Traore,法国,28,CAM,72,72,74,68,75,74,66,65,21135581,OGC Nice,法国甲级联赛,右,175,74,3,0
Raffaele Palladino,意大利,32,W,72,72,76,61,63,82,15,54,13604170,Genoa,意大利甲级联赛,右,183,73,14,3
Andrea Lazzari,意大利,32,CM,72,72,69,70,78,75,66,70,23404677,Cagliari,意大利甲级联赛,左,183,75,13,7
Mirko Savini,意大利,37,CM,72,76,69,59,77,60,70,70,19344358,Palermo,意大利甲级联赛,左,183,78,0,0
Leandro Greco,意大利,30,CM,72,72,69,66,74,70,68,71,17875480,Hellas Verona,意大利甲级联赛,左,183,75,4,3
Jop van der Linden,荷兰,26,CM,72,74,36,61,60,58,75,60,16271204,Go Ahead Eagles,荷兰甲级联赛,左,188,74,2,0
Danilo Soares,德国,25,FB,72,77,76,52,61,71,71,75,14728605,FC Ingolstadt 04,德国甲级联赛,左,170,72,0,0
Djibril Cisse,英格兰,35,ST,72,72,78,71,58,68,26,70,10685292,Sunderland,英格兰超级联赛,右,183,85,25,8
Rinaldo Cruzado,意大利,32,CM,72,72,64,72,75,74,66,73,11826317,Chievo Verona,意大利甲级联赛,右,178,83,1,0
Michael Pereira,西班牙,29,ST,72,72,92,66,62,74,48,86,10925096,RCD Mallorca,西班牙甲级联赛,右,180,74,8,3
Reinhold Yabo,德国,24,FB,72,77,80,60,72,72,66,76,17854933,VfL Wolfsburg,德国甲级联赛,右,178,70,0,0
Yoel Rodriguez,西班牙,28,GK,72,73,60,19,37,14,15,62,14032197,RC Celta de Vigo,西班牙甲级联赛,右,185,84,1,0
Fredy Hinestroza,西班牙,26,W,72,74,91,67,66,74,42,73,13105521,Getafe CF,西班牙甲级联赛,左,175,70,0,0
Adrian Ricardo Centurion,意大利,23,W,72,77,86,63,64,78,41,62,9008003,Genoa,意大利甲级联赛,右,175,65,0,0
Ryan Gauld,苏格兰,21,W,72,85,86,62,70,76,28,52,19194711,Dundee United,苏格兰超级联赛,左,165,65,0,0
Lukas Kruse,德国,33,GK,72,72,42,16,25,14,15,56,11095459,SC Paderborn 07,德国甲级联赛,右,185,84,0,0
Piet Velthuizen,荷兰,30,GK,72,72,40,23,45,24,15,47,9619105,Vitesse,荷兰甲级联赛,右,188,90,0,0
Ramon Leeuwin,荷兰,29,FB,72,72,70,48,65,57,71,81,9130904,FC Utrecht,荷兰甲级联赛,右,188,76,1,0
Ezequiel Luna,西班牙,30,CB,72,72,54,40,50,48,74,75,23017340,CD Tenerife,西班牙甲级联赛,右,178,74,1,0
Andile Jali,比利时,26,CM,72,74,74,59,72,74,67,74,20490861,KV Oostende,比利时甲级联赛,右,173,66,0,0
Almen Abdi,英格兰,30,CAM,72,72,68,69,75,75,54,62,7949622,Watford,英格兰超级联赛,右,183,75,0,0
Steve von Bergen,瑞士,33,CB,72,72,68,37,58,46,72,76,12870341,BSC Young Boys,瑞士超级联赛,右,183,79,1,0
Abdul Majeed Waris,法国,25,ST,72,76,92,70,65,74,35,76,11821995,FC Lorient,法国甲级联赛,右,173,71,11,2
Laurent Pionnier,法国,34,GK,72,72,46,15,32,16,14,58,16374674,Montpellier Hérault SC,法国甲级联赛,右,183,77,0,0
Dedryck Boyata,苏格兰,26,CB,72,76,64,31,53,47,72,74,30297341,Celtic,苏格兰超级联赛,右,188,84,1,0
Vincent Le Goff,法国,27,CM,72,73,70,62,69,71,76,62,32452532,FC Lorient,法国甲级联赛,左,175,74,0,0
Alexandre Licata,法国,32,ST,72,75,77,72,64,72,32,61,10440084,AS Monaco,法国甲级联赛,左,178,76,0,0
Lica,葡萄牙,28,ST,72,72,76,71,67,71,39,69,15733428,Estoril Praia,葡萄牙超级联赛,右,180,70,0,0
Francois Clerc,法国,33,CM,72,72,64,53,69,69,75,72,8229415,AS Saint-Étienne,法国甲级联赛,右,185,77,6,0
Eidur Gudjohnsen,比利时,38,CAM,72,72,38,72,71,75,36,55,8730367,KSV Cercle Brugge,比利时甲级联赛,右,185,89,4,3
Eros Pisano,意大利,29,FB,72,72,71,48,55,65,74,77,25517229,Hellas Verona,意大利甲级联赛,右,185,83,1,0
Ondrej Duda,波兰,22,W,72,80,70,59,73,78,31,58,14094226,Legia Warszawa,波兰甲级联赛,右,180,74,0,0
Birama Toure,法国,24,CM,72,75,51,52,66,68,72,71,11046328,FC Nantes,法国甲级联赛,右,183,75,0,0
Mauricio Cuero,西班牙,23,ST,72,79,93,71,63,72,22,69,12570069,Levante UD,西班牙甲级联赛,右,175,77,0,0
Thomas Foket,比利时,22,FB,72,79,80,62,67,72,68,75,12767960,KAA Gent,比利时甲级联赛,右,178,75,0,0
Jerome Gondorf,德国,28,CM,72,73,70,66,71,74,68,83,19100700,SV Darmstadt 98,德国甲级联赛,右,175,76,0,0
Nicolas Penneteau,法国,35,GK,72,72,46,11,34,22,14,50,9600043,Valenciennes FC,法国甲级联赛,左,185,78,0,0
Angel Rodriguez,西班牙,29,ST,72,72,82,68,58,76,21,69,10596282,SD Eibar,西班牙甲级联赛,右,173,68,4,0
Guillermo Rodriguez,意大利,32,CB,72,72,58,39,43,40,76,71,6176646,Cesena,意大利甲级联赛,右,185,85,0,0
David Rodriguez,西班牙,30,ST,72,72,80,74,51,70,20,74,13444026,UD Almería,西班牙甲级联赛,右,178,72,1,0
Antonio Apono,西班牙,32,CAM,72,72,66,71,78,68,62,68,10005127,Málaga CF,西班牙甲级联赛,右,173,72,29,4
Vitor,葡萄牙,32,CAM,72,72,72,69,74,75,52,66,9006238,FC Paços de Ferreira,葡萄牙超级联赛,右,170,68,0,0
Rami Gershon,比利时,28,FB,72,73,66,42,63,60,72,76,9181678,KV Kortrijk,比利时甲级联赛,左,188,88,0,0
Elio Martins,葡萄牙,31,CAM,72,72,62,75,63,74,54,73,11391780,Uniao da Madeira,葡萄牙超级联赛,左,185,77,0,0
Rafael Marques,意大利,33,CB,72,72,44,48,52,51,74,62,21084153,Hellas Verona,意大利甲级联赛,左,183,78,0,0
Dinei,西班牙,33,ST,72,72,70,72,51,68,29,64,9889965,Sevilla FC,西班牙甲级联赛,右,185,78,0,1
Pablo Barrientos,意大利,31,CAM,72,72,62,71,76,80,32,56,16406607,Catania,意大利甲级联赛,左,175,69,14,2
Mohamadou Idrissou,德国,36,ST,72,72,70,71,64,71,43,83,19715905,SC Freiburg,德国甲级联赛,左,190,85,14,3
Wilfried Kanon,荷兰,23,FB,72,78,62,46,46,66,74,73,33523067,ADO Den Haag,荷兰甲级联赛,左,188,85,0,0
Djalma,葡萄牙,29,ST,72,72,84,69,66,74,39,75,10353994,CS Marítimo,葡萄牙超级联赛,右,175,72,0,0
Pablo Andres Gonzalez,意大利,31,ST,72,72,85,71,64,71,25,76,6446781,Siena,意大利甲级联赛,左,180,73,1,0
Juan Dominguez Lamas,西班牙,26,CM,72,74,62,55,77,75,67,72,11665043,RC Deportivo de La Coruña,西班牙甲级联赛,右,180,71,1,0
Kasper Kusk,荷兰,25,ST,72,78,78,70,67,73,31,70,10036643,FC Twente,荷兰甲级联赛,左,180,67,0,0
Landry N'Guemo,法国,31,CM,72,72,72,60,72,73,74,77,8679190,Girondins de Bordeaux,法国甲级联赛,左,173,70,4,0
Ruben Ribeiro,葡萄牙,29,W,72,72,75,71,69,75,47,67,27985348,SC Beira Mar,葡萄牙超级联赛,右,175,67,0,0
Damien Perquis,法国,32,CB,72,72,54,42,61,58,69,79,17848718,FC Sochaux-Montbéliard,法国甲级联赛,右,185,75,2,0
Mate Jajalo,德国,28,CM,72,72,62,64,74,74,68,73,30671945,1. FC Köln,德国甲级联赛,右,183,78,5,3
"Alberto Luque,21",西班牙,38,ST,72,81,64,79,69,73,25,59,7966683,Málaga CF,西班牙甲级联赛,左,183,80,9,4
Amad Al Hosni,比利时,32,ST,72,72,80,68,53,68,23,79,18418936,Sporting Charleroi,比利时甲级联赛,右,178,68,0,0
Luca Marrone,意大利,26,CM,72,74,60,65,75,71,72,72,27873912,Sassuolo,意大利甲级联赛,右,185,75,1,1
Wolfgang Hesl,德国,30,GK,72,72,44,15,26,16,16,57,13049935,SpVgg Greuther Fürth,德国甲级联赛,左,185,87,0,0
Rui Pedro,葡萄牙,28,ST,72,73,72,72,68,74,26,69,13307206,Académica de Coimbra,葡萄牙超级联赛,右,178,76,0,0
Dirk Marcellis,荷兰,28,CB,72,72,45,35,53,46,75,68,20157959,AZ,荷兰甲级联赛,右,180,80,0,0
Olivier Veigneau,法国,31,FB,72,72,70,51,69,68,76,68,9859251,FC Nantes,法国甲级联赛,左,175,69,0,1
Diego Angelo,葡萄牙,30,CM,72,72,53,69,64,61,73,58,16435111,Naval 1° de Maio,葡萄牙超级联赛,左,193,84,0,0
Faryd Mondragon,德国,45,GK,72,72,24,29,26,25,25,44,10961638,1. FC Köln,德国甲级联赛,右,190,94,0,0
Giorgos Katsikas,荷兰,26,CB,72,74,62,51,41,48,74,75,12321013,FC Twente,荷兰甲级联赛,左,188,84,0,0
Matthew Leckie,德国,25,ST,72,74,90,68,62,72,22,73,24754763,FC Ingolstadt 04,德国甲级联赛,右,180,82,0,0
Vicente,西班牙,35,W,72,72,70,66,71,79,24,46,5104093,Valencia CF,西班牙甲级联赛,左,178,72,7,1
Christian Poulsen,荷兰,36,CM,72,72,41,56,66,64,73,79,17783730,Ajax,荷兰甲级联赛,右,183,76,1,2
Rasmus Bengtsson,荷兰,30,CB,72,72,59,36,55,54,75,69,10053850,FC Twente,荷兰甲级联赛,右,185,80,0,0
Matias Rodriguez,意大利,30,FB,72,72,80,65,65,70,72,70,13091752,Lazio,意大利甲级联赛,右,178,75,0,0
Joey van den Berg,荷兰,30,CM,72,72,59,65,74,72,67,77,17725813,SC Heerenveen,荷兰甲级联赛,左,183,77,2,4
Joshua John,荷兰,28,W,72,72,89,66,61,74,27,56,7846092,Sparta Rotterdam,荷兰甲级联赛,右,175,63,0,0
Tom Cairney,英格兰,25,CAM,72,74,72,73,76,72,58,67,19146222,Hull City,英格兰超级联赛,左,183,72,1,0
Sergio Tejera,西班牙,26,CM,72,74,67,66,76,76,70,60,5832248,RCD Mallorca,西班牙甲级联赛,左,180,75,1,0
Alberto Lopo,西班牙,36,CB,72,72,50,53,58,48,70,72,12751650,RC Deportivo de La Coruña,西班牙甲级联赛,右,185,81,8,0
Ivan Sanchez Riki,西班牙,36,ST,72,72,60,75,59,73,32,64,10946354,RC Deportivo de La Coruña,西班牙甲级联赛,左,188,89,34,1
Edouard Duplan,荷兰,33,CAM,72,72,66,67,69,76,52,76,6338325,FC Utrecht,荷兰甲级联赛,右,180,74,7,6
Jeremy Perbet,比利时,32,ST,72,72,56,76,51,58,17,67,31825138,RAEC Mons,比利时甲级联赛,右,183,78,10,0
Minhoca,葡萄牙,28,W,72,72,74,66,73,77,37,58,8546825,FC Paços de Ferreira,葡萄牙超级联赛,右,175,66,0,0
Christian Guenter,德国,23,FB,72,75,80,51,60,72,70,72,11002165,SC Freiburg,德国甲级联赛,左,183,81,1,1
Maxime Poundje,法国,24,FB,72,78,82,34,62,74,71,69,10642439,Girondins de Bordeaux,法国甲级联赛,左,178,71,0,0
Jan-Arie van der Heijden,荷兰,28,CM,72,72,38,67,73,68,74,74,18889571,Vitesse,荷兰甲级联赛,左,185,71,2,0
Arnold Mvuemba,法国,31,CM,72,72,70,66,74,72,65,69,13698825,FC Lorient,法国甲级联赛,右,173,67,8,1
Leandro Bacuna,荷兰,25,CM,72,75,78,73,71,74,68,77,17836962,FC Groningen,荷兰甲级联赛,右,188,77,5,1
Vid Belec,意大利,26,GK,72,74,48,16,25,17,14,51,23641046,Carpi,意大利甲级联赛,右,193,84,0,0
Oussama Tannane,荷兰,22,ST,72,79,76,77,66,78,29,66,12242043,Heracles Almelo,荷兰甲级联赛,左,178,80,3,2
Juanfran Garcia,西班牙,40,FB,72,72,61,51,59,62,74,60,23855423,Levante UD,西班牙甲级联赛,左,183,78,0,4
Daniel Ayala,英格兰,26,FB,72,76,65,36,60,58,73,69,15259272,Norwich City,英格兰超级联赛,右,190,84,1,0
Idrissa Sylla,比利时,26,ST,72,74,76,71,59,71,23,75,13633273,SV Zulte-Waregem,比利时甲级联赛,左,185,73,0,0
Mirko Boland,德国,29,CM,72,72,78,70,71,74,66,75,11265356,Eintracht Braunschweig,德国甲级联赛,左,175,70,1,2
Albert Meyong Ze,葡萄牙,36,ST,72,72,62,74,64,74,44,66,11616412,SC Braga,葡萄牙超级联赛,右,183,71,0,0
Manu del Moral,西班牙,32,ST,72,72,79,74,68,76,17,71,18260682,Getafe CF,西班牙甲级联赛,右,185,77,36,5
Juan Albin,西班牙,30,ST,72,72,74,72,69,76,39,70,14037742,Getafe CF,西班牙甲级联赛,左,180,85,16,5
Jaime Gavilan,西班牙,31,W,72,72,67,70,72,79,28,55,11759880,Getafe CF,西班牙甲级联赛,左,178,71,6,10
Diego Lopes,葡萄牙,22,CAM,72,79,73,66,72,75,47,49,35923783,Rio Ave FC,葡萄牙超级联赛,右,170,64,0,0
Cafu,葡萄牙,23,CM,72,76,66,75,64,71,70,75,18443591,Vitória Guimarães,葡萄牙超级联赛,右,183,84,0,0
Bruno Gaspar,葡萄牙,23,FB,72,79,79,61,66,72,71,73,9572041,Vitória Guimarães,葡萄牙超级联赛,右,175,68,0,0
Helder Lopes,葡萄牙,27,FB,72,73,78,66,61,74,71,65,15957652,FC Paços de Ferreira,葡萄牙超级联赛,左,178,66,0,0
Mohamed Fofana,法国,31,CB,72,72,56,38,58,44,72,69,17779290,Toulouse FC,法国甲级联赛,右,180,75,1,0
Federico Dionisi,意大利,29,ST,72,72,78,74,50,68,25,68,15097445,Frosinone,意大利甲级联赛,右,178,68,0,0
Charlison Benschop,荷兰,27,ST,72,74,71,75,65,70,32,70,9542918,RKC Waalwijk,荷兰甲级联赛,右,190,91,5,0
Fernando Amorebieta,西班牙,31,GK,72,72,32,50,52,52,73,73,17338185,Athletic Club de Bilbao,西班牙甲级联赛,左,190,84,5,0
Frederico Venancio,葡萄牙,23,FB,72,77,74,35,56,54,76,70,10431451,Vitória Setúbal,葡萄牙超级联赛,右,185,77,0,0
Dusan Kuciak,波兰,31,GK,72,72,36,15,26,18,12,60,16511847,Legia Warszawa,波兰甲级联赛,右,193,92,0,0
Aleksandar Lukovic,意大利,34,FB,72,72,68,56,67,66,73,71,16235710,Udinese,意大利甲级联赛,左,185,83,0,0
Milton Joel Caraglio,意大利,28,ST,72,73,60,74,59,71,21,68,9662307,Pescara,意大利甲级联赛,左,188,77,0,0
Mauro Formica,英格兰,28,W,72,72,79,66,71,76,27,65,29285354,Blackburn Rovers,英格兰超级联赛,右,178,70,6,1
Junior Hoilett,英格兰,26,W,72,74,90,70,65,75,27,67,15843917,Blackburn Rovers,英格兰超级联赛,右,173,70,14,7
Mauro Dos Santos,西班牙,27,CB,72,74,68,41,52,52,74,76,10352114,SD Eibar,西班牙甲级联赛,右,180,75,0,0
Mads Albaek,法国,26,CM,72,74,58,70,75,69,61,68,10737616,Stade de Reims,法国甲级联赛,左,183,76,2,0
Maikel van der Werff,荷兰,27,CM,72,73,63,63,60,56,73,73,15073878,PEC Zwolle,荷兰甲级联赛,右,185,82,2,1
Vitor Gomes,葡萄牙,29,CM,72,72,62,67,73,73,67,75,8618674,Rio Ave FC,葡萄牙超级联赛,右,183,81,0,0
Gonzalo Colsa,西班牙,37,CM,72,72,34,69,74,64,68,65,18762537,Racing Santander,西班牙甲级联赛,右,185,77,8,2
Paulo Andre,法国,33,GK,72,72,34,48,47,50,75,68,36702276,Le Mans FC,法国甲级联赛,右,188,82,0,0
Moises Moura,葡萄牙,37,CB,72,72,54,45,52,52,73,77,7793695,SC Braga,葡萄牙超级联赛,右,183,81,0,0
Renato Steffen,瑞士,25,ST,72,78,83,70,68,75,28,70,14592102,BSC Young Boys,瑞士超级联赛,左,170,68,7,0
Carlos Carmona,西班牙,29,CAM,72,72,66,67,73,74,45,67,12824790,Real Sporting de Gijón,西班牙甲级联赛,右,178,72,0,0
Cleber Santana,西班牙,35,CAM,72,72,67,70,77,72,54,72,7706405,RCD Mallorca,西班牙甲级联赛,右,188,80,6,2
Jonathan Urretaviscaya,葡萄牙,26,W,72,74,84,69,66,74,30,59,17125864,FC Paços de Ferreira,葡萄牙超级联赛,右,175,69,0,0
Arnold Kruiswijk,荷兰,32,CB,72,72,54,48,59,56,74,75,9948998,SC Heerenveen,荷兰甲级联赛,左,183,73,0,0
Yeni N'Gbakoto,法国,24,ST,72,76,74,72,66,74,21,67,30630648,FC Metz,法国甲级联赛,右,175,72,0,0
Yacouba Sylla,法国,26,FB,72,76,72,57,65,62,70,81,22243838,Stade Rennais FC,法国甲级联赛,右,183,80,0,1
Edson Braafheid,荷兰,33,FB,72,72,69,48,63,70,73,74,12823350,FC Twente,荷兰甲级联赛,左,180,76,2,1
Mikael Lustig,苏格兰,30,CM,72,72,62,58,65,66,76,72,11957991,Celtic,苏格兰超级联赛,右,190,78,0,0
Alexander Farnerud,瑞士,32,CAM,72,72,66,72,75,74,58,64,5414197,BSC Young Boys,瑞士超级联赛,左,183,73,3,0
Hiroki Sakai,德国,26,FB,72,74,76,53,64,66,72,68,14414857,Hannover 96,德国甲级联赛,右,185,75,1,0
Garath McCleary,英格兰,29,ST,72,72,90,72,59,76,32,73,6383161,Reading,英格兰超级联赛,右,183,76,3,2
Baba,葡萄牙,28,ST,72,72,78,70,52,72,28,81,20224748,CS Marítimo,葡萄牙超级联赛,右,178,75,6,1
Joshua Brenet,荷兰,22,FB,72,79,88,32,59,68,72,65,38960305,PSV,荷兰甲级联赛,右,180,74,1,0
Ivo Rodrigues,葡萄牙,21,W,72,83,80,70,62,74,40,63,21205396,FC Arouca,葡萄牙超级联赛,右,178,72,0,0
Fabio Martins,葡萄牙,23,W,72,79,78,70,66,78,40,71,12370704,FC Paços de Ferreira,葡萄牙超级联赛,右,178,70,0,0
Gojko Kacar,德国,29,CM,72,72,46,67,71,68,72,79,47743262,Hamburger SV,德国甲级联赛,右,185,84,16,1
Oleguer,荷兰,36,CB,72,77,64,44,62,53,73,75,12795476,Ajax,荷兰甲级联赛,右,188,82,0,0
Paolo Hurtado,葡萄牙,26,W,72,75,84,70,63,76,48,70,13089839,FC Paços de Ferreira,葡萄牙超级联赛,右,175,67,0,0
Philipp Hosiner,德国,27,ST,72,73,84,67,58,72,16,67,12090411,1. FC Köln,德国甲级联赛,右,178,79,0,0
Mario Alberto Santana,意大利,35,W,72,72,69,69,66,75,37,55,9132949,Fiorentina,意大利甲级联赛,右,178,71,15,6
Rolando,葡萄牙,31,CM,72,72,38,43,61,60,71,69,3867463,FC Porto,葡萄牙超级联赛,右,190,80,4,0
Niki Zimling,比利时,31,CM,72,72,65,70,71,71,72,79,16895371,Club Brugge KV,比利时甲级联赛,右,178,74,2,1
Luis Seijas,比利时,30,CAM,72,72,68,72,75,72,61,67,14907817,Standard de Liège,比利时甲级联赛,左,175,71,0,0
Daniel Larsson,西班牙,29,ST,72,72,88,70,63,73,32,78,21982936,Real Valladolid,西班牙甲级联赛,右,175,79,3,0
Nathan Ake,英格兰,21,FB,72,81,78,53,65,66,71,76,19734378,Watford,英格兰超级联赛,左,180,75,0,0
Gaetano Letizia,意大利,26,FB,72,74,87,43,60,65,70,75,9754756,Carpi,意大利甲级联赛,右,173,63,0,0
Gianluca Pegolo,意大利,35,GK,72,72,43,18,30,16,14,52,11344431,Siena,意大利甲级联赛,左,183,76,0,0
Pablo Insua,西班牙,23,CB,72,78,60,32,57,48,75,65,8146494,RC Deportivo de La Coruña,西班牙甲级联赛,右,188,79,0,0
Ronny,德国,30,ST,72,72,53,82,79,75,27,53,13582064,Hertha BSC Berlin,德国甲级联赛,左,175,74,4,1
Konstantinos Katsouranis,葡萄牙,37,CM,72,72,51,69,71,68,71,62,16492700,SL Benfica,葡萄牙超级联赛,右,183,83,0,0
Konstantin Rausch,德国,26,CM,72,74,80,68,70,70,66,74,23951050,Hannover 96,德国甲级联赛,左,183,80,11,4
Michael de Leeuw,荷兰,30,ST,72,72,64,70,66,68,36,75,12686985,FC Groningen,荷兰甲级联赛,右,178,67,12,1
Bram Nuytinck,荷兰,26,CM,72,74,49,43,65,60,73,70,12258687,N.E.C.,荷兰甲级联赛,左,190,80,0,0
Calum Chambers,英格兰,21,FB,72,82,66,52,64,70,74,71,26071083,Southampton,英格兰超级联赛,右,183,66,0,0
Simone Scuffet,意大利,20,GK,72,83,50,20,32,17,20,58,18673463,Udinese,意大利甲级联赛,右,188,75,0,0
Romain Philippoteaux,法国,28,W,72,72,80,69,67,74,46,57,12452760,FC Lorient,法国甲级联赛,右,170,67,0,0
Mihail Aleksandrov,波兰,27,W,72,73,91,65,61,75,40,59,8469513,Legia Warszawa,波兰甲级联赛,左,180,74,0,0
Lasse Sobiech,德国,25,CB,72,74,52,50,52,42,71,65,12709475,SpVgg Greuther Fürth,德国甲级联赛,右,196,88,3,0
Kadu,葡萄牙,30,CB,72,72,56,31,37,38,75,72,9225728,SC Braga,葡萄牙超级联赛,右,188,80,0,0
Lukas Hinterseer,德国,25,ST,72,75,67,70,64,70,29,71,20702756,FC Ingolstadt 04,德国甲级联赛,右,193,86,0,0
Nenad Krsticic,意大利,26,CM,72,75,69,65,73,72,65,68,19100051,Sampdoria,意大利甲级联赛,左,183,75,2,0
Nabil Bahoui,德国,25,ST,72,75,80,74,65,76,26,63,7166187,Hamburger SV,德国甲级联赛,右,188,84,0,0
Matias Cabrera,意大利,30,CAM,72,72,76,55,75,77,54,61,24702108,Cagliari,意大利甲级联赛,右,178,69,1,0
Oriol Riera,西班牙,30,ST,72,72,70,72,49,68,22,77,11202246,CA Osasuna,西班牙甲级联赛,右,183,78,13,0
Marcin Wasilewski,比利时,36,CB,72,72,40,60,52,42,72,68,8412966,RSC Anderlecht,比利时甲级联赛,右,185,88,0,0
Pedro Lopez,西班牙,33,CM,72,72,74,65,66,72,74,66,13416095,Levante UD,西班牙甲级联赛,右,175,72,2,0
Craig Cathcart,英格兰,27,FB,72,73,66,42,58,53,74,71,17772774,Watford,英格兰超级联赛,右,188,73,2,0
Behrang Safari,瑞士,31,FB,72,72,84,47,67,68,72,71,6749352,FC Basel,瑞士超级联赛,左,183,77,0,0
El-Arbi Hilal Soudani,葡萄牙,29,ST,72,76,74,74,64,70,36,67,20367637,Vitória Guimarães,葡萄牙超级联赛,左,183,75,0,0
Anders Christiansen,意大利,26,CM,72,74,74,64,75,73,66,75,17105425,Chievo Verona,意大利甲级联赛,右,175,75,0,0
Ryan Mendes,法国,26,W,72,73,88,62,62,70,18,60,9943080,LOSC Lille,法国甲级联赛,右,175,73,5,1
Alexander Milosevic,德国,24,CM,72,77,57,62,64,58,72,74,9729604,Hannover 96,德国甲级联赛,右,190,82,0,0
Niklas Hult,法国,26,FB,72,73,82,62,70,70,66,68,12425779,OGC Nice,法国甲级联赛,左,173,66,0,0
Abdoul Razzagui Camara,法国,26,ST,72,73,84,73,69,74,26,71,18365544,FC Sochaux-Montbéliard,法国甲级联赛,左,178,71,1,0
Jordan Lukaku,比利时,22,FB,72,80,86,59,65,73,68,82,8988175,KV Oostende,比利时甲级联赛,左,183,77,0,0
Haavard Nielsen,德国,23,ST,72,78,76,72,60,73,38,73,19605959,Eintracht Braunschweig,德国甲级联赛,右,188,80,2,0
Jorge Teixeira,瑞士,30,CB,72,72,61,38,64,49,73,71,17565309,FC Zürich,瑞士超级联赛,右,188,87,0,0
Do-Heon Kim,英格兰,34,CM,72,72,54,76,78,68,64,63,6683185,West Bromwich Albion,英格兰超级联赛,右,175,66,0,0
Jean-Pascal Mignot,法国,35,CB,72,72,42,49,61,51,75,68,11373444,AJ Auxerre,法国甲级联赛,左,183,82,3,0
Andreas Christensen,德国,20,CB,72,86,65,27,60,62,74,68,24677641,Borussia Mönchengladbach,德国甲级联赛,右,188,74,0,0
Zlatan Ljubijankic,比利时,33,ST,72,72,78,68,69,70,46,80,7859428,KAA Gent,比利时甲级联赛,右,185,80,0,0
Christian Mathenia,德国,24,GK,72,76,46,16,30,19,14,61,19389817,SV Darmstadt 98,德国甲级联赛,右,188,90,0,0
Mario Pasalic,西班牙,21,CM,72,82,64,74,73,69,67,71,25842293,Elche CF,西班牙甲级联赛,右,185,78,0,0
Simon Gustafson,荷兰,21,CAM,72,78,69,70,70,76,47,63,9863585,Feyenoord,荷兰甲级联赛,左,185,74,0,0
Niklas Stark,德国,21,FB,72,84,74,58,68,66,71,72,47350465,1. FC Nürnberg,德国甲级联赛,右,190,81,1,0
Jeroen Simaeys,比利时,31,CM,72,72,65,58,65,59,72,69,19961236,Club Brugge KV,比利时甲级联赛,右,193,80,0,0
Gohi Bi Cyriac,比利时,26,ST,72,74,84,73,59,72,23,74,14001105,Standard de Liège,比利时甲级联赛,右,173,68,0,0
Romaric,西班牙,33,CM,72,72,53,77,80,74,70,67,17675397,Sevilla FC,西班牙甲级联赛,左,188,88,11,7
Blerim Dzemaili,意大利,30,CM,72,72,68,73,72,72,67,72,25827966,Napoli,意大利甲级联赛,右,178,73,17,4
Javi Castellano,西班牙,29,FB,72,72,64,43,71,56,73,69,18156458,Atlético Madrid,西班牙甲级联赛,右,180,71,0,0
Theo Bongonda,西班牙,21,W,72,85,81,57,61,80,26,54,8110244,RC Celta de Vigo,西班牙甲级联赛,左,178,71,0,0
Alessandro Schoepf,德国,22,W,72,79,78,67,66,76,28,61,7835996,FC Schalke 04,德国甲级联赛,右,178,75,0,0
Matt Miazga,英格兰,21,CB,72,86,66,29,51,59,73,74,13440629,Chelsea,英格兰超级联赛,右,190,84,0,0
Samir,意大利,22,CB,72,77,66,37,43,50,74,65,40303554,Hellas Verona,意大利甲级联赛,左,188,81,0,0
Gnaly Maxwell Cornet,法国,20,ST,72,85,86,71,57,75,16,71,17527091,Olympique Lyonnais,法国甲级联赛,左,178,69,0,0
Joris Mathijsen,德国,36,GK,72,72,32,35,56,52,75,64,12399735,Hamburger SV,德国甲级联赛,左,183,72,5,1
Kenwyne Jones,英格兰,32,ST,72,72,66,74,53,65,35,81,15072295,Stoke City,英格兰超级联赛,右,188,85,36,9
Vagner,葡萄牙,30,GK,72,72,40,18,40,19,14,61,15239265,Estoril Praia,葡萄牙超级联赛,右,185,80,0,0
Simon Poulsen,荷兰,32,FB,72,72,76,60,60,73,71,80,16895960,AZ,荷兰甲级联赛,左,183,76,2,1
Brede Hangeland,英格兰,35,GK,72,72,32,45,51,44,74,61,3944219,Fulham,英格兰超级联赛,右,196,92,10,2
Hamit Altintop,德国,34,CM,72,72,51,75,77,74,70,55,10768093,FC Bayern Munich,德国甲级联赛,右,183,82,5,3
Nuno Andre Coelho,葡萄牙,30,CM,72,72,46,57,63,56,71,70,10064166,SC Braga,葡萄牙超级联赛,右,193,82,0,0
Sebastian Mielitz,德国,27,GK,72,74,40,17,29,18,16,55,18195697,SV Werder Bremen,德国甲级联赛,右,188,85,0,0
Emmanuel Imorou,法国,28,FB,72,73,78,56,64,64,71,74,32106310,SM Caen,法国甲级联赛,左,180,78,0,0
Marcelo Larrondo,意大利,28,ST,72,72,66,69,53,72,21,76,12245543,Siena,意大利甲级联赛,右,190,82,5,0
Ilombe Mboyo,比利时,29,ST,72,72,72,70,66,75,33,76,23093136,KAA Gent,比利时甲级联赛,右,185,82,0,0
Aleksandar Pesic,法国,24,ST,72,75,68,71,63,70,40,76,23321167,Toulouse FC,法国甲级联赛,右,190,87,0,0
Sami,葡萄牙,28,ST,72,73,90,72,57,74,22,78,10164009,CS Marítimo,葡萄牙超级联赛,右,183,76,0,0
Zlatan Bajramovic,德国,37,CM,72,78,64,74,72,71,72,71,17415504,Eintracht Frankfurt,德国甲级联赛,右,183,79,0,0
James Chester,英格兰,27,FB,72,73,73,33,59,61,73,74,21215150,Hull City,英格兰超级联赛,右,180,79,3,0
William Matheus,法国,26,FB,72,74,74,64,65,72,72,67,9469002,Toulouse FC,法国甲级联赛,左,188,73,0,0
Alex Manninger,德国,39,GK,72,72,40,15,18,14,14,58,10137775,FC Augsburg,德国甲级联赛,右,188,85,0,0
Kenedy,英格兰,20,W,72,84,82,68,65,78,38,71,8504840,Chelsea,英格兰超级联赛,左,183,77,0,0
Kyle Ebecilio,荷兰,22,CM,72,80,74,65,72,72,68,82,11199053,FC Twente,荷兰甲级联赛,右,183,79,1,0
Jefferson Lerma,西班牙,22,CM,72,81,77,69,71,72,72,82,26393710,Levante UD,西班牙甲级联赛,右,178,70,0,0
Marcel Tisserand,法国,23,CM,72,78,72,61,71,71,72,73,14841143,Toulouse FC,法国甲级联赛,右,185,68,0,0
Kamil Kurowski,波兰,22,CAM,72,79,78,70,71,75,62,74,12192113,Podbeskidzie Bielsko-Biała,波兰甲级联赛,左,173,70,0,0
Ivan Ergic,瑞士,35,W,72,75,78,72,74,77,47,70,39968920,FC Basel,瑞士超级联赛,右,185,83,0,0
Chung-Yong Lee,英格兰,28,CAM,72,72,74,63,71,74,48,69,21836831,Bolton Wanderers,英格兰超级联赛,右,180,69,7,11
Bo Svensson,德国,37,CB,72,72,40,37,64,38,74,63,25776097,1. FSV Mainz 05,德国甲级联赛,右,190,87,4,1
Denis Stracqualursi,英格兰,29,ST,72,72,64,75,49,66,34,75,16785812,Everton,英格兰超级联赛,右,188,85,1,1
Ruben Fernandes,葡萄牙,30,FB,72,72,68,52,59,54,73,71,35266562,Estoril Praia,葡萄牙超级联赛,左,185,78,0,0
Pedro Tiba,葡萄牙,28,CM,72,73,74,69,75,70,67,79,12543793,SC Braga,葡萄牙超级联赛,右,183,76,0,0
Ezequiel Munoz,意大利,26,CB,72,76,55,36,47,46,74,76,11387257,Palermo,意大利甲级联赛,右,185,82,1,0
Didac Vila,西班牙,27,FB,72,76,77,52,60,70,72,76,14442378,RCD Espanyol,西班牙甲级联赛,左,183,74,2,1
Radim Kucera,德国,42,CM,72,76,60,59,68,51,71,74,18716444,DSC Arminia Bielefeld,德国甲级联赛,右,188,82,0,1
Francisco Molinero,西班牙,31,FB,72,72,78,58,64,69,68,78,31743297,Real Betis Balompié,西班牙甲级联赛,右,175,72,0,0
Nacho Perez,西班牙,36,FB,72,72,75,55,65,68,72,73,8984023,Real Betis Balompié,西班牙甲级联赛,左,175,70,2,1
Fernando Soriano,西班牙,37,CAM,72,72,50,76,79,62,56,52,13811371,UD Almería,西班牙甲级联赛,右,188,81,14,4
Nicolas Seube,法国,37,CM,72,72,48,50,70,68,71,71,13118426,SM Caen,法国甲级联赛,右,180,72,1,0
Jose Mauri,意大利,20,CAM,72,82,74,63,74,77,60,68,19662305,Parma,意大利甲级联赛,右,170,65,0,0
Anderson Esiti,葡萄牙,22,CM,72,79,51,54,62,65,72,83,34627768,Estoril Praia,葡萄牙超级联赛,右,188,85,0,0
Levin Mete Oztunali,德国,20,CAM,72,84,81,63,67,79,60,66,18515844,SV Werder Bremen,德国甲级联赛,右,183,80,0,0
Mancini,意大利,36,CAM,72,72,66,75,67,74,64,65,17432799,Inter,意大利甲级联赛,右,183,78,1,3
Kamil Vacek,波兰,29,CM,72,72,69,66,73,72,65,69,21574443,Piast Gliwice,波兰甲级联赛,右,183,76,1,0
Moise Brou Apanga,法国,34,CB,72,72,60,22,61,40,72,77,7599228,Stade Brestois 29,法国甲级联赛,右,180,79,1,0
Mostapha El Kabir,荷兰,28,ST,72,72,81,72,61,72,24,78,10446417,N.E.C.,荷兰甲级联赛,右,178,76,1,0
Jermaine Jenas,英格兰,33,CM,72,72,68,73,73,70,65,80,10332015,Tottenham Hotspur,英格兰超级联赛,右,178,76,7,6
Denilson,英格兰,28,CM,72,77,65,66,73,73,70,75,18437907,Arsenal,英格兰超级联赛,右,178,73,6,8
Mateja Kezman,法国,37,ST,72,77,78,71,65,72,27,69,12515330,Paris Saint-Germain,法国甲级联赛,右,180,74,0,0
Ali Adnan,意大利,23,CM,72,78,79,73,66,74,68,77,14638016,Udinese,意大利甲级联赛,左,185,71,0,0
Marcelo Goiano,葡萄牙,29,FB,72,72,76,56,56,72,71,69,13639389,SC Braga,葡萄牙超级联赛,右,175,69,0,0
Mattia Cassani,意大利,33,FB,72,72,72,61,65,70,73,68,13369557,Palermo,意大利甲级联赛,右,183,75,3,7
Marek Jankulovski,意大利,39,CM,72,85,70,68,76,76,70,70,5880817,Milan,意大利甲级联赛,左,183,82,0,4
Franck Berrier,比利时,32,CAM,72,72,60,67,79,70,34,55,13248223,SV Zulte-Waregem,比利时甲级联赛,右,175,65,0,0
Thomas Matton,比利时,31,CAM,72,72,64,72,72,73,38,64,18894343,SV Zulte-Waregem,比利时甲级联赛,右,178,72,0,0
Cedric Makiadi,德国,32,CM,72,72,68,67,67,72,75,72,11137872,SC Freiburg,德国甲级联赛,右,178,77,14,1
Miroslav Karhan,德国,40,CM,72,76,64,61,73,67,72,74,10739380,1. FSV Mainz 05,德国甲级联赛,右,188,88,1,0
Aleksandar Vasoski,德国,37,FB,72,76,68,42,63,48,71,71,14005400,Eintracht Frankfurt,德国甲级联赛,右,180,76,0,0
Paulo Ferreira,英格兰,37,CB,72,72,52,35,66,66,76,66,16659235,Chelsea,英格兰超级联赛,右,183,76,0,2
Mike Hanke,德国,33,ST,72,72,64,73,69,70,37,78,8206206,Borussia Mönchengladbach,德国甲级联赛,右,185,85,24,4
Gianluca Curci,意大利,31,GK,72,72,43,16,30,15,14,55,10594177,Siena,意大利甲级联赛,右,190,90,0,0
Giandomenico Mesto,意大利,34,FB,72,72,76,67,66,69,69,71,18367521,Genoa,意大利甲级联赛,右,180,73,9,5
Benoit Poulain,比利时,29,GK,72,72,42,23,65,37,73,71,9636984,KV Kortrijk,比利时甲级联赛,右,185,80,0,0
Zeljko Brkic,意大利,30,GK,72,72,40,14,33,20,15,59,18115044,Udinese,意大利甲级联赛,右,198,95,1,0
Gotoku Sakai,德国,25,FB,72,75,76,49,68,70,72,70,43545916,VfB Stuttgart,德国甲级联赛,右,175,74,1,1
Simone Perrotta,意大利,39,CM,72,72,68,67,73,72,67,67,11913602,Roma,意大利甲级联赛,右,178,72,14,4
Masoud Shojaei,西班牙,32,W,72,72,64,69,71,86,26,45,9515778,CA Osasuna,西班牙甲级联赛,右,183,73,8,2
Milos Kosanovic,波兰,26,CM,72,74,58,61,68,62,73,66,17081017,Cracovia,波兰甲级联赛,左,193,86,0,0
Simone Loria,意大利,40,GK,72,72,34,41,42,42,72,70,17404481,Roma,意大利甲级联赛,右,185,83,4,0
Martin Lanig,德国,32,CM,72,72,49,70,72,65,69,73,11637462,1. FC Köln,德国甲级联赛,右,190,79,11,2
Paulo Machado,法国,30,CAM,72,75,76,76,74,78,55,60,17112839,Toulouse FC,法国甲级联赛,右,175,74,3,0
Seth De Witte,比利时,29,FB,72,72,72,63,64,58,68,80,6668963,KV Mechelen,比利时甲级联赛,左,193,87,0,0
Issiar Dia,法国,29,W,72,72,90,73,66,73,22,65,14837709,AS Nancy-Lorraine,法国甲级联赛,右,168,62,0,0
Antonio Nocerino,意大利,31,CM,72,72,72,73,75,74,68,72,7028680,Palermo,意大利甲级联赛,右,175,75,18,3
Diogo Amado,葡萄牙,26,CM,72,74,68,61,73,70,67,71,22945258,Estoril Praia,葡萄牙超级联赛,右,178,72,0,0
Manuel Lillo Castellano,西班牙,27,FB,72,73,66,50,57,60,75,76,29279543,SD Eibar,西班牙甲级联赛,右,175,76,0,0
Jesus Rueda,西班牙,29,CB,72,74,56,57,59,52,74,76,10977569,Real Valladolid,西班牙甲级联赛,右,180,78,1,0
Florent Malouda,英格兰,36,ST,72,72,66,69,73,74,27,65,17504519,Chelsea,英格兰超级联赛,左,180,73,34,23
Carlos Marchena,西班牙,37,CM,72,72,50,61,71,59,68,60,14695520,Valencia CF,西班牙甲级联赛,右,183,78,7,2
Ivan Obradovic,西班牙,28,FB,72,73,76,55,69,71,69,71,6554861,Real Zaragoza,西班牙甲级联赛,左,180,79,1,0
Wakaso Mubarak,西班牙,26,FB,72,75,86,70,71,69,66,79,15225090,RCD Espanyol,西班牙甲级联赛,左,170,72,3,0
Joseba Zaldua,西班牙,24,FB,72,78,76,37,52,58,73,66,19877472,Real Sociedad,西班牙甲级联赛,右,175,71,0,0
Tiemoue Bakayoko,法国,22,FB,72,79,68,50,70,67,73,73,10370602,AS Monaco,法国甲级联赛,右,185,77,1,0
Sandro Ramirez,西班牙,21,ST,72,84,78,72,58,76,24,69,7984609,FC Barcelona,西班牙甲级联赛,右,175,71,0,0
Roman Hubnik,德国,32,CB,72,72,54,55,57,48,71,70,18144826,Hertha BSC Berlin,德国甲级联赛,右,193,83,4,0
Thomas Toure,法国,23,W,72,79,82,69,67,75,40,66,15419124,Girondins de Bordeaux,法国甲级联赛,右,175,75,0,0
Mathieu Philippe Peybernes,法国,26,CB,72,74,58,30,53,52,74,69,18733854,FC Sochaux-Montbéliard,法国甲级联赛,右,188,77,1,0
Maxime Chanot,比利时,27,CB,72,73,52,55,50,44,71,77,17507304,KV Kortrijk,比利时甲级联赛,右,185,84,0,0
Kevin McDonald,英格兰,28,CAM,72,72,70,64,77,72,57,73,8664779,Burnley,英格兰超级联赛,右,188,82,1,1
Steve Cook,英格兰,25,CB,72,76,63,27,54,61,72,71,9975979,Bournemouth,英格兰超级联赛,右,185,83,0,0
Matheus Pereira,葡萄牙,20,W,72,86,86,69,60,78,33,64,31705794,Sporting CP,葡萄牙超级联赛,左,175,66,0,0
Florin Andone,西班牙,23,ST,72,80,76,71,52,67,16,77,14419432,Córdoba CF,西班牙甲级联赛,右,183,78,0,0
Jorge Mere,西班牙,19,CB,72,84,73,32,51,51,74,71,13490584,Real Sporting de Gijón,西班牙甲级联赛,右,183,77,0,0
Diego Mainz,西班牙,34,CB,72,72,33,40,58,49,71,67,8294742,Granada CF,西班牙甲级联赛,右,188,79,3,0
Manuel Silas,葡萄牙,40,CAM,72,74,74,70,72,71,50,73,7934525,"União de Leiria, SAD",葡萄牙超级联赛,右,178,71,0,0
Lewis Baker,荷兰,21,CAM,72,80,70,72,76,72,52,67,14928998,Vitesse,荷兰甲级联赛,右,183,70,0,0
Ewerthon,西班牙,35,ST,72,72,82,71,57,74,21,62,14051165,Valencia CF,西班牙甲级联赛,右,175,67,2,1
Alberto Zapater,意大利,31,CM,72,72,56,69,75,73,72,72,18893625,Genoa,意大利甲级联赛,右,180,82,3,0
Bilal Basacikoglu,荷兰,21,ST,72,77,88,72,59,74,28,66,21362866,SC Heerenveen,荷兰甲级联赛,右,178,64,0,0
Davie Selke,德国,21,ST,72,82,72,70,54,71,23,74,13513467,SV Werder Bremen,德国甲级联赛,右,193,82,0,0
Gustavo Campanharo,意大利,24,CM,72,77,69,58,78,72,62,62,18985062,Hellas Verona,意大利甲级联赛,右,178,71,0,0
Denis Odoi,比利时,28,FB,72,72,86,52,64,70,69,81,8393555,Sporting Lokeren,比利时甲级联赛,右,178,67,0,0
Benjamin Andre,法国,26,CM,72,76,69,64,76,72,68,73,17314204,AC Ajaccio,法国甲级联赛,右,180,76,8,3
Anele Ngcongca,比利时,29,FB,72,72,78,53,67,65,72,79,9543594,KRC Genk,比利时甲级联赛,右,183,68,0,0
Selim Benachour,葡萄牙,35,CAM,72,72,68,63,74,78,44,54,14056572,CS Marítimo,葡萄牙超级联赛,右,170,73,0,0
Andrija Delibasic,西班牙,35,ST,72,72,54,72,52,62,32,56,8469094,Rayo Vallecano,西班牙甲级联赛,右,188,84,7,0
James Troisi,比利时,28,ST,72,73,73,71,71,74,36,69,22600167,SV Zulte-Waregem,比利时甲级联赛,左,178,78,0,0
Chris Martin,英格兰,28,ST,72,73,68,70,58,70,39,74,7884627,Norwich City,英格兰超级联赛,右,185,73,0,0
Pierre Wome,德国,37,FB,72,72,72,38,65,69,72,72,17299487,1. FC Köln,德国甲级联赛,左,180,83,1,2
Felix Bastians,德国,28,FB,72,72,80,63,66,66,71,76,14969441,SC Freiburg,德国甲级联赛,左,188,83,3,1
Victor Nilsson Lindeloef,葡萄牙,22,FB,72,81,63,47,56,59,75,69,13574240,SL Benfica,葡萄牙超级联赛,右,188,80,0,0
Ole Kristian Selnaes,法国,22,CM,72,79,71,62,77,70,64,69,16084714,AS Saint-Étienne,法国甲级联赛,左,188,74,0,0
Sam Vokes,英格兰,27,ST,72,73,64,71,64,70,34,82,18079887,Burnley,英格兰超级联赛,右,188,90,0,0
Anthony Weber,法国,29,GK,72,72,28,27,68,44,74,66,24357914,Stade de Reims,法国甲级联赛,右,190,82,4,0
Florian Niederlechner,德国,26,ST,72,75,74,72,58,71,32,73,14455088,1. FSV Mainz 05,德国甲级联赛,左,185,86,0,0
Yvon Mvogo,瑞士,22,GK,72,82,43,15,37,21,14,57,10847679,BSC Young Boys,瑞士超级联赛,右,188,84,0,0
Vincent Koziello,法国,21,CM,72,84,75,57,80,70,65,63,9011376,OGC Nice,法国甲级联赛,右,168,58,0,0
Roland Juhasz,比利时,33,CM,72,72,50,58,54,46,70,70,14018175,RSC Anderlecht,比利时甲级联赛,右,193,94,0,0
Borja Fernandez,西班牙,35,CM,72,72,43,69,74,56,71,72,21094646,Real Valladolid,西班牙甲级联赛,右,185,73,1,1
Vicente Sanchez,德国,37,W,72,72,82,69,66,72,24,56,8364733,FC Schalke 04,德国甲级联赛,左,170,66,2,0
Juan Munoz,西班牙,21,ST,72,81,70,72,47,72,17,66,6810939,Sevilla FC,西班牙甲级联赛,右,183,76,0,0
Alvaro Medran,西班牙,22,CM,72,79,64,65,79,70,70,60,15190474,Getafe CF,西班牙甲级联赛,右,175,68,0,0
Charly Musonda,西班牙,20,W,71,86,82,59,69,76,21,55,10891071,Real Betis Balompié,西班牙甲级联赛,右,173,66,0,0
Issa Diop,法国,19,CB,71,83,66,28,53,48,70,82,9953212,Toulouse FC,法国甲级联赛,右,193,90,0,0
Aritz Lopez Garai,西班牙,36,CM,71,71,38,59,72,60,67,60,7404074,Córdoba CF,西班牙甲级联赛,右,183,80,0,0
Suso Santana,苏格兰,31,W,71,71,86,61,58,74,50,72,11896518,Heart of Midlothian,苏格兰超级联赛,右,173,62,0,0
Nauzet Aleman,西班牙,31,CAM,71,71,66,78,73,71,49,62,10358356,Real Valladolid,西班牙甲级联赛,右,180,75,6,2
Ivan Alonso,西班牙,37,ST,71,71,57,70,63,68,15,65,11867789,RCD Espanyol,西班牙甲级联赛,左,180,78,12,0
Angelos Basinas,英格兰,40,CM,71,76,70,69,70,75,68,72,15612287,Portsmouth,英格兰超级联赛,右,178,75,0,0
Denis Petric,法国,28,GK,71,71,46,17,19,18,12,48,13342130,ES Troyes AC,法国甲级联赛,右,185,83,0,0
Asier Riesgo,西班牙,33,GK,71,71,54,19,33,14,15,57,21017870,RC Recreativo,西班牙甲级联赛,右,185,76,0,0
Daniel Guiza,西班牙,36,ST,71,71,66,74,61,70,20,59,14794012,Getafe CF,西班牙甲级联赛,右,180,80,3,1
David Fuster Torrijos,西班牙,34,CAM,71,71,72,72,70,68,60,70,7674220,Villarreal CF,西班牙甲级联赛,右,178,71,3,2
Reginaldo,意大利,33,W,71,71,84,70,63,74,45,71,9112199,Siena,意大利甲级联赛,右,175,72,5,1
Miiko Albornoz,德国,26,CM,71,74,70,57,69,74,70,69,16545756,Hannover 96,德国甲级联赛,左,180,80,0,0
Angel Lopez,西班牙,35,CM,71,71,66,61,67,70,72,70,17693794,Villarreal CF,西班牙甲级联赛,右,180,71,3,4
Bruno Saltor,西班牙,36,FB,71,71,66,48,69,67,73,63,6900499,Valencia CF,西班牙甲级联赛,右,178,75,1,4
Laszlo Koteles,比利时,32,GK,71,71,47,17,26,20,15,57,18623477,KRC Genk,比利时甲级联赛,右,185,84,0,0
Fahid Ben Khalfallah,法国,34,W,71,71,74,66,69,76,36,54,5248649,Girondins de Bordeaux,法国甲级联赛,右,170,72,1,0
Joris Steve Marveaux,法国,34,CM,71,71,50,58,69,64,73,69,8637027,Montpellier Hérault SC,法国甲级联赛,右,178,72,3,0
Thomas Ayasse,法国,29,CM,71,71,60,57,74,58,65,81,17656535,AC Arles-Avignon,法国甲级联赛,右,183,75,2,0
Migjen Basha,意大利,29,CM,71,71,66,64,71,70,68,67,11104033,Torino,意大利甲级联赛,右,180,72,1,0
Thiago Gentil,葡萄牙,36,ST,71,71,58,69,70,74,29,65,10212649,CD Nacional,葡萄牙超级联赛,左,180,73,0,0
Rolando Aarons,英格兰,21,W,71,81,86,62,63,79,30,52,19970711,Newcastle United,英格兰超级联赛,左,175,67,0,0
Andre Moreira,葡萄牙,21,GK,71,81,48,18,33,14,17,55,19439458,Uniao da Madeira,葡萄牙超级联赛,右,196,85,0,0
Remy Gomis,法国,32,CM,71,71,47,63,66,63,70,75,15096501,Valenciennes FC,法国甲级联赛,右,180,74,4,0
Enaut Zubikarai,西班牙,32,GK,71,71,44,19,14,20,16,58,16166374,Real Sociedad,西班牙甲级联赛,右,185,84,0,0
Jose Movilla,西班牙,41,CM,71,71,46,59,81,62,62,53,18572777,Rayo Vallecano,西班牙甲级联赛,右,170,71,2,1
Prince Oniangue,法国,28,CM,71,72,62,76,69,69,68,81,9293617,Stade de Reims,法国甲级联赛,右,188,78,10,1
Alvaro Rubio,西班牙,37,CM,71,71,56,61,81,66,65,60,16313762,Real Valladolid,西班牙甲级联赛,右,180,68,1,0
Diego Camacho,西班牙,40,CM,71,78,57,66,75,67,70,72,13498044,Real Sporting de Gijón,西班牙甲级联赛,右,185,82,1,0
Sascha Moelders,德国,31,ST,71,71,68,67,57,66,23,76,10688157,FC Augsburg,德国甲级联赛,左,188,82,19,1
Gevorg Ghazaryan,葡萄牙,28,W,71,71,74,70,74,78,38,62,13672962,CS Marítimo,葡萄牙超级联赛,右,178,73,0,0
Mourad Meghni,意大利,32,CAM,71,80,74,63,75,79,48,67,11763403,Lazio,意大利甲级联赛,右,180,72,0,1
Gertjan De Mets,比利时,29,CM,71,71,64,64,70,64,71,74,9244623,KV Kortrijk,比利时甲级联赛,右,175,72,0,0
Pablo Mariano Granoche,意大利,33,ST,71,71,67,67,56,66,22,81,9138713,Chievo Verona,意大利甲级联赛,右,183,82,5,0
Manuel Arana,西班牙,32,ST,71,71,70,75,72,72,36,63,14203538,Racing Santander,西班牙甲级联赛,右,175,73,7,3
Oier,西班牙,30,FB,71,71,72,60,55,59,74,81,11647022,CA Osasuna,西班牙甲级联赛,右,178,72,2,0
Stephen Ward,英格兰,31,FB,71,71,70,58,67,67,72,72,20521472,Wolverhampton Wanderers,英格兰超级联赛,左,183,82,4,2
Mu Kanazaki,德国,27,W,71,77,74,62,67,76,25,65,16597960,VfB Stuttgart,德国甲级联赛,右,180,70,0,0
Erik Johansson,比利时,28,CM,71,72,54,52,57,58,72,74,16161414,KAA Gent,比利时甲级联赛,右,193,89,0,0
Ryan Bennett,英格兰,26,CB,71,73,52,23,47,36,71,77,13682400,Norwich City,英格兰超级联赛,右,188,78,3,1
Jonathan Woodgate,英格兰,36,CB,71,71,34,38,57,46,72,63,8574895,Tottenham Hotspur,英格兰超级联赛,右,183,80,2,0
Kasper Haemaelaeinen,波兰,30,CAM,71,71,78,72,72,66,52,70,10659104,Lech Poznań,波兰甲级联赛,右,188,77,0,0
Francois Kamano,法国,20,W,71,85,90,69,60,75,29,55,8809045,SC Bastia,法国甲级联赛,右,183,75,0,0
Ze Manuel,葡萄牙,26,ST,71,75,76,74,61,73,20,68,14632667,Boavista FC,葡萄牙超级联赛,右,178,71,0,0
Jonathan Reis,荷兰,27,ST,71,75,67,73,56,76,25,63,13390798,Vitesse,荷兰甲级联赛,右,183,82,0,0
Enrique de Lucas,西班牙,38,CAM,71,71,60,74,74,72,33,50,12134224,RC Celta de Vigo,西班牙甲级联赛,右,175,71,3,0
Borja Viguera,西班牙,29,ST,71,71,72,71,59,75,20,65,48020495,Athletic Club de Bilbao,西班牙甲级联赛,右,183,80,0,0
Helder Tiago Guedes,葡萄牙,29,ST,71,71,72,70,59,68,29,68,23125932,Rio Ave FC,葡萄牙超级联赛,右,183,76,0,0
Emilio Nsue,西班牙,27,FB,71,73,84,63,63,70,64,83,14849698,RCD Mallorca,西班牙甲级联赛,右,180,77,9,4
Nikos Karabelas,西班牙,32,FB,71,71,73,43,59,64,74,70,8065659,Levante UD,西班牙甲级联赛,左,180,70,1,0
Marcelo Jose Oliveira,葡萄牙,35,CB,71,71,59,52,55,50,72,76,20488702,Moreirense FC,葡萄牙超级联赛,左,185,80,0,0
Levan Mchedlidze,意大利,26,ST,71,72,66,68,56,74,23,68,22970919,Empoli,意大利甲级联赛,左,190,87,1,0
Dario Lezcano,瑞士,26,ST,71,75,78,70,69,68,39,75,8732891,FC Luzern,瑞士超级联赛,右,178,72,0,0
Lorenzo Pasciuti,意大利,27,W,71,73,84,52,64,75,54,68,16089681,Carpi,意大利甲级联赛,右,173,68,0,0
Thomas Buffel,比利时,35,CAM,71,71,66,67,71,72,50,62,15658426,KRC Genk,比利时甲级联赛,右,175,68,0,0
Fran Merida,西班牙,26,CAM,71,73,68,72,75,74,50,67,25764025,Atlético Madrid,西班牙甲级联赛,左,175,74,1,1
Derek Boateng,西班牙,33,CM,71,71,70,65,65,70,70,79,17156724,Getafe CF,西班牙甲级联赛,右,185,78,2,0
Maurice Edu,苏格兰,30,CM,71,71,72,66,66,66,72,79,12593366,Rangers,苏格兰超级联赛,右,185,81,1,0
Pau Sabata,西班牙,22,GK,71,78,48,21,29,16,15,51,14666305,RCD Espanyol,西班牙甲级联赛,左,188,72,0,0
Malcom,法国,19,W,71,84,83,57,64,76,16,56,7274245,Girondins de Bordeaux,法国甲级联赛,左,170,65,0,0
Marvelous Nakamba,荷兰,22,FB,71,77,72,55,64,70,71,74,11840422,Vitesse,荷兰甲级联赛,左,178,71,0,0
Ibrahim Didier Ndong,法国,22,CM,71,80,70,63,72,72,70,70,16476929,FC Lorient,法国甲级联赛,右,178,75,0,0
Ivan Kelava,意大利,28,GK,71,71,48,27,27,21,18,60,20250883,Udinese,意大利甲级联赛,左,196,90,0,0
Demetris Christofi,瑞士,28,ST,71,72,89,72,63,71,37,68,13934269,FC Sion,瑞士超级联赛,右,175,78,0,0
Beram Kayal,苏格兰,28,CM,71,71,74,64,72,71,65,85,7842226,Celtic,苏格兰超级联赛,右,178,74,0,0
Ashley Barnes,英格兰,27,ST,71,73,72,70,58,71,38,79,16171762,Burnley,英格兰超级联赛,右,185,76,0,0
Jan Simunek,德国,29,FB,71,71,70,35,60,58,72,58,9973623,VfL Wolfsburg,德国甲级联赛,右,188,79,0,0
Milan Vilotic,瑞士,30,FB,71,71,64,53,48,54,72,75,16712299,BSC Young Boys,瑞士超级联赛,右,190,84,1,0
Kike Sola,西班牙,30,CAM,71,71,62,70,60,72,44,56,9287801,CA Osasuna,西班牙甲级联赛,右,183,80,17,0
Sloan Privat,法国,27,ST,71,73,65,68,55,66,26,74,15730434,FC Sochaux-Montbéliard,法国甲级联赛,右,185,83,12,0
Nathan,荷兰,20,W,71,84,84,64,68,81,23,66,10749429,Vitesse,荷兰甲级联赛,右,178,73,0,0
Dalbert,葡萄牙,23,FB,71,79,86,55,62,67,67,67,11637317,Vitória Guimarães,葡萄牙超级联赛,左,180,74,0,0
Abdullahi Shehu,葡萄牙,23,FB,71,76,75,49,72,68,67,75,20448396,Uniao da Madeira,葡萄牙超级联赛,右,180,72,0,0
Federico Mattiello,意大利,21,FB,71,83,79,64,64,72,70,63,10420781,Chievo Verona,意大利甲级联赛,左,183,77,0,0
Crislan,葡萄牙,24,ST,71,76,78,70,55,74,29,68,8713205,SC Braga,葡萄牙超级联赛,左,185,73,0,0
Sebastian Eguren,西班牙,35,CM,71,71,44,54,68,60,72,66,12209205,Villarreal CF,西班牙甲级联赛,右,185,84,4,0
Camel Meriem,法国,37,CAM,71,71,59,64,73,73,31,58,10379220,AC Arles-Avignon,法国甲级联赛,右,175,70,3,0
Paul Hartley,苏格兰,40,CM,71,78,63,72,73,72,67,66,18803530,Aberdeen,苏格兰超级联赛,右,173,67,0,0
Jerome Rothen,法国,38,CAM,71,71,58,70,79,72,54,53,7341798,Paris Saint-Germain,法国甲级联赛,左,178,74,3,0
Lorenzo Ariaudo,意大利,27,CB,71,72,50,37,57,50,74,68,15503358,Cagliari,意大利甲级联赛,左,185,70,1,0
Lucas Armando Mareque,法国,33,FB,71,71,77,46,61,67,72,73,14669777,FC Lorient,法国甲级联赛,右,175,75,2,0
Cristian Alvarez,西班牙,31,GK,71,71,48,24,24,23,25,58,18018480,RCD Espanyol,西班牙甲级联赛,右,185,88,0,0
Lukas Marecek,荷兰,26,CM,71,73,72,58,72,70,69,72,20079672,SC Heerenveen,荷兰甲级联赛,右,183,69,0,0
Joel Ekstrand,意大利,27,CB,71,71,48,34,56,52,73,66,15408106,Udinese,意大利甲级联赛,右,188,77,0,0
Jan Moravek,德国,27,CAM,71,73,58,70,73,74,54,58,14081891,FC Augsburg,德国甲级联赛,右,180,75,8,0
Vincenzo Rennella,瑞士,28,ST,71,72,62,73,60,71,31,68,15001133,Grasshopper Club Zürich,瑞士超级联赛,左,188,78,1,0
Leandro Pereira,比利时,25,ST,71,74,68,70,55,70,25,74,7179008,Club Brugge KV,比利时甲级联赛,右,190,75,0,0
Wallyson Mallmann,法国,22,CAM,71,79,74,73,72,75,61,68,5729504,OGC Nice,法国甲级联赛,左,183,77,0,0
Rodrigue Casimir Ninga,法国,23,ST,71,76,84,72,55,70,15,78,12034637,Montpellier Hérault SC,法国甲级联赛,右,183,75,0,0
Tomasz Jodlowiec,波兰,31,CM,71,71,62,56,69,66,68,79,10890701,P. Warszawa,波兰甲级联赛,右,190,86,0,0
Julio Cesar Machado,葡萄牙,34,FB,71,71,86,64,65,70,70,71,14698319,CF Os Belenenses,葡萄牙超级联赛,左,165,63,0,0
Cristian Pasquato,意大利,27,W,71,73,83,67,63,77,14,56,5737684,Lecce,意大利甲级联赛,右,173,70,2,0
Paulo Santos,葡萄牙,44,GK,71,71,26,20,31,18,13,70,8044454,Rio Ave FC,葡萄牙超级联赛,右,185,83,0,0
Cristiano Zanetti,意大利,39,CM,71,71,35,62,86,60,58,49,22812525,Fiorentina,意大利甲级联赛,右,180,75,2,0
Adam Rooney,苏格兰,28,ST,71,71,64,71,56,69,22,74,14020209,Aberdeen,苏格兰超级联赛,右,178,78,0,0
Jiloan Hamad,德国,26,CAM,71,74,72,64,71,74,42,66,10630121,TSG 1899 Hoffenheim,德国甲级联赛,右,173,72,0,0
Tjaronn Chery,荷兰,28,ST,71,71,80,76,68,74,28,69,6482698,FC Groningen,荷兰甲级联赛,左,170,68,12,3
Eyong Enoh,荷兰,30,FB,71,71,66,44,62,62,74,76,10388060,Ajax,荷兰甲级联赛,右,178,75,0,2
Reginald Goreux,比利时,29,FB,71,71,77,67,66,68,72,72,3421820,Standard de Liège,比利时甲级联赛,右,175,73,0,0
Jim Larsen,比利时,31,CB,71,71,55,49,57,49,71,76,10716317,Club Brugge KV,比利时甲级联赛,右,190,90,0,0
Aleksandar Prijovic,瑞士,26,ST,71,73,70,68,57,75,31,71,10723070,FC Sion,瑞士超级联赛,右,193,87,0,0
Federico Santander,法国,25,ST,71,75,68,70,63,67,25,76,37577422,Toulouse FC,法国甲级联赛,右,188,85,4,0
Charlie Daniels,英格兰,30,FB,71,71,78,46,65,68,70,76,11416115,Bournemouth,英格兰超级联赛,左,178,75,0,0
Renato Tapia,荷兰,21,CM,71,80,67,65,67,78,65,82,11002700,FC Twente,荷兰甲级联赛,右,188,78,5,0
Stanislav Vlcek,比利时,40,ST,71,77,70,72,71,72,42,73,4833701,RSC Anderlecht,比利时甲级联赛,右,183,79,0,0
Sheraldo Becker,荷兰,21,ST,71,79,90,69,59,72,31,69,11559381,PEC Zwolle,荷兰甲级联赛,右,180,75,1,2
Ryan Thomas,荷兰,22,W,71,78,80,60,70,78,40,49,19896260,PEC Zwolle,荷兰甲级联赛,右,175,64,2,5
Julio Baptista,意大利,35,ST,71,71,52,78,67,74,35,70,6206273,Roma,意大利甲级联赛,右,185,86,26,1
Amir Abrashi,瑞士,26,FB,71,73,74,64,62,64,74,78,13772628,Grasshopper Club Zürich,瑞士超级联赛,右,173,71,0,0
Guillermo Franco,英格兰,40,ST,71,71,53,71,64,72,24,70,4957980,West Ham United,英格兰超级联赛,右,183,76,5,3
Amr Zaki,英格兰,33,ST,71,71,78,77,47,68,28,77,14271798,Wigan Athletic,英格兰超级联赛,右,185,78,10,1
Anderson Luis,葡萄牙,28,FB,71,72,78,55,59,63,71,72,9483388,Estoril Praia,葡萄牙超级联赛,右,175,71,0,0
Oscar Ustari,西班牙,30,GK,71,71,59,15,35,21,16,66,10501708,Getafe CF,西班牙甲级联赛,右,183,82,0,0
Omar Bravo,西班牙,36,ST,71,71,67,68,67,67,38,75,8262002,RC Deportivo de La Coruña,西班牙甲级联赛,右,175,77,1,0
Emilio Izaguirre,苏格兰,30,FB,71,71,74,42,67,69,71,78,5393121,Celtic,苏格兰超级联赛,左,178,73,0,1
Johann Berg Gudmundsson,荷兰,26,ST,71,74,76,75,65,76,48,68,19264060,AZ,荷兰甲级联赛,左,178,77,0,0
Tiago Luis,葡萄牙,27,ST,71,72,82,71,61,73,29,63,23825033,"União de Leiria, SAD",葡萄牙超级联赛,右,175,74,0,0
Philippe Senderos,英格兰,31,CB,71,71,42,39,50,42,72,71,9959965,Fulham,英格兰超级联赛,右,190,84,2,2
David Meyler,英格兰,27,CM,71,72,58,63,72,70,64,76,22633024,Hull City,英格兰超级联赛,右,188,86,2,1
Filipe Ferreira,葡萄牙,26,FB,71,72,74,53,64,70,71,72,46735947,CF Os Belenenses,葡萄牙超级联赛,左,178,70,0,0
Jean-Louis Leca,法国,31,GK,71,71,40,13,24,19,14,47,14328352,SC Bastia,法国甲级联赛,右,180,75,0,0
Alex Soares,葡萄牙,25,CM,71,74,68,61,72,73,59,67,10386592,CS Marítimo,葡萄牙超级联赛,右,178,68,0,0
DaMarcus Beasley,苏格兰,34,FB,71,71,86,62,64,68,67,72,6511479,Rangers,苏格兰超级联赛,左,173,68,0,0
Airton,葡萄牙,26,CM,71,76,60,61,66,66,71,79,13244832,SL Benfica,葡萄牙超级联赛,右,180,77,0,0
Damien Duff,英格兰,37,CAM,71,71,68,70,71,74,51,55,10350692,Fulham,英格兰超级联赛,左,178,75,19,22
Souleymane Bamba,苏格兰,31,CB,71,71,67,29,50,56,71,74,11340899,Hibernian,苏格兰超级联赛,右,190,86,0,0
John Mensah,英格兰,34,CB,71,71,58,45,54,35,70,70,9751805,Sunderland,英格兰超级联赛,右,178,81,2,1
Rafal Gikiewicz,波兰,29,GK,71,71,28,14,29,12,13,45,11369362,Śląsk Wrocław,波兰甲级联赛,右,188,82,0,0
Nathan Baker,英格兰,25,CB,71,75,54,37,36,32,73,70,11454592,Aston Villa,英格兰超级联赛,左,188,82,3,0
Tommy Oar,荷兰,25,W,71,74,81,63,66,74,34,60,23120768,FC Utrecht,荷兰甲级联赛,左,170,73,0,0
Hussain Abdul Ghani,瑞士,39,CM,71,71,70,64,74,68,72,66,14411661,Neuchâtel Xamax,瑞士超级联赛,左,173,70,0,0
Nikola Djurdjic,德国,30,ST,71,71,72,71,66,70,31,71,14768827,SpVgg Greuther Fürth,德国甲级联赛,右,183,73,5,0
Mario Gavranovic,瑞士,27,ST,71,73,80,64,63,72,35,73,14601088,FC Zürich,瑞士超级联赛,右,175,74,0,0
Sotirios Kyrgiakos,英格兰,37,GK,71,71,34,44,44,38,69,68,8526062,Liverpool,英格兰超级联赛,右,193,88,3,1
Cedric Hengbart,法国,36,CM,71,71,64,63,63,60,70,73,8564289,AJ Auxerre,法国甲级联赛,右,183,73,2,0
Frederic Sammaritano,法国,30,W,71,71,82,62,68,72,20,54,14615659,AC Ajaccio,法国甲级联赛,右,163,66,2,0
Massimo Oddo,意大利,40,CM,71,71,54,69,74,75,72,59,12687566,Lecce,意大利甲级联赛,右,183,76,1,4
Jose Luis Fernandez,葡萄牙,29,W,71,71,80,71,70,70,44,69,11720780,SL Benfica,葡萄牙超级联赛,左,170,67,0,0
Cristian Stuani,西班牙,30,ST,71,71,70,71,66,70,42,82,6166418,RCD Espanyol,西班牙甲级联赛,右,185,76,32,2
Joe Cole,英格兰,35,CAM,71,71,45,68,73,78,34,48,12267387,Chelsea,英格兰超级联赛,右,175,73,15,12
Wayne Bridge,英格兰,36,CM,71,71,60,56,66,68,74,66,5499847,Manchester City,英格兰超级联赛,左,180,80,0,2
Lamine Gassama,法国,27,FB,71,72,67,39,61,60,74,66,12789719,FC Lorient,法国甲级联赛,右,180,74,0,0
Leonardo Ponzio,西班牙,34,CM,71,71,60,65,70,68,73,67,16721970,Real Zaragoza,西班牙甲级联赛,右,175,71,4,0
Joao Alves,葡萄牙,36,CM,71,71,61,68,77,70,61,71,10904919,Vitória Guimarães,葡萄牙超级联赛,右,178,74,0,0
Wilfred Bouma,荷兰,38,CM,71,71,50,60,68,64,72,65,9458931,PSV,荷兰甲级联赛,左,178,88,0,0
Emiliano Alfaro,意大利,28,ST,71,73,75,68,59,72,30,62,14589946,Palermo,意大利甲级联赛,右,173,70,0,0
Sebastian Ribas,葡萄牙,28,ST,71,75,70,72,49,70,20,73,20708156,Sporting CP,葡萄牙超级联赛,左,188,80,0,0
Jordon Mutch,英格兰,25,CAM,71,74,75,73,70,74,65,73,9147538,Cardiff City,英格兰超级联赛,右,188,81,7,6
Orlando Sa,波兰,28,ST,71,71,62,70,59,70,28,76,13676771,Legia Warszawa,波兰甲级联赛,右,188,85,0,0
Emerson,法国,30,FB,71,74,72,55,64,64,72,77,14909632,LOSC Lille,法国甲级联赛,左,185,83,0,0
Ronald Vargas,比利时,30,W,71,71,68,68,70,74,25,51,12585689,Club Brugge KV,比利时甲级联赛,右,175,70,0,0
Joffre David Guerron,西班牙,31,ST,71,71,86,68,63,76,42,77,9872016,Getafe CF,西班牙甲级联赛,右,180,79,1,0
Sebastian Fernandez,西班牙,31,W,71,71,76,68,63,78,24,62,9594329,Málaga CF,西班牙甲级联赛,右,170,69,13,0
Lucas Evangelista,意大利,21,CAM,71,78,76,64,71,75,54,59,19124307,Torino,意大利甲级联赛,左,180,79,0,0
Ruslan Malinovsky,比利时,23,CAM,71,77,71,74,72,72,47,68,10752766,KRC Genk,比利时甲级联赛,左,180,79,0,0
Joost van Aken,荷兰,22,FB,71,78,70,38,55,60,73,70,14376791,SC Heerenveen,荷兰甲级联赛,左,193,75,0,0
Alireza Jahanbakhsh,荷兰,23,W,71,78,81,67,61,76,30,66,43515989,AZ,荷兰甲级联赛,右,180,75,0,0
Danielson,葡萄牙,35,CB,71,71,54,46,50,50,73,65,10295742,CD Nacional,葡萄牙超级联赛,右,188,77,0,0
Ersen Martin,西班牙,37,ST,71,72,67,69,59,72,14,73,6785507,Real Sporting de Gijón,西班牙甲级联赛,右,196,85,3,0
Edu,西班牙,38,CM,71,79,60,69,77,73,62,68,34085058,Valencia CF,西班牙甲级联赛,左,188,80,1,3
Joao Real,葡萄牙,33,CB,71,71,46,44,52,44,72,68,26165188,Académica de Coimbra,葡萄牙超级联赛,右,183,83,0,0
Wilfried Dalmat,比利时,34,ST,71,74,85,69,65,68,35,71,7667060,Standard de Liège,比利时甲级联赛,右,175,76,0,0
Karl Henry,英格兰,34,CM,71,71,52,62,67,66,72,76,19769356,Wolverhampton Wanderers,英格兰超级联赛,右,185,80,0,1
Diego Farias,意大利,26,W,71,73,88,66,61,78,19,59,18990726,Cagliari,意大利甲级联赛,右,173,66,0,0
Guido Marilungo,意大利,27,W,71,73,82,65,64,78,22,70,13011004,Sampdoria,意大利甲级联赛,右,175,73,7,2
Craig Noone,英格兰,29,W,71,71,84,64,62,78,37,63,26027270,Cardiff City,英格兰超级联赛,左,178,69,1,1
Jordi Feliu Xumetra,西班牙,31,W,71,71,86,69,62,74,38,67,6012346,Levante UD,西班牙甲级联赛,右,173,70,1,1
Dorus De Vries,英格兰,36,GK,71,71,50,15,33,18,15,60,4298750,Wolverhampton Wanderers,英格兰超级联赛,右,190,96,0,0
Kelvin Davis,英格兰,40,GK,71,71,48,19,21,20,16,62,7750806,Southampton,英格兰超级联赛,右,185,82,0,0
Giulio Migliaccio,意大利,35,CM,71,71,55,67,72,68,72,76,9534022,Palermo,意大利甲级联赛,右,180,81,11,2
Steven Moreira,法国,22,FB,71,78,70,31,71,66,74,59,13700241,Stade Rennais FC,法国甲级联赛,右,178,70,0,1
Varela,西班牙,22,FB,71,81,82,44,58,62,71,68,20608674,Real Betis Balompié,西班牙甲级联赛,左,175,68,0,0
Krisztian Nemeth,荷兰,27,ST,71,72,78,69,61,73,34,65,15391862,Roda JC Kerkrade,荷兰甲级联赛,右,180,74,0,0
Bartlomiej Dragowski,波兰,19,GK,71,86,44,16,43,19,18,49,11912336,Jagiellonia Białystok,波兰甲级联赛,右,190,86,0,0
Selim Teber,德国,35,CM,71,76,74,68,73,70,69,70,6785318,Eintracht Frankfurt,德国甲级联赛,右,188,83,4,1
Pablo Sebastian Alvarez,意大利,32,FB,71,71,74,62,58,60,76,75,15953652,Catania,意大利甲级联赛,右,178,82,0,1
Angelo da Costa,意大利,33,GK,71,71,40,16,31,16,18,49,16354051,Sampdoria,意大利甲级联赛,右,185,81,0,0
Mamadou Samassa,法国,26,GK,71,72,51,15,25,16,14,53,12064885,En Avant de Guingamp,法国甲级联赛,右,198,85,0,0
Martin Hansen,荷兰,26,GK,71,73,50,20,16,18,16,56,8859648,ADO Den Haag,荷兰甲级联赛,右,188,87,0,1
Rodrigo Taddei,意大利,36,CM,71,71,34,67,74,72,68,51,6840593,Roma,意大利甲级联赛,右,178,80,6,4
Angelo Palombo,意大利,35,CM,71,71,68,66,72,70,70,71,14660739,Sampdoria,意大利甲级联赛,右,178,77,6,3
William Remy,法国,25,FB,71,75,76,49,63,68,72,87,10462593,Montpellier Hérault SC,法国甲级联赛,右,183,79,0,0
Vaclav Kadlec,德国,24,W,71,75,87,68,61,75,30,64,21770329,Eintracht Frankfurt,德国甲级联赛,右,180,77,5,1
Darryl Lachman,荷兰,27,FB,71,73,66,50,65,60,70,78,11817801,PEC Zwolle,荷兰甲级联赛,右,188,82,0,0
Rui Fonte,葡萄牙,26,ST,71,73,74,71,57,74,30,72,7460967,CF Os Belenenses,葡萄牙超级联赛,右,180,74,1,0
Takayuki Morimoto,意大利,28,ST,71,72,82,68,63,68,26,67,20007204,Catania,意大利甲级联赛,右,180,77,17,0
Michele Marcolini,意大利,41,CM,71,71,64,67,77,66,62,63,10664045,Chievo Verona,意大利甲级联赛,左,173,71,12,2
Kaan Ayhan,德国,22,CM,71,80,67,60,66,64,71,74,11905409,FC Schalke 04,德国甲级联赛,右,185,84,1,0
Yoann Andreu,法国,27,FB,71,72,70,27,58,68,72,69,10319732,Angers SCO,法国甲级联赛,右,178,70,0,0
Francesco Benussi,意大利,35,GK,71,71,42,17,36,16,14,57,8535331,Lecce,意大利甲级联赛,右,188,80,0,0
Tom van Weert,荷兰,26,ST,71,73,68,70,49,62,21,72,16998818,Excelsior,荷兰甲级联赛,右,180,74,10,1
Anthony Pilkington,英格兰,28,ST,71,71,68,75,68,72,26,72,20197872,Norwich City,英格兰超级联赛,右,180,81,14,5
Barry Bannan,英格兰,27,CAM,71,73,64,68,77,74,44,58,9056164,Aston Villa,英格兰超级联赛,左,170,61,2,6
Emmanuel Riviere,法国,26,ST,71,73,76,71,62,70,31,73,17741418,AS Saint-Étienne,法国甲级联赛,右,183,76,24,2
Isaac Cofie,意大利,25,CM,71,74,69,62,70,70,74,74,10504785,Chievo Verona,意大利甲级联赛,右,180,73,3,0
Dejan Lazarevic,意大利,26,W,71,73,91,58,60,76,34,65,15626479,Chievo Verona,意大利甲级联赛,右,175,66,1,1
Jose Angel,西班牙,27,FB,71,72,74,57,63,68,72,66,29012060,Real Sporting de Gijón,西班牙甲级联赛,左,183,77,1,2
Eugenio Lamanna,意大利,27,GK,71,73,31,19,34,21,14,46,17696980,Genoa,意大利甲级联赛,右,185,80,0,0
Stophira Sunzu,法国,27,FB,71,72,72,39,59,50,70,76,20562293,FC Sochaux-Montbéliard,法国甲级联赛,右,188,80,4,0
Chris,德国,38,CM,71,71,50,46,69,62,72,54,10304905,Eintracht Frankfurt,德国甲级联赛,右,185,78,4,3
Jermaine Jones,德国,35,CM,71,71,73,71,73,72,72,81,7480664,FC Schalke 04,德国甲级联赛,右,183,78,7,3
Andre Claro,葡萄牙,25,ST,71,75,75,72,61,73,29,67,14238970,FC Arouca,葡萄牙超级联赛,右,183,75,0,0
Alejandro Alfaro,西班牙,30,W,71,71,72,69,68,72,33,62,7081976,CD Tenerife,西班牙甲级联赛,右,175,73,17,2
Tiago Silva,葡萄牙,23,CAM,71,78,72,65,72,72,50,57,11321954,CF Os Belenenses,葡萄牙超级联赛,右,175,68,0,0
Piotr Celeban,波兰,31,FB,71,71,72,59,51,52,71,81,11183565,Śląsk Wrocław,波兰甲级联赛,右,180,76,0,0
Jozabed,西班牙,25,CM,71,75,58,67,74,72,69,67,7909945,Rayo Vallecano,西班牙甲级联赛,右,180,67,0,0
DeAndre Yedlin,英格兰,23,FB,71,80,93,55,61,70,65,74,7679102,Sunderland,英格兰超级联赛,右,173,73,0,0
Dan Gosling,英格兰,26,CM,71,73,65,69,72,68,68,68,10827443,Bournemouth,英格兰超级联赛,右,183,79,5,0
Vasco Regini,意大利,26,FB,71,74,68,42,50,59,76,73,16887402,Sampdoria,意大利甲级联赛,左,185,77,0,3
Raphael Schaefer,德国,37,GK,71,71,31,15,19,15,15,53,13655722,1. FC Nürnberg,德国甲级联赛,左,190,94,0,0
Leonel Olimpio,葡萄牙,34,CM,71,71,68,60,67,65,71,77,11535410,Vitória Guimarães,葡萄牙超级联赛,右,183,78,0,0
Antoine Devaux,法国,31,CM,71,71,49,64,73,72,69,70,17147452,Stade de Reims,法国甲级联赛,右,185,70,3,1
Cedric Cambon,法国,30,FB,71,71,61,49,65,60,71,71,14422080,Évian Thonon Gaillard FC,法国甲级联赛,右,183,76,5,0
Riccardo Gagliolo,意大利,26,FB,71,73,77,57,47,52,74,77,6960419,Carpi,意大利甲级联赛,左,180,75,0,0
Matteo Mancosu,意大利,32,ST,71,71,78,69,54,70,18,70,9171798,Carpi,意大利甲级联赛,右,183,75,0,0
Joris van Overeem,荷兰,22,CAM,71,76,72,59,73,76,58,59,9703051,FC Dordrecht,荷兰甲级联赛,右,180,71,1,3
Felix Kroos,德国,25,CM,71,75,66,62,69,69,71,71,12889460,SV Werder Bremen,德国甲级联赛,右,183,78,1,0
Jan Rosenthal,德国,30,ST,71,71,67,69,71,72,34,65,10736459,SC Freiburg,德国甲级联赛,右,185,73,14,1
Tomasz Kuszczak,英格兰,34,GK,71,71,46,18,33,17,16,53,9540984,Manchester United,英格兰超级联赛,右,190,84,0,0
Casto Espinosa,西班牙,34,GK,71,71,54,16,29,14,15,61,20503067,Real Betis Balompié,西班牙甲级联赛,右,180,75,0,0
Sebastian Boenisch,德国,29,FB,71,71,72,61,58,60,73,73,10706720,Bayer 04 Leverkusen,德国甲级联赛,右,190,90,2,2
Jon Dahl Tomasson,荷兰,40,ST,71,83,70,71,70,69,33,70,11504663,Feyenoord,荷兰甲级联赛,右,183,73,0,0
Kevin Stuhr Ellegaard,荷兰,33,GK,71,71,51,16,33,18,16,58,5875586,SC Heerenveen,荷兰甲级联赛,右,196,93,0,0
Tongo Hamed Doumbia,法国,27,CM,71,73,76,73,66,73,77,85,9991173,Toulouse FC,法国甲级联赛,右,190,79,6,1
Michel Herrero,西班牙,28,CAM,71,72,58,71,77,72,55,61,16636688,Levante UD,西班牙甲级联赛,右,180,69,5,2
Takashi Usami,德国,24,W,71,78,78,64,65,75,21,53,6327529,TSG 1899 Hoffenheim,德国甲级联赛,右,178,68,2,0
Derrick Tshimanga,比利时,28,FB,71,71,87,57,62,72,70,75,13714391,KRC Genk,比利时甲级联赛,左,175,72,0,0
"Lolo Reyes,23",西班牙,25,CM,71,75,69,57,66,69,70,73,14768523,Real Betis Balompié,西班牙甲级联赛,右,175,77,1,0
Sambou Yatabare,法国,27,CM,71,72,75,65,72,74,64,75,18177672,SC Bastia,法国甲级联赛,左,190,82,3,0
Marcel Correia,德国,27,FB,71,72,66,44,60,60,72,75,21708021,Eintracht Braunschweig,德国甲级联赛,右,185,81,0,0
Ivan Santini,比利时,27,ST,71,72,46,75,55,61,27,78,8640831,KV Kortrijk,比利时甲级联赛,右,190,89,1,0
Karim Haggui,德国,32,CB,71,71,34,40,54,52,71,66,14206429,Hannover 96,德国甲级联赛,右,190,86,11,0
Konstantin Vassiljev,波兰,32,CAM,71,71,62,75,73,68,56,61,10564525,Jagiellonia Białystok,波兰甲级联赛,右,175,76,0,0
Goncalo Paciencia,葡萄牙,22,ST,71,80,72,73,53,75,24,69,14976503,Académica de Coimbra,葡萄牙超级联赛,右,183,80,0,0
Wanderson,比利时,22,W,71,79,83,59,66,78,18,57,11205523,Lierse SK,比利时甲级联赛,右,175,66,0,0
Stephen Ayodele Makinwa,意大利,33,ST,71,71,82,69,60,70,30,70,14947567,Chievo Verona,意大利甲级联赛,右,185,77,1,0
Marco Streller,瑞士,35,CAM,71,71,49,68,71,62,39,60,19276209,FC Basel,瑞士超级联赛,左,196,83,0,0
Thomas Broich,德国,35,CAM,71,71,62,70,72,76,48,63,16301959,1. FC Köln,德国甲级联赛,右,183,74,0,0
Ken Reichel,德国,30,FB,71,71,73,67,63,66,71,72,8797942,Eintracht Braunschweig,德国甲级联赛,左,185,83,1,2
Alejandro Gonzalez,意大利,28,CB,71,71,68,19,42,47,73,77,10275318,Hellas Verona,意大利甲级联赛,右,183,79,0,0
Leandro Grimi,葡萄牙,31,FB,71,71,76,65,62,64,72,75,8437934,Sporting CP,葡萄牙超级联赛,左,183,78,0,0
Youssef Adnane,法国,31,ST,71,71,70,71,66,72,23,70,19053863,Évian Thonon Gaillard FC,法国甲级联赛,右,178,71,2,0
Christophe Lepoint,比利时,32,CM,71,71,61,67,68,64,68,78,17464008,KAA Gent,比利时甲级联赛,右,188,83,0,0
Moritz Stoppelkamp,德国,30,ST,71,71,80,71,64,70,54,76,13827004,SC Paderborn 07,德国甲级联赛,右,180,77,0,0
Keirrison,意大利,28,ST,71,75,66,72,63,73,33,67,10781786,Fiorentina,意大利甲级联赛,右,183,80,2,0
Denis Alibec,比利时,25,CAM,71,75,70,72,65,70,51,67,11127480,KV Mechelen,比利时甲级联赛,左,188,77,0,0
Jordi Figueras,西班牙,29,CB,71,71,40,32,59,57,70,72,10951442,Rayo Vallecano,西班牙甲级联赛,左,185,82,3,0
Igor Budan,意大利,36,ST,71,71,52,68,57,72,27,64,7637843,Palermo,意大利甲级联赛,右,185,80,15,1
Edmilson Junior,比利时,22,W,71,79,78,71,61,77,46,69,6637727,Sint-Truidense VV,比利时甲级联赛,右,180,65,0,0
Federico Barba,意大利,23,CB,71,79,58,33,45,46,75,63,14412820,Empoli,意大利甲级联赛,左,188,77,0,0
Mustapha Riga,英格兰,35,ST,71,77,82,72,62,74,25,62,6450062,Bolton Wanderers,英格兰超级联赛,右,178,75,0,0
Julio Sergio,意大利,38,GK,71,71,47,29,29,24,24,55,10266405,Roma,意大利甲级联赛,右,188,80,0,0
Simon Vukcevic,葡萄牙,30,ST,71,78,74,78,68,75,30,76,29598144,Sporting CP,葡萄牙超级联赛,左,180,81,1,1
Joan Oriol,西班牙,30,FB,71,71,76,58,64,65,70,78,16341084,Villarreal CF,西班牙甲级联赛,左,175,69,0,0
Siboniso Pa Gaxa,比利时,32,FB,71,71,81,51,61,69,71,74,11244353,Lierse SK,比利时甲级联赛,右,178,75,0,0
Onur Kaya,比利时,30,W,71,71,74,64,72,72,33,60,15661734,Sporting Charleroi,比利时甲级联赛,右,168,69,0,0
Borja Garcia,西班牙,26,W,71,75,82,64,64,74,23,68,7180673,Córdoba CF,西班牙甲级联赛,右,175,72,0,0
Willem Janssen,荷兰,30,CM,71,71,62,70,70,70,60,79,15088882,Roda JC Kerkrade,荷兰甲级联赛,右,185,75,2,0
Yoichiro Kakitani,瑞士,26,ST,71,74,85,71,62,75,17,71,29091234,FC Basel,瑞士超级联赛,右,178,68,0,0
Innocent Emeghara,瑞士,27,ST,71,72,90,66,47,72,28,68,14694572,Grasshopper Club Zürich,瑞士超级联赛,右,170,66,15,2
Sekou Cisse,荷兰,31,ST,71,71,76,72,67,71,32,70,24611419,Feyenoord,荷兰甲级联赛,右,183,78,1,0
Kalilou Mohamed Traore,法国,29,CM,71,73,64,65,67,67,64,80,26142842,FC Sochaux-Montbéliard,法国甲级联赛,右,193,87,0,0
Wout Brama,荷兰,30,CM,71,71,58,56,69,68,70,74,9827074,FC Twente,荷兰甲级联赛,右,175,71,0,1
Peter Niemeyer,德国,33,GK,71,71,34,44,59,46,78,72,9634144,Hertha BSC Berlin,德国甲级联赛,右,190,83,4,0
Maciej Gajos,波兰,25,ST,71,75,76,74,71,72,40,77,7308578,Jagiellonia Białystok,波兰甲级联赛,右,175,65,0,0
Ricardo Valente,葡萄牙,25,ST,71,75,76,74,62,71,16,72,11074241,Vitória Guimarães,葡萄牙超级联赛,右,180,74,0,0
Fabio Cardoso,葡萄牙,22,CB,71,79,65,37,49,58,72,73,12586089,FC Paços de Ferreira,葡萄牙超级联赛,右,185,75,0,0
Babanco,葡萄牙,31,FB,71,71,80,66,70,72,70,77,9467632,Estoril Praia,葡萄牙超级联赛,左,180,74,0,0
"Joao Costa,21",葡萄牙,24,W,71,76,88,67,66,72,37,61,17035729,Vitória Setúbal,葡萄牙超级联赛,右,170,64,0,0
Dwight Gayle,英格兰,26,ST,71,75,84,72,48,68,20,66,16637088,Crystal Palace,英格兰超级联赛,右,178,73,7,0
Sebastian Polter,德国,25,ST,71,75,75,69,56,66,22,74,9224951,1. FC Nürnberg,德国甲级联赛,右,190,88,7,0
Willian Jose,西班牙,25,ST,71,77,60,72,60,71,35,65,15919174,UD Las Palmas,西班牙甲级联赛,右,185,89,0,0
May Mahlangu,比利时,27,FB,71,72,83,65,71,67,60,81,12077073,Sint-Truidense VV,比利时甲级联赛,右,173,67,0,0
Kevin Constant,意大利,29,CM,71,71,74,64,71,77,67,74,14350326,Milan,意大利甲级联赛,左,185,78,3,2
Albert Crusat,西班牙,34,W,71,71,89,62,60,76,18,71,11613888,UD Almería,西班牙甲级联赛,左,165,65,12,5
Gibril Sankoh,荷兰,33,CM,71,71,39,53,65,58,71,72,12928615,FC Groningen,荷兰甲级联赛,右,188,80,1,0
Jos Hooiveld,英格兰,33,CM,71,71,33,49,58,52,72,58,8528102,Southampton,英格兰超级联赛,左,193,83,4,0
Nicolas Bertolo,意大利,30,W,71,71,76,65,68,78,35,58,16591098,Palermo,意大利甲级联赛,右,178,75,8,0
Mustapha Diallo,法国,30,CM,71,71,56,52,65,63,70,79,8030431,En Avant de Guingamp,法国甲级联赛,右,190,75,2,0
Omar Mascarell,西班牙,23,CM,71,78,70,66,74,74,66,74,14861391,Real Sporting de Gijón,西班牙甲级联赛,右,180,75,0,0
Daniel Tozser,比利时,31,CM,71,71,48,76,74,68,62,73,12817702,KRC Genk,比利时甲级联赛,左,185,74,0,0
Fabio Espinho,葡萄牙,31,CAM,71,71,70,74,74,72,43,64,12445492,Moreirense FC,葡萄牙超级联赛,右,170,64,0,0
Ismael Aissati,荷兰,28,W,71,75,69,64,71,76,22,58,28581356,Ajax,荷兰甲级联赛,右,175,70,1,0
Leonardo Blanchard,意大利,28,CB,71,71,60,15,45,52,71,79,29599733,Frosinone,意大利甲级联赛,左,188,80,0,0
Markus Suttner,德国,29,FB,71,71,78,61,63,69,70,74,17586851,FC Ingolstadt 04,德国甲级联赛,左,178,73,0,0
Valdomiro,葡萄牙,37,CB,71,71,42,48,51,38,74,51,11188424,Vitória Setúbal,葡萄牙超级联赛,右,190,87,0,0
Tiago Gomes,葡萄牙,30,FB,71,71,74,61,61,69,70,71,26367820,Estoril Praia,葡萄牙超级联赛,左,178,80,0,0
Diego Fabbrini,意大利,26,W,71,74,77,64,68,78,25,62,11814782,Udinese,意大利甲级联赛,右,183,71,3,0
Mouhamadou Dabo,法国,30,FB,71,71,76,55,64,68,73,69,11019719,Olympique Lyonnais,法国甲级联赛,右,175,65,0,1
Victor Perez,西班牙,28,CAM,71,71,63,65,77,70,55,53,18147366,Real Valladolid,西班牙甲级联赛,右,175,71,5,0
Tommer Hemed,西班牙,29,ST,71,71,60,72,52,69,26,72,10436705,RCD Mallorca,西班牙甲级联赛,右,185,80,19,0
Javi Lara,西班牙,31,CAM,71,71,64,71,76,74,36,55,11304713,SD Eibar,西班牙甲级联赛,右,178,73,0,0
Fernando Uribe,意大利,28,ST,71,71,72,70,54,71,29,68,6903225,Chievo Verona,意大利甲级联赛,右,180,76,2,0
Stefan Scepovic,西班牙,26,ST,71,73,60,68,57,64,32,69,12512548,Getafe CF,西班牙甲级联赛,右,188,78,0,0
Diego Novaretti,意大利,31,CB,71,71,50,28,55,43,74,62,10174760,Lazio,意大利甲级联赛,左,193,86,0,1
Andreas Weimann,英格兰,25,ST,71,76,85,74,56,72,36,62,10498551,Aston Villa,英格兰超级联赛,右,178,76,14,6
Marc-Oliver Kempf,德国,21,FB,71,80,64,40,62,59,72,75,21159406,SC Freiburg,德国甲级联赛,左,185,82,0,0
"Leandro Gioda,28",西班牙,32,CB,71,74,59,49,48,43,72,74,11203975,Xerez Club Deportivo,西班牙甲级联赛,右,193,87,3,0
Ferreira de Matos Alonso,葡萄牙,36,CM,71,74,73,61,70,73,71,72,5648133,CS Marítimo,葡萄牙超级联赛,左,175,72,0,0
Dimitrios Pelkas,葡萄牙,23,W,71,79,80,65,72,75,26,52,12733086,Vitória Setúbal,葡萄牙超级联赛,右,175,68,0,0
Mario Vrancic,德国,27,CAM,71,72,56,68,75,76,47,65,12893235,SC Paderborn 07,德国甲级联赛,左,188,78,0,0
Marco Rojas,瑞士,25,W,71,77,90,66,61,78,19,54,18607314,FC Thun,瑞士超级联赛,右,168,64,1,0
Adam Matuschyk,德国,27,CM,71,72,66,68,72,70,68,71,11043448,1. FC Köln,德国甲级联赛,右,180,75,4,1
Magnus Wolff Eikrem,荷兰,26,CAM,71,75,58,69,79,72,47,44,17272700,SC Heerenveen,荷兰甲级联赛,右,183,69,0,1
Chris Baird,英格兰,34,CM,71,71,56,58,67,62,76,75,16147096,Fulham,英格兰超级联赛,右,180,74,8,2
Mauro Cetto,法国,34,CB,71,71,56,48,50,52,72,68,6927798,Toulouse FC,法国甲级联赛,右,183,81,3,0
Lars Jacobsen,法国,37,CM,71,71,54,49,64,66,76,65,10873407,En Avant de Guingamp,法国甲级联赛,右,180,78,0,0
Claudiu Keseru,法国,30,ST,71,71,62,79,61,69,31,66,8129187,SC Bastia,法国甲级联赛,左,178,76,1,0
Ezequiel Alejo Carboni,意大利,37,CM,71,74,68,57,71,68,71,72,6275168,Catania,意大利甲级联赛,右,178,79,0,0
Michal Kadlec,德国,32,CM,71,71,64,61,68,65,71,75,7847413,Bayer 04 Leverkusen,德国甲级联赛,左,185,76,10,1
Sasa Papac,苏格兰,36,FB,71,71,71,34,62,66,72,67,7936911,Rangers,苏格兰超级联赛,左,185,78,0,0
Davide Mandelli,意大利,39,CB,71,71,39,48,47,42,74,64,10502525,Chievo Verona,意大利甲级联赛,左,190,84,2,1
Marcelo Boeck,葡萄牙,32,GK,71,71,36,21,33,24,16,61,9230604,CS Marítimo,葡萄牙超级联赛,右,190,86,0,0
Jonathan Bottinelli,意大利,32,CB,71,71,50,38,50,52,71,73,16174209,Sampdoria,意大利甲级联赛,左,180,79,0,0
Mouez Hassen,法国,21,GK,71,81,34,16,26,18,14,43,17650671,OGC Nice,法国甲级联赛,右,183,70,0,0
Jesper Drost,荷兰,23,W,71,75,74,66,70,74,46,64,20953474,PEC Zwolle,荷兰甲级联赛,右,175,75,5,6
Mattias Johansson,荷兰,24,FB,71,76,85,47,55,73,70,71,9908353,AZ,荷兰甲级联赛,右,175,66,0,1
Julien Faubert,英格兰,33,CM,71,71,74,68,69,70,70,73,9971082,West Ham United,英格兰超级联赛,右,180,75,5,5
Royston Drenthe,西班牙,29,W,71,71,85,66,66,78,37,61,13588408,Hércules Club de Fútbol,西班牙甲级联赛,左,168,78,7,8
Gilles Sunu,法国,25,ST,71,75,76,70,67,73,28,64,9738842,Angers SCO,法国甲级联赛,左,180,75,6,1
Gregory Wimbee,法国,45,GK,71,80,38,12,18,16,14,63,8894980,Grenoble Foot 38,法国甲级联赛,右,193,88,0,0
Rafael Schmitz,法国,36,CB,71,71,46,47,61,48,70,69,12879656,Valenciennes FC,法国甲级联赛,左,183,74,0,0
Claudio Cacapa,英格兰,40,CM,71,71,32,45,64,63,69,65,8965212,Newcastle United,英格兰超级联赛,右,180,78,0,1
Srdjan Lakic,德国,33,ST,71,71,66,71,60,68,26,75,11454025,1. FC Kaiserslautern,德国甲级联赛,右,185,85,21,0
Alejandro Alonso,法国,34,CAM,71,71,62,63,70,75,36,53,7822452,AS Monaco,法国甲级联赛,右,170,68,1,0
Juan Rafael Fuentes,西班牙,26,FB,71,73,75,42,58,66,72,74,25778381,RCD Espanyol,西班牙甲级联赛,左,178,70,1,0
Luis Advincula,葡萄牙,26,FB,71,72,92,68,63,74,66,73,10740351,Vitória Setúbal,葡萄牙超级联赛,右,178,77,0,0
Luca Ceppitelli,意大利,27,CB,71,73,62,33,36,36,74,77,7929657,Cagliari,意大利甲级联赛,右,185,83,0,0
Alessio Sestu,意大利,33,W,71,71,80,68,68,75,22,65,15759457,Siena,意大利甲级联赛,右,178,73,2,0
Marcelo Silva,西班牙,27,CB,71,72,56,39,51,51,70,77,18600628,UD Almería,西班牙甲级联赛,右,185,83,1,0
Chuli,西班牙,25,ST,71,75,80,66,59,72,25,68,21374903,Real Betis Balompié,西班牙甲级联赛,左,178,73,0,0
Joaquin Correa,意大利,22,W,71,79,78,64,71,77,19,64,28800826,Sampdoria,意大利甲级联赛,右,188,77,0,0
Edinho,意大利,33,CM,71,71,43,59,67,58,74,63,17796102,Lecce,意大利甲级联赛,右,183,84,0,0
Jon Aurtenetxe,西班牙,24,FB,71,75,76,52,61,64,71,78,11279306,Athletic Club de Bilbao,西班牙甲级联赛,左,183,79,3,2
Ruben Pinto,葡萄牙,24,CM,71,76,68,66,70,72,70,74,10732486,CF Os Belenenses,葡萄牙超级联赛,右,180,71,0,0
Andreas Isaksson,荷兰,35,GK,71,71,39,18,30,13,19,54,7747728,PSV,荷兰甲级联赛,右,198,86,0,0
Nuno Reis,比利时,25,FB,71,75,68,49,59,61,71,77,17301033,KSV Cercle Brugge,比利时甲级联赛,右,183,76,0,0
Mathieu Valverde,法国,33,GK,71,72,50,15,22,12,15,56,15266586,Toulouse FC,法国甲级联赛,右,188,85,0,0
Nicolai Boilesen,荷兰,24,FB,71,75,75,53,63,72,72,70,23160257,Ajax,荷兰甲级联赛,左,185,73,0,1
Lorenzo Crisetig,意大利,23,CM,71,76,60,56,75,72,61,75,13812840,Cagliari,意大利甲级联赛,左,183,80,0,0
Christopher Maboulou,法国,26,ST,71,72,74,70,69,74,32,69,10931644,SC Bastia,法国甲级联赛,右,185,79,0,0
Marcel Buechel,意大利,25,CAM,71,74,73,57,74,75,56,71,9712801,Empoli,意大利甲级联赛,左,175,71,0,0
Alexandros Tzorvas,意大利,34,GK,71,71,28,31,28,24,25,52,10914866,Palermo,意大利甲级联赛,右,188,80,0,0
Andre Leao,葡萄牙,31,CM,71,71,51,59,68,58,69,79,8734213,FC Paços de Ferreira,葡萄牙超级联赛,右,185,78,0,0
Hugo Campagnaro,意大利,36,FB,71,71,62,45,54,60,72,77,18588562,Napoli,意大利甲级联赛,右,180,85,6,7
Sammy Bossuyt,比利时,31,GK,71,71,46,23,40,22,16,55,8784136,SV Zulte-Waregem,比利时甲级联赛,右,185,78,0,0
Juca,西班牙,37,CAM,71,71,64,79,77,72,65,74,12609255,RC Deportivo de La Coruña,西班牙甲级联赛,右,178,73,3,1
Ibrahima Conte,比利时,25,W,71,74,86,51,65,77,42,67,16346006,KAA Gent,比利时甲级联赛,右,175,60,0,0
Mohammed Rabiu,法国,27,CB,71,73,74,27,61,65,74,83,9798482,Évian Thonon Gaillard FC,法国甲级联赛,右,188,74,2,0
Jack Grealish,英格兰,21,W,71,80,76,53,72,77,31,49,9431511,Aston Villa,英格兰超级联赛,右,175,68,0,0
Adrian Ricchiuti,意大利,38,CAM,71,71,66,57,77,74,43,43,6633614,Catania,意大利甲级联赛,右,168,72,4,2
Sergi Enrich,西班牙,26,ST,71,73,57,66,63,69,26,65,15372813,SD Eibar,西班牙甲级联赛,左,180,76,0,0
Youness Mokhtar,荷兰,25,W,71,75,77,58,67,77,35,60,8995008,FC Twente,荷兰甲级联赛,右,178,72,2,5
Bryan Oviedo,英格兰,26,FB,71,73,76,62,66,74,71,73,5992680,Everton,英格兰超级联赛,左,173,65,3,3
Igor de Camargo,比利时,33,ST,71,71,52,71,65,68,44,75,16079612,Standard de Liège,比利时甲级联赛,右,188,85,15,0
Paulo Assuncao,西班牙,36,FB,71,71,67,52,68,51,75,77,8731679,Atlético Madrid,西班牙甲级联赛,右,173,70,1,0
Jose Bosingwa,英格兰,34,FB,71,71,76,57,68,73,70,68,16021383,Chelsea,英格兰超级联赛,右,183,70,4,7
Francois Moubandje,法国,26,FB,71,73,68,46,65,68,75,77,12539882,Toulouse FC,法国甲级联赛,左,180,74,0,0
Marco Bizot,荷兰,25,GK,71,74,47,18,33,22,14,59,20991739,FC Groningen,荷兰甲级联赛,右,193,85,0,0
Matej Vydra,英格兰,24,ST,71,76,84,70,62,72,27,69,18584368,West Bromwich Albion,英格兰超级联赛,右,180,73,3,3
Raphael Nuzzolo,瑞士,33,CAM,71,71,75,73,68,72,52,68,6352847,BSC Young Boys,瑞士超级联赛,左,175,73,2,0
Ognjen Vranjes,西班牙,27,FB,71,72,68,52,60,57,70,72,8368887,Real Sporting de Gijón,西班牙甲级联赛,右,183,74,0,0
Elyaniv Barda,比利时,35,ST,71,71,72,70,70,74,34,69,15143058,KRC Genk,比利时甲级联赛,右,178,70,0,0
Stephen Quinn,英格兰,30,CM,71,71,72,67,70,72,64,75,17270839,Hull City,英格兰超级联赛,左,168,60,0,0
Matheuzinho,葡萄牙,23,W,71,77,81,64,70,75,38,53,10966850,Estoril Praia,葡萄牙超级联赛,左,170,65,0,0
Lalaina Nomenjanahary,法国,30,FB,71,71,88,56,66,71,60,61,4863760,RC Lens,法国甲级联赛,左,178,76,0,0
Cagdas Atan,瑞士,36,CM,71,74,62,57,64,54,66,74,14586306,FC Basel,瑞士超级联赛,右,183,77,2,0
Mickael Le Bihan,法国,26,ST,71,73,72,68,56,70,44,78,10844811,OGC Nice,法国甲级联赛,右,183,80,0,0
Tomas Kalas,荷兰,23,FB,71,79,80,56,55,64,75,78,16014136,Vitesse,荷兰甲级联赛,右,183,73,0,0
Gennaro Iezzo,意大利,43,GK,71,72,42,23,38,30,16,57,5251989,Napoli,意大利甲级联赛,右,185,81,0,0
Gianluca Grava,意大利,39,CB,71,71,50,30,57,43,75,58,3938705,Napoli,意大利甲级联赛,右,173,68,0,0
Uffe Bech,德国,23,ST,71,76,86,68,61,74,16,73,13412947,Hannover 96,德国甲级联赛,左,170,75,0,0
Knowledge Musona,比利时,26,ST,71,73,78,73,63,75,32,64,13083443,KV Oostende,比利时甲级联赛,右,175,68,0,0
Mike Frantz,德国,30,CM,71,71,72,68,69,70,62,76,5549357,1. FC Nürnberg,德国甲级联赛,左,183,80,8,1
Tom De Sutter,比利时,31,ST,71,71,61,73,62,66,37,79,17773899,RSC Anderlecht,比利时甲级联赛,右,193,92,0,0
Paolo De Ceglie,意大利,30,FB,71,71,69,55,63,68,72,73,7399621,Juventus,意大利甲级联赛,左,183,75,2,5
Gyorgy Garics,意大利,32,FB,71,71,76,55,63,64,71,69,15168719,Bologna,意大利甲级联赛,右,183,76,3,0
Samuel Stanton,苏格兰,22,ST,71,76,78,72,58,74,18,72,11682437,Hibernian,苏格兰超级联赛,左,188,88,0,0
Alexy Bosetti,法国,23,ST,71,77,82,70,61,74,19,67,22494807,OGC Nice,法国甲级联赛,右,170,65,5,0
Cristiano,葡萄牙,33,ST,71,71,76,71,67,72,35,65,13449587,FC Paços de Ferreira,葡萄牙超级联赛,左,175,69,0,0
Jordan Pickford,英格兰,22,GK,71,81,44,18,42,18,18,51,7926338,Sunderland,英格兰超级联赛,左,185,77,0,0
Marco Caligiuri,德国,32,CM,71,71,67,58,70,65,71,77,9228671,1. FSV Mainz 05,德国甲级联赛,右,180,75,4,1
Hossam Ghaly,比利时,35,CAM,71,71,72,68,73,74,55,73,11262334,Lierse SK,比利时甲级联赛,右,183,78,0,0
Gil Blumenshtein,苏格兰,23,FB,71,75,74,59,67,69,70,72,8321104,St. Johnstone FC,苏格兰超级联赛,右,178,77,0,0
Daniel Royer,德国,26,W,71,73,86,65,62,74,38,66,11070312,TSG 1899 Hoffenheim,德国甲级联赛,右,178,73,0,0
Suleyman Koc,德国,27,W,71,72,86,56,64,74,25,70,11057182,SC Paderborn 07,德国甲级联赛,右,178,80,0,0
Antonio Balzano,意大利,30,FB,71,71,74,48,51,56,75,75,13954290,Pescara,意大利甲级联赛,右,175,74,0,0
Diogo Salomao,葡萄牙,28,W,71,72,77,70,62,80,42,55,10851269,Sporting CP,葡萄牙超级联赛,左,175,70,2,0
Siaka Tiene,法国,34,CM,71,71,63,65,68,66,72,65,8863572,Valenciennes FC,法国甲级联赛,左,178,73,5,2
Roly Bonevacia,荷兰,25,CM,71,76,78,67,69,75,62,80,14535625,Roda JC Kerkrade,荷兰甲级联赛,右,170,65,0,0
Roland Alberg,荷兰,26,ST,71,73,73,73,72,71,42,69,18418107,ADO Den Haag,荷兰甲级联赛,右,180,72,6,6
David Jones,英格兰,32,CM,71,71,66,62,74,70,67,68,5338874,Burnley,英格兰超级联赛,左,183,80,2,3
Stilianos Malezas,德国,31,CB,71,71,54,36,51,52,74,66,13904198,Fortuna Düsseldorf,德国甲级联赛,右,193,80,0,0
Kevin Lasagna,意大利,24,ST,71,76,84,63,46,70,14,74,10567544,Carpi,意大利甲级联赛,左,185,80,0,0
Yaya Banana,瑞士,25,CB,71,75,56,35,45,44,70,78,16354942,FC Lausanne-Sports,瑞士超级联赛,右,193,88,0,0
Luca Rizzo,意大利,24,CAM,71,75,72,63,71,76,50,70,7079344,Bologna,意大利甲级联赛,右,188,80,0,0
Ricardo Esgaio,葡萄牙,23,CM,71,76,70,61,64,78,73,64,12026175,Académica de Coimbra,葡萄牙超级联赛,右,173,65,0,0
Xisco,西班牙,30,ST,71,71,58,70,47,68,21,74,26156027,Racing Santander,西班牙甲级联赛,右,188,76,5,2
Christian Schwegler,瑞士,32,FB,71,71,78,52,63,66,71,78,11415264,BSC Young Boys,瑞士超级联赛,右,178,73,0,0
Dennis Appiah,法国,24,CB,71,76,72,37,61,58,72,82,8751351,SM Caen,法国甲级联赛,右,178,68,0,0
Romain Metannire,法国,26,FB,71,73,78,31,63,68,71,78,13868017,FC Metz,法国甲级联赛,右,178,75,0,0
Vincent Sasso,葡萄牙,25,CB,71,73,52,28,46,47,73,69,10325197,SC Beira Mar,葡萄牙超级联赛,右,190,82,0,0
Fabio Coltorti,西班牙,36,GK,71,71,42,18,30,18,14,59,11078342,Racing Santander,西班牙甲级联赛,右,198,95,0,0
Heinz Mueller,德国,38,GK,71,71,38,31,33,28,25,43,14495440,1. FSV Mainz 05,德国甲级联赛,右,196,94,0,0
Bruno Nascimento,葡萄牙,25,CB,71,75,68,35,49,55,70,75,12276885,Tondela,葡萄牙超级联赛,右,188,80,0,0
Anton Ferdinand,英格兰,31,CB,71,71,66,44,55,48,75,70,11329190,Sunderland,英格兰超级联赛,右,183,71,4,3
Bobby Zamora,英格兰,35,ST,71,71,47,74,66,72,33,71,6516928,Fulham,英格兰超级联赛,左,185,87,26,23
Andre Biyogo Poko,法国,23,FB,71,78,74,59,69,75,72,72,24179401,Girondins de Bordeaux,法国甲级联赛,右,173,72,1,0
Luis Martins,葡萄牙,24,CM,71,77,74,70,65,72,70,65,13109271,Gil Vicente FC,葡萄牙超级联赛,左,178,67,0,0
Luca Antei,意大利,24,CB,71,76,55,30,46,47,74,68,9822998,Sassuolo,意大利甲级联赛,右,188,77,0,0
Billy Jones,英格兰,29,FB,71,71,70,57,62,71,74,74,13391657,West Bromwich Albion,英格兰超级联赛,右,180,77,2,3
Ben Watson,英格兰,31,CM,71,71,59,68,73,70,69,74,13630239,Wigan Athletic,英格兰超级联赛,右,178,69,12,4
Pablo Iniguez,西班牙,22,FB,71,79,56,45,63,62,74,73,15704186,Villarreal CF,西班牙甲级联赛,左,183,72,0,0
Mame Baba Thiam,比利时,24,ST,71,75,82,70,61,74,17,78,21205477,SV Zulte-Waregem,比利时甲级联赛,右,185,79,0,0
Vincent Laurini,意大利,27,FB,71,72,77,36,54,62,73,74,15856319,Empoli,意大利甲级联赛,右,173,72,0,0
Hassan Yebda,西班牙,32,CM,71,71,42,66,75,72,66,61,16907614,Granada CF,西班牙甲级联赛,右,188,83,3,0
Jonathan Martins-Pereira,法国,30,FB,71,71,66,52,64,70,73,70,17594691,En Avant de Guingamp,法国甲级联赛,右,183,78,0,0
Adil Hermach,法国,30,CM,71,71,68,67,73,70,66,78,12709007,RC Lens,法国甲级联赛,右,183,70,3,0
Djamel Mesbah,意大利,32,FB,71,71,77,62,61,70,69,65,10716935,Lecce,意大利甲级联赛,左,178,74,5,4
Thomas Carroll,英格兰,24,CAM,71,77,68,57,78,70,52,49,17344792,Swansea City,英格兰超级联赛,左,178,71,0,1
Tommy Elphick,英格兰,29,CB,71,71,48,43,52,60,70,73,12763160,Bournemouth,英格兰超级联赛,右,188,86,0,0
Bram van Polen,荷兰,31,FB,71,71,75,49,64,67,73,72,10262948,PEC Zwolle,荷兰甲级联赛,右,178,73,1,0
Daniele Capelli,意大利,30,CB,71,71,43,40,48,44,73,75,11061391,Atalanta,意大利甲级联赛,右,183,82,1,0
Christian Santos,荷兰,28,ST,71,71,69,70,65,68,32,73,7450082,N.E.C.,荷兰甲级联赛,左,183,70,0,0
Lenny Nangis,法国,22,W,71,81,79,64,65,74,17,55,7879171,SM Caen,法国甲级联赛,右,173,73,1,0
Benito Raman,比利时,22,ST,71,78,92,72,56,74,19,67,10804743,KAA Gent,比利时甲级联赛,右,173,61,0,0
Giles Barnes,英格兰,28,ST,71,72,75,75,64,70,38,72,10603237,West Bromwich Albion,英格兰超级联赛,右,185,83,0,0
Johan Audel,法国,33,W,71,71,73,66,70,71,26,58,8685522,Valenciennes FC,法国甲级联赛,左,180,75,1,1
Giuseppe Sculli,意大利,35,ST,71,71,68,72,66,70,29,66,7633013,Genoa,意大利甲级联赛,右,178,75,20,10
Jan Vennegoor of Hesselink,英格兰,38,ST,71,71,50,75,57,64,37,70,6196678,Hull City,英格兰超级联赛,右,190,92,3,2
Dominik Kaiser,德国,28,CAM,71,72,62,70,70,70,59,70,10916268,TSG 1899 Hoffenheim,德国甲级联赛,右,170,67,0,0
Marton Fulop,英格兰,33,GK,71,72,52,18,31,17,17,53,20075192,Sunderland,英格兰超级联赛,右,198,92,0,0
Federico Balzaretti,意大利,35,FB,71,71,76,55,64,70,70,71,10966301,Palermo,意大利甲级联赛,左,178,70,5,7
Marcelo Zalayeta,意大利,38,ST,71,74,66,70,63,73,32,72,11292282,Bologna,意大利甲级联赛,右,188,89,9,2
Jordi Masip,西班牙,27,GK,71,72,60,17,32,16,15,56,8133319,FC Barcelona,西班牙甲级联赛,右,178,72,0,0
Carles Planas,西班牙,25,FB,71,75,72,39,58,64,70,76,10164380,RC Celta de Vigo,西班牙甲级联赛,左,173,76,0,0
Abraham Minero,西班牙,30,FB,71,71,78,57,66,72,71,74,6898744,Real Zaragoza,西班牙甲级联赛,左,175,71,2,0
Luso,西班牙,32,FB,71,71,68,58,66,62,71,76,23177493,Córdoba CF,西班牙甲级联赛,右,183,75,0,0
Akos Buzsaky,英格兰,34,ST,71,71,68,72,64,76,41,66,6010202,Queens Park Rangers,英格兰超级联赛,右,180,74,2,2
David Nugent,英格兰,31,ST,71,71,74,71,59,72,26,71,9553683,Burnley,英格兰超级联赛,右,180,81,9,3
Konstantinos Stafylidis,德国,23,FB,71,78,79,62,60,72,70,59,18540508,FC Augsburg,德国甲级联赛,左,178,73,0,0
Alex Kacaniklic,英格兰,25,W,71,74,80,64,66,74,28,59,12150497,Fulham,英格兰超级联赛,左,180,72,5,2
Joan Roman,葡萄牙,23,W,71,78,78,62,72,76,46,59,9890725,SC Braga,葡萄牙超级联赛,右,170,65,0,0
Alvaro Vadillo,西班牙,22,W,71,80,90,63,61,82,28,63,28424850,Real Betis Balompié,西班牙甲级联赛,右,180,70,0,0
Chinedu Obasi,德国,30,ST,71,71,68,73,62,78,36,66,9058865,TSG 1899 Hoffenheim,德国甲级联赛,右,188,79,17,2
Inigo Lopez,西班牙,34,CB,71,71,51,28,50,52,70,74,8208698,Granada CF,西班牙甲级联赛,右,185,74,6,1
Mahamadou Samassa,法国,30,GK,71,72,51,15,25,16,14,53,12116717,Valenciennes FC,法国甲级联赛,右,188,84,5,0
John Pantsil,英格兰,35,FB,71,71,72,60,64,65,72,78,19434473,Fulham,英格兰超级联赛,右,178,68,4,1
Joshua McEachran,荷兰,23,CAM,71,76,76,69,75,74,61,59,12997104,Vitesse,荷兰甲级联赛,左,178,65,0,3
Marco Capuano,意大利,25,CB,71,77,67,39,51,52,71,82,12384264,Pescara,意大利甲级联赛,左,185,80,0,0
Rudy Mater,法国,36,FB,71,71,66,50,61,63,73,70,9822235,Valenciennes FC,法国甲级联赛,右,178,70,2,0
Scott Arfield,苏格兰,28,CM,71,72,72,68,70,73,63,75,7592810,Falkirk,苏格兰超级联赛,右,178,70,0,0
Andrea Mantovani,意大利,32,CB,71,71,56,49,51,48,72,75,7661042,Chievo Verona,意大利甲级联赛,左,185,77,9,1
Victor Obinna,英格兰,29,ST,71,71,88,72,62,76,30,79,26397756,West Ham United,英格兰超级联赛,左,180,81,10,5
Marc Pugh,英格兰,29,ST,71,71,77,68,65,74,36,69,4869307,Bournemouth,英格兰超级联赛,右,180,72,0,0
Dean Whitehead,英格兰,34,CM,71,71,62,62,70,68,69,72,10332829,Stoke City,英格兰超级联赛,右,183,77,3,2
Francesco Pisano,意大利,30,FB,71,71,90,44,54,64,69,72,13742504,Cagliari,意大利甲级联赛,右,175,67,2,3
Lorenzo Lollo,意大利,26,CAM,71,74,77,62,72,73,57,76,8426655,Carpi,意大利甲级联赛,右,180,75,0,0
Raoul Loe,西班牙,27,CM,71,72,32,52,68,53,69,69,15655467,CA Osasuna,西班牙甲级联赛,右,193,83,2,0
Andre Sousa,葡萄牙,26,CM,71,75,67,66,72,71,68,71,13554944,CF Os Belenenses,葡萄牙超级联赛,左,180,78,0,0
Nicola Murru,意大利,22,FB,71,80,79,40,48,62,72,75,8780173,Cagliari,意大利甲级联赛,左,180,64,0,0
Tinga,德国,38,CM,71,71,62,63,73,72,68,75,5379429,Borussia Dortmund,德国甲级联赛,右,170,65,1,0
Birkir Bjarnason,瑞士,28,ST,71,71,74,66,67,70,52,80,7371745,FC Basel,瑞士超级联赛,右,183,75,10,1
McDonald Mariga,意大利,29,CM,71,71,60,65,67,63,70,78,14499751,Parma,意大利甲级联赛,右,188,86,1,1
Stephen Carr,英格兰,40,FB,71,71,68,49,65,67,74,72,6669550,Birmingham City,英格兰超级联赛,右,175,78,1,2
Massimo Bruno,比利时,23,W,71,79,79,64,69,76,39,71,15128866,RSC Anderlecht,比利时甲级联赛,右,178,74,0,0
Alfredo Morales,德国,26,CM,71,73,74,62,72,70,67,76,19885634,FC Ingolstadt 04,德国甲级联赛,右,183,77,0,0
Khalid Boulahrouz,德国,35,CM,71,71,40,48,55,54,71,63,9141941,VfB Stuttgart,德国甲级联赛,右,183,80,4,5
Igor Gabilondo,西班牙,37,CAM,71,71,54,76,76,72,38,56,31063711,Athletic Club de Bilbao,西班牙甲级联赛,左,185,78,13,5
Jordon Ibe,英格兰,21,W,71,81,86,70,58,76,50,67,11832171,Liverpool,英格兰超级联赛,右,175,81,0,1
Toni,西班牙,26,CAM,71,73,72,63,72,74,51,55,7951966,RC Celta de Vigo,西班牙甲级联赛,左,178,76,0,0
Joaozinho,葡萄牙,27,FB,71,72,76,63,67,72,72,63,13814963,SC Beira Mar,葡萄牙超级联赛,左,185,69,0,0
Nildo Petrolina,葡萄牙,30,W,71,71,84,68,66,72,52,72,8202803,SC Beira Mar,葡萄牙超级联赛,左,175,61,0,0
Sergio Fernandez,西班牙,39,CM,71,71,38,47,62,54,72,64,10555971,CA Osasuna,西班牙甲级联赛,右,190,81,4,0
Nicolas Plestan,法国,35,FB,71,75,68,46,63,54,70,70,9998195,LOSC Lille,法国甲级联赛,左,183,76,0,0
Daniel Halfar,德国,28,W,71,71,80,57,71,74,30,65,18131988,DSC Arminia Bielefeld,德国甲级联赛,左,173,68,1,0
Fraizer Campbell,英格兰,29,ST,71,71,82,68,55,70,29,69,21052831,Sunderland,英格兰超级联赛,右,173,83,13,10
David Wheater,英格兰,29,CB,71,71,51,42,57,50,71,62,10361168,Middlesbrough,英格兰超级联赛,右,196,87,4,3
Liam Rosenior,英格兰,32,FB,71,71,78,54,57,66,73,70,11610173,Hull City,英格兰超级联赛,右,178,77,1,2
Dong-Won Ji,德国,25,ST,71,75,72,69,68,73,31,74,7662750,FC Augsburg,德国甲级联赛,右,188,77,9,2
Alhassan Wakaso,葡萄牙,24,CM,71,76,68,59,66,66,70,80,20073523,Rio Ave FC,葡萄牙超级联赛,右,180,80,0,0
Simon Davies,英格兰,37,CAM,71,71,60,67,73,76,40,62,22418601,Fulham,英格兰超级联赛,右,178,76,6,11
Mamadou Bagayoko,法国,37,ST,71,71,70,72,66,71,26,69,10207389,FC Nantes,法国甲级联赛,右,190,80,0,0
Hernan,西班牙,26,CM,71,74,63,63,68,68,66,73,12194110,UD Las Palmas,西班牙甲级联赛,右,180,73,0,0
Mustafa Saymak,荷兰,23,W,71,76,77,70,72,74,42,62,21081826,PEC Zwolle,荷兰甲级联赛,右,170,63,5,0
Mattia Valoti,意大利,23,W,71,79,76,65,72,76,34,54,10147052,Sampdoria,意大利甲级联赛,右,180,62,0,0
Abella Perez Damia,西班牙,34,FB,71,71,70,57,61,64,70,80,13099609,CA Osasuna,西班牙甲级联赛,右,188,79,3,1
Giuseppe De Luca,意大利,25,W,71,75,87,67,61,72,16,62,12577535,Atalanta,意大利甲级联赛,右,168,70,6,2
Francesco Bolzoni,意大利,27,CM,71,72,58,60,68,69,69,73,12790875,Siena,意大利甲级联赛,右,183,80,1,0
Baptiste Reynet,法国,26,GK,71,74,43,17,27,16,13,55,8969613,Dijon FCO,法国甲级联赛,右,185,85,0,0
Marlon King,英格兰,36,ST,71,71,66,73,61,66,34,70,12865306,Hull City,英格兰超级联赛,右,185,78,8,2
Adrian Mariappa,英格兰,30,FB,71,71,73,36,61,62,74,77,9795377,Crystal Palace,英格兰超级联赛,右,178,81,2,1
Matteo Bianchetti,意大利,23,CB,71,76,64,44,42,46,74,72,14062423,Hellas Verona,意大利甲级联赛,右,188,80,0,0
Samir Ujkani,意大利,28,GK,71,71,50,17,31,18,12,53,5756175,Palermo,意大利甲级联赛,右,185,78,0,0
Andre Ramalho Silva,德国,24,CM,71,76,56,61,69,63,71,73,12261852,Bayer 04 Leverkusen,德国甲级联赛,右,183,81,0,0
Kevin Nolan,英格兰,34,CM,71,71,42,76,67,72,60,75,9304276,West Ham United,英格兰超级联赛,右,183,88,29,12
Sergio Rodri,西班牙,32,FB,71,73,58,49,61,52,68,74,14832189,Hércules Club de Fútbol,西班牙甲级联赛,右,185,81,0,0
Francesco Tavano,意大利,37,ST,71,71,72,73,68,76,25,63,5892671,Livorno,意大利甲级联赛,右,173,71,4,0
Hugo Ventura,葡萄牙,28,GK,71,71,42,17,37,16,17,58,23190801,CF Os Belenenses,葡萄牙超级联赛,右,183,79,0,0
Jorge Rojas,葡萄牙,23,W,71,78,90,69,64,73,31,58,12457938,CF Os Belenenses,葡萄牙超级联赛,右,173,72,0,0
Thomas Sorensen,英格兰,40,GK,71,71,32,18,33,16,12,58,8161140,Stoke City,英格兰超级联赛,右,196,89,1,1
Matthew Upson,英格兰,37,GK,71,71,31,25,60,48,72,59,11521227,West Ham United,英格兰超级联赛,左,185,72,6,2
Walter Pandiani,西班牙,40,ST,71,71,48,72,58,62,32,59,7471525,CA Osasuna,西班牙甲级联赛,右,183,75,28,0
Yoann Touzghar,法国,30,ST,71,71,76,70,53,72,24,68,16832199,RC Lens,法国甲级联赛,右,180,76,0,0
Clement Tainmont,比利时,30,CAM,71,71,73,67,69,70,45,68,14041036,Sporting Charleroi,比利时甲级联赛,左,185,72,0,0
Florian Jozefzoon,荷兰,25,W,71,75,92,59,61,74,34,69,13941106,RKC Waalwijk,荷兰甲级联赛,右,175,72,1,1
Dimitri Foulquier,西班牙,23,FB,71,77,76,54,63,76,71,75,15368345,Granada CF,西班牙甲级联赛,右,183,78,0,0
Adryan,法国,22,W,71,81,76,61,69,76,28,58,9925359,FC Nantes,法国甲级联赛,右,175,71,0,0
Gavin McCann,英格兰,38,FB,71,75,66,46,75,69,72,78,19860991,Bolton Wanderers,英格兰超级联赛,右,180,70,0,0
Liam Ridgewell,英格兰,32,FB,71,71,71,44,64,62,70,79,12966612,West Bromwich Albion,英格兰超级联赛,左,188,79,9,5
Roman Pavlyuchenko,英格兰,35,ST,71,71,48,77,67,66,25,68,12608881,Tottenham Hotspur,英格兰超级联赛,右,188,84,21,7
Manuel Almunia,英格兰,39,GK,71,71,51,25,24,25,25,58,10760569,Arsenal,英格兰超级联赛,右,193,93,1,1
Marvin Bakalorz,德国,27,CM,71,73,66,72,66,67,70,80,11182578,SC Paderborn 07,德国甲级联赛,右,180,78,0,0
Carl Medjani,法国,31,FB,71,71,61,57,57,54,70,74,8713865,AC Ajaccio,法国甲级联赛,右,183,77,3,0
Javier Camunas,西班牙,36,W,71,71,74,68,67,76,39,65,11467466,CA Osasuna,西班牙甲级联赛,右,175,71,19,3
Patxi Martinez Punal,西班牙,41,CM,71,71,34,64,79,68,64,48,3024951,CA Osasuna,西班牙甲级联赛,右,178,73,2,3
Ceyhun Gulselam,德国,29,CM,71,71,55,67,65,60,73,67,6629865,Hannover 96,德国甲级联赛,右,193,88,0,0
Marco Schoenbaechler,瑞士,26,W,71,73,76,60,68,76,35,60,19073313,FC Zürich,瑞士超级联赛,右,170,67,0,0
Johnny Russell,苏格兰,26,ST,71,72,84,69,63,72,37,77,10049061,Dundee United,苏格兰超级联赛,左,178,78,0,0
Inigo Lekue,西班牙,23,FB,71,79,76,48,57,70,68,74,7684493,Athletic Club de Bilbao,西班牙甲级联赛,右,180,72,0,0
Bruno Henrique,德国,26,ST,71,75,85,70,59,70,23,64,20093770,VfL Wolfsburg,德国甲级联赛,右,183,71,0,0
Leon Bailey,比利时,19,W,71,85,93,67,64,74,24,60,13427105,KRC Genk,比利时甲级联赛,左,180,70,0,0
Pablo Fornals,西班牙,20,CM,71,79,66,65,74,69,70,62,25639023,Málaga CF,西班牙甲级联赛,右,178,67,0,0
Rafa Soares,葡萄牙,21,FB,70,82,78,66,63,72,67,66,18953584,Académica de Coimbra,葡萄牙超级联赛,左,183,74,0,0
William,葡萄牙,34,ST,70,70,64,66,57,65,24,75,14409683,FC Paços de Ferreira,葡萄牙超级联赛,右,183,80,0,0
Kenneth Saief,比利时,23,W,70,76,77,68,65,71,50,69,8690216,KAA Gent,比利时甲级联赛,右,175,72,0,0
Dani Ndi,西班牙,21,FB,70,79,76,63,68,75,72,77,10503487,Real Sporting de Gijón,西班牙甲级联赛,右,178,76,0,0
Andre Horta,葡萄牙,20,CAM,70,82,74,65,71,75,54,53,11055329,Vitória Setúbal,葡萄牙超级联赛,右,168,57,0,0
Fabian,西班牙,20,CAM,70,84,56,69,73,72,56,50,9377664,Real Betis Balompié,西班牙甲级联赛,左,188,70,0,0
Jerry St. Juste,荷兰,20,FB,70,82,82,44,61,64,73,72,6282822,SC Heerenveen,荷兰甲级联赛,右,185,71,0,0
Joseph Akpala,比利时,30,ST,70,70,78,72,56,60,34,79,8831715,Club Brugge KV,比利时甲级联赛,右,185,81,1,0
Bruno Cortez,葡萄牙,29,FB,70,75,76,62,65,74,69,77,9548081,SL Benfica,葡萄牙超级联赛,左,180,75,0,0
Andre Wisdom,英格兰,23,CB,70,75,71,29,61,60,75,75,24869934,West Bromwich Albion,英格兰超级联赛,右,185,78,0,1
Prince Desir Gouano,葡萄牙,23,CB,70,79,67,28,56,44,71,75,11740968,Rio Ave FC,葡萄牙超级联赛,右,185,78,0,0
James Perch,英格兰,31,FB,70,70,67,49,64,64,72,70,12027438,Newcastle United,英格兰超级联赛,右,180,80,2,0
Alan Henrique,葡萄牙,25,CB,70,74,56,39,60,58,72,75,5463036,CD Nacional,葡萄牙超级联赛,右,188,82,0,0
Gergo Lovrencsics,波兰,28,ST,70,71,89,72,65,70,53,79,12087075,Lech Poznań,波兰甲级联赛,右,178,79,0,0
Aaron Niguez,西班牙,27,W,70,71,80,71,61,76,37,63,15001003,Elche CF,西班牙甲级联赛,左,170,65,1,0
Paulus Arajuuri,波兰,28,CB,70,70,50,31,49,43,68,78,10555726,Lech Poznań,波兰甲级联赛,右,193,89,0,0
Mikel Arruabarrena,西班牙,33,ST,70,70,46,73,71,68,28,69,13691606,SD Eibar,西班牙甲级联赛,右,188,80,0,0
David Lopez,西班牙,34,CAM,70,70,59,72,72,70,47,62,8607927,Athletic Club de Bilbao,西班牙甲级联赛,右,180,75,11,7
Daniele Galloppa,意大利,31,CAM,70,70,60,65,77,70,48,63,18463945,Parma,意大利甲级联赛,左,180,74,5,2
Ben Turner,英格兰,28,CB,70,70,59,32,47,46,70,69,11591003,Cardiff City,英格兰超级联赛,左,193,91,0,1
Ismael Diomande,法国,24,CM,70,75,72,63,64,70,70,72,15186230,AS Saint-Étienne,法国甲级联赛,右,183,82,1,0
Matthew Connolly,英格兰,29,FB,70,70,66,51,59,60,70,73,18392086,Queens Park Rangers,英格兰超级联赛,右,188,84,0,0
Aaron Hughes,英格兰,37,GK,70,70,32,36,55,52,72,67,20869564,Fulham,英格兰超级联赛,右,183,70,2,0
Jlloyd Samuel,英格兰,35,FB,70,76,76,50,56,65,70,72,5754037,Bolton Wanderers,英格兰超级联赛,左,180,72,1,0
Alex Goncalves,葡萄牙,26,ST,70,74,73,71,52,70,32,64,12673714,Moreirense FC,葡萄牙超级联赛,右,183,76,0,0
Massimo Paci,意大利,38,CB,70,70,44,42,51,40,71,63,14633261,Parma,意大利甲级联赛,右,188,84,3,0
Momo,西班牙,34,W,70,70,66,65,73,72,25,61,10082586,Xerez Club Deportivo,西班牙甲级联赛,左,180,70,3,1
Juan Jesus Calatayud,西班牙,37,GK,70,70,53,19,30,14,16,61,8507122,Hércules Club de Fútbol,西班牙甲级联赛,右,190,88,0,0
Oscar Ewolo,法国,38,CM,70,70,58,53,69,63,69,71,4135319,Stade Brestois 29,法国甲级联赛,右,170,69,0,0
Sammy Traore,法国,40,CB,70,73,60,42,56,48,65,74,5011227,Paris Saint-Germain,法国甲级联赛,右,193,82,0,0
Tomas Costa,葡萄牙,31,CM,70,70,59,59,76,61,58,81,11499812,FC Porto,葡萄牙超级联赛,右,185,77,0,0
Giedrius Arlauskis,西班牙,29,GK,70,70,34,14,16,16,14,45,6944090,RCD Espanyol,西班牙甲级联赛,右,183,80,0,0
Filippo Porcari,意大利,32,CM,70,70,68,65,73,69,62,74,11361636,Novara,意大利甲级联赛,右,175,76,2,0
Carlos Lorens Bellvis,西班牙,31,FB,70,70,80,44,56,67,68,74,8349522,CD Numancia,西班牙甲级联赛,左,170,68,1,0
Ruben Suarez,西班牙,37,CAM,70,70,60,77,74,68,35,47,9823153,Levante UD,西班牙甲级联赛,左,168,67,14,1
Carlos,葡萄牙,37,GK,70,75,32,15,31,16,14,61,15165242,Rio Ave FC,葡萄牙超级联赛,左,188,82,0,0
Lucas Matias Licht,西班牙,35,FB,70,70,80,64,66,70,72,68,7654498,Getafe CF,西班牙甲级联赛,左,175,72,0,0
Francisco Javier Casquero,西班牙,40,CAM,70,70,44,73,79,70,60,54,4642562,Getafe CF,西班牙甲级联赛,右,180,76,13,2
Philip Heise,德国,25,FB,70,74,75,51,60,66,69,74,13052437,VfB Stuttgart,德国甲级联赛,左,183,78,0,0
Niclas Fuellkrug,德国,23,ST,70,75,74,64,57,70,21,72,7840460,SV Werder Bremen,德国甲级联赛,右,188,83,2,0
Stefano Guberti,意大利,32,W,70,70,71,69,69,73,42,62,7769166,Sampdoria,意大利甲级联赛,右,180,68,7,1
Damien Marcq,比利时,28,CM,70,70,58,50,66,62,70,75,8523091,Sporting Charleroi,比利时甲级联赛,右,180,78,0,0
Damien Perrinelle,法国,33,CB,70,70,56,46,55,51,69,70,12965335,US Boulogne Cote D'Opale,法国甲级联赛,右,188,78,0,0
Jeremy Taravel,比利时,29,FB,70,71,69,46,60,50,70,72,11193176,Sporting Lokeren,比利时甲级联赛,左,190,84,0,0
Harmeet Singh,荷兰,26,CM,70,74,64,66,71,70,60,75,13136307,Feyenoord,荷兰甲级联赛,右,180,72,0,0
Diego Carlos,葡萄牙,23,FB,70,77,66,53,47,50,69,76,13183251,Estoril Praia,葡萄牙超级联赛,右,183,79,0,0
Alberto Grassi,意大利,21,CM,70,79,72,63,71,73,64,64,10004402,Atalanta,意大利甲级联赛,右,183,75,0,0
Corona,西班牙,35,CM,70,70,54,61,79,69,58,59,7244107,UD Almería,西班牙甲级联赛,右,175,69,5,2
Jens Wemmer,德国,31,FB,70,70,76,55,63,65,68,67,12486571,SC Paderborn 07,德国甲级联赛,右,185,79,0,0
Thomas Phibel,波兰,30,CB,70,70,40,44,53,50,68,71,14810431,Widzew Łódź,波兰甲级联赛,右,190,92,0,0
Joris Delle,法国,26,GK,70,72,49,14,19,12,14,49,13282589,OGC Nice,法国甲级联赛,左,188,84,0,0
Daniel Moreira,法国,39,ST,70,78,72,70,60,68,35,66,7209280,Grenoble Foot 38,法国甲级联赛,右,178,75,0,0
Francisco Javier Martos,比利时,32,FB,70,70,68,36,61,62,73,70,12268120,Sporting Charleroi,比利时甲级联赛,右,180,73,0,0
Ruben,西班牙,34,CB,70,70,52,42,56,46,70,66,12587865,CA Osasuna,西班牙甲级联赛,右,188,83,3,0
Jan Hochscheidt,德国,29,ST,70,70,74,69,69,70,48,75,5530287,Eintracht Braunschweig,德国甲级联赛,右,180,80,4,1
Eric Lichaj,英格兰,28,FB,70,71,72,47,50,66,72,71,13112734,Aston Villa,英格兰超级联赛,右,178,80,1,2
Deniz Yilmaz,德国,28,ST,70,70,64,74,59,68,24,70,17120296,Bayer 04 Leverkusen,德国甲级联赛,右,183,79,0,0
Dan Nistor,法国,28,CAM,70,72,74,71,73,68,64,63,10775994,Évian Thonon Gaillard FC,法国甲级联赛,右,180,72,0,0
Gianluca Caprari,意大利,23,W,70,78,87,65,60,76,14,52,12814588,Pescara,意大利甲级联赛,右,173,71,2,0
Ricardo Vaz Te,英格兰,30,ST,70,70,78,73,64,74,33,68,11978555,West Ham United,英格兰超级联赛,右,188,80,5,4
Cesar Arzo,比利时,30,CM,70,71,48,51,66,61,70,67,14177811,KAA Gent,比利时甲级联赛,右,183,80,1,0
Daniel Candeias,葡萄牙,28,W,70,70,78,69,65,72,44,66,19775719,CD Nacional,葡萄牙超级联赛,右,178,78,0,0
Perry Kitchen,苏格兰,24,CM,70,76,66,61,63,60,70,79,12864663,Heart of Midlothian,苏格兰超级联赛,右,183,73,0,0
Branimir Hrgota,德国,23,ST,70,78,73,77,58,73,18,65,10799857,Borussia Mönchengladbach,德国甲级联赛,左,185,74,5,0
Filip Mladenovic,德国,25,FB,70,74,76,57,55,67,69,64,15747864,1. FC Köln,德国甲级联赛,左,180,65,0,0
Peter Whittingham,英格兰,32,CAM,70,70,56,71,75,71,56,62,8246964,Cardiff City,英格兰超级联赛,左,178,63,3,5
David Junca,西班牙,23,FB,70,76,82,47,53,63,69,70,5828673,SD Eibar,西班牙甲级联赛,左,175,67,0,0
Ibson,意大利,33,CAM,70,70,74,70,75,72,58,72,13472145,Bologna,意大利甲级联赛,右,178,74,0,0
Ivanildo,葡萄牙,30,W,70,70,78,66,65,74,31,52,23701632,Académica de Coimbra,葡萄牙超级联赛,左,175,79,0,0
Johannes van den Bergh,德国,30,FB,70,70,76,43,56,65,71,72,8967986,Fortuna Düsseldorf,德国甲级联赛,左,183,75,1,1
Everton,荷兰,33,ST,70,70,74,68,56,74,26,80,5190970,Heracles Almelo,荷兰甲级联赛,右,178,77,0,0
David Hellebuyck,法国,37,CAM,70,70,62,81,76,74,50,72,9652442,OGC Nice,法国甲级联赛,左,178,73,0,0
Jerko Leko,法国,36,FB,70,73,66,50,66,58,70,71,8873094,AS Monaco,法国甲级联赛,右,188,85,0,0
Alaeddine Yahia,法国,35,CM,70,70,36,49,60,46,68,69,6311810,RC Lens,法国甲级联赛,右,188,81,2,0
Jakob Jantscher,瑞士,27,W,70,71,76,67,65,72,37,59,11251441,FC Luzern,瑞士超级联赛,右,178,70,5,0
Didier Zokora,西班牙,36,CM,70,70,70,58,69,68,72,70,6471785,Sevilla FC,西班牙甲级联赛,右,178,72,0,1
Ricardo Faty,法国,30,CM,70,70,52,53,62,67,71,78,14859473,AC Ajaccio,法国甲级联赛,右,193,82,4,2
Tomasz Kupisz,波兰,26,W,70,72,84,57,66,76,42,71,14151421,Jagiellonia Białystok,波兰甲级联赛,右,180,74,0,0
Marc Crosas,苏格兰,28,CM,70,70,64,60,75,68,63,68,13584480,Celtic,苏格兰超级联赛,右,180,80,0,0
Jo Inge Berget,苏格兰,26,ST,70,73,78,72,66,67,43,69,10646964,Celtic,苏格兰超级联赛,右,185,81,0,0
Yves Hadley Desmarets,葡萄牙,37,ST,70,75,78,68,64,65,52,76,8810491,Vitória Guimarães,葡萄牙超级联赛,左,178,72,0,0
Pele,西班牙,29,CM,70,77,72,70,72,62,64,72,19220916,Real Valladolid,西班牙甲级联赛,右,188,80,0,0
Giorgos Galitsios,比利时,30,FB,70,70,74,31,68,67,70,71,14418339,Sporting Lokeren,比利时甲级联赛,右,183,76,0,0
Jorge Goncalves,葡萄牙,33,ST,70,72,76,62,63,70,24,67,9781752,S.C. Olhanense,葡萄牙超级联赛,右,178,82,0,0
Andre Simoes,葡萄牙,27,FB,70,76,82,65,72,67,65,76,6216726,Moreirense FC,葡萄牙超级联赛,右,178,74,0,0
Jens Grahl,德国,28,GK,70,71,44,15,25,18,14,57,7547980,TSG 1899 Hoffenheim,德国甲级联赛,右,193,93,0,0
Umut Bulut,法国,33,ST,70,70,66,72,60,66,43,75,14742885,Toulouse FC,法国甲级联赛,右,183,75,3,0
Federico Ceccherini,意大利,24,CB,70,76,68,15,39,49,72,80,10029137,Livorno,意大利甲级联赛,右,185,72,1,0
Dudu Aouate,西班牙,39,GK,70,70,50,24,25,25,24,58,13742531,RCD Mallorca,西班牙甲级联赛,右,188,87,0,0
Darwin Andrade,比利时,25,FB,70,72,81,41,49,60,70,72,6873797,Standard de Liège,比利时甲级联赛,左,175,70,0,0
Shawn Parker,德国,23,ST,70,76,79,74,57,72,24,70,6419490,1. FSV Mainz 05,德国甲级联赛,右,178,78,4,0
Hameur Bouazza,法国,31,ST,70,70,74,69,67,73,38,68,13637814,AC Arles-Avignon,法国甲级联赛,左,178,76,0,0
Souahilo Meite,法国,22,CM,70,78,66,62,70,69,67,70,11192914,LOSC Lille,法国甲级联赛,右,188,80,0,0
Danny Guthrie,英格兰,29,CAM,70,70,52,67,76,72,57,61,11492293,Newcastle United,英格兰超级联赛,右,175,79,4,4
Lee Camp,英格兰,32,GK,70,70,38,17,31,18,15,60,20501567,Wigan Athletic,英格兰超级联赛,右,183,74,0,0
Johan Cavalli,法国,35,CAM,70,70,74,64,72,72,46,60,6902204,AC Ajaccio,法国甲级联赛,左,170,65,7,1
Rodrigo Ely,意大利,23,CB,70,75,65,32,41,50,72,70,25267151,Milan,意大利甲级联赛,右,188,83,0,0
Fabio Pacheco,葡萄牙,28,CM,70,70,68,61,64,65,72,73,11726476,Vitória Setúbal,葡萄牙超级联赛,右,183,72,0,0
Roger Espinoza,英格兰,30,CM,70,70,71,71,70,69,69,77,3707381,Wigan Athletic,英格兰超级联赛,左,180,77,1,2
Bruno Miguel,葡萄牙,34,CB,70,70,40,44,50,51,69,60,10065446,"União de Leiria, SAD",葡萄牙超级联赛,右,188,84,0,0
Diederik Boer,荷兰,36,GK,70,70,37,18,27,22,15,50,12123608,PEC Zwolle,荷兰甲级联赛,右,193,90,0,0
Kevin Diks,荷兰,20,FB,70,80,76,45,52,66,73,69,11968796,Vitesse,荷兰甲级联赛,右,183,73,0,0
Sebastien Siani,比利时,30,CM,70,70,70,68,69,70,68,75,19330394,KV Oostende,比利时甲级联赛,右,175,76,0,0
Anthony Vanden Borre,比利时,29,CM,70,70,70,63,71,75,70,71,7539869,KRC Genk,比利时甲级联赛,右,183,87,1,2
Ouasim Bouy,荷兰,23,CM,70,77,55,63,75,74,63,55,19827270,PEC Zwolle,荷兰甲级联赛,左,185,75,0,0
Thomas Bruns,荷兰,24,CAM,70,74,75,65,71,70,57,72,8633654,Heracles Almelo,荷兰甲级联赛,右,178,69,5,0
Abdou Traore,法国,28,CAM,70,70,71,63,74,75,63,58,15111328,Girondins de Bordeaux,法国甲级联赛,右,180,79,2,0
Cedric Kante,法国,37,CB,70,70,54,49,57,49,69,71,6597594,FC Sochaux-Montbéliard,法国甲级联赛,左,180,80,1,0
Souleymane Camara,法国,34,CAM,70,70,65,74,68,72,50,60,8876002,Montpellier Hérault SC,法国甲级联赛,右,175,75,22,0
Anouar Kali,荷兰,25,CAM,70,72,66,64,76,70,59,66,11297520,FC Utrecht,荷兰甲级联赛,左,173,67,0,0
Fede Vico,西班牙,22,CAM,70,78,78,60,70,72,53,60,9563039,Córdoba CF,西班牙甲级联赛,左,168,64,0,0
Jota,西班牙,25,W,70,74,71,69,70,76,21,61,6528731,SD Eibar,西班牙甲级联赛,左,180,70,0,0
Jeremy Bokila,比利时,28,ST,70,70,74,68,55,66,24,69,10243925,SV Zulte-Waregem,比利时甲级联赛,左,188,81,0,0
Diego Ifran,西班牙,29,ST,70,70,72,67,59,74,25,61,5530801,Real Sociedad,西班牙甲级联赛,右,175,76,5,0
Oier Olazabal,西班牙,27,GK,70,72,44,16,34,18,19,57,13368602,Granada CF,西班牙甲级联赛,左,188,85,0,0
Adrian Colunga,西班牙,32,ST,70,70,75,71,59,76,17,63,9475236,Getafe CF,西班牙甲级联赛,右,173,70,37,2
Raul Rusescu,葡萄牙,28,ST,70,70,70,71,62,64,23,69,7460407,SC Braga,葡萄牙超级联赛,右,180,78,0,0
Andy King,英格兰,28,CAM,70,71,67,73,71,70,60,70,10742471,Leicester City,英格兰超级联赛,右,183,74,0,0
Herve Bazile,法国,26,ST,70,72,78,69,65,71,26,66,12083582,SM Caen,法国甲级联赛,左,180,73,0,0
Arnold Bouka Moutou,法国,28,FB,70,71,74,19,59,70,70,66,8169476,Angers SCO,法国甲级联赛,左,175,69,0,0
Pape Modou Sougou,葡萄牙,32,ST,70,70,86,68,60,72,32,71,7265378,Académica de Coimbra,葡萄牙超级联赛,右,178,66,4,3
Lorenzo Ebicilio,荷兰,25,ST,70,75,77,70,69,74,32,72,9694835,Ajax,荷兰甲级联赛,右,178,75,0,0
Loiik Landre,法国,24,CB,70,76,66,37,55,54,70,75,8829706,RC Lens,法国甲级联赛,右,183,75,0,0
William Dutoit,比利时,28,GK,70,71,44,17,28,19,16,58,18565247,Sint-Truidense VV,比利时甲级联赛,右,183,78,0,0
Rens van Eijden,荷兰,28,CB,70,70,41,34,51,46,71,73,8114799,N.E.C.,荷兰甲级联赛,右,188,81,0,0
Markus Miller,德国,34,GK,70,70,28,26,29,26,25,46,14126771,Karlsruher SC,德国甲级联赛,右,188,92,0,0
Christian Eichner,德国,34,CM,70,70,60,62,68,64,72,72,4593640,1. FC Köln,德国甲级联赛,左,183,76,2,2
Per Kroeldrup,意大利,37,CB,70,70,48,47,49,42,70,64,7757405,Fiorentina,意大利甲级联赛,右,193,91,2,0
Bojan Jorgacevic,比利时,34,GK,70,70,62,23,23,13,16,65,17911475,KAA Gent,比利时甲级联赛,右,188,86,0,0
Brice Jovial,法国,32,ST,70,70,70,71,62,71,27,75,7316222,Dijon FCO,法国甲级联赛,右,173,67,6,0
Nill De Pauw,比利时,26,ST,70,72,74,66,67,73,34,73,17293830,Sporting Lokeren,比利时甲级联赛,右,180,70,0,0
Benjamin Mokulu Tembe,比利时,27,ST,70,72,76,63,65,76,22,77,18813914,Sporting Lokeren,比利时甲级联赛,左,188,85,0,0
Tyrone Mears,英格兰,33,FB,70,70,80,54,63,68,67,73,7484729,Burnley,英格兰超级联赛,右,180,74,0,4
Kamil Wilczek,波兰,28,ST,70,70,67,68,61,71,33,71,12462685,Piast Gliwice,波兰甲级联赛,左,185,81,0,0
Mark Reynolds,苏格兰,29,FB,70,70,76,22,58,60,71,69,11403198,Aberdeen,苏格兰超级联赛,左,180,68,0,0
Alain Traore,法国,28,CAM,70,70,71,77,74,75,54,54,5668272,AJ Auxerre,法国甲级联赛,左,175,73,14,0
Matt McKay,苏格兰,33,CM,70,70,67,55,72,68,57,73,14200464,Rangers,苏格兰超级联赛,左,170,65,0,0
Jens Naessens,比利时,25,ST,70,73,74,69,65,70,33,74,12046095,SV Zulte-Waregem,比利时甲级联赛,右,188,77,0,0
Giovanni Federico,德国,36,ST,70,70,48,73,68,72,29,58,12840481,Karlsruher SC,德国甲级联赛,右,183,80,2,0
Cedric Barbosa,法国,40,CAM,70,70,51,74,78,72,60,60,9428904,Évian Thonon Gaillard FC,法国甲级联赛,右,178,72,15,2
Mane,西班牙,35,FB,70,70,74,57,61,67,71,69,7211871,Getafe CF,西班牙甲级联赛,左,175,68,3,1
Adriano Facchini,葡萄牙,33,GK,70,70,38,25,26,26,24,57,11896623,Gil Vicente FC,葡萄牙超级联赛,右,188,78,0,0
Danijel Ljuboja,波兰,38,ST,70,70,62,71,67,70,26,62,7990503,Legia Warszawa,波兰甲级联赛,左,188,80,5,1
Jordan Remacle,比利时,29,W,70,70,74,66,68,72,28,65,5994357,Oud-Heverlee Leuven,比利时甲级联赛,右,175,70,0,0
Oleksandr Iakovenko,比利时,29,ST,70,70,78,70,65,70,22,67,8209565,KVC Westerlo,比利时甲级联赛,右,183,74,3,1
Success Isaac,西班牙,20,ST,70,82,86,69,51,73,25,77,10147607,Granada CF,西班牙甲级联赛,右,185,86,0,0
Pablo Perez,西班牙,23,CAM,70,77,63,65,69,70,46,66,7550225,Real Sporting de Gijón,西班牙甲级联赛,右,188,75,0,0
Pierluigi Gollini,意大利,21,GK,70,78,47,18,29,21,16,53,5807132,Hellas Verona,意大利甲级联赛,右,188,80,0,0
Roniel,葡萄牙,22,W,70,79,88,70,55,74,26,58,13448118,FC Paços de Ferreira,葡萄牙超级联赛,右,178,69,0,0
Emil Gabriel Jula,德国,36,ST,70,70,68,68,68,70,25,66,12932283,FC Energie Cottbus,德国甲级联赛,左,193,85,4,0
Nacer Barazite,荷兰,26,ST,70,72,64,67,66,77,22,66,8192722,FC Utrecht,荷兰甲级联赛,右,185,79,1,1
Hannes van der Bruggen,比利时,23,CM,70,76,60,64,71,68,64,69,10925748,KAA Gent,比利时甲级联赛,右,180,72,0,0
Oriol Rosell,葡萄牙,24,CM,70,76,58,61,73,72,66,70,11202308,Sporting CP,葡萄牙超级联赛,右,183,74,0,0
Petter Andersson,荷兰,31,CAM,70,70,77,66,72,72,63,69,7472216,FC Groningen,荷兰甲级联赛,右,180,79,0,0
Viktor Elm,荷兰,31,CM,70,70,34,71,70,65,62,83,9823675,SC Heerenveen,荷兰甲级联赛,左,190,84,0,0
Emir Bajrami,荷兰,28,ST,70,70,75,71,62,78,29,68,21826646,FC Twente,荷兰甲级联赛,左,178,77,0,0
Stuart Armstrong,苏格兰,24,W,70,76,81,68,68,72,50,65,6906038,Dundee United,苏格兰超级联赛,右,183,75,0,0
Angel Montoro,西班牙,28,CM,70,70,56,67,75,70,59,70,13956622,UD Las Palmas,西班牙甲级联赛,右,180,74,0,0
Ryan Shotton,英格兰,28,FB,70,70,68,53,64,62,70,75,4860893,Stoke City,英格兰超级联赛,右,190,84,1,2
Armin Bacinovic,意大利,27,CM,70,72,68,61,72,72,62,69,8149785,Palermo,意大利甲级联赛,右,183,73,2,0
Didier Ovono,比利时,33,GK,70,70,60,15,29,17,16,60,9764217,KV Oostende,比利时甲级联赛,右,185,86,0,0
Aquivaldo Mosquera,西班牙,35,CB,70,70,50,47,51,52,71,69,6302417,Sevilla FC,西班牙甲级联赛,右,183,85,0,1
Ammar Jemal,瑞士,29,FB,70,74,66,57,56,58,68,82,8465888,BSC Young Boys,瑞士超级联赛,左,185,87,1,0
Vegar Eggen Hedenstad,德国,25,FB,70,73,78,62,64,74,66,65,21624983,SC Freiburg,德国甲级联赛,右,178,74,0,0
Jacob Lensky,荷兰,28,FB,70,75,75,47,73,68,68,75,19128928,FC Utrecht,荷兰甲级联赛,左,183,87,0,0
John Goossens,荷兰,28,ST,70,71,64,75,69,71,35,66,16585632,N.E.C.,荷兰甲级联赛,左,175,68,0,0
Anthony Limbombe,荷兰,22,ST,70,76,87,70,58,73,19,68,12022390,N.E.C.,荷兰甲级联赛,右,178,72,0,0
Jeff Louis,比利时,24,W,70,76,90,73,67,72,57,74,15195695,Standard de Liège,比利时甲级联赛,左,170,74,0,0
Siqueira De Olivera Luciano,意大利,41,CAM,70,70,56,64,73,78,63,44,3277115,Chievo Verona,意大利甲级联赛,右,180,76,5,2
Andrea Luci,意大利,31,CM,70,70,70,62,73,68,62,67,7103333,Livorno,意大利甲级联赛,右,173,68,1,0
Bruno Uvini,荷兰,25,CB,70,74,50,48,55,50,72,65,14877758,FC Twente,荷兰甲级联赛,左,188,85,0,0
Gary O'Neil,英格兰,33,CM,70,70,54,66,70,70,59,72,11242571,Middlesbrough,英格兰超级联赛,右,173,61,5,5
Toche,西班牙,33,ST,70,70,60,71,58,64,31,76,31911374,RC Deportivo de La Coruña,西班牙甲级联赛,右,185,78,0,0
Stergos Marinos,比利时,29,FB,70,70,78,50,65,65,70,71,13818505,Sporting Charleroi,比利时甲级联赛,右,178,71,0,0
Dean Marney,英格兰,32,CM,70,70,67,67,72,69,68,80,5052425,Hull City,英格兰超级联赛,右,183,72,2,6
Carlos Salcido,荷兰,36,CM,70,70,50,62,68,69,69,72,7181655,PSV,荷兰甲级联赛,右,175,83,0,2
Bernardo Corradi,意大利,40,ST,70,70,60,69,56,66,30,64,16180066,Reggio Calabria,意大利甲级联赛,右,190,86,11,1
dos Santos Fabio Junior,葡萄牙,34,ST,70,74,78,69,60,72,27,70,12673009,Naval 1° de Maio,葡萄牙超级联赛,左,175,79,0,0
Aristide Bance,德国,32,ST,70,70,70,71,53,64,29,71,12087795,1. FSV Mainz 05,德国甲级联赛,右,193,93,10,0
Dieumerci Ndongala,比利时,25,W,70,73,86,55,61,74,27,69,14219807,Sporting Charleroi,比利时甲级联赛,右,170,60,0,0
Federico Ricca,西班牙,22,FB,70,80,66,26,45,58,73,56,7850557,Málaga CF,西班牙甲级联赛,左,178,72,0,0
Arnold,葡萄牙,24,ST,70,75,88,69,56,74,15,75,5836420,Vitória Setúbal,葡萄牙超级联赛,右,185,75,0,0
Daniel Graham,英格兰,31,ST,70,70,53,72,64,70,33,73,9905470,Swansea City,英格兰超级联赛,右,183,87,17,6
Cristiano Doni,意大利,43,CAM,70,82,57,72,69,74,39,62,5757509,Atalanta,意大利甲级联赛,右,185,79,11,2
Nicola Legrottaglie,意大利,40,GK,70,70,34,40,52,44,74,59,7425223,Catania,意大利甲级联赛,右,188,85,13,1
Nagore,西班牙,36,FB,70,70,70,68,55,56,70,77,5201040,Málaga CF,西班牙甲级联赛,右,183,72,0,0
Sverrir Ingi Ingason,比利时,23,FB,70,76,64,52,54,54,71,75,10589394,Sporting Lokeren,比利时甲级联赛,右,188,83,0,0
Gonzalo Castellani,西班牙,29,ST,70,70,68,71,73,74,37,71,8298152,Levante UD,西班牙甲级联赛,右,178,76,0,1
Mats Moeller Daehli,英格兰,21,W,70,78,77,52,70,76,22,48,13098166,Cardiff City,英格兰超级联赛,右,178,72,1,0
Ilan,法国,36,ST,70,70,58,74,59,74,25,65,5440662,AS Saint-Étienne,法国甲级联赛,右,180,76,12,1
Michael Hector,苏格兰,24,FB,70,77,70,53,59,58,70,71,11551574,Aberdeen,苏格兰超级联赛,右,193,82,0,0
Mark Bresciano,意大利,36,CAM,70,70,55,66,71,72,39,52,9731250,Palermo,意大利甲级联赛,右,175,76,5,1
Jose Goncalves,苏格兰,31,FB,70,70,70,48,54,56,67,79,3561723,Heart of Midlothian,苏格兰超级联赛,左,188,85,0,0
Steven Whittaker,苏格兰,32,CM,70,70,69,66,66,66,70,71,8340186,Rangers,苏格兰超级联赛,右,185,87,2,2
Marco Pappa,荷兰,29,CAM,70,70,72,74,69,76,48,53,13343229,SC Heerenveen,荷兰甲级联赛,左,178,70,0,0
Simone Romagnoli,意大利,26,CB,70,71,55,33,41,48,72,73,7967224,Carpi,意大利甲级联赛,右,193,85,0,0
Emmanuel Mayuka,瑞士,26,ST,70,72,88,69,50,73,29,68,14661991,BSC Young Boys,瑞士超级联赛,右,178,72,4,0
Marinho,葡萄牙,33,W,70,70,80,65,60,74,27,50,14001589,Académica de Coimbra,葡萄牙超级联赛,右,165,62,0,0
Samuel Ricketts,英格兰,35,CM,70,70,49,56,59,62,69,75,6573760,Bolton Wanderers,英格兰超级联赛,右,185,77,3,3
Sander Fischer,荷兰,28,CB,70,71,55,43,56,61,72,74,13010247,Excelsior,荷兰甲级联赛,右,183,81,0,0
Jose Campana,西班牙,23,CAM,70,75,64,61,78,73,49,52,8427632,Sevilla FC,西班牙甲级联赛,右,178,74,1,4
Marco Donadel,意大利,33,CM,70,70,65,66,74,68,65,68,11517082,Fiorentina,意大利甲级联赛,右,178,73,2,0
Sebastian Frey,意大利,36,GK,70,70,40,31,31,26,25,51,4456049,Fiorentina,意大利甲级联赛,右,190,90,0,0
Franco Sosa,法国,35,FB,70,70,72,62,66,68,69,67,9919131,FC Lorient,法国甲级联赛,右,178,73,0,0
Leon Barnett,英格兰,31,CB,70,70,66,32,50,50,70,76,16419187,Norwich City,英格兰超级联赛,右,185,72,2,2
Per Nilsson,德国,34,CB,70,70,33,51,52,46,70,65,19349074,1. FC Nürnberg,德国甲级联赛,右,190,88,10,0
Paul McShane,英格兰,30,CB,70,70,56,34,51,47,70,77,6013256,Hull City,英格兰超级联赛,右,183,81,2,0
Dorvalino Alves Maciel Lino,葡萄牙,39,CM,70,70,64,72,68,74,72,62,8755161,Académica de Coimbra,葡萄牙超级联赛,左,188,79,0,0
Miguel Fernandes Vieira Hugo,葡萄牙,40,CM,70,70,31,51,61,49,70,65,5811898,SC Beira Mar,葡萄牙超级联赛,右,183,78,0,0
Yannick Djalo,葡萄牙,30,W,70,70,88,71,62,74,29,56,6190905,Sporting CP,葡萄牙超级联赛,右,170,62,0,0
Tom de Mul,比利时,30,W,70,72,70,62,67,72,24,53,18288890,KRC Genk,比利时甲级联赛,右,173,65,1,0
Alejandro Grimaldo Garcia,葡萄牙,21,FB,70,80,80,59,67,67,67,68,9881595,SL Benfica,葡萄牙超级联赛,左,175,71,0,0
Yeltsin Tejeda,法国,24,CM,70,75,66,60,68,69,69,73,10147623,Évian Thonon Gaillard FC,法国甲级联赛,右,178,71,0,0
Gadji Tallo,法国,24,ST,70,76,69,69,57,70,24,69,7509992,AC Ajaccio,法国甲级联赛,右,185,77,8,1
Pedrinho,葡萄牙,31,FB,70,70,68,47,63,64,71,69,11802959,Académica de Coimbra,葡萄牙超级联赛,右,175,72,1,0
Marcin Robak,波兰,34,ST,70,70,69,68,56,66,26,76,12762822,Pogoń Szczecin,波兰甲级联赛,右,183,82,0,0
Rui Correia,葡萄牙,26,CB,70,73,60,32,42,46,72,61,8210678,CD Nacional,葡萄牙超级联赛,左,188,75,0,0
Yoan Cardinale,法国,22,GK,70,80,32,20,30,24,16,49,11498720,OGC Nice,法国甲级联赛,右,180,84,0,0
Dabney Dos Santos,荷兰,20,W,70,80,83,55,69,77,45,57,19046390,AZ,荷兰甲级联赛,右,173,68,2,6
Enzo Crivelli,法国,21,ST,70,78,68,69,62,68,26,74,14725532,Girondins de Bordeaux,法国甲级联赛,右,183,79,0,0
Zaur Sadaev,波兰,27,ST,70,72,74,71,63,74,28,71,15294508,Lech Poznań,波兰甲级联赛,右,183,78,0,0
Jermaine Beckford,英格兰,33,ST,70,70,82,70,51,64,27,70,7668524,Everton,英格兰超级联赛,右,188,83,8,2
George Boyd,英格兰,31,CAM,70,70,67,69,69,72,58,63,9221350,Burnley,英格兰超级联赛,左,185,79,2,2
Kelvin Wilson,苏格兰,31,CB,70,70,67,25,61,56,73,66,10935640,Celtic,苏格兰超级联赛,右,185,77,0,0
Dossa Junior,波兰,30,FB,70,70,67,38,52,57,68,75,11339611,Legia Warszawa,波兰甲级联赛,右,188,82,0,0
Rafal Murawski,波兰,35,CM,70,70,52,64,72,69,67,66,7179242,Lech Poznań,波兰甲级联赛,右,175,75,0,0
Alvaro Saborio,瑞士,34,ST,70,70,66,71,48,67,42,70,10543908,FC Sion,瑞士超级联赛,右,183,77,0,0
Jonathan Vila,西班牙,30,FB,70,70,62,49,68,56,74,70,20458000,RC Celta de Vigo,西班牙甲级联赛,右,185,78,0,0
Levy Madinda,西班牙,24,CM,70,76,68,60,70,66,67,80,13733874,RC Celta de Vigo,西班牙甲级联赛,右,175,74,0,0
Garry Bocaly,法国,28,FB,70,71,76,55,62,65,70,73,10193881,Montpellier Hérault SC,法国甲级联赛,右,180,74,2,0
Gaetano Berardi,意大利,28,FB,70,70,78,49,59,62,70,78,12610303,Brescia,意大利甲级联赛,右,178,72,1,0
Roberto Inglese,意大利,25,ST,70,75,62,69,41,65,14,78,27669133,Chievo Verona,意大利甲级联赛,右,185,85,0,0
Andrew Johnson,英格兰,35,ST,70,70,75,69,55,68,30,65,4573496,Fulham,英格兰超级联赛,右,170,64,14,10
Sean Morrison,英格兰,25,CB,70,73,54,31,45,48,69,75,13456159,Reading,英格兰超级联赛,右,193,84,2,1
Freddie Sears,英格兰,27,W,70,72,86,68,65,72,34,64,21670704,West Ham United,英格兰超级联赛,右,170,75,1,0
Gustavo Franchin Schiavolin,意大利,34,CB,70,70,57,44,59,49,72,64,9638444,Lecce,意大利甲级联赛,右,185,86,0,0
Soeren Rieks,荷兰,29,ST,70,70,74,71,66,73,30,63,7865179,N.E.C.,荷兰甲级联赛,右,185,75,0,0
Jordi Gomez,英格兰,31,CAM,70,70,52,73,76,74,48,62,15933327,Wigan Athletic,英格兰超级联赛,左,178,74,10,3
Niall McGinn,苏格兰,29,W,70,70,83,66,60,72,22,66,9051803,Aberdeen,苏格兰超级联赛,右,173,70,0,0
Ramon Zomer,荷兰,33,CM,70,70,44,47,63,54,70,73,12569980,N.E.C.,荷兰甲级联赛,左,183,75,1,1
Nelson,西班牙,33,FB,70,70,86,58,56,65,70,75,15295464,Real Betis Balompié,西班牙甲级联赛,右,170,68,3,1
Chengdong Zhang,葡萄牙,27,ST,70,71,77,64,58,73,46,75,15101828,SC Beira Mar,葡萄牙超级联赛,右,183,84,0,0
Ahmed Kashi,法国,28,CB,70,70,60,42,63,56,71,80,15410800,FC Metz,法国甲级联赛,右,178,76,0,0
Jesper Hansen,法国,31,GK,70,70,34,13,31,18,18,54,10842179,Évian Thonon Gaillard FC,法国甲级联赛,右,188,78,1,0
Maxime Colin,法国,25,FB,70,74,74,35,62,64,70,67,6703261,ES Troyes AC,法国甲级联赛,右,178,77,0,0
Lionel Carole,葡萄牙,25,FB,70,73,82,42,60,70,67,77,7734753,SL Benfica,葡萄牙超级联赛,左,183,79,0,0
Steve Colpaert,比利时,30,CB,70,70,72,36,53,52,71,74,11381866,SV Zulte-Waregem,比利时甲级联赛,右,178,74,0,0
Tonel,葡萄牙,36,CM,70,70,34,57,57,52,72,64,16863486,Sporting CP,葡萄牙超级联赛,右,183,78,0,0
Adam Le Fondre,英格兰,30,ST,70,70,75,68,61,66,22,68,9322469,Reading,英格兰超级联赛,右,175,73,12,1
Kevin Berigaud,法国,28,ST,70,70,74,73,67,73,46,67,18675015,Évian Thonon Gaillard FC,法国甲级联赛,右,175,72,19,2
Liam Moore,英格兰,23,FB,70,76,70,36,49,56,69,72,33985525,Leicester City,英格兰超级联赛,右,185,86,0,0
Luis Garcia,西班牙,35,ST,70,70,70,68,63,75,28,70,11252994,RCD Espanyol,西班牙甲级联赛,右,178,69,20,6
Henrik Dalsgaard,比利时,27,FB,70,71,88,59,60,68,68,70,14741058,SV Zulte-Waregem,比利时甲级联赛,右,193,81,0,0
Mikkel Diskerud,比利时,26,CAM,70,74,68,66,71,72,55,72,25522696,KAA Gent,比利时甲级联赛,右,183,71,0,0
Colin Kazim-Richards,荷兰,30,ST,70,70,69,71,67,72,29,78,9438079,Feyenoord,荷兰甲级联赛,右,185,79,9,4
Philipp Max,德国,23,FB,70,76,80,47,57,70,66,69,10767251,FC Augsburg,德国甲级联赛,左,178,75,0,0
Pedrao,葡萄牙,24,CB,70,77,49,47,45,53,68,65,14771654,Vitória Guimarães,葡萄牙超级联赛,左,190,90,0,0
Mensur Mujdza,德国,32,CM,70,70,63,53,64,70,72,64,6233743,SC Freiburg,德国甲级联赛,右,185,77,2,0
Dejan Drazic,西班牙,21,W,70,82,79,53,64,74,34,56,8448508,Rayo Vallecano,西班牙甲级联赛,右,175,69,0,0
Joao Carlos,比利时,34,CM,70,70,56,52,61,58,72,64,13256596,KRC Genk,比利时甲级联赛,右,188,80,0,0
Andreas Ottl,德国,31,CM,70,70,53,57,70,62,67,74,11754268,Hertha BSC Berlin,德国甲级联赛,右,185,78,1,0
Stanislav Manolev,荷兰,31,FB,70,70,73,61,64,72,68,76,12503174,PSV,荷兰甲级联赛,右,185,79,0,0
Ivan Ivanov,瑞士,28,CB,70,70,68,30,45,43,70,77,10373756,FC Basel,瑞士超级联赛,左,185,84,0,0
Dusan Svento,德国,31,CAM,70,70,82,69,64,72,62,61,9084447,1. FC Köln,德国甲级联赛,左,178,70,0,0
Emanuele Suagher,意大利,24,CB,70,75,59,42,38,44,72,75,23801215,Carpi,意大利甲级联赛,右,193,82,0,0
Roberto Torres,西班牙,27,CAM,70,71,70,72,72,68,51,66,10689981,CA Osasuna,西班牙甲级联赛,右,178,72,6,1
Mehdi Abeid,苏格兰,24,CAM,70,75,70,71,71,72,62,68,15343052,St. Johnstone FC,苏格兰超级联赛,右,180,79,0,0
Henrique Hilario,英格兰,41,GK,70,70,45,25,29,26,25,65,9077278,Chelsea,英格兰超级联赛,右,188,88,0,0
Alessio Scarpi,意大利,43,GK,70,70,55,20,30,12,16,64,9443364,Genoa,意大利甲级联赛,右,188,83,0,0
Declan Rudd,英格兰,25,GK,70,74,50,14,34,22,16,47,9263946,Norwich City,英格兰超级联赛,右,190,85,0,0
Renatinho,葡萄牙,29,W,70,74,78,68,67,80,29,50,10713499,Portimonense,葡萄牙超级联赛,右,173,63,0,0
Luis Alberto,葡萄牙,33,CM,70,70,54,67,67,68,70,78,11764283,CD Nacional,葡萄牙超级联赛,右,183,78,0,0
Ondrej Celustka,英格兰,27,FB,70,71,66,54,58,52,72,74,9449274,Sunderland,英格兰超级联赛,右,185,80,0,0
Christian Bruels,比利时,28,W,70,71,75,65,71,72,34,55,4598055,KAA Gent,比利时甲级联赛,右,178,74,2,2
Cris,法国,39,CM,70,70,34,52,64,44,68,67,5481268,Olympique Lyonnais,法国甲级联赛,右,183,77,3,0
Khaleem Hyland,比利时,27,CM,70,71,64,66,67,70,67,80,6356165,SV Zulte-Waregem,比利时甲级联赛,右,183,85,0,0
Rafal Wolski,波兰,24,W,70,74,76,65,69,76,33,67,13160646,Legia Warszawa,波兰甲级联赛,右,178,66,1,0
Bartholomew Ogbeche,荷兰,32,ST,70,70,76,71,54,66,26,75,9626321,SC Cambuur,荷兰甲级联赛,右,178,78,8,1
Taulant Xhaka,瑞士,25,FB,70,74,77,59,65,68,70,81,12680564,FC Basel,瑞士超级联赛,右,173,72,0,0
Pape Diakhate,西班牙,32,CB,70,70,53,52,54,46,68,74,3628223,Granada CF,西班牙甲级联赛,右,183,78,1,0
Badr El Kaddouri,苏格兰,35,FB,70,70,82,36,67,64,69,74,7216338,Celtic,苏格兰超级联赛,左,178,67,1,0
Pablo Ibanez,西班牙,35,CB,70,70,52,39,54,50,70,68,4251021,Atlético Madrid,西班牙甲级联赛,右,193,86,2,0
Adlene Guedioura,比利时,31,CM,70,70,70,74,71,70,64,78,9343859,Sporting Charleroi,比利时甲级联赛,右,178,81,2,1
Diniyar Bilyaletdinov,英格兰,31,ST,70,70,74,74,72,71,42,69,6052211,Everton,英格兰超级联赛,左,185,77,8,4
Matej Krajcik,意大利,38,FB,70,71,70,61,63,65,72,70,6052695,Reggio Calabria,意大利甲级联赛,右,183,81,0,0
Dimitri Cavare,法国,21,FB,70,77,72,45,57,66,72,71,9348424,RC Lens,法国甲级联赛,右,193,85,0,0
David Costas,西班牙,21,FB,70,77,68,38,61,62,74,65,10806072,RC Celta de Vigo,西班牙甲级联赛,右,180,72,0,0
Juan Delgado,苏格兰,23,ST,70,77,82,68,64,72,33,74,14260937,Heart of Midlothian,苏格兰超级联赛,右,178,71,0,0
Julien De Sart,比利时,22,CM,70,78,63,66,72,65,68,71,20600350,Standard de Liège,比利时甲级联赛,右,188,72,0,0
Tana,西班牙,26,W,70,74,72,66,70,72,17,57,8283286,UD Las Palmas,西班牙甲级联赛,右,168,69,0,0
Benoit Pedretti,法国,36,CM,70,70,42,71,75,70,66,62,5424540,AJ Auxerre,法国甲级联赛,右,178,72,5,0
Yuya Kubo,瑞士,23,W,70,76,82,65,68,71,41,53,6326610,BSC Young Boys,瑞士超级联赛,右,178,72,5,0
Patrick Bamford,英格兰,23,ST,70,77,76,68,60,72,30,63,14677319,Norwich City,英格兰超级联赛,左,185,71,0,0
Pape Diamanka,西班牙,26,FB,70,72,76,58,66,60,69,86,16010321,Rayo Vallecano,西班牙甲级联赛,右,183,76,0,0
Bryan Verboom,比利时,24,FB,70,73,78,58,61,65,70,77,6382469,SV Zulte-Waregem,比利时甲级联赛,左,175,74,0,0
Lorenzo Del Prete,意大利,30,FB,70,70,82,53,47,56,67,81,7415423,Siena,意大利甲级联赛,右,180,81,0,0
Mohamed Yattara,法国,23,ST,70,75,80,68,58,68,20,75,7232427,ES Troyes AC,法国甲级联赛,右,185,76,3,0
Siam Ben Youssef,法国,27,CB,70,71,64,46,51,52,70,80,9801122,SM Caen,法国甲级联赛,右,188,82,0,0
Tom Rogic,苏格兰,24,ST,70,77,68,72,70,75,34,66,21050049,Celtic,苏格兰超级联赛,左,185,80,0,0
Luciano Slagveer,荷兰,23,W,70,75,92,65,61,71,50,67,8477635,SC Heerenveen,荷兰甲级联赛,右,180,76,11,2
Darko Jevtic,波兰,23,CAM,70,76,64,65,71,72,42,72,28300713,Lech Poznań,波兰甲级联赛,左,183,74,0,0
Morten Duncan Rasmussen,德国,31,ST,70,70,61,70,50,60,22,75,9178608,1. FSV Mainz 05,德国甲级联赛,右,185,87,2,0
Mustapha Yatabare,法国,30,ST,70,70,66,73,62,71,16,71,18223068,En Avant de Guingamp,法国甲级联赛,右,185,70,11,2
Zdenek Grygera,意大利,36,CB,70,70,48,46,58,56,77,62,3399792,Juventus,意大利甲级联赛,右,185,78,2,4
Carlton Cole,英格兰,33,ST,70,70,58,71,53,66,21,70,15998603,West Ham United,英格兰超级联赛,右,190,88,36,11
Artur,葡萄牙,32,CAM,70,70,72,71,71,75,49,64,5783577,SC Beira Mar,葡萄牙超级联赛,右,175,69,0,0
Olafur Ingi Skulason,比利时,33,CM,70,70,66,61,69,62,68,80,10954673,SV Zulte-Waregem,比利时甲级联赛,右,183,81,0,0
Tim Ream,英格兰,29,FB,70,70,74,43,69,67,72,77,10719371,Bolton Wanderers,英格兰超级联赛,左,185,73,0,1
Nadir Ciftci,苏格兰,24,ST,70,74,72,74,51,74,33,68,10067802,Dundee United,苏格兰超级联赛,右,185,77,0,0
Mijat Maric,比利时,32,CB,70,70,44,58,51,48,72,72,6320666,Sporting Lokeren,比利时甲级联赛,右,188,83,0,0
Simone Bentivoglio,意大利,31,CM,70,70,69,67,72,67,65,70,5406578,Chievo Verona,意大利甲级联赛,右,183,75,5,1
Gabriel Silva,意大利,25,CM,70,74,77,66,67,73,67,73,14447425,Udinese,意大利甲级联赛,左,178,75,2,1
Fode Mansare,法国,35,W,70,78,79,68,64,72,30,65,11500013,Toulouse FC,法国甲级联赛,左,175,71,0,0
Mariano Gonzalez,葡萄牙,35,CAM,70,70,74,74,70,72,54,60,15757500,FC Porto,葡萄牙超级联赛,右,175,80,0,0
Tobias Kempe,德国,27,ST,70,72,75,67,66,72,31,71,6969698,SV Darmstadt 98,德国甲级联赛,右,183,77,0,0
Timo Perthel,德国,27,FB,70,71,80,65,62,66,67,79,6812322,Eintracht Braunschweig,德国甲级联赛,左,185,80,0,0
Barry Douglas,苏格兰,27,FB,70,72,80,53,68,64,68,75,6208090,Dundee United,苏格兰超级联赛,左,175,64,0,0
Alessandro Del Piero,意大利,42,CAM,70,70,29,76,72,77,32,33,8463865,Juventus,意大利甲级联赛,右,175,74,33,12
Zargo Toure,法国,27,CB,70,72,72,26,53,46,66,81,5426636,FC Lorient,法国甲级联赛,右,183,73,0,0
Oliver Neuville,德国,43,W,70,77,72,68,68,74,32,61,17479272,Borussia Mönchengladbach,德国甲级联赛,右,170,67,1,1
Marco Amelia,意大利,34,GK,70,70,41,23,29,17,15,60,6422689,Palermo,意大利甲级联赛,右,190,90,0,1
Sylvio Ronny Rodelin,法国,27,ST,70,72,66,69,67,74,34,69,12351869,LOSC Lille,法国甲级联赛,右,193,82,5,0
Maikel Kieftenbeld,荷兰,26,CM,70,71,72,69,68,68,68,77,4761048,FC Groningen,荷兰甲级联赛,右,178,78,0,3
Nicklas Pedersen,荷兰,29,ST,70,70,53,71,65,74,24,56,32259136,FC Groningen,荷兰甲级联赛,右,188,84,0,0
Javier Chevanton,意大利,36,ST,70,70,74,71,62,74,25,65,7872341,Atalanta,意大利甲级联赛,右,175,68,7,0
Wout Droste,荷兰,27,FB,70,71,75,28,62,67,70,77,16826920,SC Cambuur,荷兰甲级联赛,右,180,73,0,0
Lucas Neill,英格兰,38,FB,70,70,56,43,66,58,72,65,7149276,West Ham United,英格兰超级联赛,右,185,76,2,2
Bartosz Bereszynski,波兰,24,FB,70,74,84,59,67,67,66,73,5338059,Legia Warszawa,波兰甲级联赛,右,183,78,0,0
Lee Tomlin,英格兰,27,ST,70,70,75,73,68,72,36,68,4364647,Bournemouth,英格兰超级联赛,右,180,74,0,0
Diego Lima,葡萄牙,28,CAM,70,71,72,58,73,74,48,53,5908787,Boavista FC,葡萄牙超级联赛,右,178,77,0,0
Stephane Badji,比利时,26,CM,70,72,68,63,67,70,68,78,22411718,RSC Anderlecht,比利时甲级联赛,右,180,75,0,0
Jacek Goralski,波兰,24,FB,70,75,71,46,69,65,70,68,17051408,Jagiellonia Białystok,波兰甲级联赛,右,173,66,0,0
Taner Yalcin,德国,26,W,70,77,66,65,69,74,27,61,12490216,1. FC Köln,德国甲级联赛,右,183,77,1,1
Vincent Manceau,法国,27,CB,70,72,54,39,65,68,73,80,16362180,Angers SCO,法国甲级联赛,右,175,65,0,0
Jay Bothroyd,英格兰,34,ST,70,70,66,72,66,70,20,72,16906386,Queens Park Rangers,英格兰超级联赛,左,190,83,3,1
Pierre-Alain Frau,法国,36,ST,70,70,66,71,67,69,34,65,7709306,LOSC Lille,法国甲级联赛,右,175,73,6,0
Carlos Javier Grossmuller,意大利,33,CAM,70,74,57,65,74,75,57,67,6596296,Lecce,意大利甲级联赛,右,183,79,3,2
Ariel Nahuelpan,西班牙,29,ST,70,70,50,73,57,66,36,73,14322292,Racing Santander,西班牙甲级联赛,左,188,92,5,0
Georgios Karagounis,英格兰,39,CAM,70,70,51,73,75,73,43,63,11915840,Fulham,英格兰超级联赛,右,175,74,1,0
Marek Cech,英格兰,33,FB,70,70,68,57,59,63,73,69,11470629,West Bromwich Albion,英格兰超级联赛,左,183,74,0,2
Jorginho,葡萄牙,39,CAM,70,70,44,65,71,74,36,62,18322579,Rio Ave FC,葡萄牙超级联赛,右,178,72,0,0
Frederic Mendy,葡萄牙,28,ST,70,71,58,67,52,64,23,76,18249090,Estoril Praia,葡萄牙超级联赛,右,193,89,0,0
Daniel Gimenez,西班牙,33,GK,70,70,60,14,31,13,14,62,5259625,Rayo Vallecano,西班牙甲级联赛,右,183,77,0,0
Rodri,西班牙,26,ST,70,72,81,70,53,70,17,76,13278968,UD Almería,西班牙甲级联赛,右,175,74,11,3
Junior Diaz,波兰,33,FB,70,70,72,55,66,66,70,73,12881913,Wisła Kraków,波兰甲级联赛,左,185,76,1,0
Burgui,西班牙,23,W,70,79,70,64,68,76,23,55,16025702,RCD Espanyol,西班牙甲级联赛,右,183,71,0,0
Kazuki Nagasawa,德国,25,W,70,76,73,52,68,77,18,55,10246099,1. FC Köln,德国甲级联赛,右,173,68,0,0
Tuur Dierckx,比利时,21,ST,70,80,83,66,61,72,15,67,12159523,Club Brugge KV,比利时甲级联赛,左,170,68,0,0
Mohamed Larbi,法国,29,CAM,70,70,70,65,73,72,55,72,15543567,GFC Ajaccio,法国甲级联赛,右,183,75,0,0
Flavio Meireles,葡萄牙,40,CM,70,73,64,56,67,64,66,79,9083825,Vitória Guimarães,葡萄牙超级联赛,右,188,88,0,0
Yoni Buyens,比利时,28,CM,70,70,67,67,69,64,70,80,7680266,KV Mechelen,比利时甲级联赛,右,183,80,0,0
Dani Estrada,西班牙,29,FB,70,70,72,50,58,70,70,73,10715546,Real Sociedad,西班牙甲级联赛,右,178,74,4,1
Braga,葡萄牙,33,ST,70,70,68,74,69,72,34,65,10334972,Rio Ave FC,葡萄牙超级联赛,右,180,81,0,0
Paulo Tavares,葡萄牙,31,CM,70,70,68,67,70,72,63,71,3575288,Vitória Setúbal,葡萄牙超级联赛,右,178,72,0,0
Andre Fontes,葡萄牙,31,CAM,70,70,67,61,71,72,53,73,11123897,FC Penafiel,葡萄牙超级联赛,右,178,73,0,0
Christian Puggioni,意大利,35,GK,70,70,39,17,31,20,15,58,5099445,Chievo Verona,意大利甲级联赛,右,188,81,0,0
Bradley Jones,荷兰,34,GK,70,70,54,17,22,20,15,60,6782301,N.E.C.,荷兰甲级联赛,左,190,76,0,0
Danny Murphy,英格兰,39,CM,70,70,42,69,76,69,68,58,10186730,Fulham,英格兰超级联赛,右,175,69,13,16
Andrea Catellani,意大利,28,ST,70,70,76,71,66,72,15,64,12039493,Catania,意大利甲级联赛,右,180,77,1,0
"Alberto Frison,18",意大利,28,GK,70,75,45,31,28,22,25,56,10242632,Catania,意大利甲级联赛,右,190,85,0,0
Patrick Owomoyela,德国,37,CM,70,70,52,59,66,71,70,75,3642892,Borussia Dortmund,德国甲级联赛,右,188,87,3,1
Txema Anibarro,西班牙,37,CB,70,70,44,43,50,50,68,69,10091834,SD Eibar,西班牙甲级联赛,右,185,78,0,0
Dimitrios Papadopoulos,意大利,35,ST,70,70,73,68,55,63,34,59,8065076,Lecce,意大利甲级联赛,右,178,75,1,1
Daniele Cacia,意大利,33,ST,70,70,70,66,49,66,14,75,17207375,Lecce,意大利甲级联赛,右,183,74,2,0
Davino Verhulst,比利时,29,GK,70,70,52,13,31,22,15,61,5271654,Sporting Lokeren,比利时甲级联赛,右,193,90,0,0
Fabian Holland,德国,26,FB,70,74,71,49,57,64,71,74,12512185,SV Darmstadt 98,德国甲级联赛,左,173,74,0,0
Clement Maury,法国,31,GK,70,70,38,15,26,17,14,40,12189351,GFC Ajaccio,法国甲级联赛,左,180,77,0,0
Sebastian Leto,意大利,30,ST,70,70,70,70,67,76,24,61,10959321,Catania,意大利甲级联赛,左,188,83,3,1
Gaston Silva,意大利,22,FB,70,76,69,48,60,64,73,72,12651462,Torino,意大利甲级联赛,左,185,78,0,0
Elvis Abbruscato,意大利,35,ST,70,70,70,68,51,65,23,70,14844863,Chievo Verona,意大利甲级联赛,左,183,78,6,0
Emmanuel Cascione,意大利,33,CM,70,70,62,58,71,65,66,84,7165607,Cesena,意大利甲级联赛,右,188,80,2,0
Davide Moscardelli,意大利,36,ST,70,70,58,73,57,73,29,70,6053479,Chievo Verona,意大利甲级联赛,左,185,80,12,1
Frederic Bulot,法国,26,W,70,72,71,69,64,74,30,57,19975090,SM Caen,法国甲级联赛,左,178,79,2,0
Julian Schuster,德国,31,CM,70,70,43,65,70,64,68,63,7061606,SC Freiburg,德国甲级联赛,右,190,78,11,0
Tobias Weis,德国,31,FB,70,70,70,53,68,70,68,72,12617310,TSG 1899 Hoffenheim,德国甲级联赛,右,170,67,2,1
Kyle Lafferty,苏格兰,29,ST,70,70,68,69,57,67,28,74,7219455,Rangers,苏格兰超级联赛,右,193,70,1,0
Alain Rochat,瑞士,33,CM,70,70,70,65,65,64,68,76,8659067,FC Zürich,瑞士超级联赛,左,183,78,1,0
Thomas Kahlenberg,法国,33,CAM,70,70,58,63,74,71,50,73,13964396,AJ Auxerre,法国甲级联赛,右,183,77,3,0
Joao Diogo,葡萄牙,28,FB,70,70,78,54,58,68,68,69,11466370,CS Marítimo,葡萄牙超级联赛,右,175,72,0,0
Juanmi,西班牙,23,ST,70,77,76,64,59,74,25,65,20119532,Málaga CF,西班牙甲级联赛,右,170,63,10,1
Samba Diakite,法国,27,CM,70,71,69,62,69,76,72,79,7985436,AS Nancy-Lorraine,法国甲级联赛,右,185,76,1,1
Daniel Williams,德国,27,CM,70,70,78,69,67,72,68,79,15322850,TSG 1899 Hoffenheim,德国甲级联赛,右,183,76,1,0
Gaizka Toquero,西班牙,32,ST,70,70,73,63,60,64,52,81,10378831,Athletic Club de Bilbao,西班牙甲级联赛,右,183,78,21,10
Jeremy Toljan,德国,22,FB,70,77,78,35,58,68,70,75,9219834,TSG 1899 Hoffenheim,德国甲级联赛,右,183,76,0,0
Fares Bahlouli,法国,21,W,70,80,75,62,69,76,45,65,17640694,AS Monaco,法国甲级联赛,右,180,78,0,0
Kanu,比利时,29,CAM,70,70,71,71,68,78,56,74,6456115,RSC Anderlecht,比利时甲级联赛,左,190,82,0,0
Vinicius Araujo,比利时,23,ST,70,76,72,69,59,72,24,66,11787590,Standard de Liège,比利时甲级联赛,右,175,76,0,1
Stephan Schrock,德国,30,FB,70,70,91,49,63,72,67,71,7798963,Eintracht Frankfurt,德国甲级联赛,右,170,68,0,0
Stefan Reisinger,德国,35,ST,70,70,72,69,59,66,38,75,16025961,SC Freiburg,德国甲级联赛,右,185,82,17,0
Raul Fernandez,法国,31,GK,70,70,48,25,27,24,25,50,21820850,FC Lorient,法国甲级联赛,左,185,84,0,0
Kenny McLean,苏格兰,24,ST,70,75,72,73,69,70,45,67,19834766,St. Mirren,苏格兰超级联赛,左,180,70,0,0
Hajime Hosogai,德国,30,FB,70,70,71,40,68,71,70,71,15205102,Hertha BSC Berlin,德国甲级联赛,右,178,68,3,0
Carlos Gruezo,德国,21,FB,70,77,68,48,67,61,71,68,30177896,VfB Stuttgart,德国甲级联赛,右,170,67,0,0
Leandro Trossard,比利时,22,W,70,78,82,69,65,73,16,59,16141081,Oud-Heverlee Leuven,比利时甲级联赛,右,173,64,0,0
Pedro Silva,葡萄牙,35,CM,70,70,62,64,71,66,69,75,10524274,Portimonense,葡萄牙超级联赛,右,180,80,0,0
Zhi Zheng,苏格兰,36,CM,70,70,62,68,76,77,65,66,6857315,Celtic,苏格兰超级联赛,右,180,75,0,0
Stefano Celozzi,德国,28,FB,70,71,75,42,63,68,70,66,7599065,VfB Stuttgart,德国甲级联赛,右,170,65,0,0
Stephan Fuerstner,德国,29,CM,70,70,62,48,68,68,70,79,11726562,SpVgg Greuther Fürth,德国甲级联赛,右,178,72,1,0
Abel Gomez,西班牙,34,CM,70,70,37,73,79,70,59,58,13223573,Granada CF,西班牙甲级联赛,右,183,75,1,0
John Boye,法国,29,CB,70,70,68,34,58,56,68,76,16662625,Stade Rennais FC,法国甲级联赛,右,185,72,2,0
Thiago Cionek,波兰,30,CB,70,70,68,26,45,51,72,81,5871356,Jagiellonia Białystok,波兰甲级联赛,右,183,80,0,0
Karim Matmour,德国,31,W,70,70,72,62,64,74,26,63,9492955,Borussia Mönchengladbach,德国甲级联赛,右,180,75,5,0
Daniel Haas,德国,33,GK,70,70,34,15,21,17,17,63,12566505,TSG 1899 Hoffenheim,德国甲级联赛,右,188,86,0,0
Fabrice N'Sakala,比利时,26,FB,70,72,83,40,64,70,68,75,11441786,RSC Anderlecht,比利时甲级联赛,左,178,74,0,0
Bartosz Salamon,意大利,25,CM,70,73,58,50,64,62,70,78,24293710,Catania,意大利甲级联赛,右,196,89,0,0
Robert Gucher,意大利,25,CM,70,74,59,65,71,67,54,73,10695823,Frosinone,意大利甲级联赛,右,183,77,0,0
Jonathan Hogg,英格兰,28,FB,70,70,76,57,66,68,70,78,5873710,Aston Villa,英格兰超级联赛,右,178,73,0,0
Jakub Kosecki,波兰,26,W,70,74,92,62,53,75,42,56,10223815,Legia Warszawa,波兰甲级联赛,右,168,59,0,0
Dwight Tiendalli,荷兰,31,FB,70,70,79,51,61,70,70,78,21385006,FC Twente,荷兰甲级联赛,右,175,73,1,0
Patrick Paauwe,荷兰,41,CM,70,78,58,58,77,58,71,73,13342515,VVV-Venlo,荷兰甲级联赛,左,183,80,1,0
Marc Planus,法国,34,CM,70,70,32,54,63,53,70,65,7124949,Girondins de Bordeaux,法国甲级联赛,右,180,82,1,0
Ali Ahamada,法国,25,GK,70,72,40,15,30,18,18,60,3973882,Toulouse FC,法国甲级联赛,右,188,83,1,0
Mark Davies,英格兰,28,CAM,70,70,70,58,71,76,56,69,18878559,Bolton Wanderers,英格兰超级联赛,右,180,73,5,5
Barreto,意大利,31,W,70,70,81,67,61,80,25,57,23963627,Bari,意大利甲级联赛,右,170,60,26,2
Matthew Spiranovic,德国,28,CB,70,72,64,27,53,37,73,66,9230690,Bayer 04 Leverkusen,德国甲级联赛,右,193,88,0,0
Marco Motta,意大利,30,FB,70,70,78,62,67,70,71,75,12287179,Roma,意大利甲级联赛,右,185,76,2,3
Daniele Dessena,意大利,29,CM,70,70,74,69,67,70,72,75,22235837,Cagliari,意大利甲级联赛,右,183,75,9,1
Ze Antonio,葡萄牙,39,FB,70,80,66,39,56,52,70,69,8856175,"União de Leiria, SAD",葡萄牙超级联赛,左,185,76,0,0
Erjon Bogdani,意大利,39,ST,70,70,33,70,56,67,24,73,11173688,Cesena,意大利甲级联赛,右,190,89,15,1
Jan Simak,德国,38,CAM,70,78,66,68,73,74,36,65,8377601,VfB Stuttgart,德国甲级联赛,右,183,82,3,1
Apostolos Vellios,比利时,24,ST,70,75,66,72,60,64,31,74,18104151,Lierse SK,比利时甲级联赛,右,190,78,3,1
Alejandro Martinuccio,西班牙,29,W,70,76,78,70,69,76,26,64,13304600,Villarreal CF,西班牙甲级联赛,左,178,73,1,1
Diego Perez,意大利,36,CM,70,70,55,54,64,64,70,77,9365501,Bologna,意大利甲级联赛,右,178,81,0,5
Jonathan Brison,法国,33,CM,70,70,71,59,70,67,70,68,12403347,AS Nancy-Lorraine,法国甲级联赛,左,178,73,0,0
Miso Brecko,德国,32,FB,70,70,64,44,55,64,73,73,9364583,1. FC Köln,德国甲级联赛,右,178,68,2,1
Benjamin Kessel,德国,29,FB,70,70,66,52,56,64,72,71,19974254,Eintracht Braunschweig,德国甲级联赛,右,190,80,2,1
Mateusz Klich,波兰,26,CAM,70,72,70,64,73,72,45,63,17488789,Cracovia,波兰甲级联赛,右,183,75,0,0
Luke Wilkshire,荷兰,35,CM,70,70,64,65,70,68,71,68,8187377,Feyenoord,荷兰甲级联赛,右,175,72,0,1
Davide Bassi,意大利,31,GK,70,70,37,17,30,20,16,52,8529926,Empoli,意大利甲级联赛,右,190,82,0,0
Jakub Rzezniczak,波兰,30,FB,70,70,74,54,56,53,70,81,21890709,Legia Warszawa,波兰甲级联赛,右,183,81,0,0
Ivailo Chochev,意大利,23,CM,70,76,62,66,72,70,62,71,9731478,Palermo,意大利甲级联赛,右,188,78,0,0
Daniel Amartey,英格兰,22,FB,70,80,78,68,68,68,71,88,12769738,Leicester City,英格兰超级联赛,右,183,75,0,0
Kelvin Leerdam,荷兰,26,FB,70,72,74,58,68,68,65,79,8226032,Feyenoord,荷兰甲级联赛,右,178,70,0,0
Victor Ramos,比利时,27,CB,70,71,56,36,52,42,71,70,14978142,Standard de Liège,比利时甲级联赛,右,190,82,0,0
Adam Smith,英格兰,25,FB,70,74,76,58,62,70,70,64,15565398,Bournemouth,英格兰超级联赛,右,180,81,0,0
Dario Vidosic,瑞士,29,CAM,70,70,78,69,71,72,50,67,8342389,FC Sion,瑞士超级联赛,右,183,74,0,0
Didier Konan Ya,德国,32,ST,70,70,74,72,64,72,26,70,11763178,Hannover 96,德国甲级联赛,右,175,74,39,2
Enock Kofi Adu,比利时,26,CM,70,74,52,29,75,72,65,64,21251709,Club Brugge KV,比利时甲级联赛,右,178,67,0,0
Ruediger Kauf,德国,41,FB,70,76,68,56,69,58,70,74,12565745,DSC Arminia Bielefeld,德国甲级联赛,右,173,65,0,0
Oka Nikolov,德国,42,GK,70,70,30,26,26,28,24,60,12156401,Eintracht Frankfurt,德国甲级联赛,右,188,86,1,0
Hugo Vieira,葡萄牙,28,W,70,73,82,68,66,76,24,67,9907847,Gil Vicente FC,葡萄牙超级联赛,右,178,73,0,0
Ricardo Nascimento,葡萄牙,29,CB,70,70,41,45,45,44,72,66,5939586,Académica de Coimbra,葡萄牙超级联赛,左,188,82,0,0
Nicola Bellomo,意大利,25,CAM,70,72,76,68,72,74,63,67,10643294,Torino,意大利甲级联赛,右,175,70,1,0
Erwin Hoffer,德国,29,ST,70,70,88,66,59,70,19,68,14031091,1. FC Kaiserslautern,德国甲级联赛,右,178,72,6,1
Bogdan Lobont,意大利,38,GK,70,70,50,15,30,20,18,52,5635723,Roma,意大利甲级联赛,右,185,78,0,0
Frederic Gounongbe,比利时,28,ST,70,70,66,71,50,62,19,76,8454513,KVC Westerlo,比利时甲级联赛,左,188,85,0,0
Vinicius Pacheco,葡萄牙,31,ST,70,74,78,72,65,74,44,72,5436420,CF Os Belenenses,葡萄牙超级联赛,左,173,69,0,0
Diego,葡萄牙,37,GK,70,70,32,15,32,20,12,58,16813992,Vitória Setúbal,葡萄牙超级联赛,左,188,92,0,0
Deniz Tueruec,荷兰,23,CAM,70,76,74,71,73,69,57,68,9400829,Go Ahead Eagles,荷兰甲级联赛,左,178,72,1,1
Vedran Runje,法国,40,GK,70,70,54,12,21,18,12,47,5705553,RC Lens,法国甲级联赛,左,183,85,0,0
Jens Langeneke,德国,39,FB,70,70,58,43,60,52,72,60,9507423,Fortuna Düsseldorf,德国甲级联赛,右,185,78,2,0
Tobias Levels,德国,30,FB,70,70,65,49,54,56,73,73,11123161,Borussia Mönchengladbach,德国甲级联赛,右,185,80,1,1
James Forrest,苏格兰,25,W,70,75,87,66,64,74,20,65,11103003,Celtic,苏格兰超级联赛,右,170,67,0,0
George McCartney,英格兰,35,CM,70,70,52,41,67,64,74,68,11159159,Sunderland,英格兰超级联赛,左,183,76,0,2
Andre Luiz,法国,36,CB,70,70,53,46,56,48,68,75,13220249,AS Nancy-Lorraine,法国甲级联赛,右,185,88,7,0
Kamel Chafni,法国,34,CAM,70,70,72,64,73,74,51,58,8731696,AJ Auxerre,法国甲级联赛,右,180,70,4,0
Franck Signorino,法国,35,CM,70,70,56,48,65,61,75,62,11509517,Stade de Reims,法国甲级联赛,左,175,69,1,1
Alexis Thebaux,法国,31,GK,70,70,42,13,13,12,16,46,10484785,SM Caen,法国甲级联赛,右,185,81,0,0
Marco Baixinho,葡萄牙,27,CB,70,71,60,41,37,48,72,72,12746988,FC Paços de Ferreira,葡萄牙超级联赛,右,188,80,0,0
Jose Angel Crespo,西班牙,29,FB,70,70,68,41,65,66,72,73,12021451,Córdoba CF,西班牙甲级联赛,右,183,72,1,0
Antoine Conte,法国,22,FB,70,73,63,34,57,59,72,70,7890550,Stade de Reims,法国甲级联赛,右,178,72,0,1
Lukasz Tralka,波兰,32,CM,70,70,68,59,68,60,68,79,11769646,Lech Poznań,波兰甲级联赛,右,185,83,0,0
Cristian Sapunaru,葡萄牙,32,CM,70,70,68,66,65,64,71,72,19689579,FC Porto,葡萄牙超级联赛,右,188,81,3,0
Davide Biondini,意大利,33,CM,70,70,68,64,71,68,66,70,7278858,Cagliari,意大利甲级联赛,右,180,77,7,4
Cristiano Del Grosso,意大利,33,FB,70,70,74,51,62,58,70,63,13751456,Siena,意大利甲级联赛,左,175,70,3,2
Anibal Capela,葡萄牙,25,CB,70,74,52,27,45,46,68,77,15887257,Académica de Coimbra,葡萄牙超级联赛,右,188,84,0,0
Oliver Kirch,德国,34,CM,70,70,74,63,72,72,68,68,12545196,1. FC Kaiserslautern,德国甲级联赛,右,183,76,2,1
Steven Vitoria,葡萄牙,29,CM,70,70,42,64,52,50,70,64,20108109,Estoril Praia,葡萄牙超级联赛,右,196,86,0,0
Samuel Souprayen,法国,27,FB,70,71,69,42,61,65,72,76,10608902,Dijon FCO,法国甲级联赛,左,188,75,0,0
Andres Madrid,葡萄牙,35,CM,70,70,64,64,72,70,69,71,11343585,SC Braga,葡萄牙超级联赛,右,183,78,0,0
Andrea Coda,意大利,31,CB,70,70,53,34,44,46,73,71,7199490,Udinese,意大利甲级联赛,右,190,86,1,0
Jordan Adeoti,法国,27,CB,70,71,58,44,66,55,70,75,14389375,SM Caen,法国甲级联赛,右,183,81,0,0
Emiliano Daniel Armenteros,西班牙,30,CAM,70,70,72,72,71,71,51,66,9475829,CA Osasuna,西班牙甲级联赛,左,180,78,14,4
Ruben Duarte,西班牙,21,FB,70,80,66,35,47,64,72,59,9201859,RCD Espanyol,西班牙甲级联赛,左,180,75,0,0
Hernan Pellerano,西班牙,32,CB,70,70,54,31,56,43,72,73,3531844,UD Almería,西班牙甲级联赛,右,180,74,2,0
Tiago Targino,葡萄牙,30,W,70,73,92,66,63,70,32,72,21924164,Vitória Guimarães,葡萄牙超级联赛,右,180,76,0,0
Ivan Pillud,西班牙,30,FB,70,70,83,56,62,64,68,79,11961243,RCD Espanyol,西班牙甲级联赛,右,178,74,0,0
Zequinha,葡萄牙,29,ST,70,70,78,70,63,72,33,64,6570005,Vitória Setúbal,葡萄牙超级联赛,右,183,74,0,0
Yazalde,葡萄牙,28,ST,70,71,76,69,65,70,27,72,9739295,Rio Ave FC,葡萄牙超级联赛,右,183,86,0,0
Hamadou Tall,葡萄牙,34,CB,70,73,79,19,45,35,72,79,7108337,"União de Leiria, SAD",葡萄牙超级联赛,右,185,85,0,0
Karim Ait Fana,法国,27,W,70,72,72,62,65,74,32,44,13516695,Montpellier Hérault SC,法国甲级联赛,右,175,70,3,0
Matteo Brighi,意大利,35,CM,70,70,54,66,72,70,60,69,8387495,Roma,意大利甲级联赛,右,178,77,12,1
Jasmin Buric,波兰,29,GK,70,70,30,13,31,16,15,55,8105222,Lech Poznań,波兰甲级联赛,右,193,83,0,0
Erik Moran,西班牙,25,CM,70,74,50,48,73,69,68,70,8030068,Athletic Club de Bilbao,西班牙甲级联赛,右,188,75,0,0
Ridgeciano Haps,荷兰,23,FB,70,75,84,51,59,68,71,64,15478246,AZ,荷兰甲级联赛,左,175,66,0,0
Julien Sable,法国,36,CM,70,70,40,69,73,68,65,72,5705942,OGC Nice,法国甲级联赛,右,180,73,0,0
Dusko Tosic,德国,31,FB,70,70,63,41,63,68,72,77,8828463,SV Werder Bremen,德国甲级联赛,左,185,78,0,0
Valentine Viola,比利时,25,ST,70,73,74,71,68,74,22,70,16208009,Royal Excel Mouscron,比利时甲级联赛,右,180,82,0,0
Ulises Davila,葡萄牙,25,ST,70,74,78,70,64,75,30,64,14539974,Vitória Setúbal,葡萄牙超级联赛,左,173,68,0,0
Cosmin Moti,意大利,32,CB,70,70,64,30,40,50,73,73,8685287,Siena,意大利甲级联赛,右,183,74,0,0
Olivier Monterubbio,瑞士,40,ST,70,78,70,71,71,70,23,58,13044732,FC Sion,瑞士超级联赛,左,170,64,0,0
Cristian Suarez,葡萄牙,29,CB,70,70,69,36,54,50,70,72,11843905,S.C. Olhanense,葡萄牙超级联赛,右,178,75,0,0
Francois Bellugou,法国,29,CM,70,70,50,50,68,69,72,72,9340253,FC Lorient,法国甲级联赛,右,185,75,0,0
Marafona,葡萄牙,29,GK,70,70,36,17,39,18,14,47,10781164,Moreirense FC,葡萄牙超级联赛,右,190,86,0,0
Claudio,葡萄牙,39,GK,70,70,33,41,57,48,71,72,27798123,Gil Vicente FC,葡萄牙超级联赛,右,183,79,0,0
Pedro Trigueira,葡萄牙,28,GK,70,70,45,16,25,16,14,57,8898923,Académica de Coimbra,葡萄牙超级联赛,右,190,93,0,0
Hanno Balitsch,德国,35,CM,70,70,58,59,62,58,70,73,15873990,Hannover 96,德国甲级联赛,右,183,81,11,2
Marvin Compper,德国,31,FB,70,70,64,37,59,57,72,71,12682307,TSG 1899 Hoffenheim,德国甲级联赛,左,185,80,6,1
Nuno Henrique,葡萄牙,30,FB,70,70,64,39,49,56,71,67,5861378,Boavista FC,葡萄牙超级联赛,右,185,75,0,0
Victor Bernardez,比利时,34,CM,70,70,55,61,56,62,68,79,11420817,RSC Anderlecht,比利时甲级联赛,右,188,86,0,0
Thierry Debes,法国,42,GK,70,70,48,17,25,15,14,54,7274649,AC Ajaccio,法国甲级联赛,右,185,72,0,0
Saidi Ntibazonkiza,波兰,29,W,70,70,90,65,59,72,36,62,7313002,Cracovia,波兰甲级联赛,右,170,64,0,0
Zarko Tomasevic,比利时,26,FB,70,72,67,57,63,62,71,71,12227528,KV Kortrijk,比利时甲级联赛,左,188,85,0,0
Alexander Ring,德国,25,CM,70,74,80,63,70,73,65,74,21184125,Borussia Mönchengladbach,德国甲级联赛,右,173,72,0,0
Eric Mouloungui,法国,32,W,70,70,87,67,65,70,21,59,12165920,OGC Nice,法国甲级联赛,左,185,73,8,0
Rubin Okotie,比利时,29,ST,70,70,73,70,52,62,24,71,13138032,Sint-Truidense VV,比利时甲级联赛,右,188,86,0,0
Nuno Pinto,葡萄牙,30,FB,70,70,72,58,65,70,72,61,13542203,CD Nacional,葡萄牙超级联赛,左,175,72,0,0
Nuno Coelho,葡萄牙,29,FB,70,70,66,48,63,61,71,75,7942143,FC Arouca,葡萄牙超级联赛,右,183,76,0,0
Archimede Morleo,意大利,33,FB,70,70,81,59,63,67,68,65,12960866,Bologna,意大利甲级联赛,左,173,68,1,0
Paulo Monteiro,葡萄牙,31,CB,70,70,52,43,48,46,68,71,16640384,Uniao da Madeira,葡萄牙超级联赛,右,190,85,0,0
Maxime Baca,法国,33,FB,70,70,64,40,62,64,72,63,18707019,FC Lorient,法国甲级联赛,右,175,68,1,0
Federico Macheda,英格兰,25,ST,70,72,72,71,53,70,20,66,3546794,Manchester United,英格兰超级联赛,右,183,77,4,2
Juan Carlos Paredes,英格兰,29,FB,70,70,82,53,61,68,68,69,7374796,Watford,英格兰超级联赛,右,178,72,0,0
Mickael Tacalfred,法国,35,CB,70,70,52,46,60,57,72,70,9673960,Stade de Reims,法国甲级联赛,右,175,69,1,0
Francis N'Ganga,比利时,31,FB,70,70,78,46,59,63,70,73,6780372,Sporting Charleroi,比利时甲级联赛,左,175,73,0,0
Tim Hoogland,德国,31,CM,70,70,56,67,60,67,73,74,9425116,1. FSV Mainz 05,德国甲级联赛,右,183,81,6,0
Yassine El Ghanassy,比利时,26,W,70,72,76,66,67,76,32,62,9495329,KAA Gent,比利时甲级联赛,右,175,70,0,0
Enes Saglik,比利时,25,CAM,70,73,68,67,71,73,58,65,7240695,Sporting Charleroi,比利时甲级联赛,左,170,68,0,0
Fredy,葡萄牙,26,W,70,75,92,66,59,73,25,67,8921210,CF Os Belenenses,葡萄牙超级联赛,右,170,68,0,0
Daniele Corvia,意大利,32,ST,70,70,76,67,50,67,24,80,7952714,Lecce,意大利甲级联赛,右,180,81,8,1
Mimoun Mahi,荷兰,22,ST,70,77,76,69,61,77,35,67,6078664,FC Groningen,荷兰甲级联赛,右,180,69,1,2
Andrew Reid,英格兰,34,CAM,70,70,32,73,75,75,47,46,14352876,Sunderland,英格兰超级联赛,左,170,75,3,9
Jordan Loties,法国,32,CM,70,70,37,58,57,44,72,56,6458363,AS Nancy-Lorraine,法国甲级联赛,右,190,82,2,0
Mariano Pavone,西班牙,34,ST,70,70,59,70,57,64,23,79,10901069,Real Betis Balompié,西班牙甲级联赛,右,180,80,2,0
Dusan Veskovac,瑞士,30,FB,70,70,58,47,52,57,71,71,6801091,FC Luzern,瑞士超级联赛,右,188,82,0,1
Andre Silva,葡萄牙,21,ST,70,84,76,66,49,68,31,70,9843685,FC Porto,葡萄牙超级联赛,右,185,79,0,0
Hany Mukhtar,德国,21,W,70,81,74,66,64,73,39,55,12867733,Hertha BSC Berlin,德国甲级联赛,右,173,69,0,0
Salvador Ichazo,意大利,24,GK,70,74,45,18,24,15,16,58,9688701,Torino,意大利甲级联赛,左,188,83,0,0
Ruben Blanco,西班牙,21,GK,70,81,53,19,32,14,16,47,10263535,RC Celta de Vigo,西班牙甲级联赛,右,188,70,0,0
Stipe Perica,荷兰,21,ST,70,78,72,70,47,65,20,71,14646158,NAC Breda,荷兰甲级联赛,右,193,76,0,0
Aleandro Rosi,意大利,29,FB,70,70,78,62,62,68,66,74,17208453,Roma,意大利甲级联赛,右,183,80,7,3
Edison Mendez,荷兰,37,CAM,70,70,75,74,74,74,58,64,12568991,PSV,荷兰甲级联赛,右,175,73,0,0
Andreas Luthe,德国,29,GK,70,70,44,17,31,13,16,58,9373443,VfL Bochum,德国甲级联赛,右,196,85,0,0
Franco Zuculini,西班牙,26,CM,70,73,68,60,73,70,65,71,7426571,Real Zaragoza,西班牙甲级联赛,右,175,68,2,1
Dejan Lekic,西班牙,31,ST,70,70,41,71,51,60,27,61,6822928,CA Osasuna,西班牙甲级联赛,右,193,88,6,0
Waldemar Sobota,波兰,29,W,70,70,90,65,62,72,35,55,19620591,Śląsk Wrocław,波兰甲级联赛,右,175,63,0,0
Said Boutahar,荷兰,34,W,70,72,68,69,72,74,34,53,6136231,Willem II,荷兰甲级联赛,左,173,68,2,0
Luan,法国,28,ST,70,76,76,73,63,73,36,68,8892682,Toulouse FC,法国甲级联赛,左,185,75,0,0
Florin Berenguer,法国,27,W,70,71,82,67,68,71,35,68,10545282,Dijon FCO,法国甲级联赛,右,183,70,0,0
Kiko,西班牙,28,CB,70,71,47,37,53,51,68,71,11605810,Villarreal CF,西班牙甲级联赛,右,188,79,0,0
Adrian Stoian,意大利,25,W,70,74,75,66,62,74,28,59,8990423,Chievo Verona,意大利甲级联赛,右,178,66,3,0
Rouwen Hennings,德国,29,ST,70,70,73,72,59,65,32,77,13152805,FC St. Pauli,德国甲级联赛,左,180,80,1,0
Astrit Ajdarevic,比利时,26,CAM,70,71,64,71,74,74,43,60,9898063,Standard de Liège,比利时甲级联赛,左,190,85,0,0
Thomas Kristensen,荷兰,33,CM,70,70,60,61,71,68,62,79,11686595,ADO Den Haag,荷兰甲级联赛,右,188,79,0,1
Joeel Sami,法国,32,CB,70,70,34,46,60,50,69,74,4486936,AS Nancy-Lorraine,法国甲级联赛,右,190,93,0,0
Yannick Cahuzac,法国,31,FB,70,70,64,47,65,50,69,76,18626054,SC Bastia,法国甲级联赛,右,178,70,0,0
Moritz Hartmann,德国,30,ST,70,70,74,70,59,70,22,75,13263592,FC Ingolstadt 04,德国甲级联赛,右,183,77,0,0
Kleber Pinheiro,葡萄牙,26,ST,70,74,60,69,63,70,27,73,10358917,CS Marítimo,葡萄牙超级联赛,右,188,79,0,0
Remko Pasveer,荷兰,33,GK,70,70,43,18,30,20,13,58,4727315,Heracles Almelo,荷兰甲级联赛,右,188,91,0,0
Edoardo Goldaniga,意大利,23,CB,70,77,58,39,43,52,71,75,16286537,Palermo,意大利甲级联赛,右,188,80,0,0
Anton Putsila,德国,29,W,70,70,74,71,67,74,46,64,13129793,SC Freiburg,德国甲级联赛,右,180,74,0,2
Corentin Jean,法国,21,W,70,82,82,70,63,69,20,52,6949505,ES Troyes AC,法国甲级联赛,右,170,65,3,0
Marc Ziegler,德国,40,GK,70,70,24,20,26,20,12,49,9675965,Borussia Dortmund,德国甲级联赛,右,193,92,0,1
Albert Streit,德国,36,W,70,70,66,59,67,76,22,50,4792108,Hamburger SV,德国甲级联赛,右,180,79,0,0
Davide Di Gennaro,意大利,28,CAM,70,70,75,65,74,73,48,68,5714160,Reggio Calabria,意大利甲级联赛,左,180,71,1,0
Iver Fossum,德国,20,CAM,70,77,72,65,69,72,58,72,6510901,Hannover 96,德国甲级联赛,右,180,73,0,0
Serge Gnabry,英格兰,21,W,70,82,84,61,66,75,43,64,7262887,Arsenal,英格兰超级联赛,右,173,73,1,0
Marko Perovic,瑞士,32,ST,70,76,72,72,71,72,28,60,5570983,FC Basel,瑞士超级联赛,左,185,76,0,0
Chris Gunter,英格兰,27,FB,70,71,78,45,62,64,70,72,11328036,Reading,英格兰超级联赛,右,180,71,0,0
Bart van Hintum,荷兰,29,FB,70,70,72,56,62,67,70,70,10834041,PEC Zwolle,荷兰甲级联赛,左,178,75,1,5
Martin Pieckenhagen,荷兰,45,GK,70,75,62,20,36,18,18,70,17403303,Heracles Almelo,荷兰甲级联赛,右,185,86,0,0
Tornike Okriashvili,比利时,24,W,70,74,76,63,66,76,30,55,9852390,KRC Genk,比利时甲级联赛,右,180,71,0,0
Almog Cohen,德国,28,CM,70,70,66,58,64,65,71,80,8632566,1. FC Nürnberg,德国甲级联赛,右,170,71,2,0
Rob Penders,荷兰,41,CB,70,73,55,45,63,38,70,74,9708439,NAC Breda,荷兰甲级联赛,右,193,88,0,0
Ronnie Stam,英格兰,32,CM,70,70,69,67,69,70,71,68,7980776,Wigan Athletic,英格兰超级联赛,右,178,70,1,1
Loris Benito,瑞士,24,FB,70,76,78,52,62,64,69,76,14793955,FC Zürich,瑞士超级联赛,左,183,80,0,0
Garry O'Connor,苏格兰,33,ST,70,70,74,69,55,65,31,75,18750924,Hibernian,苏格兰超级联赛,右,185,75,1,0
Jordi Codina,西班牙,34,GK,70,70,38,25,25,26,25,54,13450108,Getafe CF,西班牙甲级联赛,右,188,81,0,0
Alban Lafont,法国,17,GK,70,86,26,13,44,12,18,62,21351745,Toulouse FC,法国甲级联赛,右,193,77,0,0
Mahamadou Habib Habibou,比利时,29,ST,70,70,72,72,57,68,24,70,11950749,SV Zulte-Waregem,比利时甲级联赛,右,193,85,0,0
Alexandre Geijo,西班牙,34,ST,70,70,60,70,56,66,27,72,11817909,Granada CF,西班牙甲级联赛,右,188,81,4,0
Jose Carlos Nunes,西班牙,39,CM,70,70,32,50,57,51,70,66,10480912,RCD Mallorca,西班牙甲级联赛,右,185,81,7,0
David Pollet,比利时,28,ST,70,70,70,75,48,58,25,74,27392031,Sporting Charleroi,比利时甲级联赛,右,188,81,0,0
Emanuele Terranova,意大利,29,CB,70,70,68,34,46,46,71,74,6261476,Sassuolo,意大利甲级联赛,右,185,86,0,0
Pablo Pinillos,西班牙,42,FB,70,81,64,42,65,62,74,65,9461063,Racing Santander,西班牙甲级联赛,右,175,71,5,3
Sam Hutchinson,英格兰,27,FB,70,71,74,54,64,66,71,68,10049821,Chelsea,英格兰超级联赛,右,183,73,0,1
Juan Carlos,西班牙,29,GK,70,70,53,20,39,13,17,63,16170664,Villarreal CF,西班牙甲级联赛,右,183,76,0,0
Bart Ramselaar,荷兰,20,W,70,80,80,56,70,74,52,62,9394124,FC Utrecht,荷兰甲级联赛,右,178,73,1,1
Tiquinho,葡萄牙,25,ST,70,74,72,68,52,66,20,74,16750399,CD Nacional,葡萄牙超级联赛,右,188,82,0,0
Paolo Lemos,西班牙,21,FB,70,80,74,33,52,68,70,71,9599361,UD Las Palmas,西班牙甲级联赛,右,185,80,0,0
Chidozie Awaziem,葡萄牙,19,FB,70,83,70,40,43,51,70,73,14951051,FC Porto,葡萄牙超级联赛,右,188,78,0,0
Ignacio Gonzalez,比利时,34,CAM,69,69,51,71,70,70,36,54,12627043,Standard de Liège,比利时甲级联赛,右,180,73,0,0
Rodrigo Pinho,葡萄牙,25,ST,69,73,68,69,58,72,16,70,11973773,SC Braga,葡萄牙超级联赛,左,185,79,0,0
Josep Sene,西班牙,25,CAM,69,75,60,55,72,70,50,53,9510080,RC Celta de Vigo,西班牙甲级联赛,右,185,74,0,0
Alfonso Pedraza,西班牙,20,W,69,78,72,65,62,74,46,63,9479041,Villarreal CF,西班牙甲级联赛,左,183,75,0,0
Nadiem Amiri,德国,20,CAM,69,81,68,64,69,74,46,66,13245081,TSG 1899 Hoffenheim,德国甲级联赛,右,178,70,0,0
Olivier Boscagli,法国,19,FB,69,83,72,27,61,60,71,73,6957304,OGC Nice,法国甲级联赛,左,180,68,0,0
Jean-Luc Dompe,比利时,21,W,69,79,83,69,64,74,38,60,7660161,Sint-Truidense VV,比利时甲级联赛,右,170,64,0,0
Sendoa,西班牙,41,W,69,70,69,65,68,72,41,57,2426385,Hércules Club de Fútbol,西班牙甲级联赛,左,175,75,3,0
Paul Caddis,苏格兰,28,FB,69,69,75,64,61,65,66,78,12564682,Dundee United,苏格兰超级联赛,右,170,67,0,0
Dalibor Veselinovic,比利时,29,ST,69,69,40,68,55,65,19,63,4162473,KV Mechelen,比利时甲级联赛,右,198,91,0,0
Dudu Paraiba,波兰,31,FB,69,69,78,60,60,68,66,71,6758548,Śląsk Wrocław,波兰甲级联赛,左,180,71,0,0
Luis Pedro Figueroa,葡萄牙,33,CAM,69,69,78,63,69,70,57,69,5683264,S.C. Olhanense,葡萄牙超级联赛,右,178,77,0,0
Antonio Hidalgo,西班牙,37,CAM,69,69,61,64,74,66,50,66,8950609,CA Osasuna,西班牙甲级联赛,右,183,73,0,0
Bruno Pereirinha,葡萄牙,28,FB,69,72,82,58,57,69,68,72,12120138,Sporting CP,葡萄牙超级联赛,右,175,72,0,0
Rafa Lopez,西班牙,31,CB,69,69,54,46,59,50,72,66,7131254,Getafe CF,西班牙甲级联赛,右,178,72,4,1
Pedro Rios,西班牙,35,W,69,69,67,70,66,72,33,48,6381523,Getafe CF,西班牙甲级联赛,右,178,74,13,1
Giuseppe Bellusci,意大利,27,FB,69,70,62,50,61,60,70,65,6401026,Catania,意大利甲级联赛,右,183,78,0,0
Mihai Mircea Nesu,荷兰,33,FB,69,72,73,45,57,65,70,67,14332044,FC Utrecht,荷兰甲级联赛,左,175,66,0,0
Maxime Dupe,法国,23,GK,69,74,45,14,32,16,14,51,8029896,FC Nantes,法国甲级联赛,右,185,87,0,0
Sammy Ameobi,英格兰,24,W,69,73,82,68,62,74,29,56,18731659,Newcastle United,英格兰超级联赛,左,193,78,0,1
Ariza Makukula,英格兰,35,ST,69,69,46,72,56,66,18,58,12546460,Bolton Wanderers,英格兰超级联赛,右,193,84,0,1
Hector Font,西班牙,32,CAM,69,69,58,53,78,68,41,47,9851923,CA Osasuna,西班牙甲级联赛,右,170,67,1,1
Francisco Farinos,西班牙,38,CM,69,69,32,63,81,63,60,44,13027733,Levante UD,西班牙甲级联赛,右,173,68,2,1
Raffaele Bianco,意大利,29,CM,69,69,69,57,72,68,56,70,8302730,Carpi,意大利甲级联赛,右,180,80,0,0
Felipe Menezes,葡萄牙,28,ST,69,75,63,70,69,72,38,67,18997267,SL Benfica,葡萄牙超级联赛,右,185,76,0,0
Eder Luis,葡萄牙,31,W,69,69,84,64,63,70,37,73,3865419,SL Benfica,葡萄牙超级联赛,右,170,70,0,0
Sebastian Eriksson,意大利,27,CM,69,70,66,55,70,68,62,62,6742580,Cagliari,意大利甲级联赛,左,183,73,0,0
Adam Hlousek,德国,28,CM,69,69,72,62,66,68,67,72,9439043,1. FC Nürnberg,德国甲级联赛,左,188,76,4,1
Eduardo Costa,法国,34,CM,69,71,54,57,68,71,70,68,6176461,AS Monaco,法国甲级联赛,右,185,85,0,0
Carlos Garcia,西班牙,32,CB,69,72,46,31,57,51,68,65,4337772,UD Almería,西班牙甲级联赛,右,183,82,1,0
Giancarlo,葡萄牙,34,ST,69,69,60,69,56,62,28,71,6643651,Amadora,葡萄牙超级联赛,右,190,87,0,0
Bram Castro,荷兰,34,GK,69,69,36,22,33,24,12,52,8415174,Heracles Almelo,荷兰甲级联赛,右,190,83,0,0
Kennedy Bakircioglu,西班牙,36,CAM,69,69,53,71,71,74,31,56,5392219,Racing Santander,西班牙甲级联赛,右,180,77,6,2
Jordens Peters,荷兰,29,FB,69,69,64,36,67,58,73,69,5533146,Willem II,荷兰甲级联赛,左,183,76,0,0
Dyego Sousa,葡萄牙,27,ST,69,71,52,70,44,62,26,68,21214094,CS Marítimo,葡萄牙超级联赛,右,188,81,0,0
Lucas Joao,葡萄牙,23,ST,69,76,72,68,51,64,20,73,11259399,CD Nacional,葡萄牙超级联赛,右,193,84,0,0
Antonio Xavier,葡萄牙,24,W,69,76,80,63,63,74,28,58,7159520,CS Marítimo,葡萄牙超级联赛,右,175,71,0,0
Helder Costa,法国,22,W,69,79,84,67,54,75,23,58,4247354,AS Monaco,法国甲级联赛,左,178,73,0,0
Kenny Otigba,荷兰,24,FB,69,74,78,41,51,56,66,75,9803828,SC Heerenveen,荷兰甲级联赛,右,188,84,0,1
Julian Michel,比利时,24,CAM,69,72,54,63,73,70,58,58,15873024,Royal Excel Mouscron,比利时甲级联赛,左,180,68,0,0
Roberto Guana,意大利,35,CM,69,69,61,62,71,64,67,64,7543480,Chievo Verona,意大利甲级联赛,右,178,72,3,0
Omer Bayram,荷兰,25,W,69,73,84,67,61,72,62,69,13764367,NAC Breda,荷兰甲级联赛,左,173,73,0,0
Lerin Duarte,荷兰,26,CAM,69,72,70,70,71,72,55,66,10050519,Heracles Almelo,荷兰甲级联赛,左,170,71,1,0
Guus Hupperts,荷兰,24,W,69,73,84,63,63,74,40,65,10041940,Roda JC Kerkrade,荷兰甲级联赛,右,175,75,0,1
Abel Issa Camara,葡萄牙,26,ST,69,71,71,73,57,67,16,77,4548553,CF Os Belenenses,葡萄牙超级联赛,右,185,81,0,0
Dennis Eilhoff,德国,34,GK,69,73,51,21,34,22,14,68,20919853,DSC Arminia Bielefeld,德国甲级联赛,右,190,90,0,0
Alessandro Bernardini,意大利,29,CB,69,69,64,43,47,44,70,73,10326815,Chievo Verona,意大利甲级联赛,右,188,73,1,0
Jeff Stans,荷兰,26,CAM,69,71,64,70,70,69,50,74,9129667,Excelsior,荷兰甲级联赛,右,185,72,5,3
Julian Koch,德国,26,FB,69,72,66,55,65,66,71,79,9152680,1. FSV Mainz 05,德国甲级联赛,右,183,79,0,0
Manuel Gulde,德国,25,FB,69,72,72,40,57,58,70,72,15168169,TSG 1899 Hoffenheim,德国甲级联赛,右,183,77,0,0
Darl Douglas,荷兰,37,W,69,69,74,61,57,72,32,67,9461868,Heracles Almelo,荷兰甲级联赛,右,173,75,0,0
Issam El Adoua,葡萄牙,30,CB,69,72,53,49,60,52,69,72,5244919,Vitória Guimarães,葡萄牙超级联赛,右,188,79,0,0
Ladislas Douniama,法国,30,W,69,69,86,58,62,68,25,53,10143096,En Avant de Guingamp,法国甲级联赛,右,165,63,1,0
Maxime Barthelme,法国,28,FB,69,69,74,56,68,73,68,58,17839958,FC Lorient,法国甲级联赛,左,175,73,3,0
Roderic Filippi,法国,27,GK,69,70,34,30,48,41,68,76,9275668,GFC Ajaccio,法国甲级联赛,右,183,84,0,0
Dany Nounkeu,法国,30,FB,69,69,78,36,54,62,66,78,4053635,Toulouse FC,法国甲级联赛,右,183,80,0,0
Javier Matilla,西班牙,28,CAM,69,70,60,65,76,72,58,49,8592179,Real Betis Balompié,西班牙甲级联赛,右,175,72,0,0
Cristobal,西班牙,32,CAM,69,71,66,73,73,68,56,68,12574569,Racing Santander,西班牙甲级联赛,右,180,80,0,0
Rui Duarte,葡萄牙,38,CAM,69,69,54,66,71,70,45,54,5689949,S.C. Olhanense,葡萄牙超级联赛,右,175,64,0,0
Aurelien Collin,葡萄牙,30,CB,69,69,59,48,58,51,68,76,4023884,Vitória Setúbal,葡萄牙超级联赛,右,188,76,0,0
Bakaye Traore,法国,31,CAM,69,69,67,74,67,72,60,73,22060459,AS Nancy-Lorraine,法国甲级联赛,右,185,77,9,0
Gilles Cioni,法国,32,CB,69,69,62,20,57,63,72,72,8047904,SC Bastia,法国甲级联赛,右,165,65,0,0
Michael Silberbauer,荷兰,35,CM,69,69,64,65,70,66,64,77,5123891,FC Utrecht,荷兰甲级联赛,右,183,78,0,0
Flavio Paixao,波兰,32,W,69,69,74,63,65,71,26,66,6642589,Śląsk Wrocław,波兰甲级联赛,右,183,75,0,0
Rasmus Lindgren,荷兰,32,CM,69,69,42,68,65,66,70,62,6218538,FC Groningen,荷兰甲级联赛,右,180,75,1,1
Pierrick Valdivia,法国,28,CM,69,69,64,71,70,64,68,73,11857810,RC Lens,法国甲级联赛,左,185,67,0,0
Luca Antonini,意大利,34,FB,69,69,76,56,59,66,68,71,6712748,Milan,意大利甲级联赛,右,180,79,2,3
Opa Nguette,法国,22,W,69,77,87,64,61,70,32,68,20353335,Valenciennes FC,法国甲级联赛,右,180,73,3,0
Jacob Mulenga,荷兰,32,ST,69,69,70,72,51,65,36,84,6526040,FC Utrecht,荷兰甲级联赛,右,185,86,0,0
Ghislain Gimbert,比利时,31,ST,69,69,63,71,61,65,26,74,5777846,SV Zulte-Waregem,比利时甲级联赛,右,183,80,0,0
Nii Plange,葡萄牙,27,FB,69,70,82,62,63,72,64,65,5641864,Académica de Coimbra,葡萄牙超级联赛,右,170,69,0,0
Lukman Haruna,法国,26,CM,69,72,77,66,71,66,62,75,9733853,AS Monaco,法国甲级联赛,右,180,76,0,0
Fabricio,德国,26,FB,69,78,66,42,55,60,70,65,11775258,TSG 1899 Hoffenheim,德国甲级联赛,左,188,82,0,0
Marcio Nascimento Rozario,葡萄牙,33,CM,69,69,32,48,51,50,67,59,11330670,CS Marítimo,葡萄牙超级联赛,左,188,88,0,0
Thorben Marx,德国,35,CM,69,69,50,66,65,64,69,72,21435742,Borussia Mönchengladbach,德国甲级联赛,右,183,83,4,4
Pablo Hervias,西班牙,23,W,69,77,84,61,63,76,34,52,9547586,Real Sociedad,西班牙甲级联赛,右,175,68,0,0
Hector Hernandez,西班牙,25,FB,69,73,80,47,53,69,68,67,11148553,Real Sociedad,西班牙甲级联赛,左,173,71,0,0
Clinton Njie,法国,23,W,69,78,92,68,65,71,28,66,14807392,Olympique Lyonnais,法国甲级联赛,右,175,68,0,0
Giovanni Pasquale,意大利,34,CM,69,69,71,64,69,72,69,68,13688298,Udinese,意大利甲级联赛,左,183,82,4,3
Vitali Kutuzov,意大利,36,ST,69,69,70,64,59,70,40,74,5351491,Bari,意大利甲级联赛,右,183,83,2,0
Fabio Ceravolo,意大利,29,ST,69,69,87,64,58,74,18,77,9374105,Atalanta,意大利甲级联赛,右,180,73,4,0
Michael Ball,英格兰,37,FB,69,69,68,38,59,66,70,70,17984039,Manchester City,英格兰超级联赛,左,178,82,0,1
Demy de Zeeuw,荷兰,33,CAM,69,69,65,65,73,70,52,58,5057578,Ajax,荷兰甲级联赛,右,175,72,4,5
Roderick Miranda,葡萄牙,25,CM,69,72,45,51,52,55,68,64,10900747,Rio Ave FC,葡萄牙超级联赛,右,193,90,0,0
Leonel Galeano,西班牙,25,FB,69,74,65,36,58,56,72,67,15189002,Rayo Vallecano,西班牙甲级联赛,右,183,84,0,0
Marco D'Alessandro,意大利,25,W,69,72,90,63,60,71,24,58,19329497,Atalanta,意大利甲级联赛,右,173,65,0,0
Samba Sow,法国,27,CM,69,70,64,52,67,66,68,75,9882689,RC Lens,法国甲级联赛,右,185,75,0,0
Levan Kobiashvili,德国,39,CM,69,69,39,60,71,71,70,65,10893314,Hertha BSC Berlin,德国甲级联赛,左,183,79,5,0
Malik Fathi,德国,33,CM,69,69,63,51,70,65,70,72,10176916,1. FSV Mainz 05,德国甲级联赛,左,185,86,1,3
Marco Silvestri,意大利,25,GK,69,73,60,17,30,20,16,56,9026146,Cagliari,意大利甲级联赛,右,190,80,1,0
Bruno Teles,葡萄牙,30,CM,69,71,72,66,66,66,67,78,13642229,Vitória Guimarães,葡萄牙超级联赛,左,183,75,0,0
Alharbi El Jadeyaoui,法国,30,W,69,69,84,48,65,70,23,57,12020574,RC Lens,法国甲级联赛,左,178,70,0,0
Yann Kermorgant,法国,35,ST,69,69,54,73,64,61,24,81,8263194,AC Arles-Avignon,法国甲级联赛,右,183,84,2,0
Thomas Kessler,德国,30,GK,69,69,47,16,26,18,17,57,8960946,FC St. Pauli,德国甲级联赛,右,198,92,0,0
Marco Paixao,波兰,32,ST,69,69,68,67,59,70,27,72,11583113,Śląsk Wrocław,波兰甲级联赛,右,185,79,0,0
Diego Falcinelli,意大利,25,ST,69,73,74,68,57,68,15,70,6883079,Sassuolo,意大利甲级联赛,右,185,76,0,0
Victor Laguardia,西班牙,27,CB,69,71,65,38,46,40,70,73,16708645,Real Zaragoza,西班牙甲级联赛,右,185,75,0,0
Jorge Garcia Morcillo,西班牙,30,CB,69,69,56,36,58,57,70,70,9042180,Rayo Vallecano,西班牙甲级联赛,左,185,80,0,0
Jeremie Brechet,法国,37,CM,69,69,21,50,62,54,70,64,5501122,FC Sochaux-Montbéliard,法国甲级联赛,左,188,80,2,0
Tamas Hajnal,德国,35,CAM,69,69,54,63,72,71,25,54,7702475,VfB Stuttgart,德国甲级联赛,右,168,67,9,4
Dani Castellano,西班牙,29,FB,69,69,78,53,60,69,66,73,8880801,UD Las Palmas,西班牙甲级联赛,左,180,69,0,0
Jose Maria Lopez Silva,西班牙,33,W,69,69,71,60,66,74,22,59,11041561,Córdoba CF,西班牙甲级联赛,右,170,66,0,0
Edin Cocalic,比利时,29,CB,69,69,54,38,41,52,69,70,10399035,KV Mechelen,比利时甲级联赛,右,190,86,0,0
Danny Bakker,荷兰,21,CM,69,76,64,53,69,66,68,67,9934682,ADO Den Haag,荷兰甲级联赛,左,178,70,1,1
Kevin Vandendriessche,比利时,27,CM,69,70,66,70,68,62,65,81,13702907,Royal Excel Mouscron,比利时甲级联赛,右,183,86,0,0
Tomasz Brzyski,波兰,34,CM,69,69,74,64,67,65,67,73,9454736,Legia Warszawa,波兰甲级联赛,左,170,68,0,0
Habib Bamogo,法国,34,ST,69,69,75,69,53,64,32,67,22178876,OGC Nice,法国甲级联赛,右,175,72,0,0
Jose Carlos,西班牙,29,W,69,69,66,69,71,72,33,45,12714299,Rayo Vallecano,西班牙甲级联赛,左,178,68,3,1
Boubacar Sanogo,法国,34,ST,69,69,64,67,58,60,28,77,5787929,AS Saint-Étienne,法国甲级联赛,右,188,82,3,1
Matthias Abel,德国,35,CB,69,69,54,43,56,52,69,70,10025658,1. FC Kaiserslautern,德国甲级联赛,右,188,82,2,0
Luis Aurelio,葡萄牙,28,CAM,69,69,70,68,68,70,55,75,6593672,CD Nacional,葡萄牙超级联赛,右,178,70,0,0
Edgar Costa,葡萄牙,29,ST,69,69,72,70,61,71,36,62,11423058,CS Marítimo,葡萄牙超级联赛,右,178,75,0,0
Atila Turan,法国,24,FB,69,74,74,52,60,68,71,68,5670267,Stade de Reims,法国甲级联赛,左,175,79,0,0
Axel N'Gando,法国,23,W,69,75,70,71,68,74,34,43,9836414,SC Bastia,法国甲级联赛,左,178,71,1,0
Yrondu Musavu-King,法国,24,CB,69,75,63,41,49,56,70,76,6995982,SM Caen,法国甲级联赛,左,185,83,0,0
Siebe Schrijvers,比利时,20,W,69,81,74,69,65,72,29,61,13231096,KRC Genk,比利时甲级联赛,右,180,61,0,0
Ivan Paurevic,德国,25,CM,69,74,50,61,67,60,68,64,12856668,Fortuna Düsseldorf,德国甲级联赛,右,193,86,0,0
Roman Martinez,西班牙,33,CAM,69,69,76,69,72,73,52,74,5655595,RCD Espanyol,西班牙甲级联赛,右,183,81,10,1
Idrissa Mandiang,葡萄牙,32,CM,69,69,54,55,64,60,66,76,4155756,Boavista FC,葡萄牙超级联赛,右,188,80,0,0
Fabio Ervoes,葡萄牙,29,CB,69,69,62,31,39,46,70,76,9406129,Boavista FC,葡萄牙超级联赛,右,185,81,0,0
Djamal Mahamat,葡萄牙,33,CM,69,69,62,61,67,60,71,67,6936587,SC Beira Mar,葡萄牙超级联赛,左,188,78,0,0
Stijn Stijnen,比利时,35,GK,69,70,43,15,33,26,16,67,8759593,Club Brugge KV,比利时甲级联赛,右,188,83,0,0
Eliran Atar,法国,29,ST,69,73,74,69,58,72,39,70,10934751,Stade de Reims,法国甲级联赛,右,178,73,2,0
Todd Kane,荷兰,23,FB,69,76,78,50,51,66,69,69,14980638,N.E.C.,荷兰甲级联赛,右,180,70,0,0
Young-Pyo Lee,德国,39,FB,69,69,70,41,69,70,70,66,14298432,Borussia Dortmund,德国甲级联赛,右,175,67,0,0
Matteo Politano,意大利,23,W,69,76,82,64,56,74,13,50,9520803,Sassuolo,意大利甲级联赛,左,170,68,0,0
Jody Viviani,法国,34,GK,69,75,58,19,34,20,14,68,4751348,Grenoble Foot 38,法国甲级联赛,右,190,81,0,0
Galatto,西班牙,33,GK,69,69,42,30,27,24,24,53,10193051,Málaga CF,西班牙甲级联赛,左,193,91,0,0
Juan Eduardo Eluchans,法国,36,FB,69,69,83,68,67,70,66,67,11054509,SM Caen,法国甲级联赛,左,178,68,0,0
Lukas Schmitz,德国,28,CM,69,70,70,64,62,64,69,73,8181572,FC Schalke 04,德国甲级联赛,左,183,78,2,3
Djakaridja Kone,法国,30,FB,69,69,65,41,67,60,68,73,12079356,Évian Thonon Gaillard FC,法国甲级联赛,右,178,79,0,0
Joshua King,英格兰,24,W,69,75,90,66,57,72,26,64,5981044,Bournemouth,英格兰超级联赛,右,180,74,0,0
Miquel Nelom,荷兰,26,FB,69,72,77,64,67,70,69,73,9472391,Feyenoord,荷兰甲级联赛,左,175,69,0,2
Michael Duff,英格兰,38,CB,69,69,33,37,54,52,71,61,9885013,Burnley,英格兰超级联赛,右,185,74,0,0
Leandro Chaparro,葡萄牙,25,W,69,73,82,65,65,72,42,61,17843826,Estoril Praia,葡萄牙超级联赛,左,173,65,0,0
Filipe Melo,葡萄牙,27,FB,69,70,63,44,64,62,68,74,10358180,Moreirense FC,葡萄牙超级联赛,右,188,83,0,0
Ricardo Dias,葡萄牙,25,CM,69,73,59,51,64,66,68,71,6279651,CF Os Belenenses,葡萄牙超级联赛,右,188,79,0,0
Palmeira,葡萄牙,27,FB,69,70,66,48,52,61,73,76,10940032,CF Os Belenenses,葡萄牙超级联赛,右,188,80,0,0
Carlos Reina Aranda,西班牙,36,ST,69,69,62,71,60,68,28,69,6784642,CA Osasuna,西班牙甲级联赛,右,185,82,19,4
Jimmy Cabot,法国,22,W,69,79,90,66,59,71,26,57,20866504,FC Lorient,法国甲级联赛,右,165,60,0,0
Michael Heylen,比利时,22,CB,69,74,57,38,56,47,68,70,21839765,RSC Anderlecht,比利时甲级联赛,右,188,86,0,0
Slawomir Peszko,德国,31,W,69,69,76,64,67,70,40,59,7779847,1. FC Köln,德国甲级联赛,右,173,70,2,5
Dani Quintana,波兰,29,W,69,70,76,63,75,78,39,60,8118795,Jagiellonia Białystok,波兰甲级联赛,左,173,65,0,0
Mbwana Samata,比利时,24,ST,69,75,80,71,55,68,16,68,17014594,KRC Genk,比利时甲级联赛,右,180,75,0,0
Alexander Fransson,瑞士,22,FB,69,78,76,56,71,66,66,66,13816278,FC Basel,瑞士超级联赛,右,180,74,1,0
Cristian Ceballos,葡萄牙,24,W,69,77,78,62,66,74,21,60,13276919,FC Arouca,葡萄牙超级联赛,左,183,77,0,0
Medina Fabiano,意大利,34,CM,69,73,61,61,57,57,70,76,7434686,Lecce,意大利甲级联赛,右,188,86,1,0
Yohan Thuram Ulien,法国,28,GK,69,70,38,22,35,12,15,56,8906615,ES Troyes AC,法国甲级联赛,右,188,85,0,0
Antonio Rosati,意大利,33,GK,69,69,32,14,33,16,10,56,7645430,Lecce,意大利甲级联赛,右,196,81,0,0
Lukas Jutkiewicz,苏格兰,27,ST,69,69,75,67,56,68,32,76,8528174,Motherwell,苏格兰超级联赛,左,185,73,0,0
Sidney Govou,法国,37,W,69,69,70,69,69,69,38,62,11150067,Olympique Lyonnais,法国甲级联赛,右,178,77,1,0
Junior Stanislas,英格兰,27,W,69,71,82,66,65,69,33,60,21595297,West Ham United,英格兰超级联赛,右,183,76,6,2
Dominik Stroh-Engel,德国,31,ST,69,69,61,67,50,62,30,66,13421688,SV Darmstadt 98,德国甲级联赛,右,196,91,0,0
Adam Bodzek,德国,31,CM,69,69,56,57,62,60,70,77,10639139,Fortuna Düsseldorf,德国甲级联赛,右,183,79,2,0
Mathias Hain,德国,44,GK,69,75,43,16,34,22,15,63,11454304,FC St. Pauli,德国甲级联赛,右,188,86,0,0
Samuel Armenteros,荷兰,26,ST,69,73,70,68,59,72,28,71,9292537,Heracles Almelo,荷兰甲级联赛,左,180,80,7,1
Matthew Jones,葡萄牙,30,GK,69,69,43,17,33,20,19,53,9124343,CF Os Belenenses,葡萄牙超级联赛,左,190,83,0,0
Toni Gorupec,葡萄牙,23,FB,69,75,87,44,53,64,66,69,19333906,Vitória Setúbal,葡萄牙超级联赛,右,178,72,0,0
Dyego Rocha Coelho,意大利,33,CM,69,69,74,69,61,70,67,74,9926268,Bologna,意大利甲级联赛,右,178,72,0,0
Matteo Contini,意大利,36,CB,69,69,50,27,40,46,70,71,19466137,Napoli,意大利甲级联赛,左,183,83,1,3
Ermir Lenjani,瑞士,27,FB,69,70,78,65,65,67,67,68,9552395,FC St. Gallen,瑞士超级联赛,左,175,65,0,0
Frederic Biancalani,法国,42,FB,69,84,78,49,61,53,70,78,11900160,AS Nancy-Lorraine,法国甲级联赛,左,183,76,0,0
Gergely Rudolf,意大利,31,W,69,69,75,69,60,72,38,57,11817833,Bari,意大利甲级联赛,右,178,76,4,0
Cedric,西班牙,24,W,69,74,92,56,59,72,31,71,14627243,Real Betis Balompié,西班牙甲级联赛,右,168,62,0,0
Guillermo Molins,比利时,28,ST,69,70,66,72,64,72,34,55,5595154,Sporting Charleroi,比利时甲级联赛,右,185,83,0,0
Daniel Burn,英格兰,24,CB,69,75,40,36,56,50,70,72,10353805,Fulham,英格兰超级联赛,左,201,87,0,0
Gregory Proment,法国,38,CM,69,69,54,64,69,58,66,67,8163403,SM Caen,法国甲级联赛,右,175,69,0,0
Anthony Watt,苏格兰,23,ST,69,79,82,71,49,71,19,69,13645451,Celtic,苏格兰超级联赛,右,183,76,0,0
Gregory Malicki,法国,43,GK,69,69,38,26,29,25,24,59,5752216,LOSC Lille,法国甲级联赛,左,188,86,0,0
Marco Marchionni,意大利,36,CAM,69,69,56,66,74,72,49,58,10223395,Parma,意大利甲级联赛,右,173,71,10,6
Michalis Sifakis,比利时,32,GK,69,69,50,16,32,16,15,54,8524033,Sporting Charleroi,比利时甲级联赛,右,185,79,0,0
Bartosz Kapustka,波兰,20,W,69,82,80,63,70,67,47,63,16878961,Cracovia,波兰甲级联赛,右,178,67,0,0
Stefan Lex,德国,27,W,69,71,86,64,61,67,22,65,7156975,FC Ingolstadt 04,德国甲级联赛,右,178,74,0,0
Uros Spajic,法国,23,FB,69,73,64,43,51,62,68,74,8692983,Toulouse FC,法国甲级联赛,右,185,82,0,1
Hervin Ongenda,法国,21,W,69,81,78,55,64,74,37,62,3682157,SC Bastia,法国甲级联赛,右,170,65,0,0
George Thorne,英格兰,23,CM,69,76,60,64,74,65,64,68,9408369,West Bromwich Albion,英格兰超级联赛,右,188,84,0,0
Benjamin De Ceulaer,比利时,33,ST,69,69,74,71,66,71,33,72,16351949,Sporting Lokeren,比利时甲级联赛,右,175,74,0,0
Maikel Aerts,荷兰,40,GK,69,69,62,20,31,20,14,68,6519640,Willem II,荷兰甲级联赛,右,196,91,0,0
Florian Marange,法国,30,CM,69,69,54,59,65,62,75,66,9780176,SC Bastia,法国甲级联赛,左,180,78,1,0
Federico Piovaccari,西班牙,32,ST,69,69,77,65,47,70,20,78,6411133,SD Eibar,西班牙甲级联赛,右,180,77,0,0
Joey Didulica,荷兰,39,GK,69,70,59,13,33,18,14,62,8570762,AZ,荷兰甲级联赛,右,190,78,0,0
Tiberio Guarente,意大利,31,CM,69,69,57,67,71,68,66,62,5968428,Atalanta,意大利甲级联赛,左,183,74,5,5
Mulota Kabangu,比利时,31,ST,69,72,80,72,61,71,19,73,6213531,RSC Anderlecht,比利时甲级联赛,右,183,78,0,0
Kevin Gomis,法国,27,CB,69,70,60,29,47,44,68,73,8181920,OGC Nice,法国甲级联赛,右,185,85,0,0
Denis Oliynyk,荷兰,29,W,69,69,71,59,67,74,34,71,12921194,Vitesse,荷兰甲级联赛,右,178,72,1,2
Tom Hoegli,比利时,32,FB,69,69,68,52,59,55,72,69,8125637,Club Brugge KV,比利时甲级联赛,右,175,75,0,0
Shaun Hutchinson,苏格兰,26,FB,69,71,70,28,60,60,66,72,7955033,Motherwell,苏格兰超级联赛,右,188,80,0,0
Kostas Lamprou,荷兰,25,GK,69,74,44,26,39,24,12,46,6245205,Willem II,荷兰甲级联赛,左,175,64,0,0
Ben Sahar,荷兰,27,ST,69,72,78,71,57,74,27,60,7466992,Willem II,荷兰甲级联赛,右,180,72,8,3
Vincenzo Fiorillo,意大利,26,GK,69,69,39,15,29,14,12,54,18929579,Sampdoria,意大利甲级联赛,右,190,79,0,0
Itay Shechter,法国,29,ST,69,71,70,65,64,72,28,68,15992069,FC Nantes,法国甲级联赛,右,178,77,6,2
Miguel Rodrigues,葡萄牙,23,CB,69,76,62,36,54,55,69,71,7962055,CD Nacional,葡萄牙超级联赛,右,188,76,0,0
Rafael Santos,意大利,32,CB,69,70,67,48,56,42,71,70,23495114,Bologna,意大利甲级联赛,左,188,84,0,0
Eiji Kawashima,比利时,33,GK,69,69,42,23,32,20,13,56,4505780,Lierse SK,比利时甲级联赛,右,185,82,0,0
Yassine Benzia,法国,22,W,69,78,74,68,67,79,34,68,18734882,LOSC Lille,法国甲级联赛,右,178,71,2,0
Maurides,葡萄牙,22,ST,69,76,66,71,52,61,25,66,6581975,FC Arouca,葡萄牙超级联赛,左,188,77,0,0
Halisson,葡萄牙,31,CB,69,71,41,35,48,44,70,69,6406161,Gil Vicente FC,葡萄牙超级联赛,右,188,82,0,0
Claudemir,葡萄牙,32,CM,69,69,74,75,67,64,70,73,13550907,CD Nacional,葡萄牙超级联赛,右,175,75,0,0
Jonas Ramalho,西班牙,23,CB,69,77,74,30,53,48,72,68,23394903,Athletic Club de Bilbao,西班牙甲级联赛,右,180,68,0,0
Michael Mancienne,德国,28,FB,69,69,74,38,59,62,74,75,6061425,Hamburger SV,德国甲级联赛,右,183,74,1,0
Dani Benitez,西班牙,29,ST,69,69,74,74,65,72,33,60,10550011,Granada CF,西班牙甲级联赛,左,183,73,1,0
Leandrinho,葡萄牙,31,W,69,69,81,61,69,72,42,62,10107691,"União de Leiria, SAD",葡萄牙超级联赛,右,170,66,0,0
Marco Estrada,法国,33,CM,69,69,56,66,69,66,66,73,10358178,Montpellier Hérault SC,法国甲级联赛,左,178,73,5,0
Vadim Demidov,西班牙,30,CM,69,69,53,60,56,44,70,70,7863153,Real Sociedad,西班牙甲级联赛,右,185,80,1,0
Francesco Caputo,意大利,29,ST,69,69,81,66,47,66,13,79,9205086,Bari,意大利甲级联赛,右,180,74,1,0
Michal Zyro,波兰,24,W,69,75,77,69,61,74,40,62,19018369,Legia Warszawa,波兰甲级联赛,左,188,78,0,0
Abdoulaye Diallo,法国,24,GK,69,74,41,14,28,16,19,57,15531760,Stade Rennais FC,法国甲级联赛,右,188,79,0,0
Francesco Valiani,意大利,36,CAM,69,69,65,68,69,69,52,72,4271034,Parma,意大利甲级联赛,右,173,70,5,2
Vlada Avramov,意大利,37,GK,69,69,34,29,30,26,24,51,7183056,Cagliari,意大利甲级联赛,右,188,81,0,0
Baptiste Martin,比利时,31,FB,69,69,58,39,55,60,70,71,9156918,KV Kortrijk,比利时甲级联赛,右,185,81,0,0
Garra Dembele,德国,30,ST,69,69,78,70,56,66,24,70,6311571,SC Freiburg,德国甲级联赛,右,188,79,1,0
Helder Pelembe,葡萄牙,29,ST,69,72,66,70,51,67,24,66,12408758,Portimonense,葡萄牙超级联赛,右,175,79,0,0
Mattias Autret,法国,25,W,69,73,74,68,70,72,41,46,8650011,FC Lorient,法国甲级联赛,左,175,71,2,0
Valentin Roberge,葡萄牙,29,CB,69,69,58,34,49,58,69,72,3255924,CS Marítimo,葡萄牙超级联赛,左,185,73,0,1
Cristobal Jorquera,意大利,28,CAM,69,69,66,67,72,76,36,65,5154092,Parma,意大利甲级联赛,右,175,69,3,2
Massimo Donati,意大利,35,CM,69,69,54,66,67,64,70,68,9582824,Bari,意大利甲级联赛,右,188,79,5,1
Gianpaolo Bellini,意大利,36,CM,69,69,54,54,55,57,75,65,8035127,Atalanta,意大利甲级联赛,右,180,77,3,0
Birama Ndoye,瑞士,22,CM,69,79,64,63,63,58,66,79,13216239,FC Sion,瑞士超级联赛,右,188,80,0,0
Juri Judt,德国,30,FB,69,73,72,38,63,67,70,72,7667057,1. FC Nürnberg,德国甲级联赛,右,173,72,0,0
Alesandro Cordaro,比利时,30,ST,69,69,75,65,65,74,31,69,13992759,KV Mechelen,比利时甲级联赛,右,170,68,0,0
Christoph Janker,德国,31,CB,69,69,57,38,47,50,69,71,7061439,Hertha BSC Berlin,德国甲级联赛,右,185,77,1,1
Alen Stevanovic,意大利,25,W,69,77,92,61,58,73,38,73,10318635,Torino,意大利甲级联赛,右,180,83,2,0
Luke Garbutt,英格兰,23,FB,69,77,74,55,65,68,67,71,29035152,Everton,英格兰超级联赛,左,178,73,0,0
Renaud Emond,比利时,25,ST,69,72,68,67,50,62,23,68,9179595,Waasland-Beveren,比利时甲级联赛,右,185,77,0,0
Pedro Moreira,葡萄牙,27,CM,69,70,63,66,69,68,72,73,8457377,Rio Ave FC,葡萄牙超级联赛,右,183,75,0,0
Karl-Johan Johnsson,荷兰,26,GK,69,71,50,16,38,19,14,59,6410600,N.E.C.,荷兰甲级联赛,右,188,84,0,0
Fernando Alexandre,葡萄牙,31,CM,69,69,50,66,63,62,70,72,5274894,Académica de Coimbra,葡萄牙超级联赛,右,183,82,0,0
Prince Tagoe,德国,30,ST,69,71,70,69,63,66,26,70,5200948,Borussia Dortmund,德国甲级联赛,右,183,82,2,0
Andre Vilas Boas,葡萄牙,33,FB,69,69,54,46,57,60,69,70,18542407,Rio Ave FC,葡萄牙超级联赛,右,185,80,0,0
Gilberto Garcia,西班牙,29,FB,69,69,75,63,62,70,65,73,7887888,Real Valladolid,西班牙甲级联赛,右,180,75,1,0
Darius Vassell,英格兰,36,ST,69,69,84,69,61,72,24,75,9850469,Manchester City,英格兰超级联赛,右,170,77,0,1
Luke Young,英格兰,37,CM,69,69,53,61,59,62,72,71,13477743,Aston Villa,英格兰超级联赛,右,183,78,4,2
Andrea Seculin,意大利,26,GK,69,73,30,15,32,16,11,39,9493683,Chievo Verona,意大利甲级联赛,右,190,80,0,0
Yassin Mikari,法国,33,FB,69,69,85,52,61,66,65,68,3867206,FC Sochaux-Montbéliard,法国甲级联赛,左,173,68,1,0
Paul Dummett,英格兰,25,FB,69,73,68,39,61,68,70,73,12405879,Newcastle United,英格兰超级联赛,左,183,77,1,0
Pierrick Capelle,法国,29,CAM,69,69,76,66,65,72,62,66,10397873,Angers SCO,法国甲级联赛,左,180,71,0,0
Marc Bertran,西班牙,34,FB,69,69,71,49,62,64,72,68,9054896,CA Osasuna,西班牙甲级联赛,右,180,78,1,1
Modou Barrow,英格兰,24,W,69,75,89,64,55,75,36,60,13633507,Swansea City,英格兰超级联赛,左,175,63,0,0
Hasan Kabze,法国,34,ST,69,69,50,73,64,66,36,58,7424011,Montpellier Hérault SC,法国甲级联赛,右,185,75,0,0
Marco Terrazzino,德国,25,W,69,73,74,64,66,72,31,61,8095959,Borussia Dortmund,德国甲级联赛,右,175,76,2,0
Filipe Goncalves,葡萄牙,32,CM,69,69,54,68,69,70,62,67,11010932,Moreirense FC,葡萄牙超级联赛,右,185,79,0,0
Djamel Abdoun,法国,30,W,69,69,72,65,67,74,40,55,10793879,FC Nantes,法国甲级联赛,右,175,65,0,0
Leo,葡萄牙,41,CM,69,69,71,64,71,74,73,60,9607586,Rio Ave FC,葡萄牙超级联赛,左,170,67,0,0
Mika,葡萄牙,25,GK,69,72,34,16,29,20,14,56,10944709,Boavista FC,葡萄牙超级联赛,左,196,90,0,0
Moussa Kone,意大利,26,CM,69,70,76,64,69,70,58,81,10520813,Atalanta,意大利甲级联赛,右,180,71,1,0
Hernan Losada,比利时,34,CAM,69,69,65,66,68,73,41,60,10320939,Beerschot AC,比利时甲级联赛,右,173,67,0,0
Cadu,葡萄牙,35,FB,69,69,61,53,53,50,66,78,9189814,Gil Vicente FC,葡萄牙超级联赛,右,183,77,0,0
Samuele Longo,西班牙,24,ST,69,73,75,68,49,71,14,72,12487637,RCD Espanyol,西班牙甲级联赛,右,185,78,3,0
Dave Bulthuis,荷兰,26,CB,69,71,49,32,49,46,66,80,7213634,FC Utrecht,荷兰甲级联赛,左,190,88,0,0
Lennart Thy,德国,24,ST,69,73,80,68,58,68,43,76,7729822,SV Werder Bremen,德国甲级联赛,右,183,78,0,0
Guilherme,波兰,25,CAM,69,73,80,65,64,72,56,72,16687503,Legia Warszawa,波兰甲级联赛,左,170,70,0,0
Leandro Tatu,葡萄牙,34,ST,69,74,74,69,61,66,21,69,11166541,SC Beira Mar,葡萄牙超级联赛,右,175,75,0,0
Rui Varela,葡萄牙,33,ST,69,74,75,68,66,68,30,69,5869488,Amadora,葡萄牙超级联赛,右,188,80,0,0
Enes Unal,比利时,19,ST,69,83,76,68,56,72,27,64,10181256,KRC Genk,比利时甲级联赛,右,185,75,0,0
Timothy Castagne,比利时,21,FB,69,78,78,27,60,62,68,72,19556124,KRC Genk,比利时甲级联赛,右,180,69,0,0
Chris McCann,英格兰,29,CM,69,69,67,61,69,68,65,81,8593083,Burnley,英格兰超级联赛,左,185,75,0,0
Dudley Campbell,英格兰,35,ST,69,69,74,69,58,64,26,67,7958705,Blackpool,英格兰超级联赛,右,178,72,14,1
Paulo Lopes,葡萄牙,38,GK,69,69,40,13,34,16,16,58,10638934,Feirense,葡萄牙超级联赛,右,185,80,0,0
Tomasz Kedziora,波兰,22,FB,69,78,74,50,64,62,70,73,9710088,Lech Poznań,波兰甲级联赛,右,183,78,0,0
Pierre-Yves Polomat,法国,23,FB,69,77,78,47,60,64,71,71,5231770,AS Saint-Étienne,法国甲级联赛,左,180,75,0,0
Andrew Wooten,德国,27,ST,69,71,76,70,65,68,24,75,8624837,1. FC Kaiserslautern,德国甲级联赛,右,185,81,1,0
Ibrahim Kas,西班牙,30,FB,69,77,74,37,49,49,70,71,6051628,Getafe CF,西班牙甲级联赛,右,183,79,0,0
Michael Gregoritsch,德国,22,ST,69,77,70,71,66,72,35,62,11629952,Hamburger SV,德国甲级联赛,左,193,87,0,0
Bakari Kone,法国,35,W,69,69,74,66,63,72,25,56,22357806,Olympique de Marseille,法国甲级联赛,右,163,61,0,0
Leonardo Franco,西班牙,39,GK,69,69,40,16,32,12,15,54,6098092,Atlético Madrid,西班牙甲级联赛,右,188,79,0,0
Mohamed Amsif,德国,27,GK,69,69,46,16,16,17,16,58,11028616,FC Augsburg,德国甲级联赛,右,188,89,0,0
Abdoulwahid Sissoko,法国,26,CM,69,71,68,59,67,64,65,71,7693501,Stade Brestois 29,法国甲级联赛,左,183,75,0,0
Yannick Sagbo,法国,28,ST,69,69,70,67,61,66,30,78,19208716,Évian Thonon Gaillard FC,法国甲级联赛,右,183,88,16,1
Daisuke Matsui,法国,35,W,69,69,66,64,71,72,29,54,13098234,Grenoble Foot 38,法国甲级联赛,右,175,67,0,0
Aaron Galindo,德国,34,CB,69,69,34,36,60,59,68,70,3143841,Eintracht Frankfurt,德国甲级联赛,右,183,90,0,0
Cuco Martina,荷兰,27,FB,69,71,73,57,59,62,74,78,6496104,RKC Waalwijk,荷兰甲级联赛,右,183,72,0,0
Boris Vukcevic,德国,26,W,69,76,68,62,66,76,29,50,12835876,TSG 1899 Hoffenheim,德国甲级联赛,左,183,81,6,0
Alvaro Fernandez,葡萄牙,31,CAM,69,69,68,64,71,74,50,63,4751613,Vitória Setúbal,葡萄牙超级联赛,右,185,72,0,0
Nuno Gomes,葡萄牙,40,CAM,69,69,45,70,64,70,36,57,7564046,SL Benfica,葡萄牙超级联赛,右,180,72,0,0
Efe Ambrose,苏格兰,28,FB,69,69,68,53,60,66,67,72,19014663,Celtic,苏格兰超级联赛,右,190,70,0,0
Shaun Cummings,英格兰,27,FB,69,69,78,46,57,63,70,71,9698439,Reading,英格兰超级联赛,右,183,76,0,0
Teemu Pukki,苏格兰,26,ST,69,71,77,68,49,71,20,67,17950058,Celtic,苏格兰超级联赛,右,180,78,8,1
Marcos Paulo,葡萄牙,28,CAM,69,72,68,67,70,71,59,70,10322546,"União de Leiria, SAD",葡萄牙超级联赛,右,180,78,0,0
Fellipe Bastos,葡萄牙,26,CM,69,71,62,68,66,69,69,74,13452224,CF Os Belenenses,葡萄牙超级联赛,右,180,82,0,0
Stijn Wuytens,荷兰,27,CM,69,71,58,55,74,68,67,64,12714405,Willem II,荷兰甲级联赛,左,183,77,1,2
Carlao,法国,30,FB,69,73,68,45,60,62,67,75,10105849,FC Sochaux-Montbéliard,法国甲级联赛,左,183,78,2,0
Gary Kagelmacher,比利时,28,FB,69,69,74,38,54,62,70,79,13272602,Beerschot AC,比利时甲级联赛,右,183,79,1,0
Christian Tiffert,德国,34,CAM,69,69,70,70,71,69,62,64,8874149,1. FC Kaiserslautern,德国甲级联赛,右,183,79,5,4
Sascha Bigalke,德国,26,W,69,74,84,63,66,72,31,56,6731109,VfB Stuttgart,德国甲级联赛,右,168,60,0,0
Michael Klukowski,比利时,35,FB,69,70,66,52,65,59,69,69,7097846,Club Brugge KV,比利时甲级联赛,左,183,77,0,0
Wendel,法国,34,CAM,69,69,72,71,74,72,63,60,4761290,Girondins de Bordeaux,法国甲级联赛,左,183,74,2,0
Gabriel Obertan,英格兰,27,W,69,69,83,61,63,73,32,69,5667486,Newcastle United,英格兰超级联赛,右,185,83,1,5
Carlos Acuna,西班牙,28,ST,69,69,80,66,49,69,25,73,11976896,CA Osasuna,西班牙甲级联赛,右,178,71,3,0
Francisco Velez,西班牙,25,CB,69,73,54,39,64,59,68,74,12011935,UD Almería,西班牙甲级联赛,右,180,75,1,0
Ezequiel Adrian Cirigliano,意大利,24,FB,69,75,71,58,68,64,68,71,12234618,Hellas Verona,意大利甲级联赛,右,173,71,0,0
Juergen Gjasula,瑞士,31,CAM,69,69,64,68,73,72,38,67,7496777,FC Basel,瑞士超级联赛,右,185,87,0,0
Breitner,葡萄牙,27,W,69,70,76,64,73,75,44,50,5855745,Uniao da Madeira,葡萄牙超级联赛,右,170,66,0,0
Kevin Malcuit,法国,25,FB,69,74,86,61,57,72,67,74,7803323,AS Saint-Étienne,法国甲级联赛,右,180,76,0,0
Grant Hanley,英格兰,25,CB,69,74,64,33,52,40,70,76,8192208,Blackburn Rovers,英格兰超级联赛,右,190,76,2,0
Pascal Feindouno,瑞士,35,W,69,69,73,66,67,70,30,54,13544262,FC Sion,瑞士超级联赛,右,175,69,0,0
Nelson Benitez,葡萄牙,32,FB,69,69,76,47,67,62,68,66,13220629,Leixões SC,葡萄牙超级联赛,左,178,79,0,0
Jonathan Jager,德国,38,W,69,75,82,64,64,72,43,64,11165402,SC Freiburg,德国甲级联赛,右,175,68,0,0
Emiliano Albin,葡萄牙,27,FB,69,69,79,45,61,71,67,67,14297755,FC Arouca,葡萄牙超级联赛,右,173,70,0,0
Cesar Peixoto,葡萄牙,36,CM,69,69,50,65,74,72,62,64,9325689,Gil Vicente FC,葡萄牙超级联赛,左,183,82,0,0
Nicki Bille Nielsen,法国,28,ST,69,69,70,69,57,70,30,78,13144579,Évian Thonon Gaillard FC,法国甲级联赛,右,185,75,0,0
Paul Constantin Codrea,意大利,35,CM,69,69,67,65,72,67,65,66,21092922,Siena,意大利甲级联赛,右,175,69,0,0
Cedric Hountondji,法国,22,CB,69,76,56,35,52,48,69,64,5367613,Stade Rennais FC,法国甲级联赛,右,196,81,1,0
Jozsef Varga,德国,28,CM,69,74,72,67,69,69,66,76,8878724,SpVgg Greuther Fürth,德国甲级联赛,右,175,71,0,0
Adam Marusic,比利时,24,ST,69,73,78,69,64,72,51,73,11608239,KV Kortrijk,比利时甲级联赛,右,178,81,0,0
Joao Teixeira,葡萄牙,22,CM,69,78,68,62,70,71,60,68,19835991,Vitória Guimarães,葡萄牙超级联赛,右,178,72,0,0
Gaby Mudingayi,意大利,35,CM,69,69,65,67,67,66,76,80,15154245,Bologna,意大利甲级联赛,右,180,80,2,1
Tommaso Rocchi,意大利,39,ST,69,69,63,70,51,66,24,56,13409642,Lazio,意大利甲级联赛,右,178,76,27,8
Alexei Jr Eremenko,苏格兰,33,ST,69,69,58,69,70,74,26,59,4962927,Kilmarnock,苏格兰超级联赛,右,180,79,0,0
Amos Youga,法国,24,CM,69,75,60,50,64,64,67,79,9944860,GFC Ajaccio,法国甲级联赛,右,185,83,0,0
William Gallas,英格兰,39,CM,69,69,44,53,51,57,69,66,7263658,Tottenham Hotspur,英格兰超级联赛,右,183,83,6,0
Mervan Celik,意大利,26,ST,69,71,76,70,62,75,20,66,14571189,Pescara,意大利甲级联赛,右,178,71,4,0
Vincenzo Grella,英格兰,37,CM,69,69,54,60,70,70,69,64,9024951,Blackburn Rovers,英格兰超级联赛,左,183,75,0,0
Vincent Ruefli,瑞士,28,FB,69,69,77,59,66,69,67,78,10680845,FC Sion,瑞士超级联赛,右,183,80,0,0
Arkadiusz Glowacki,波兰,37,CM,69,69,32,53,61,62,70,58,11631848,Wisła Kraków,波兰甲级联赛,右,185,78,0,0
Bruno Patacas,葡萄牙,39,FB,69,74,72,58,66,67,70,72,3149428,CD Nacional,葡萄牙超级联赛,右,175,73,0,0
Hugo Basto,葡萄牙,23,FB,69,75,64,56,46,53,70,71,6163010,FC Arouca,葡萄牙超级联赛,右,188,81,0,0
Reynald Lemaitre,法国,33,CM,69,69,62,58,62,64,72,68,16994962,AS Nancy-Lorraine,法国甲级联赛,左,175,68,2,0
Rudy Riou,法国,36,GK,69,69,40,19,30,18,14,50,5342819,RC Lens,法国甲级联赛,右,185,78,0,0
Ross Wallace,英格兰,31,W,69,69,77,66,67,68,47,56,10944950,West Bromwich Albion,英格兰超级联赛,左,168,64,0,0
Georgios Samaras,苏格兰,31,ST,69,69,76,65,66,73,27,75,10876336,Celtic,苏格兰超级联赛,右,193,86,4,1
Marko Livaja,意大利,23,ST,69,76,70,62,51,70,20,74,8249102,Atalanta,意大利甲级联赛,右,183,81,4,0
Darren Keet,比利时,27,GK,69,70,44,21,39,27,14,57,9974434,KV Kortrijk,比利时甲级联赛,左,183,77,0,0
Michal Kucharczyk,波兰,25,ST,69,73,83,64,60,68,34,72,9378561,Legia Warszawa,波兰甲级联赛,右,178,78,0,0
Fabio Firmani,意大利,38,FB,69,75,71,55,70,66,68,68,11741753,Lazio,意大利甲级联赛,右,178,69,0,0
Erick Moreno,葡萄牙,25,ST,69,74,68,66,56,68,34,74,4601533,Tondela,葡萄牙超级联赛,右,183,77,0,0
Nicola Belmonte,意大利,29,FB,69,69,66,45,50,45,72,63,9663994,Bari,意大利甲级联赛,右,183,74,0,0
Francesco Della Rocca,意大利,29,CAM,69,69,66,65,71,69,57,65,5647187,Bologna,意大利甲级联赛,左,183,73,0,1
Claudio Bellucci,意大利,41,ST,69,78,75,71,65,70,29,64,4569072,Sampdoria,意大利甲级联赛,右,173,70,6,2
Youssouf Hadji,法国,36,ST,69,69,63,70,68,69,30,80,12614822,AS Nancy-Lorraine,法国甲级联赛,右,183,78,11,0
Taye Taiwo,法国,31,FB,69,69,80,68,66,66,67,76,11173715,Olympique de Marseille,法国甲级联赛,左,183,81,2,2
Aruna Dindane,英格兰,36,ST,69,69,68,69,61,70,24,64,8301276,Portsmouth,英格兰超级联赛,右,175,80,9,2
Thomas Kaminski,比利时,24,GK,69,76,41,17,34,14,14,54,7088220,Beerschot AC,比利时甲级联赛,右,193,70,0,0
Jonatan Johansson,苏格兰,41,ST,69,72,76,66,57,64,30,63,11963291,Hibernian,苏格兰超级联赛,右,185,81,0,0
Gabriel Moura,葡萄牙,28,FB,69,72,82,41,61,68,70,65,8148169,Gil Vicente FC,葡萄牙超级联赛,右,173,70,0,0
Andris Vanins,瑞士,36,GK,69,69,38,18,33,14,17,57,5401266,FC Sion,瑞士超级联赛,右,185,80,0,0
Charalampos Mavrias,英格兰,22,W,69,75,78,64,66,73,28,60,8405342,Sunderland,英格兰超级联赛,右,178,70,0,0
Benjani Mwaruwari,英格兰,38,ST,69,69,67,67,61,68,26,72,6587947,Manchester City,英格兰超级联赛,右,188,78,4,4
Jonathan Hayes,苏格兰,29,ST,69,69,86,66,63,72,44,77,4260431,Aberdeen,苏格兰超级联赛,左,170,70,0,0
Wason Renteria,葡萄牙,31,ST,69,69,78,68,59,68,32,66,7130170,SC Braga,葡萄牙超级联赛,右,185,82,0,0
Dean Hammond,英格兰,33,CM,69,69,52,61,69,66,63,76,13887582,Leicester City,英格兰超级联赛,右,183,74,0,0
Pintassilgo,葡萄牙,31,CAM,69,69,68,68,67,71,44,54,16581522,FC Arouca,葡萄牙超级联赛,右,168,65,0,0
Wagner,葡萄牙,29,W,69,69,81,65,62,68,28,62,5939067,Moreirense FC,葡萄牙超级联赛,左,175,69,0,0
Roberto Fernandez,荷兰,28,GK,69,75,50,20,30,20,12,60,9189031,FC Utrecht,荷兰甲级联赛,右,188,80,0,0
Felipe Mattioni Rohde,西班牙,28,CM,69,70,67,60,67,75,72,61,16899634,RCD Mallorca,西班牙甲级联赛,右,180,75,1,0
Eddie Johnson,英格兰,32,ST,69,69,86,65,45,70,28,73,3895644,West Ham United,英格兰超级联赛,右,183,81,0,0
Hector Rodas,西班牙,28,CB,69,69,50,43,49,46,68,67,17356205,Levante UD,西班牙甲级联赛,右,190,80,0,0
Sandro Laurindo da Silva,西班牙,32,CM,69,69,66,62,68,68,64,74,9513113,Málaga CF,西班牙甲级联赛,右,185,76,0,0
Steven De Petter,比利时,31,CM,69,69,62,61,66,56,70,74,10122222,KVC Westerlo,比利时甲级联赛,左,180,76,0,0
Koen Persoons,比利时,33,CM,69,69,67,66,69,68,67,72,7111502,Sporting Lokeren,比利时甲级联赛,右,178,75,0,0
Carlos Edwards,英格兰,38,FB,69,69,72,62,60,64,71,65,11225656,Sunderland,英格兰超级联赛,右,180,73,0,2
Gerson Magrao,葡萄牙,31,CM,69,69,56,69,73,74,67,56,9963623,Sporting CP,葡萄牙超级联赛,左,180,71,0,0
Milos Krasic,意大利,32,CAM,69,69,76,66,70,70,53,59,14296127,Juventus,意大利甲级联赛,右,185,74,9,6
Alexandre Letellier,法国,26,GK,69,73,39,15,20,13,15,54,13002090,Angers SCO,法国甲级联赛,右,190,81,0,0
Abdoulaye Bamba,法国,26,FB,69,71,78,44,60,58,67,75,4327649,Dijon FCO,法国甲级联赛,右,183,68,0,0
Davide Possanzini,意大利,40,ST,69,75,75,68,65,69,32,72,16035532,Brescia,意大利甲级联赛,右,180,72,0,0
Kay Voser,瑞士,29,FB,69,69,76,54,62,70,70,70,4415827,Grasshopper Club Zürich,瑞士超级联赛,右,175,69,0,0
Ikechi Anya,英格兰,28,FB,69,69,90,62,65,70,63,77,8575764,Watford,英格兰超级联赛,右,168,72,0,0
Paulo Sergio,葡萄牙,32,W,69,69,83,61,63,74,28,52,7706730,S.C. Olhanense,葡萄牙超级联赛,右,165,66,0,0
Jaja,比利时,30,ST,69,69,58,73,61,70,25,57,10824401,Sporting Lokeren,比利时甲级联赛,左,188,84,0,0
Sercan Sararer,德国,27,W,69,71,81,68,64,72,39,65,14398758,SpVgg Greuther Fürth,德国甲级联赛,右,180,83,1,0
Marc van de Maarel,荷兰,27,FB,69,70,73,45,58,62,74,69,15961696,FC Utrecht,荷兰甲级联赛,右,178,74,1,2
Fernando Marquez,意大利,29,ST,69,69,78,69,66,70,21,72,13416559,Parma,意大利甲级联赛,右,183,86,1,2
Randall Azofeifa,比利时,32,CAM,69,72,59,71,75,70,57,62,12165602,KAA Gent,比利时甲级联赛,右,183,83,0,0
Nebojsa Pavlovic,比利时,35,CM,69,69,32,58,62,50,71,70,5028396,KV Kortrijk,比利时甲级联赛,右,188,81,0,0
Florent Hadergjonaj,瑞士,22,FB,69,78,74,49,65,68,68,73,6365887,BSC Young Boys,瑞士超级联赛,右,183,72,0,0
Dino Drpic,德国,35,CB,69,75,62,28,56,52,68,70,7188699,Karlsruher SC,德国甲级联赛,右,193,89,0,0
Ivica Vrdoljak,波兰,33,CM,69,69,52,36,68,66,68,71,10706686,Legia Warszawa,波兰甲级联赛,右,188,87,1,0
Jose Velazquez,葡萄牙,26,FB,69,71,66,36,61,62,68,68,10773940,FC Arouca,葡萄牙超级联赛,右,185,77,0,0
Mohammed Bangura,苏格兰,27,ST,69,71,74,71,66,71,25,77,21017784,Celtic,苏格兰超级联赛,右,180,79,0,0
Fernando Aristeguieta,法国,24,ST,69,73,59,68,52,64,36,80,5284790,FC Nantes,法国甲级联赛,右,188,82,2,0
Sonny Stevens,荷兰,24,GK,69,74,37,17,28,20,14,48,18266505,FC Twente,荷兰甲级联赛,右,193,87,0,0
Tom Beugelsdijk,荷兰,26,CB,69,72,50,41,42,43,66,73,5957898,ADO Den Haag,荷兰甲级联赛,右,193,79,0,0
Caner Cavlan,荷兰,24,FB,69,73,78,62,63,71,68,71,7268139,SC Heerenveen,荷兰甲级联赛,左,175,73,0,0
Levent Guelen,瑞士,22,FB,69,74,80,29,53,62,68,82,10819331,Grasshopper Club Zürich,瑞士超级联赛,右,180,70,0,0
Elson,德国,35,W,69,69,69,65,65,74,22,59,3912343,VfB Stuttgart,德国甲级联赛,左,173,67,5,0
Johan Kappelhof,荷兰,26,FB,69,71,70,39,63,64,69,69,12192267,FC Groningen,荷兰甲级联赛,右,180,73,2,0
Tomane,葡萄牙,24,ST,69,74,70,66,42,59,18,73,6468755,Vitória Guimarães,葡萄牙超级联赛,右,183,84,0,0
Nicolas Hoefler,德国,26,CM,69,71,58,51,67,66,70,75,11254285,SC Freiburg,德国甲级联赛,右,180,78,3,0
Noe Pamarot,西班牙,37,CM,69,69,59,57,56,54,66,75,7336273,Hércules Club de Fútbol,西班牙甲级联赛,右,180,87,1,0
Marco Cassetti,意大利,39,CM,69,69,52,60,63,68,68,67,4629292,Roma,意大利甲级联赛,右,185,83,2,3
Kheireddine Kiko Zarabi,葡萄牙,32,CB,69,69,53,38,44,44,68,73,7183527,Vitória Setúbal,葡萄牙超级联赛,右,188,84,0,0
Ryan Jack,苏格兰,24,CM,69,74,72,60,68,70,64,75,11036647,Aberdeen,苏格兰超级联赛,右,183,72,0,0
Marcus Olsson,英格兰,28,FB,69,69,82,53,61,62,68,70,28487737,Blackburn Rovers,英格兰超级联赛,左,180,70,0,1
William Buckley,英格兰,27,ST,69,71,78,66,62,70,30,65,9708084,Sunderland,英格兰超级联赛,右,183,83,0,0
Michal Pazdan,波兰,29,CM,69,69,38,56,65,63,66,81,14055278,Jagiellonia Białystok,波兰甲级联赛,右,180,78,0,0
Rafael Defendi,葡萄牙,33,GK,69,69,41,12,30,18,18,53,8057482,FC Paços de Ferreira,葡萄牙超级联赛,右,190,88,0,0
Cristian Herrera,西班牙,25,ST,69,73,67,71,55,72,32,67,6576521,Elche CF,西班牙甲级联赛,左,188,85,3,1
Joris Kayembe Ditu,葡萄牙,22,W,69,78,83,60,64,73,33,64,11939876,FC Arouca,葡萄牙超级联赛,左,180,67,0,0
Raphael Guzzo,葡萄牙,21,CAM,69,80,66,65,70,73,50,63,10486405,Tondela,葡萄牙超级联赛,右,178,70,0,0
Carlos Vigaray,西班牙,22,FB,69,78,72,46,50,68,72,63,9432924,Getafe CF,西班牙甲级联赛,右,183,70,0,0
Marco Perez,西班牙,26,ST,69,72,84,72,64,66,20,70,6862756,Real Zaragoza,西班牙甲级联赛,右,183,76,1,0
Arber Zeneli,荷兰,21,W,69,77,87,65,58,76,32,55,18312256,SC Heerenveen,荷兰甲级联赛,右,175,72,0,0
Sinan Bolat,比利时,28,GK,69,70,44,15,36,19,12,56,14716338,Standard de Liège,比利时甲级联赛,右,190,79,0,0
Steed Malbranque,英格兰,36,CM,69,69,35,55,76,74,57,55,8787828,Sunderland,英格兰超级联赛,右,168,75,6,14
Leo Fortunato,葡萄牙,33,CB,69,76,69,43,50,44,68,78,8385163,Rio Ave FC,葡萄牙超级联赛,右,183,82,0,0
Fabian Monzon,法国,29,FB,69,69,76,61,60,66,66,76,21245629,OGC Nice,法国甲级联赛,左,178,82,9,1
Kevin McNaughton,英格兰,34,FB,69,69,69,52,62,63,71,72,6706728,Cardiff City,英格兰超级联赛,右,178,66,0,0
Jamie Mackie,英格兰,31,ST,69,69,74,67,60,68,53,77,11202550,Queens Park Rangers,英格兰超级联赛,右,173,71,9,2
Michael Kightly,英格兰,30,W,69,69,77,63,65,70,37,71,13043013,Wolverhampton Wanderers,英格兰超级联赛,右,173,71,6,2
Anass Achahbar,荷兰,22,W,69,75,71,69,66,79,23,54,10107842,Feyenoord,荷兰甲级联赛,左,175,72,4,0
Thibault Moulin,比利时,26,CM,69,70,66,65,70,66,63,77,8077612,Waasland-Beveren,比利时甲级联赛,右,175,70,0,0
Sean Davis,英格兰,37,CM,69,69,53,66,73,70,69,66,4752731,Portsmouth,英格兰超级联赛,右,178,77,1,3
"Matthew Gilks,18",英格兰,34,GK,69,69,40,14,32,16,17,47,6024095,Blackpool,英格兰超级联赛,右,185,81,0,0
Luigi Bruins,荷兰,29,CAM,69,69,68,67,70,75,54,62,5980848,Excelsior,荷兰甲级联赛,右,178,73,3,3
Walter Bressan,意大利,35,GK,69,69,34,18,31,16,17,56,6716862,Torino,意大利甲级联赛,右,183,78,0,0
Filip Starzynski,波兰,25,CM,69,72,43,66,75,72,55,65,8774646,Ruch Chorzów,波兰甲级联赛,右,183,68,0,0
Boubacar Fofana,葡萄牙,27,CM,69,70,54,65,63,66,66,74,6784143,CD Nacional,葡萄牙超级联赛,右,193,82,0,0
Charlie Taylor,苏格兰,23,FB,69,78,76,53,55,66,68,72,16748738,Inverness Caledonian Thistle,苏格兰超级联赛,左,185,72,0,0
Kalifa Coulibaly,比利时,25,ST,69,73,73,69,56,62,26,67,9185795,Sporting Charleroi,比利时甲级联赛,右,198,83,0,0
Olivier Occean,德国,35,ST,69,69,68,70,54,60,30,82,7553791,Eintracht Frankfurt,德国甲级联赛,右,185,86,1,0
Lewis Grabban,英格兰,28,ST,69,69,80,69,52,66,23,70,14990634,Bournemouth,英格兰超级联赛,右,183,78,0,0
Toni Kallio,英格兰,38,FB,69,74,69,54,62,59,70,73,8338241,Fulham,英格兰超级联赛,左,193,85,0,0
Michele Pazienza,意大利,34,CM,69,69,67,58,66,64,69,67,9300440,Napoli,意大利甲级联赛,右,175,75,6,1
Hernan Dario Bernardello,西班牙,30,CM,69,69,66,61,69,66,66,70,9125799,UD Almería,西班牙甲级联赛,右,175,74,1,2
Chris Basham,英格兰,28,CM,69,69,60,62,65,58,72,67,12384974,Bolton Wanderers,英格兰超级联赛,右,180,80,1,1
Gonzalo Bergessio,意大利,32,ST,69,69,67,68,61,68,28,75,6287401,Catania,意大利甲级联赛,右,178,74,35,3
Mahamadou N'Diaye,葡萄牙,26,CB,69,70,59,39,54,44,68,76,20629302,Vitória Guimarães,葡萄牙超级联赛,左,185,76,0,0
Esteban Alvarado,荷兰,27,GK,69,69,52,21,29,17,14,60,7427616,AZ,荷兰甲级联赛,右,193,85,0,0
Jarchinio Antonia,荷兰,26,W,69,72,93,54,61,73,32,49,15784466,Go Ahead Eagles,荷兰甲级联赛,右,170,63,1,4
Raphael Holzhauser,德国,23,CM,69,73,53,70,71,72,64,61,14201266,VfB Stuttgart,德国甲级联赛,左,193,85,0,0
Maynor Figueroa,英格兰,33,CM,69,69,70,66,61,64,69,77,6535845,Wigan Athletic,英格兰超级联赛,左,180,85,4,5
Michael Basser Chretien,法国,32,FB,69,69,75,39,63,61,71,72,8057305,AS Nancy-Lorraine,法国甲级联赛,右,178,69,0,0
Diallo Guidilleye,法国,27,FB,69,71,70,43,66,58,67,78,3994244,Stade Brestois 29,法国甲级联赛,右,180,76,0,0
Erik Falkenburg,荷兰,28,ST,69,69,66,70,68,70,34,66,11711934,Willem II,荷兰甲级联赛,右,188,79,4,0
Hans Martinez,西班牙,29,FB,69,69,69,47,50,50,69,76,7420076,Real Madrid CF,西班牙甲级联赛,右,178,76,0,0
Moreno Costanzo,瑞士,28,CAM,69,69,63,71,66,70,52,63,8933426,BSC Young Boys,瑞士超级联赛,右,178,74,4,0
Sebastian Madera,波兰,31,CB,69,69,35,39,55,51,71,68,4516534,Jagiellonia Białystok,波兰甲级联赛,右,190,80,0,0
Fernando,西班牙,37,CAM,69,77,67,69,71,68,46,67,16809741,Málaga CF,西班牙甲级联赛,右,180,77,7,1
Marko Scepovic,比利时,25,ST,69,72,54,72,66,66,33,70,15605458,Royal Excel Mouscron,比利时甲级联赛,右,190,83,0,0
Isaac Cuenca,西班牙,25,W,69,73,79,62,63,78,28,57,12998078,RC Deportivo de La Coruña,西班牙甲级联赛,右,173,67,2,3
Daniel Omoya Braaten,法国,34,CAM,69,69,76,67,67,73,49,69,10721565,Toulouse FC,法国甲级联赛,右,183,85,4,0
Ezequiel Rescaldani,西班牙,24,ST,69,75,48,71,46,66,29,60,9254523,Málaga CF,西班牙甲级联赛,右,190,83,0,0
Matteo Gianello,意大利,40,GK,69,73,48,22,31,28,14,57,3551315,Napoli,意大利甲级联赛,左,188,84,0,0
Elias Kachunga,德国,24,ST,69,73,86,71,55,66,22,72,23516004,SC Paderborn 07,德国甲级联赛,右,178,74,0,0
Rodrigo Andres Battaglia,葡萄牙,25,CAM,69,71,64,70,70,70,60,65,13199870,Moreirense FC,葡萄牙超级联赛,右,188,79,0,0
Navarone Foor,荷兰,24,W,69,73,81,65,64,72,33,58,20575401,N.E.C.,荷兰甲级联赛,左,170,61,0,0
Karim Laribi,意大利,25,W,69,73,79,63,67,71,26,57,9748423,Sassuolo,意大利甲级联赛,左,175,67,0,0
Tim Sebastian,德国,32,CB,69,69,64,42,51,46,70,70,12216809,Karlsruher SC,德国甲级联赛,右,188,80,2,0
Christian Bekamenga,法国,30,ST,69,69,70,69,60,64,22,74,17291217,FC Nantes,法国甲级联赛,右,188,79,0,0
Davy Schollen,比利时,38,GK,69,69,52,17,35,23,12,67,10067517,RSC Anderlecht,比利时甲级联赛,右,190,87,0,0
Steve De Ridder,荷兰,29,ST,69,69,78,69,65,72,32,67,17874029,FC Utrecht,荷兰甲级联赛,右,178,73,0,0
Marion,葡萄牙,25,W,69,74,91,64,61,70,25,52,13366917,Estoril Praia,葡萄牙超级联赛,左,173,65,0,0
Leandro Cufre,法国,38,CB,69,69,56,38,58,56,68,75,7438666,AS Monaco,法国甲级联赛,右,175,76,0,0
Gabriele Perico,意大利,32,FB,69,69,70,54,47,61,70,68,6342829,Cagliari,意大利甲级联赛,右,183,75,0,0
Borja Gomez,西班牙,28,CM,69,69,50,65,57,52,69,72,6150092,Granada CF,西班牙甲级联赛,左,183,81,1,0
Pele van Anholt,荷兰,25,FB,69,73,77,57,64,67,69,76,9963156,SC Heerenveen,荷兰甲级联赛,右,165,70,0,1
Jeffrey Schlupp,英格兰,24,FB,69,77,86,61,60,72,65,78,5180958,Leicester City,英格兰超级联赛,左,178,72,0,0
Brandao,法国,36,ST,69,69,46,73,61,64,40,70,7557594,Olympique de Marseille,法国甲级联赛,左,188,78,19,1
Ciprian Marica,德国,31,ST,69,69,68,67,56,63,24,68,10601017,VfB Stuttgart,德国甲级联赛,右,185,80,30,5
Christian Grindheim,荷兰,33,CM,69,69,50,62,73,66,58,72,7615742,SC Heerenveen,荷兰甲级联赛,右,178,71,0,0
Andrea Orlandi,英格兰,32,CAM,69,69,66,66,71,72,43,63,3534199,Swansea City,英格兰超级联赛,左,180,78,1,1
Shola Ameobi,英格兰,35,ST,69,69,46,66,52,65,32,77,5576060,Newcastle United,英格兰超级联赛,右,190,95,16,14
Steve Harper,英格兰,41,GK,69,69,35,22,33,17,15,51,9173579,Newcastle United,英格兰超级联赛,右,188,91,0,0
Matthew Taylor,英格兰,35,CM,69,69,54,72,73,72,63,72,5470028,Bolton Wanderers,英格兰超级联赛,左,178,73,23,14
Martin Fenin,德国,29,ST,69,74,72,67,60,72,20,70,8052247,Eintracht Frankfurt,德国甲级联赛,右,183,76,7,2
Amine Mohamed Chermiti,瑞士,29,W,69,69,78,66,60,71,32,59,9900166,FC Zürich,瑞士超级联赛,左,178,72,0,0
Moussa Narry,法国,30,CM,69,69,68,61,65,62,66,83,13599566,AJ Auxerre,法国甲级联赛,右,180,71,0,0
Paulo Henrique,比利时,27,ST,69,77,74,68,54,68,22,71,15158136,KVC Westerlo,比利时甲级联赛,右,180,80,0,0
Wilfried Moimbe,法国,28,FB,69,70,81,42,62,66,67,68,8787144,FC Nantes,法国甲级联赛,左,173,67,0,0
Marco Davide Faraoni,意大利,25,CM,69,74,75,63,67,70,66,72,10066818,Udinese,意大利甲级联赛,右,180,71,1,0
Vito Wormgoor,荷兰,28,CB,69,70,39,38,62,57,67,75,17256880,ADO Den Haag,荷兰甲级联赛,右,188,87,0,1
Rob Schoofs,比利时,22,CAM,69,75,68,63,73,64,55,66,5874758,Sint-Truidense VV,比利时甲级联赛,左,180,68,0,0
Alessandro Longhi,意大利,27,FB,69,71,72,57,58,66,66,73,11541283,Sassuolo,意大利甲级联赛,左,185,76,3,0
Dani Nieto,西班牙,25,W,69,73,84,62,58,68,26,64,15265730,SD Eibar,西班牙甲级联赛,左,173,60,0,0
Yohan Croizet,比利时,24,ST,69,72,76,71,65,72,35,68,4641630,Oud-Heverlee Leuven,比利时甲级联赛,左,178,83,0,0
Melli,比利时,32,CB,69,69,56,38,60,50,69,69,12230074,KAA Gent,比利时甲级联赛,右,183,78,1,1
Josh Simpson,瑞士,33,W,69,69,77,66,69,70,44,57,9922567,BSC Young Boys,瑞士超级联赛,左,183,77,0,0
Roberto Sousa,葡萄牙,31,CAM,69,74,72,66,74,72,58,76,7771503,CS Marítimo,葡萄牙超级联赛,右,178,75,0,0
Herve Kage,比利时,27,CAM,69,70,80,63,62,74,57,68,7384444,Sporting Charleroi,比利时甲级联赛,右,178,82,0,0
Marius Alexe,意大利,26,ST,69,74,73,65,54,62,24,73,11801557,Sassuolo,意大利甲级联赛,右,185,75,0,0
Manuel Jose,葡萄牙,35,CAM,69,69,64,72,70,74,52,54,6680948,FC Paços de Ferreira,葡萄牙超级联赛,右,175,77,0,0
Max Christiansen,德国,20,CM,69,78,60,52,67,64,66,70,5429991,FC Ingolstadt 04,德国甲级联赛,右,188,84,0,0
Ernest Ohemeng,葡萄牙,20,W,69,78,90,59,52,76,20,60,5414362,Moreirense FC,葡萄牙超级联赛,右,175,65,0,0
Leo Dubois,法国,22,FB,69,79,72,45,50,66,71,63,37510997,FC Nantes,法国甲级联赛,右,178,65,0,0
Ramy Bensebaini,比利时,21,FB,69,79,70,46,61,65,72,73,5303416,Lierse SK,比利时甲级联赛,左,185,75,0,0
Otman Bakkal,荷兰,31,CAM,69,69,66,66,70,69,40,67,10328601,PSV,荷兰甲级联赛,右,183,80,1,1
Joao Meira,葡萄牙,29,CB,69,69,55,33,52,52,68,70,8527401,CF Os Belenenses,葡萄牙超级联赛,右,185,78,0,0
Aldair,葡萄牙,24,W,69,75,86,69,59,70,23,54,8615197,FC Penafiel,葡萄牙超级联赛,右,170,65,0,0
Brayan Perea,意大利,23,ST,69,77,78,65,61,73,23,70,2391896,Lazio,意大利甲级联赛,右,188,80,1,0
David Ngog,法国,27,ST,69,70,66,67,67,72,31,67,14801972,Stade de Reims,法国甲级联赛,右,190,79,13,8
Ahmed Kantari,法国,31,CB,69,69,53,37,55,54,68,72,16280161,Stade Brestois 29,法国甲级联赛,左,185,82,1,0
Florian Dick,德国,32,CM,69,69,67,68,61,62,70,76,7152194,1. FC Kaiserslautern,德国甲级联赛,右,183,84,3,1
James Vaughan,英格兰,28,ST,69,69,80,69,53,64,38,74,8536532,Everton,英格兰超级联赛,右,183,83,1,1
Sebastien Bruzzese,比利时,27,GK,69,70,56,22,39,24,10,60,9872440,Club Brugge KV,比利时甲级联赛,左,185,81,0,0
Robert Tesche,德国,29,CM,69,69,67,68,70,70,65,78,5835898,Hamburger SV,德国甲级联赛,右,180,71,6,1
Rodrigo Rojas,比利时,28,CM,69,69,68,67,70,70,60,77,8073563,Beerschot AC,比利时甲级联赛,右,180,77,0,0
Jem Karacan,英格兰,27,CM,69,69,68,62,66,68,70,76,9334489,Reading,英格兰超级联赛,右,175,67,1,1
Kris Boyd,苏格兰,33,ST,69,69,50,72,57,64,16,66,16589325,Kilmarnock,苏格兰超级联赛,右,185,83,0,1
Djiby Fall,德国,31,ST,69,69,64,68,51,66,28,78,7615659,SpVgg Greuther Fürth,德国甲级联赛,右,188,82,0,0
Antonio da Silva,德国,38,CAM,69,69,52,65,75,73,48,60,5446667,Karlsruher SC,德国甲级联赛,左,175,76,3,4
Luka Krajnc,意大利,22,FB,69,79,66,33,49,61,70,72,7465598,Cesena,意大利甲级联赛,左,188,86,0,0
Zakarya Bergdich,西班牙,27,FB,69,70,83,51,64,72,64,81,6831970,Real Valladolid,西班牙甲级联赛,左,175,68,0,0
Kevin Kraus,德国,24,CB,69,73,48,40,48,42,68,67,10590229,Eintracht Frankfurt,德国甲级联赛,右,190,91,0,0
Laszlo Sepsi,西班牙,29,FB,69,69,76,40,61,60,71,70,12830487,Racing Santander,西班牙甲级联赛,左,178,75,0,1
Joan Capdevila,西班牙,38,CM,69,69,56,67,70,68,69,55,4761438,Villarreal CF,西班牙甲级联赛,左,183,78,14,2
Gary Caldwell,英格兰,34,CB,69,69,37,33,57,52,68,71,5533106,Wigan Athletic,英格兰超级联赛,右,180,74,8,2
Malaury Martin,瑞士,28,CM,69,69,62,64,71,60,67,72,5675295,FC Lausanne-Sports,瑞士超级联赛,右,178,75,0,0
Benjamin van Leer,荷兰,24,GK,69,73,23,19,38,17,13,58,6502443,Roda JC Kerkrade,荷兰甲级联赛,右,188,76,0,0
Diego Rubio,葡萄牙,23,ST,69,76,73,71,53,68,24,63,13840467,Sporting CP,葡萄牙超级联赛,右,178,77,0,0
Toze Marreco,比利时,29,ST,69,69,66,66,46,66,30,70,5217473,Royal Excel Mouscron,比利时甲级联赛,右,183,80,0,0
Aaron Meijers,荷兰,29,FB,69,69,76,57,65,72,67,71,13038876,ADO Den Haag,荷兰甲级联赛,左,175,77,0,3
Stefan Nijland,荷兰,28,ST,69,70,66,73,64,72,29,59,13593604,PEC Zwolle,荷兰甲级联赛,右,188,79,8,2
Adamo Coulibaly,法国,35,ST,69,69,65,70,55,66,33,75,18947930,RC Lens,法国甲级联赛,右,188,78,0,0
Ki-Hyeon Seol,英格兰,37,ST,69,69,74,71,63,68,32,76,11072898,Fulham,英格兰超级联赛,右,188,82,1,0
Juliano Mineiro,葡萄牙,30,CAM,69,72,72,64,67,72,52,68,4712162,CD Nacional,葡萄牙超级联赛,右,173,73,0,0
Kosuke Ota,荷兰,29,CM,69,69,73,58,70,72,69,66,7967989,Vitesse,荷兰甲级联赛,左,178,78,0,0
Facundo Parra,意大利,31,ST,69,69,62,66,54,67,26,71,6193268,Atalanta,意大利甲级联赛,右,183,82,0,0
Aiyegbeni Yakubu,英格兰,34,ST,69,69,51,75,58,64,29,52,7138824,Everton,英格兰超级联赛,右,183,83,30,8
Danny da Costa,德国,23,FB,69,75,76,47,60,69,67,79,6586428,FC Ingolstadt 04,德国甲级联赛,右,185,84,0,0
Ignasi Miquel,英格兰,24,FB,69,77,66,27,57,61,70,67,7713533,Swansea City,英格兰超级联赛,左,193,85,0,0
Marcus Pedersen,荷兰,26,ST,69,71,72,72,50,62,34,74,10240392,Vitesse,荷兰甲级联赛,右,180,80,0,0
Jamaal Lascelles,英格兰,23,CB,69,77,64,30,47,50,70,74,13004936,Newcastle United,英格兰超级联赛,右,188,83,0,0
Dimitar Rangelov,瑞士,33,ST,69,69,64,67,65,67,36,69,4760416,FC Luzern,瑞士超级联赛,右,183,80,10,0
Javier Balboa,葡萄牙,31,W,69,69,78,69,66,72,51,71,11319441,SC Beira Mar,葡萄牙超级联赛,右,183,74,0,0
Bennard Yao Kumordzi,法国,31,CM,69,69,53,68,68,64,64,76,10734217,Dijon FCO,法国甲级联赛,右,188,72,1,0
Anthony Stokes,苏格兰,28,ST,69,69,68,70,65,72,17,68,12364911,Celtic,苏格兰超级联赛,右,180,71,0,0
Pedro Kamata,意大利,35,W,69,75,84,57,56,70,24,63,7455459,Bari,意大利甲级联赛,左,165,59,0,0
Valentin Lavigne,法国,22,W,69,77,78,71,65,74,36,58,10576898,FC Lorient,法国甲级联赛,右,180,72,0,0
Valentin Rongier,法国,22,CAM,69,77,64,65,73,71,57,60,12792568,FC Nantes,法国甲级联赛,右,173,66,0,0
Stephane Sparagna,法国,21,CB,69,77,66,35,43,40,72,70,7530948,Olympique de Marseille,法国甲级联赛,右,185,82,0,0
Yann Bodiger,法国,21,CM,69,76,52,54,64,66,70,66,8675207,Toulouse FC,法国甲级联赛,左,188,78,0,0
Almamy Toure,法国,20,FB,69,82,70,49,54,68,70,68,8046793,AS Monaco,法国甲级联赛,右,183,72,0,0
Oleg Iachtchouk,比利时,39,CAM,69,69,59,68,70,70,35,58,8282340,KSV Cercle Brugge,比利时甲级联赛,右,183,78,0,0
Arsenio,葡萄牙,27,W,69,71,74,65,68,68,34,59,8112704,Moreirense FC,葡萄牙超级联赛,右,180,72,0,0
Gary Mackay-Steven,苏格兰,26,W,69,72,86,65,61,75,34,65,6337634,Dundee United,苏格兰超级联赛,左,175,70,0,0
Chris Mavinga,法国,25,FB,69,71,78,43,65,69,67,71,14724550,Stade Rennais FC,法国甲级联赛,左,183,78,1,0
Dries Wuytens,荷兰,25,CB,69,73,58,27,57,52,70,74,13148701,Willem II,荷兰甲级联赛,右,183,80,0,0
Yohann Poulard,法国,40,CM,69,69,30,46,63,56,68,53,17939313,AC Ajaccio,法国甲级联赛,左,190,77,4,0
Roger Johnson,英格兰,33,CB,69,69,54,35,53,49,68,65,5544737,Birmingham City,英格兰超级联赛,右,190,78,5,6
Fabio Aurelio,英格兰,37,CM,69,69,64,67,69,72,71,62,2903588,Liverpool,英格兰超级联赛,左,173,74,2,6
Jonathan Rossini,意大利,27,CB,69,74,69,37,47,52,70,71,19877820,Sampdoria,意大利甲级联赛,右,188,82,0,0
Massimo Volta,意大利,29,CB,69,69,58,36,42,46,69,75,12228904,Sampdoria,意大利甲级联赛,右,183,78,1,0
Pavol Farkas,意大利,31,CB,69,73,59,46,43,42,70,71,5383112,Chievo Verona,意大利甲级联赛,左,190,80,0,0
Jamie Murphy,苏格兰,27,ST,69,71,83,67,64,69,38,74,9266148,Motherwell,苏格兰超级联赛,右,175,64,0,0
Ricardo Osorio,德国,36,CM,69,69,60,50,64,64,72,72,9964607,VfB Stuttgart,德国甲级联赛,右,175,73,0,0
Olivier Blondel,法国,37,GK,69,69,49,24,25,23,25,54,5396204,Toulouse FC,法国甲级联赛,右,188,78,0,0
Jonathan Spector,英格兰,30,FB,69,69,72,54,59,58,68,79,15721648,West Ham United,英格兰超级联赛,右,180,80,2,2
Rabiola,葡萄牙,27,ST,69,70,70,70,62,71,33,67,12333537,FC Penafiel,葡萄牙超级联赛,右,183,76,0,0
Timo Gebhart,德国,27,W,69,69,70,68,66,74,42,59,9290204,VfB Stuttgart,德国甲级联赛,右,183,86,6,3
Lee Bowyer,英格兰,39,CM,69,69,54,64,72,68,62,71,23373154,Birmingham City,英格兰超级联赛,右,175,69,9,3
Scott Cuthbert,苏格兰,29,CB,69,69,59,39,49,53,66,77,7216909,St. Mirren,苏格兰超级联赛,右,188,89,0,0
Bouna Sarr,法国,24,W,69,74,73,66,67,70,34,55,4730688,FC Metz,法国甲级联赛,右,178,65,0,0
Thomas Lam,荷兰,23,FB,69,76,70,58,66,68,69,68,23744600,PEC Zwolle,荷兰甲级联赛,右,188,76,2,0
Stanislav Angelov,德国,38,CM,69,69,74,62,72,74,70,65,7263384,FC Energie Cottbus,德国甲级联赛,右,178,73,2,0
David Cobeno,西班牙,34,GK,69,69,48,16,29,13,16,54,9596214,Rayo Vallecano,西班牙甲级联赛,右,185,82,0,0
Sekou Junior Sanogo,瑞士,27,CM,69,70,71,58,71,74,63,80,9538431,FC Thun,瑞士超级联赛,左,183,81,2,0
Gaetan Courtet,法国,27,ST,69,70,72,67,51,68,22,74,6075592,Stade de Reims,法国甲级联赛,右,180,72,9,0
Ryo Miyaichi,荷兰,24,W,69,75,94,54,58,72,24,51,13211101,Feyenoord,荷兰甲级联赛,右,183,71,0,2
Robert Elliot,英格兰,30,GK,69,69,48,11,31,18,16,52,7925954,Newcastle United,英格兰超级联赛,左,188,93,0,1
David Weir,苏格兰,45,CM,69,69,36,40,55,60,68,66,8249190,Rangers,苏格兰超级联赛,右,190,86,0,0
Davy Roef,比利时,22,GK,69,78,50,22,45,26,15,58,11361625,KV Kortrijk,比利时甲级联赛,右,188,85,0,0
Benedikt Roecker,德国,27,CB,69,70,67,36,42,40,69,64,9434051,1. FSV Mainz 05,德国甲级联赛,左,198,90,0,0
Alexander Schwolow,德国,24,GK,69,73,37,15,27,17,12,54,5974625,Hannover 96,德国甲级联赛,右,188,83,0,0
Manu,波兰,34,W,69,69,92,52,55,72,44,72,8565947,Legia Warszawa,波兰甲级联赛,右,170,68,0,0
Davy de Fauw,荷兰,35,CM,69,69,54,60,68,64,72,70,8389178,Roda JC Kerkrade,荷兰甲级联赛,右,185,69,0,0
Brecht Capon,比利时,28,FB,69,69,74,63,65,65,69,73,5413485,KV Kortrijk,比利时甲级联赛,右,180,72,0,0
David Mendes,荷兰,34,CM,69,69,65,61,71,70,64,76,6623514,AZ,荷兰甲级联赛,右,185,77,0,0
Mimoun Azaouagh,德国,34,W,69,69,76,64,68,73,28,50,6009696,VfL Bochum,德国甲级联赛,右,175,70,4,1
Romain Poyet,法国,36,ST,69,69,70,67,66,72,40,74,8342682,Stade Brestois 29,法国甲级联赛,右,183,80,2,0
Miguel Silva,葡萄牙,21,GK,69,77,45,11,25,10,10,53,14418434,Vitória Guimarães,葡萄牙超级联赛,右,188,78,0,0
Carlos Castro,西班牙,21,ST,69,77,72,68,52,69,30,70,9762816,Real Sporting de Gijón,西班牙甲级联赛,左,178,68,0,0
Julio Alvarez,西班牙,35,W,69,69,65,69,72,70,32,50,5937360,RCD Mallorca,西班牙甲级联赛,右,180,71,6,2
Patrick McNair,英格兰,21,FB,69,78,66,39,55,60,69,69,9716212,Manchester United,英格兰超级联赛,右,183,72,0,0
Mido,英格兰,33,ST,69,69,58,69,63,72,32,69,18651668,Wigan Athletic,英格兰超级联赛,左,188,83,7,0
Joseba Llorente,西班牙,37,ST,69,69,46,66,51,64,23,58,8427984,Villarreal CF,西班牙甲级联赛,右,185,72,30,3
Raphael Wolf,德国,28,GK,69,69,36,16,21,17,14,55,5077887,SV Werder Bremen,德国甲级联赛,右,190,86,0,0
Vincent Nogueira,法国,28,CAM,69,69,75,66,75,74,62,64,6370844,FC Sochaux-Montbéliard,法国甲级联赛,右,170,61,5,0
Maximilian Haas,葡萄牙,31,FB,69,72,63,47,53,54,68,72,9150821,"União de Leiria, SAD",葡萄牙超级联赛,右,190,74,0,0
Ireneusz Jelen,法国,35,ST,69,69,74,69,56,65,28,68,9069015,AJ Auxerre,法国甲级联赛,右,183,74,4,0
Aitor Ocio,西班牙,40,CM,69,69,32,44,65,58,70,51,3177920,Athletic Club de Bilbao,西班牙甲级联赛,右,188,77,1,0
Lloyd Palun,法国,28,FB,69,70,72,54,61,65,69,68,10141462,OGC Nice,法国甲级联赛,右,178,77,0,0
Jussi Jaaskelainen,英格兰,41,GK,69,69,35,16,23,18,12,51,13280432,Bolton Wanderers,英格兰超级联赛,右,190,80,0,3
Ricardo Gardner,英格兰,38,CAM,69,69,63,68,72,76,58,55,6031983,Bolton Wanderers,英格兰超级联赛,左,175,70,5,3
Tal Ben Haim,英格兰,34,CB,69,69,38,34,52,52,68,75,10394522,Portsmouth,英格兰超级联赛,左,183,82,0,1
Ferhan Hasani,德国,26,ST,69,74,76,64,66,72,36,72,17282627,VfL Wolfsburg,德国甲级联赛,左,188,75,0,0
Mateusz Cetnarski,波兰,28,W,69,70,76,62,71,69,42,70,20121353,GKS Bełchatów,波兰甲级联赛,右,175,71,0,0
Natxo Insa,西班牙,30,CM,69,69,65,57,72,64,56,68,14500183,RC Celta de Vigo,西班牙甲级联赛,右,178,70,2,0
Cosmin Contra,西班牙,41,CM,69,72,70,60,70,70,71,65,10054872,Getafe CF,西班牙甲级联赛,右,180,74,3,1
Adis Jahovic,瑞士,29,ST,69,69,62,71,47,66,19,65,13649302,FC Zürich,瑞士超级联赛,右,190,90,0,0
Patrick Bauer,葡萄牙,24,CM,69,76,36,49,54,46,71,59,6343565,CS Marítimo,葡萄牙超级联赛,右,193,88,0,0
Andrew Crofts,英格兰,32,CM,69,69,56,70,69,66,66,70,7883608,Norwich City,英格兰超级联赛,右,175,73,0,2
Adam Gyurcso,波兰,25,W,69,73,80,65,67,67,22,60,18424267,Pogoń Szczecin,波兰甲级联赛,右,180,60,0,0
Lukasz Boguslawski,波兰,23,ST,69,76,77,63,49,67,22,76,8166585,Górnik Łęczna,波兰甲级联赛,右,183,72,0,0
Dino Arslanagic,比利时,23,CB,69,75,56,38,54,46,68,74,9402852,Standard de Liège,比利时甲级联赛,右,190,86,0,0
Miguel Garcia,葡萄牙,33,FB,69,69,72,55,60,64,70,69,6799764,SC Braga,葡萄牙超级联赛,右,178,74,0,0
Henning Hauger,德国,31,FB,69,69,68,52,65,62,66,77,8591649,Hannover 96,德国甲级联赛,右,178,77,0,0
Bjoern Vleminckx,荷兰,31,ST,69,69,66,72,57,56,33,85,10278083,N.E.C.,荷兰甲级联赛,右,183,82,0,0
Matteo Rubin,意大利,29,FB,69,69,78,50,55,61,67,78,8993082,Bologna,意大利甲级联赛,左,183,75,2,3
Mirko Antenucci,意大利,32,ST,69,69,72,67,61,72,31,63,8547670,Catania,意大利甲级联赛,右,178,68,1,0
Anderson Correia,葡萄牙,25,FB,69,73,82,47,58,69,69,60,10382038,Boavista FC,葡萄牙超级联赛,左,178,68,0,0
Alexandre Silva,葡萄牙,19,W,69,81,84,63,60,73,20,62,6533258,Vitória Guimarães,葡萄牙超级联赛,右,178,60,0,0
Julian Ramos Omar,西班牙,28,W,69,69,81,58,58,78,28,61,14700068,Real Valladolid,西班牙甲级联赛,左,175,65,1,0
Javier Jimenez,西班牙,29,GK,69,69,53,15,28,16,17,57,5592522,Getafe CF,西班牙甲级联赛,右,183,77,0,0
Hicham Belkaroui,葡萄牙,26,CB,69,73,59,28,38,48,71,70,11713764,CD Nacional,葡萄牙超级联赛,左,185,81,0,0
Somen Tchoyi,英格兰,33,ST,69,69,76,69,67,70,38,69,4070609,West Bromwich Albion,英格兰超级联赛,右,190,88,7,1
Raul Gudino,葡萄牙,20,GK,69,83,47,16,32,22,17,55,11989029,Uniao da Madeira,葡萄牙超级联赛,右,196,84,0,0
Daniele Verde,意大利,20,W,69,81,87,63,65,72,31,52,14160858,Cagliari,意大利甲级联赛,左,168,64,0,0
Pozo,英格兰,20,W,69,78,72,71,58,77,26,54,16959876,Leicester City,英格兰超级联赛,右,170,65,0,0
Jean-Kevin Augustin,法国,19,ST,69,78,74,63,60,72,16,64,10437912,Paris Saint-Germain,法国甲级联赛,右,178,69,0,0
Assane Demoya Gnoukouri,意大利,20,CM,69,81,64,53,72,70,65,64,9673525,Inter,意大利甲级联赛,右,180,77,0,0
Alex Iwobi,英格兰,20,W,69,81,78,57,62,77,26,62,6864598,Arsenal,英格兰超级联赛,右,180,75,0,0
Dalcio Gomes,葡萄牙,20,W,69,79,82,66,59,74,29,59,8983315,CF Os Belenenses,葡萄牙超级联赛,左,185,80,0,0
Donny van de Beek,荷兰,19,CAM,69,83,62,66,70,72,51,66,22600155,Ajax,荷兰甲级联赛,右,185,76,0,0
Ante Rebic,意大利,23,ST,69,74,75,69,57,72,18,69,6107044,Hellas Verona,意大利甲级联赛,右,185,77,1,0
Nene Bonilha,葡萄牙,24,CAM,69,74,73,63,73,74,54,52,4062727,CD Nacional,葡萄牙超级联赛,右,175,70,0,0
Fabien Audard,法国,38,GK,69,69,26,29,29,28,24,51,10891759,FC Lorient,法国甲级联赛,左,188,89,1,0
Sisi,西班牙,30,W,69,69,88,58,64,69,30,50,7407649,RC Recreativo,西班牙甲级联赛,右,168,65,2,0
Eddy Israfilov,西班牙,24,CM,69,75,67,64,68,76,65,76,10913610,Granada CF,西班牙甲级联赛,右,190,80,0,0
Thom Haye,荷兰,21,CM,69,76,72,59,73,73,63,62,10343905,AZ,荷兰甲级联赛,右,178,74,0,1
Gilberto Junior,意大利,23,FB,69,74,78,51,62,74,68,66,10652653,Fiorentina,意大利甲级联赛,右,178,74,0,0
Houssine Kharja,意大利,34,CAM,69,69,60,62,75,74,57,58,8781013,Siena,意大利甲级联赛,右,180,77,10,3
Isaac Boakye,德国,35,ST,69,75,78,59,49,69,34,77,5941740,1. FC Nürnberg,德国甲级联赛,右,175,73,0,0
Maik Franz,德国,35,CB,69,69,52,46,46,37,68,67,9411100,Eintracht Frankfurt,德国甲级联赛,右,190,87,9,0
Jesus Fernandez,西班牙,28,GK,69,69,48,17,26,14,16,57,8359765,Levante UD,西班牙甲级联赛,左,190,83,0,0
Shane Duffy,英格兰,24,CB,69,73,54,34,46,42,70,73,12452980,Everton,英格兰超级联赛,右,193,76,0,0
Patrick Zwaanswijk,荷兰,41,CM,69,69,50,70,66,61,68,75,8461857,NAC Breda,荷兰甲级联赛,左,190,88,0,0
Zezinho,葡萄牙,24,W,69,76,76,68,64,71,30,54,7686458,CD Nacional,葡萄牙超级联赛,左,175,63,0,0
Willy Overtoom,荷兰,30,W,69,69,74,68,68,70,40,53,7586512,Heracles Almelo,荷兰甲级联赛,右,170,67,0,0
Hotaru Yamaguchi,德国,26,FB,69,73,76,47,73,72,62,66,10321206,Hannover 96,德国甲级联赛,右,175,64,0,0
Samuel Inkoom,瑞士,27,FB,69,70,79,51,58,65,69,67,11781411,FC Basel,瑞士超级联赛,右,178,75,0,0
Iriney,西班牙,35,CM,69,69,64,61,65,68,67,74,10418751,Real Betis Balompié,西班牙甲级联赛,右,178,70,0,0
Marcus Rashford,英格兰,19,W,69,85,86,65,58,70,25,64,11016043,Manchester United,英格兰超级联赛,右,180,70,0,0
Adam Ounas,法国,20,W,69,84,79,68,62,73,47,53,14812212,Girondins de Bordeaux,法国甲级联赛,左,173,64,0,0
Rafita,西班牙,34,FB,68,68,82,55,55,65,66,79,5270385,UD Almería,西班牙甲级联赛,右,178,69,0,0
Ayoze Garcia Perez,西班牙,31,W,68,71,78,59,63,72,32,60,8101162,CD Tenerife,西班牙甲级联赛,左,173,72,4,0
Liam Cooper,英格兰,25,CB,68,73,58,39,57,60,69,75,8076353,Liverpool,英格兰超级联赛,左,188,76,0,0
Lionel Ainsworth,苏格兰,29,W,68,68,91,62,62,68,20,55,8052791,Motherwell,苏格兰超级联赛,右,165,60,0,0
Kieron Dyer,英格兰,38,CAM,68,68,61,61,75,73,50,58,4383622,West Ham United,英格兰超级联赛,右,173,64,0,2
Jacobo,西班牙,33,GK,68,68,40,26,27,26,25,58,6321959,Getafe CF,西班牙甲级联赛,右,196,82,0,0
Ugur Inceman,荷兰,35,CM,68,68,59,67,70,68,60,65,10092588,Roda JC Kerkrade,荷兰甲级联赛,右,183,80,0,0
Marcos Tebar,西班牙,30,CM,68,68,54,60,70,64,62,70,11116028,UD Almería,西班牙甲级联赛,右,185,77,0,1
Hugo Leal,葡萄牙,36,CAM,68,68,44,66,77,72,44,50,6827282,Vitória Setúbal,葡萄牙超级联赛,右,180,75,0,0
Richmond Boakye,西班牙,23,ST,68,74,80,67,51,66,21,71,6559084,Elche CF,西班牙甲级联赛,右,180,77,7,0
Saliou Ciss,法国,27,FB,68,69,79,54,59,62,65,74,13140459,Valenciennes FC,法国甲级联赛,左,175,70,1,0
Juan Agudelo,荷兰,24,ST,68,72,78,67,53,74,32,71,12201229,FC Utrecht,荷兰甲级联赛,右,185,82,0,0
Vaclav Cerny,荷兰,19,W,68,86,85,59,57,77,21,35,11806746,Ajax,荷兰甲级联赛,左,178,68,0,0
Mamadou Sylla,西班牙,22,ST,68,77,72,70,51,69,36,66,5107550,RCD Espanyol,西班牙甲级联赛,右,183,80,0,0
Valdo,西班牙,35,ST,68,68,74,67,64,70,30,63,8520880,Levante UD,西班牙甲级联赛,右,183,78,11,4
Simon Falette,法国,24,CB,68,73,65,33,42,45,66,85,9302152,FC Lorient,法国甲级联赛,左,183,89,0,0
Igor Lichnovsky,西班牙,22,FB,68,78,71,36,46,53,68,75,11140712,Real Sporting de Gijón,西班牙甲级联赛,右,185,79,0,0
Jamie Walker,苏格兰,23,W,68,74,81,57,64,70,38,65,9649274,Heart of Midlothian,苏格兰超级联赛,右,175,70,0,0
Frank Boeckx,比利时,30,GK,68,68,42,21,31,24,14,48,5375801,KAA Gent,比利时甲级联赛,右,180,85,0,0
Wires,葡萄牙,34,CM,68,68,66,64,65,64,68,77,4384496,Rio Ave FC,葡萄牙超级联赛,右,175,73,0,0
Furdjel Narsingh,荷兰,28,W,68,68,83,52,67,74,31,50,6371018,SC Cambuur,荷兰甲级联赛,右,175,74,0,7
Chuks Aneke,比利时,23,CM,68,74,43,69,70,69,55,75,10777513,SV Zulte-Waregem,比利时甲级联赛,右,188,94,0,0
Antonio Milic,比利时,22,CM,68,76,46,44,61,54,68,71,14135596,KV Oostende,比利时甲级联赛,左,190,81,0,0
Jonathan Rivierez,法国,27,CB,68,69,70,29,50,52,66,79,7849509,FC Metz,法国甲级联赛,右,183,82,0,0
Franck Etoundi,瑞士,26,ST,68,72,76,61,60,66,34,83,11037083,FC Zürich,瑞士超级联赛,右,185,82,1,0
Raul Bravo,比利时,35,FB,68,68,63,49,55,58,70,63,6487967,Beerschot AC,比利时甲级联赛,左,175,72,0,0
Manuel Victor,西班牙,42,ST,68,77,68,73,68,69,34,57,9300232,Real Valladolid,西班牙甲级联赛,右,165,66,5,0
Javier Calleja,西班牙,38,CAM,68,68,65,66,68,72,60,55,5179513,Málaga CF,西班牙甲级联赛,左,170,76,1,0
Xisco Nadal,西班牙,30,ST,68,72,71,66,62,68,42,69,5927266,Levante UD,西班牙甲级联赛,右,180,81,0,0
Florian Grillitsch,德国,21,CAM,68,77,55,55,73,72,34,60,7575308,SV Werder Bremen,德国甲级联赛,右,188,74,0,0
Walter Gonzalez,葡萄牙,21,ST,68,77,69,70,42,68,20,66,21468829,FC Arouca,葡萄牙超级联赛,右,185,79,0,0
Guy-Roland N'Dy Assembe,法国,30,GK,68,68,45,16,23,18,16,49,7478386,AS Nancy-Lorraine,法国甲级联赛,右,183,79,0,0
Sergio Mantecon,西班牙,36,CM,68,68,60,63,70,60,68,74,7762488,Elche CF,西班牙甲级联赛,右,175,71,0,0
Djamel Bakar,法国,27,ST,68,68,77,72,56,71,26,65,7967750,AS Nancy-Lorraine,法国甲级联赛,右,170,71,9,0
Evaldo,葡萄牙,34,CM,68,68,60,56,61,67,70,71,10462653,SC Braga,葡萄牙超级联赛,左,183,76,0,0
Daniel Niculae,法国,34,ST,68,68,64,68,54,64,33,68,9636816,AJ Auxerre,法国甲级联赛,右,185,79,5,0
Anselmo,葡萄牙,32,ST,68,68,68,63,60,65,36,72,7612988,Amadora,葡萄牙超级联赛,右,183,77,0,0
Ernesto Farias,葡萄牙,36,ST,68,68,64,68,62,64,27,70,8034380,FC Porto,葡萄牙超级联赛,右,178,77,0,0
Shaun Wright-Phillips,英格兰,35,W,68,68,78,69,63,70,32,57,12836948,Manchester City,英格兰超级联赛,右,165,64,12,19
Christopher Glombard,法国,27,FB,68,69,69,50,63,66,68,71,5072911,Stade de Reims,法国甲级联赛,右,178,74,3,0
Pedro Queiros,葡萄牙,32,FB,68,68,68,43,59,62,70,74,14687448,Vitória Setúbal,葡萄牙超级联赛,右,183,75,0,0
Alex Bruce,英格兰,32,CB,68,68,42,34,46,51,69,72,5712701,Hull City,英格兰超级联赛,右,180,81,0,0
Krisztian Vadocz,西班牙,31,CM,68,68,54,71,71,66,63,70,9138788,CA Osasuna,西班牙甲级联赛,右,188,84,9,1
Igor Vetokele,比利时,24,ST,68,74,82,66,56,68,22,75,8405010,KSV Cercle Brugge,比利时甲级联赛,右,173,74,0,0
Michael Uchebo,荷兰,26,ST,68,70,73,64,59,66,30,79,11143838,VVV-Venlo,荷兰甲级联赛,右,193,85,0,0
Alvaro Arroyo,西班牙,28,CB,68,72,72,24,43,46,72,77,16198381,Getafe CF,西班牙甲级联赛,右,180,76,1,0
Frederic Guilbert,法国,22,FB,68,77,66,48,56,62,72,68,8943290,Girondins de Bordeaux,法国甲级联赛,右,178,70,0,0
Mohammed Tchite,西班牙,32,ST,68,68,80,70,57,64,20,69,6873183,Racing Santander,西班牙甲级联赛,右,178,70,19,0
Saul,西班牙,31,CAM,68,68,68,68,66,71,49,60,10704044,RC Deportivo de La Coruña,西班牙甲级联赛,右,175,78,0,0
Marcel Maltritz,德国,38,CB,68,68,52,48,58,46,68,69,12506156,VfL Bochum,德国甲级联赛,右,185,81,1,0
Tommy Bechmann,德国,35,ST,68,68,75,69,58,65,23,71,8063774,SC Freiburg,德国甲级联赛,右,183,84,1,0
Mehdi Zeffane,法国,24,FB,68,74,80,65,60,66,65,73,20536819,Stade Rennais FC,法国甲级联赛,右,175,63,0,0
Steeve Yago,法国,24,FB,68,73,70,39,52,60,69,73,15686247,Toulouse FC,法国甲级联赛,右,180,72,0,0
Sander van de Streek,荷兰,23,CAM,68,72,66,72,67,69,49,66,8632251,SC Cambuur,荷兰甲级联赛,右,180,74,5,1
Juan Pablo Pino,法国,29,W,68,70,86,64,64,74,28,64,9555583,AS Monaco,法国甲级联赛,右,175,72,0,0
Pasquale Schiattarella,意大利,29,CAM,68,68,80,65,69,68,56,71,9046079,Livorno,意大利甲级联赛,左,178,70,0,0
Luca Anania,意大利,36,GK,68,68,22,28,25,25,25,35,8161844,Livorno,意大利甲级联赛,右,185,80,0,0
Marco Bernacci,意大利,33,ST,68,68,61,59,53,58,26,68,9991187,Bologna,意大利甲级联赛,右,193,74,1,0
Yaya Sanogo,英格兰,23,ST,68,74,72,64,55,63,23,73,9336982,Crystal Palace,英格兰超级联赛,右,193,86,1,0
Jack Robinson,英格兰,23,FB,68,76,76,39,60,62,70,70,4937834,Liverpool,英格兰超级联赛,左,180,67,0,0
Angel Javier Arizmendi,西班牙,32,W,68,68,70,65,64,70,43,60,12280769,Real Zaragoza,西班牙甲级联赛,右,188,76,11,1
Alexis Blin,法国,20,CM,68,83,58,55,70,66,72,69,9152105,Toulouse FC,法国甲级联赛,右,183,78,0,0
Robbert Schilder,荷兰,30,CM,68,68,58,71,67,72,69,73,13172435,NAC Breda,荷兰甲级联赛,左,178,78,0,0
Joseph Romeric Lopy,法国,24,FB,68,72,68,46,64,61,68,69,8681745,FC Sochaux-Montbéliard,法国甲级联赛,右,183,73,1,0
Tristan Dingome,比利时,25,CM,68,71,71,62,65,70,59,71,4127654,Royal Excel Mouscron,比利时甲级联赛,左,175,69,0,0
Glenn Loovens,苏格兰,33,CB,68,68,49,31,52,50,68,64,7250956,Celtic,苏格兰超级联赛,左,190,83,1,0
Dominik Kumbela,德国,32,ST,68,68,78,69,61,66,26,72,13787739,Eintracht Braunschweig,德国甲级联赛,右,173,71,9,2
Dario Kresic,德国,32,GK,68,68,40,17,19,17,14,64,4429305,Bayer 04 Leverkusen,德国甲级联赛,右,196,96,0,0
Jeffren Suarez,葡萄牙,28,W,68,68,78,61,66,74,43,59,8368721,Sporting CP,葡萄牙超级联赛,左,173,71,3,2
Cedric D'Ulivo,比利时,27,FB,68,70,73,44,60,63,68,70,13270865,Waasland-Beveren,比利时甲级联赛,右,180,75,0,0
Noe Dussenne,比利时,24,CB,68,72,52,33,49,44,68,69,10606068,Royal Excel Mouscron,比利时甲级联赛,右,190,85,0,0
Lee,葡萄牙,28,GK,68,68,34,13,28,17,15,51,13470897,Académica de Coimbra,葡萄牙超级联赛,右,188,84,0,0
Elohim Rolland,比利时,27,CM,68,69,64,66,69,69,63,70,7427655,KV Kortrijk,比利时甲级联赛,右,183,77,0,0
Alexander Merkel,意大利,24,CAM,68,72,72,64,71,70,46,57,7256644,Genoa,意大利甲级联赛,右,178,67,1,1
Eunan O'Kane,英格兰,26,FB,68,72,74,54,71,68,62,70,11301119,Bournemouth,英格兰超级联赛,右,173,84,0,0
Matias Aguirregaray,意大利,27,FB,68,71,81,53,63,68,66,69,19941140,Palermo,意大利甲级联赛,右,178,80,0,0
Dominic Solanke,荷兰,19,ST,68,81,76,65,64,74,21,66,17006539,Vitesse,荷兰甲级联赛,右,185,75,0,0
Arvydas Novikovas,苏格兰,26,W,68,71,90,67,59,71,21,66,4785160,Heart of Midlothian,苏格兰超级联赛,左,178,76,0,0
Heinrich Schmidtgal,德国,31,FB,68,68,76,66,65,66,67,69,5674828,SpVgg Greuther Fürth,德国甲级联赛,左,175,75,0,0
Kallum Higginbotham,苏格兰,27,W,68,69,76,63,64,72,18,57,6167792,Partick Thistle F.C.,苏格兰超级联赛,右,178,68,0,0
Sylvain Wiltord,法国,42,ST,68,68,68,66,67,68,34,62,10196477,Olympique de Marseille,法国甲级联赛,右,175,76,0,0
Rui Miguel,葡萄牙,33,ST,68,68,64,67,69,72,33,63,3160495,Vitória Guimarães,葡萄牙超级联赛,右,175,70,0,0
Matthew Kilgallon,英格兰,32,CB,68,68,60,26,49,46,71,71,8593189,Sunderland,英格兰超级联赛,左,188,79,1,0
Robert Koren,英格兰,36,CAM,68,68,64,67,69,70,54,64,12359032,West Bromwich Albion,英格兰超级联赛,右,175,75,4,2
Marco Biagianti,意大利,32,CM,68,68,56,59,69,68,65,64,13755398,Catania,意大利甲级联赛,右,180,74,3,1
Brian Hamalainen,比利时,27,FB,68,69,78,51,63,66,67,73,21043756,SV Zulte-Waregem,比利时甲级联赛,左,175,80,0,0
Mahir Saglik,德国,33,ST,68,68,54,63,50,71,24,61,7457657,SC Paderborn 07,德国甲级联赛,左,178,82,1,0
Stijn De Smet,比利时,31,CAM,68,68,56,67,68,72,44,68,14316754,KV Kortrijk,比利时甲级联赛,右,183,78,0,0
Markus Steinhoefer,瑞士,30,CM,68,68,71,65,60,68,67,75,3110608,FC Basel,瑞士超级联赛,右,175,69,3,0
Anthony Lurling,荷兰,39,ST,68,68,60,70,62,74,36,62,14547604,NAC Breda,荷兰甲级联赛,右,173,75,0,0
Nano,西班牙,34,CM,68,68,72,59,66,67,64,65,9559556,CA Osasuna,西班牙甲级联赛,左,185,80,0,0
Nestor Susaeta,瑞士,32,CAM,68,68,69,74,72,72,40,55,12119257,FC Lausanne-Sports,瑞士超级联赛,右,178,74,0,0
Giancarlo Maldonado,西班牙,34,ST,68,68,67,75,59,67,30,71,6745637,Xerez Club Deportivo,西班牙甲级联赛,右,173,70,0,0
Waldo Ponce,西班牙,34,GK,68,68,33,53,54,47,65,82,8680060,Racing Santander,西班牙甲级联赛,右,185,85,0,0
Nicolas Martin Gorobsov,意大利,27,W,68,78,78,53,57,73,48,61,14075031,Genoa,意大利甲级联赛,左,178,77,0,0
Joseph Bennett,英格兰,26,FB,68,69,72,43,60,64,70,68,8835318,Aston Villa,英格兰超级联赛,左,178,74,0,2
Gerson Guimaraes,波兰,24,FB,68,72,64,44,63,60,66,75,6127045,Lechia Gdańsk,波兰甲级联赛,右,185,75,0,0
Bakary Soro,法国,31,FB,68,68,72,45,54,56,66,77,5289002,AC Arles-Avignon,法国甲级联赛,右,185,74,0,0
Carlos Olascuaga,葡萄牙,24,W,68,74,82,62,63,74,29,64,8129705,Académica de Coimbra,葡萄牙超级联赛,右,175,72,0,0
Mikael Silvestre,德国,39,CM,68,68,44,45,64,58,72,65,3215386,SV Werder Bremen,德国甲级联赛,左,183,83,4,1
Obbi Oulare,比利时,20,ST,68,80,73,64,57,64,22,69,16712744,Club Brugge KV,比利时甲级联赛,右,196,94,0,0
Christian Schneuwly,瑞士,28,CAM,68,68,68,67,68,67,46,65,7320639,FC Thun,瑞士超级联赛,右,178,73,2,0
Bertrand Robert,法国,33,W,68,68,66,61,68,69,30,61,8035325,FC Lorient,法国甲级联赛,左,175,68,0,0
Ismael Bangoura,法国,31,ST,68,68,66,71,50,66,23,54,8036797,Stade Rennais FC,法国甲级联赛,右,175,75,1,0
Calvin Kadi,葡萄牙,29,ST,68,71,74,70,50,56,20,83,11445364,Portimonense,葡萄牙超级联赛,右,180,67,0,0
Marvin Emnes,英格兰,28,W,68,68,82,66,63,70,36,56,3852871,Swansea City,英格兰超级联赛,右,180,66,1,0
Rafidine Abdullah,法国,22,FB,68,72,64,47,66,64,65,66,13282243,FC Lorient,法国甲级联赛,右,178,75,0,0
Michal Maslowski,波兰,27,ST,68,70,71,66,70,70,38,68,10221800,Zawisza Bydgoszcz,波兰甲级联赛,右,178,76,0,0
Federico Ricci,意大利,22,W,68,78,80,62,63,70,46,46,14085077,Genoa,意大利甲级联赛,左,175,63,0,0
Mista,西班牙,38,ST,68,77,69,67,60,72,31,70,8538932,RC Deportivo de La Coruña,西班牙甲级联赛,左,183,74,2,1
Guy Demel,德国,35,CM,68,68,58,47,64,68,70,70,9533195,Hamburger SV,德国甲级联赛,右,188,88,4,3
Jean Deza,法国,23,W,68,75,83,72,64,76,28,56,14416423,Montpellier Hérault SC,法国甲级联赛,右,175,71,1,1
Luca Castellazzi,意大利,41,GK,68,68,33,15,30,20,16,53,4029787,Sampdoria,意大利甲级联赛,左,193,89,0,0
Emiliano Bonazzoli,意大利,37,ST,68,68,61,63,59,62,30,69,5521625,Sampdoria,意大利甲级联赛,右,193,83,1,0
Danilo Soddimo,意大利,29,ST,68,68,77,62,62,71,15,73,6479946,Frosinone,意大利甲级联赛,右,180,70,0,0
Bernd Nehrig,德国,30,FB,68,68,73,59,65,64,67,70,8423954,SpVgg Greuther Fürth,德国甲级联赛,右,180,79,2,0
Nicolas Verdier,比利时,29,ST,68,68,81,71,45,66,20,72,9147129,KV Mechelen,比利时甲级联赛,右,185,75,0,0
Jean-Jacques Gosso,法国,33,FB,68,68,66,47,61,62,69,75,14412343,AS Monaco,法国甲级联赛,右,178,75,1,0
Christian Obodo,意大利,32,CM,68,68,68,63,68,66,70,66,9207559,Lecce,意大利甲级联赛,右,175,72,0,0
Timothy Derijck,荷兰,29,FB,68,68,60,47,61,55,66,75,9010979,ADO Den Haag,荷兰甲级联赛,右,185,83,1,0
Joonas Kolkka,荷兰,42,W,68,75,70,60,66,73,37,57,9293067,NAC Breda,荷兰甲级联赛,右,175,70,0,0
Riccardo Allegretti,意大利,38,CAM,68,75,68,69,73,67,40,62,5883620,Bari,意大利甲级联赛,右,170,70,3,0
Unai Bustinza,西班牙,24,FB,68,74,72,36,46,64,68,66,13359655,Atlético Madrid,西班牙甲级联赛,右,175,76,0,0
Paul Alo'o Efoulou,法国,33,ST,68,68,66,66,59,68,28,66,12194342,AS Nancy-Lorraine,法国甲级联赛,右,175,77,3,0
Johann Ramare,法国,32,CM,68,68,46,49,71,65,68,83,6399417,Stade de Reims,法国甲级联赛,右,180,74,0,0
Hector Quinones,葡萄牙,24,FB,68,73,76,60,57,70,64,62,2533314,FC Penafiel,葡萄牙超级联赛,左,178,68,0,0
Yuji Ono,比利时,24,W,68,72,77,61,65,71,24,65,8718728,Sint-Truidense VV,比利时甲级联赛,右,170,69,0,0
Ribair Rodriguez,意大利,29,FB,68,72,74,55,60,65,70,80,9009846,Siena,意大利甲级联赛,右,183,87,0,0
Tim Matthijs,比利时,33,CM,68,68,62,69,70,68,62,68,7106732,KV Mechelen,比利时甲级联赛,右,180,76,0,0
Jurica Vranjes,德国,36,CM,68,75,60,48,69,60,70,67,5823549,SV Werder Bremen,德国甲级联赛,右,185,76,0,0
Marko Babic,西班牙,35,FB,68,84,76,57,62,72,64,66,7752745,Real Zaragoza,西班牙甲级联赛,左,185,72,1,0
Mario Felgueiras,葡萄牙,30,GK,68,68,40,16,44,14,17,59,15713653,Vitória Setúbal,葡萄牙超级联赛,右,185,80,0,0
Mateusz Matras,波兰,25,CM,68,70,54,50,62,63,66,79,6129865,Piast Gliwice,波兰甲级联赛,右,193,87,0,0
Domingos Alexandre Martins da Costa Alex,葡萄牙,37,CM,68,68,60,50,62,68,69,69,7540365,Vitória Guimarães,葡萄牙超级联赛,右,175,74,0,0
Igor Lewczuk,波兰,31,FB,68,68,78,47,59,60,68,75,6984553,Legia Warszawa,波兰甲级联赛,右,188,85,0,0
Bruno Grougi,法国,33,CAM,68,68,68,68,71,66,48,49,9662714,Stade Brestois 29,法国甲级联赛,右,173,70,15,0
Andrea Rossi,意大利,30,FB,68,68,76,46,56,60,65,58,9381438,Siena,意大利甲级联赛,左,178,71,0,0
Mauro Camoranesi,意大利,40,CM,68,68,54,66,74,74,71,61,5845494,Juventus,意大利甲级联赛,右,173,77,4,9
Osmar Barba,西班牙,28,CM,68,68,37,63,71,58,65,72,5636160,Racing Santander,西班牙甲级联赛,左,193,83,0,0
Stephane Dumont,法国,34,CM,68,68,52,58,70,62,64,68,13618293,LOSC Lille,法国甲级联赛,右,183,80,0,0
Kevin McKenna,德国,36,CM,68,68,32,61,55,43,64,68,5454471,1. FC Köln,德国甲级联赛,右,190,85,4,1
Nono,西班牙,23,CAM,68,76,68,64,72,73,53,57,9308759,Real Betis Balompié,西班牙甲级联赛,右,178,72,0,0
Richard Guzmics,波兰,29,CB,68,68,52,38,50,46,68,79,3916175,Wisła Kraków,波兰甲级联赛,右,190,88,0,0
Stephen Appiah,意大利,36,CM,68,75,71,68,71,65,65,68,4102902,Cesena,意大利甲级联赛,右,178,77,0,0
Danny Hoesen,荷兰,25,ST,68,71,78,66,54,71,27,68,33225304,FC Groningen,荷兰甲级联赛,右,185,81,1,0
Bruno Andrade,荷兰,27,ST,68,69,74,66,57,70,24,66,3426321,Willem II,荷兰甲级联赛,右,175,75,2,3
Federico Agliardi,意大利,33,GK,68,68,46,16,33,19,14,56,3679832,Bologna,意大利甲级联赛,左,190,86,0,0
Andrea Caracciolo,意大利,35,ST,68,68,55,57,46,62,22,75,2865005,Brescia,意大利甲级联赛,右,193,80,16,2
Dario Vujicevic,荷兰,26,CAM,68,69,60,64,67,74,59,65,11041990,Heracles Almelo,荷兰甲级联赛,右,180,74,0,0
Pape Abdou Paye,法国,26,FB,68,70,84,40,58,54,70,68,7136077,FC Lorient,法国甲级联赛,右,170,66,0,0
Odair Fortes,法国,29,W,68,68,90,58,53,79,29,62,7431091,Stade de Reims,法国甲级联赛,右,185,68,7,2
Patrick Ziegler,德国,26,FB,68,70,72,34,62,59,70,75,17837138,SC Paderborn 07,德国甲级联赛,右,188,79,0,0
Hans Sarpei,德国,40,CB,68,68,52,33,57,56,70,65,8606390,FC Schalke 04,德国甲级联赛,右,178,73,0,0
Marcin Kaminski,波兰,24,FB,68,73,76,58,64,62,68,75,18349560,Lech Poznań,波兰甲级联赛,左,193,80,0,0
Claude Dielna,法国,29,FB,68,68,78,60,53,48,66,75,5798400,AC Ajaccio,法国甲级联赛,左,183,86,0,1
Leroy George,荷兰,29,ST,68,68,84,66,59,70,26,70,9299904,N.E.C.,荷兰甲级联赛,左,175,76,0,0
Craig Conway,苏格兰,31,W,68,68,74,64,66,68,40,63,5740122,Dundee United,苏格兰超级联赛,右,175,67,0,0
Paolo Sammarco,意大利,33,CM,68,68,68,61,69,68,61,69,9388873,Sampdoria,意大利甲级联赛,右,183,75,4,1
Jonathan Sesma,西班牙,38,ST,68,78,66,67,65,72,27,64,3541685,Real Valladolid,西班牙甲级联赛,左,175,65,8,0
Alexandre Cuvillier,法国,30,W,68,68,72,61,68,69,35,66,4296688,US Boulogne Cote D'Opale,法国甲级联赛,左,183,72,1,0
Deniss Rakels,波兰,24,ST,68,74,76,67,53,72,22,80,8887798,Cracovia,波兰甲级联赛,右,178,73,0,0
Takafumi Akahoshi,波兰,30,CAM,68,68,64,59,70,67,39,53,8921032,Pogoń Szczecin,波兰甲级联赛,右,175,68,0,0
Marcello Trotta,意大利,24,ST,68,73,68,67,49,62,35,73,9475039,Sassuolo,意大利甲级联赛,左,188,85,0,0
Guillermo,西班牙,23,ST,68,74,77,63,50,71,24,63,6651916,Athletic Club de Bilbao,西班牙甲级联赛,右,180,74,1,0
Alex Menendez,西班牙,25,CM,68,74,76,69,64,70,63,75,5354783,Real Sporting de Gijón,西班牙甲级联赛,左,180,67,0,0
Alessio Cragno,意大利,22,GK,68,77,39,16,31,17,14,57,4861669,Cagliari,意大利甲级联赛,右,183,78,0,0
Magaye Gueye,英格兰,26,ST,68,73,74,71,66,69,33,67,7338833,Everton,英格兰超级联赛,左,178,73,1,3
Emmanuel Frimpong,英格兰,24,CM,68,74,72,62,70,70,65,66,10286818,Wolverhampton Wanderers,英格兰超级联赛,右,180,67,0,2
Inigo Perez,西班牙,28,CM,68,68,68,65,72,70,62,73,14026812,Athletic Club de Bilbao,西班牙甲级联赛,左,178,74,1,1
Gregory Leca,法国,36,CM,68,68,28,58,62,57,67,69,6710817,SM Caen,法国甲级联赛,左,183,84,1,0
Roy Contout,法国,31,W,68,68,82,62,61,73,30,58,4228122,AJ Auxerre,法国甲级联赛,右,175,75,10,2
Habib Beye,英格兰,39,FB,68,68,52,41,60,64,74,67,11170961,Newcastle United,英格兰超级联赛,右,183,79,1,1
Janio Bikel,荷兰,21,FB,68,75,76,46,65,66,66,74,14880354,N.E.C.,荷兰甲级联赛,右,175,63,0,0
Derrick Luckassen,荷兰,21,FB,68,75,74,58,52,58,70,73,13700669,AZ,荷兰甲级联赛,右,185,75,2,0
Queensy Menig,荷兰,21,W,68,77,84,64,61,74,19,56,7484563,PEC Zwolle,荷兰甲级联赛,右,175,69,0,0
Gianluca Gaudino,瑞士,20,CAM,68,81,60,41,76,74,45,51,11880373,FC St. Gallen,瑞士超级联赛,右,175,65,1,0
Joseph Gomez,英格兰,19,FB,68,80,80,31,52,65,68,69,10790785,Liverpool,英格兰超级联赛,右,185,77,0,0
Sergei Kornilenko,英格兰,33,ST,68,68,61,68,59,62,30,73,8238893,Blackpool,英格兰超级联赛,右,185,90,0,0
Chris Brunt,英格兰,32,CAM,68,68,62,77,77,76,66,65,9499799,West Bromwich Albion,英格兰超级联赛,左,188,85,22,28
Michael O'Halloran,苏格兰,25,W,68,72,90,68,54,72,32,68,5379655,St. Johnstone FC,苏格兰超级联赛,右,180,79,0,0
Andrea Mazzarani,意大利,27,ST,68,70,77,63,66,72,20,73,14791218,Novara,意大利甲级联赛,右,180,74,1,2
Gaetan Charbonnier,法国,28,CAM,68,69,30,72,67,75,28,54,11117486,Stade de Reims,法国甲级联赛,右,188,80,9,1
Joao Guilherme,葡萄牙,30,CM,68,73,46,64,59,59,67,70,9034790,CS Marítimo,葡萄牙超级联赛,右,183,74,0,0
Antonio Doblas,西班牙,36,GK,68,68,52,25,34,26,25,59,7606167,Real Zaragoza,西班牙甲级联赛,右,183,81,0,0
David Davis,苏格兰,25,FB,68,72,76,65,61,64,69,77,5102241,Inverness Caledonian Thistle,苏格兰超级联赛,右,178,82,0,0
Jacques Zoua Daogari,瑞士,25,ST,68,73,78,66,63,66,32,75,7743159,FC Basel,瑞士超级联赛,右,185,84,2,0
Patrick Mtiliga,西班牙,35,FB,68,68,72,57,63,62,70,67,5736752,Málaga CF,西班牙甲级联赛,左,170,72,0,0
Zsolt Low,德国,37,FB,68,73,72,50,64,66,65,60,4696447,1. FSV Mainz 05,德国甲级联赛,左,180,70,0,0
Tinoco,葡萄牙,30,CM,68,68,65,60,62,66,67,73,5637972,FC Arouca,葡萄牙超级联赛,左,185,75,0,0
Jan Lecjaks,瑞士,26,CM,68,72,68,57,69,66,66,68,13381396,BSC Young Boys,瑞士超级联赛,左,185,81,2,0
Christopher Noethe,德国,28,ST,68,68,72,66,50,64,30,72,6104163,SpVgg Greuther Fürth,德国甲级联赛,右,183,81,0,0
Carlos Pena,西班牙,33,FB,68,68,74,35,61,62,69,74,7082069,Real Valladolid,西班牙甲级联赛,左,180,76,2,1
Granddi Ngoyi,法国,28,FB,68,68,66,35,60,61,66,76,6435780,ES Troyes AC,法国甲级联赛,右,185,77,1,0
Kristian Bach Bak,荷兰,34,FB,68,68,70,48,55,53,66,79,13743351,SC Heerenveen,荷兰甲级联赛,右,185,83,0,0
Caca,葡萄牙,34,W,68,68,72,67,66,71,32,55,7768437,"União de Leiria, SAD",葡萄牙超级联赛,右,170,66,0,0
Christian Wetklo,德国,36,GK,68,68,32,33,31,28,25,50,9372139,1. FSV Mainz 05,德国甲级联赛,右,190,92,1,1
Erick Pulgar,意大利,22,CM,68,74,69,60,67,62,66,76,13445281,Bologna,意大利甲级联赛,右,185,70,0,0
Paolo Bianco,意大利,39,CB,68,68,43,35,37,38,72,57,3557750,Cagliari,意大利甲级联赛,右,183,77,1,0
Nery Castillo,西班牙,32,ST,68,68,72,70,60,72,25,63,7704392,Rayo Vallecano,西班牙甲级联赛,左,170,61,2,0
Dario Knezevic,意大利,34,FB,68,70,60,44,58,55,68,69,11066107,Livorno,意大利甲级联赛,右,183,80,0,0
Arni Gautur Arason,比利时,41,GK,68,74,56,20,36,20,14,65,9391914,KAA Gent,比利时甲级联赛,右,188,84,0,0
Jamie O'Hara,英格兰,30,CM,68,68,50,70,72,68,60,63,7485587,Wolverhampton Wanderers,英格兰超级联赛,左,178,82,9,10
Enzo Reale,法国,25,CAM,68,72,70,61,71,72,48,56,12861211,FC Lorient,法国甲级联赛,右,175,69,1,0
Fabian Vargas,西班牙,36,CM,68,68,62,64,72,72,65,66,13276678,UD Almería,西班牙甲级联赛,右,178,71,1,1
Ryan McGowan,苏格兰,27,FB,68,70,67,48,55,60,70,67,14227741,Heart of Midlothian,苏格兰超级联赛,右,190,78,0,0
Vincent Muratori,法国,29,CB,68,68,72,23,56,55,68,73,11795270,AS Monaco,法国甲级联赛,左,180,71,0,0
Carlos Bocanegra,法国,37,CB,68,68,46,38,55,52,66,65,3081129,Stade Rennais FC,法国甲级联赛,左,183,77,2,0
Joao Schimdt,葡萄牙,23,CM,68,77,62,68,71,68,62,71,11080545,Vitória Setúbal,葡萄牙超级联赛,左,183,82,0,0
Edson Sitta,葡萄牙,33,CM,68,70,69,73,68,64,68,69,2961883,Vitória Guimarães,葡萄牙超级联赛,右,180,77,0,0
Francisco Sandaza,苏格兰,32,ST,68,68,64,65,60,74,30,76,4610094,Dundee United,苏格兰超级联赛,右,188,83,0,0
Herold Goulon,法国,28,CM,68,69,54,53,64,66,66,66,6763434,Le Mans FC,法国甲级联赛,右,196,96,0,0
Mate Bilic,西班牙,36,ST,68,68,51,70,58,60,36,64,10938672,Real Sporting de Gijón,西班牙甲级联赛,右,185,81,22,3
Markus Berger,葡萄牙,31,CB,68,68,39,52,53,52,68,77,8572337,Académica de Coimbra,葡萄牙超级联赛,右,185,80,0,0
Florent Sinama-Pongolle,法国,32,ST,68,68,74,68,58,65,24,63,13238522,AS Saint-Étienne,法国甲级联赛,右,175,69,14,0
Rodrigo Defendi,葡萄牙,30,CB,68,68,45,30,51,48,68,64,7465256,Vitória Guimarães,葡萄牙超级联赛,左,190,83,0,0
Florian Jungwirth,德国,27,FB,68,68,66,31,63,63,69,77,3640177,SV Darmstadt 98,德国甲级联赛,右,180,77,0,0
Marco Schneuwly,瑞士,31,ST,68,68,66,67,59,60,38,74,9168921,FC Luzern,瑞士超级联赛,左,183,82,11,0
Mikel Labaka,西班牙,36,CB,68,68,42,44,54,50,66,67,4916092,Rayo Vallecano,西班牙甲级联赛,右,185,78,1,0
Collin Benjamin,德国,38,CM,68,68,68,61,67,71,66,73,7734041,Hamburger SV,德国甲级联赛,右,183,80,1,0
Bengali-Fode Koita,法国,26,ST,68,71,78,62,59,72,18,68,5911114,SM Caen,法国甲级联赛,右,185,86,0,0
Andre Lenz,德国,43,GK,68,68,35,18,28,16,14,58,3087569,VfL Wolfsburg,德国甲级联赛,右,190,93,1,0
Axel Bellinghausen,德国,33,FB,68,68,78,62,65,66,65,78,5812558,Fortuna Düsseldorf,德国甲级联赛,左,183,76,5,0
Charlie Davies,法国,30,ST,68,68,78,66,50,68,28,72,8238429,FC Sochaux-Montbéliard,法国甲级联赛,右,178,73,0,0
Immanuel Hoehn,德国,25,CB,68,71,56,32,53,53,70,71,11270381,SC Freiburg,德国甲级联赛,右,183,72,0,0
Hicham Faik,荷兰,23,CAM,68,74,64,72,70,72,52,67,4458752,Roda JC Kerkrade,荷兰甲级联赛,左,188,74,0,0
Wouter Weghorst,荷兰,24,ST,68,73,36,69,46,62,26,78,13731287,Heracles Almelo,荷兰甲级联赛,右,198,84,5,5
Brandley Kuwas,荷兰,24,W,68,74,79,68,61,72,21,60,4988382,Excelsior,荷兰甲级联赛,左,178,73,0,0
Claudio Morel,西班牙,38,FB,68,68,72,60,60,60,70,67,6304967,RC Deportivo de La Coruña,西班牙甲级联赛,左,175,74,0,0
Heinz Barmettler,瑞士,29,CB,68,71,53,31,55,41,69,70,7088084,FC Zürich,瑞士超级联赛,左,183,76,0,0
Alessandro Parisi,意大利,39,CM,68,68,59,67,65,64,68,70,8964797,Bari,意大利甲级联赛,左,183,75,3,1
Ali Al-Habsi,英格兰,35,GK,68,68,48,17,30,16,14,60,8206230,Wigan Athletic,英格兰超级联赛,右,193,79,1,1
Almeida Anderson do Oliveira,葡萄牙,36,CB,68,68,33,50,54,52,68,77,16575519,Vitória Setúbal,葡萄牙超级联赛,右,188,89,0,0
Sergio Rochet,荷兰,23,GK,68,73,48,18,32,22,17,54,7071665,AZ,荷兰甲级联赛,右,190,80,0,0
Yarouba Cissako,比利时,21,FB,68,78,86,35,62,72,65,69,11444446,SV Zulte-Waregem,比利时甲级联赛,右,178,70,0,0
Kevin Doyle,英格兰,33,ST,68,68,69,67,59,66,34,73,5299255,Wolverhampton Wanderers,英格兰超级联赛,右,183,81,20,12
Luis Carlos,葡萄牙,29,W,68,68,88,64,61,68,29,58,16796474,Gil Vicente FC,葡萄牙超级联赛,右,170,64,0,0
Juande,比利时,30,FB,68,68,66,43,67,61,65,72,11881842,KVC Westerlo,比利时甲级联赛,右,183,75,0,0
Nick Blackman,苏格兰,27,ST,68,70,81,72,59,72,32,64,9788813,Motherwell,苏格兰超级联赛,左,185,74,0,1
Victor Palsson,荷兰,25,CM,68,70,66,56,64,60,66,78,8753807,N.E.C.,荷兰甲级联赛,右,185,81,0,0
Boubacar Barry Copa,比利时,37,GK,68,68,48,22,38,30,15,51,8291458,Sporting Lokeren,比利时甲级联赛,右,180,69,0,0
Xavier Margairaz,瑞士,32,CAM,68,72,68,70,71,70,55,71,8125186,FC Zürich,瑞士超级联赛,左,185,81,0,0
Luca Ceccarelli,意大利,33,FB,68,68,72,51,55,62,68,69,5469740,Cesena,意大利甲级联赛,右,183,70,2,4
Hendry Thomas,英格兰,31,FB,68,68,66,46,62,64,67,69,7456115,Wigan Athletic,英格兰超级联赛,右,180,79,0,0
Menno Koch,荷兰,22,CB,68,76,51,35,51,53,68,73,11231097,NAC Breda,荷兰甲级联赛,右,196,78,0,0
Marco Rossi,意大利,29,CB,68,68,65,37,42,40,68,75,4812918,Bari,意大利甲级联赛,左,188,82,1,0
Daniel Jensen,德国,37,CM,68,68,50,64,69,66,61,68,7214695,SV Werder Bremen,德国甲级联赛,右,178,73,0,1
"Onyinye Ndidi,26",比利时,20,FB,68,80,77,55,66,58,68,77,20636238,KRC Genk,比利时甲级联赛,右,188,75,0,0
Nelson Monte,葡萄牙,21,CB,68,77,60,31,44,50,70,75,10084512,Rio Ave FC,葡萄牙超级联赛,右,188,78,0,0
Alberto Guitian,西班牙,26,FB,68,72,66,44,63,61,68,71,6129476,SD Eibar,西班牙甲级联赛,右,183,74,0,0
Jay Spearing,英格兰,28,CM,68,68,70,66,66,68,72,79,7657361,Liverpool,英格兰超级联赛,右,168,70,0,2
Jonathon Grounds,苏格兰,28,FB,68,68,70,40,54,60,69,75,8842856,Hibernian,苏格兰超级联赛,左,185,87,0,0
Florent Hanin,瑞士,26,FB,68,70,84,26,62,65,68,65,7022670,FC St. Gallen,瑞士超级联赛,左,178,75,0,0
Abraham Guie Gneki,法国,30,ST,68,71,80,66,47,68,17,68,8075124,OGC Nice,法国甲级联赛,右,180,70,1,0
Simone Colombi,意大利,25,GK,68,72,40,17,35,16,14,55,9841459,Cagliari,意大利甲级联赛,右,188,83,0,0
David Vaughan,英格兰,33,CM,68,68,36,67,74,71,66,58,10308385,Blackpool,英格兰超级联赛,左,168,70,6,4
Danny Verbeek,荷兰,26,W,68,72,84,61,59,68,22,63,4958105,NAC Breda,荷兰甲级联赛,左,183,65,2,0
Karl Darlow,英格兰,26,GK,68,72,56,13,32,20,16,56,5773661,Newcastle United,英格兰超级联赛,右,185,79,0,0
Gianluca Comotto,意大利,38,FB,68,68,52,41,46,54,71,59,4372538,Fiorentina,意大利甲级联赛,右,180,80,0,2
Goran Karanovic,瑞士,29,W,68,68,78,58,56,64,34,67,9598950,Servette FC,瑞士超级联赛,右,185,82,0,0
Jose Gustavo Sand,西班牙,36,ST,68,68,38,72,52,63,26,68,14649274,RC Deportivo de La Coruña,西班牙甲级联赛,右,183,79,0,0
Joao Silva,葡萄牙,26,ST,68,70,67,64,38,67,15,72,9420796,Vitória Setúbal,葡萄牙超级联赛,右,185,86,0,0
Milan Petrzela,德国,33,ST,68,68,80,67,63,68,27,64,6054607,FC Augsburg,德国甲级联赛,右,170,65,0,0
Dennis Oliech,法国,31,ST,68,68,88,69,58,64,24,74,7696260,AJ Auxerre,法国甲级联赛,右,180,84,11,0
Uros Cosic,意大利,24,FB,68,75,70,34,40,55,70,68,11116095,Pescara,意大利甲级联赛,右,185,82,0,0
Manu Fernandez,西班牙,30,GK,68,68,52,23,32,18,16,60,11444493,RC Deportivo de La Coruña,西班牙甲级联赛,右,183,77,0,0
Cris Santos,葡萄牙,32,FB,68,70,76,54,69,64,64,75,4344370,Académica de Coimbra,葡萄牙超级联赛,右,178,70,0,0
Thomas Guerbert,法国,27,CAM,68,69,74,60,69,68,48,65,8763611,Dijon FCO,法国甲级联赛,右,173,70,1,0
Daniel Brueckner,德国,35,CM,68,68,72,59,66,70,67,66,5974748,SC Paderborn 07,德国甲级联赛,左,183,77,0,0
Fernando Ferreira,葡萄牙,30,CM,68,68,58,68,67,67,62,77,12233301,CF Os Belenenses,葡萄牙超级联赛,右,183,79,0,0
Luka Djordjevic,意大利,22,W,68,78,78,68,62,70,18,58,14553683,Empoli,意大利甲级联赛,右,183,74,0,0
Robert Muehren,荷兰,27,ST,68,69,66,69,63,63,31,63,11684618,AZ,荷兰甲级联赛,右,180,78,3,2
Andre Albino Carvalho da Cunha,葡萄牙,38,CM,68,68,50,65,69,70,60,71,3318809,Gil Vicente FC,葡萄牙超级联赛,右,183,83,0,0
Kevin Jansen,荷兰,24,CM,68,73,66,58,70,67,58,68,3994641,ADO Den Haag,荷兰甲级联赛,右,178,77,0,0
Andy Wilkinson,英格兰,32,CB,68,68,66,23,54,58,73,74,12606841,Stoke City,英格兰超级联赛,右,180,69,1,1
Remi Mareval,比利时,33,CM,68,68,76,70,64,66,66,77,5775473,SV Zulte-Waregem,比利时甲级联赛,左,183,86,0,0
Javier Cohene,葡萄牙,29,CB,68,72,53,37,53,46,67,70,8366202,FC Paços de Ferreira,葡萄牙超级联赛,右,188,80,0,0
Adama Soumaoro,法国,24,CB,68,74,52,38,45,48,68,75,6785968,LOSC Lille,法国甲级联赛,右,188,93,0,0
Patric,意大利,23,FB,68,74,68,56,63,65,68,71,8002963,Lazio,意大利甲级联赛,右,183,72,0,0
Nikola Petkovic,比利时,30,CM,68,68,54,65,58,59,68,70,10008395,KVC Westerlo,比利时甲级联赛,左,188,78,0,0
Jason Roberts,英格兰,38,ST,68,68,52,69,58,65,38,62,10851543,Blackburn Rovers,英格兰超级联赛,右,185,92,18,12
Nejc Pecnik,葡萄牙,30,CAM,68,68,62,67,69,72,38,64,10311245,CD Nacional,葡萄牙超级联赛,右,188,83,0,0
Jerome Prior,法国,21,GK,68,79,52,18,31,20,18,56,13026430,Girondins de Bordeaux,法国甲级联赛,右,183,88,0,0
Ricardo Fuller,英格兰,37,ST,68,68,65,68,61,69,33,67,8304813,Stoke City,英格兰超级联赛,右,190,78,22,9
Elliott Bennett,英格兰,28,W,68,69,82,67,65,68,56,58,13416122,Norwich City,英格兰超级联赛,右,178,73,2,6
Tomoaki Makino,德国,29,FB,68,74,66,38,62,64,70,69,16334876,FC St. Pauli,德国甲级联赛,右,183,76,0,0
Bjoern Helge Riise,英格兰,33,CM,68,68,64,70,66,66,68,71,28588651,Fulham,英格兰超级联赛,右,175,72,0,0
Eric Tie Bi,法国,26,FB,68,72,73,49,66,50,67,71,7952528,Évian Thonon Gaillard FC,法国甲级联赛,右,180,76,0,0
Lassad Nouioui,西班牙,30,ST,68,68,71,68,55,69,28,68,6235765,RC Deportivo de La Coruña,西班牙甲级联赛,右,188,78,12,0
Jean-Michel Lesage,法国,39,ST,68,68,57,70,73,66,30,65,5048859,Le Havre AC,法国甲级联赛,左,178,73,0,0
Glenn Verbauwhede,比利时,31,GK,68,70,60,20,22,18,15,66,10831416,KV Kortrijk,比利时甲级联赛,右,188,80,0,0
Jonathan Blondel,比利时,32,CM,68,68,74,67,68,66,68,72,10712113,Club Brugge KV,比利时甲级联赛,左,173,66,0,0
Julien Faussurier,法国,29,FB,68,68,66,50,68,60,65,80,9541583,FC Sochaux-Montbéliard,法国甲级联赛,右,173,70,3,3
Jerson Cabral,荷兰,25,W,68,71,82,67,51,72,36,52,8024198,Feyenoord,荷兰甲级联赛,左,178,69,2,0
Inaki Astiz,波兰,33,CB,68,68,69,26,54,42,69,70,8891606,Legia Warszawa,波兰甲级联赛,右,185,74,0,0
Jeff Hardeveld,荷兰,21,FB,68,76,66,41,55,60,72,68,4937765,FC Utrecht,荷兰甲级联赛,左,185,73,1,1
Tiago Filipe Gomes,西班牙,31,CAM,68,72,64,67,70,68,53,64,14815367,Hércules Club de Fútbol,西班牙甲级联赛,右,180,76,2,1
Rafael Bastos,葡萄牙,31,W,68,68,74,63,67,72,38,67,14163529,CD Nacional,葡萄牙超级联赛,右,185,72,0,0
Silva Laionel,葡萄牙,30,W,68,71,79,72,59,68,21,46,5564324,Gil Vicente FC,葡萄牙超级联赛,右,173,65,0,0
Kevin Kratz,德国,29,CM,68,68,72,68,68,66,65,78,15875388,Eintracht Braunschweig,德国甲级联赛,右,173,72,1,0
Norman Theuerkauf,德国,29,CM,68,68,55,62,63,62,69,74,6677833,Eintracht Braunschweig,德国甲级联赛,左,183,76,0,1
Maor Bar Buzaglo,比利时,28,W,68,73,72,65,68,70,17,58,11744536,Standard de Liège,比利时甲级联赛,右,175,72,0,0
Bruno Amaro,葡萄牙,33,CAM,68,68,53,75,72,68,60,63,2285132,Vitória Setúbal,葡萄牙超级联赛,右,180,77,0,0
Florian Raspentino,法国,27,ST,68,69,74,65,63,70,15,62,5736771,SC Bastia,法国甲级联赛,右,178,73,9,1
Lorenzo Burnet,荷兰,25,FB,68,71,78,39,61,68,67,59,5037340,FC Groningen,荷兰甲级联赛,左,170,65,1,0
Rudy,比利时,27,W,68,74,82,67,61,74,34,60,5416421,KSV Cercle Brugge,比利时甲级联赛,右,188,73,0,0
Emidio Rafael,葡萄牙,30,CM,68,68,64,64,62,63,70,65,6170962,Académica de Coimbra,葡萄牙超级联赛,左,180,75,0,0
Cleyton,葡萄牙,26,W,68,73,79,67,64,72,48,58,6379796,Académica de Coimbra,葡萄牙超级联赛,右,170,69,0,0
Salim Cisse,葡萄牙,24,ST,68,72,66,68,60,66,24,77,6078999,Académica de Coimbra,葡萄牙超级联赛,左,183,73,0,0
Fabris Fokobo,葡萄牙,22,FB,68,77,70,59,56,51,64,82,8213176,Académica de Coimbra,葡萄牙超级联赛,右,185,83,0,0
Olivier Sorlin,法国,37,CM,68,68,42,66,69,69,68,66,10651919,Évian Thonon Gaillard FC,法国甲级联赛,右,183,74,1,1
Joao Moreno,葡萄牙,35,CM,68,68,49,62,55,50,68,66,7317906,Vitória Guimarães,葡萄牙超级联赛,右,188,82,0,0
Javier Baraja,西班牙,36,CM,68,68,64,69,68,62,66,70,6127589,Real Valladolid,西班牙甲级联赛,右,178,79,4,1
Lionel Cappone,法国,37,GK,68,68,48,17,21,19,17,53,12830829,FC Lorient,法国甲级联赛,右,183,74,0,0
Ronny Philp,德国,27,FB,68,68,78,43,58,66,68,70,11991120,FC Augsburg,德国甲级联赛,右,183,78,0,1
Ousseynou Cisse,比利时,25,CM,68,71,48,50,58,64,67,81,9805606,Waasland-Beveren,比利时甲级联赛,左,196,85,0,0
Max Gruen,德国,29,GK,68,68,50,16,23,13,13,62,6704086,SpVgg Greuther Fürth,德国甲级联赛,右,190,86,0,0
Ruben Lima,葡萄牙,27,FB,68,70,76,55,67,66,67,69,5463765,Vitória Setúbal,葡萄牙超级联赛,左,175,72,0,0
Tcho,葡萄牙,29,CAM,68,72,69,66,65,71,44,62,9592293,CS Marítimo,葡萄牙超级联赛,右,175,70,0,0
Wellington,德国,28,ST,68,81,64,67,61,62,18,65,2091375,TSG 1899 Hoffenheim,德国甲级联赛,右,188,90,3,0
Willyan,葡萄牙,22,W,68,76,80,61,59,74,42,53,15904304,CD Nacional,葡萄牙超级联赛,右,170,69,0,0
Soares Bordignon Arghus,葡萄牙,28,CB,68,68,52,26,54,49,68,73,11162044,SC Braga,葡萄牙超级联赛,左,188,83,0,0
Selim Khelifi,瑞士,22,W,68,74,81,59,61,72,26,57,12366431,FC Lausanne-Sports,瑞士超级联赛,右,173,62,0,0
Mateusz Mak,波兰,25,W,68,72,85,62,63,70,39,68,9904567,GKS Bełchatów,波兰甲级联赛,右,175,64,0,0
Mathieu Coutadeur,法国,30,CAM,68,68,62,68,76,72,56,70,6474340,FC Lorient,法国甲级联赛,右,170,69,2,0
Stefan Babovic,法国,29,W,68,74,69,57,69,80,40,51,6592335,FC Nantes,法国甲级联赛,左,180,77,0,0
Sigamary Diarra,法国,32,W,68,68,80,62,67,66,42,66,21693835,FC Lorient,法国甲级联赛,左,175,74,4,2
Alvaro Gimenez,西班牙,25,W,68,72,78,65,57,73,20,61,6595466,RCD Mallorca,西班牙甲级联赛,右,183,75,2,0
Marco Zambelli,意大利,31,FB,68,68,69,56,53,62,70,70,5814884,Brescia,意大利甲级联赛,右,180,77,0,1
Franco Signorelli,意大利,25,CM,68,72,70,58,71,66,61,67,9368792,Empoli,意大利甲级联赛,右,178,68,0,0
Timo Baumgartl,德国,20,CB,68,80,58,38,50,52,68,69,17344264,VfB Stuttgart,德国甲级联赛,右,190,81,0,0
Nico Elvedi,德国,20,FB,68,83,68,35,53,58,69,71,14250898,Borussia Mönchengladbach,德国甲级联赛,右,188,83,0,0
Sylvain Marchal,法国,36,CB,68,68,34,41,57,44,69,67,5249344,FC Lorient,法国甲级联赛,右,183,83,2,0
Denis Tonucci,法国,28,CB,68,68,49,38,37,46,70,77,5902942,AC Ajaccio,法国甲级联赛,右,183,78,0,1
Anderson Conceicao,西班牙,27,CB,68,70,54,38,50,44,69,69,16076962,RCD Mallorca,西班牙甲级联赛,左,188,81,0,0
Kyle Bartley,苏格兰,25,CB,68,72,66,27,48,42,67,69,8680068,Rangers,苏格兰超级联赛,右,193,94,0,0
Tim Wiese,德国,35,GK,68,68,20,17,28,23,16,43,8547726,SV Werder Bremen,德国甲级联赛,右,193,110,0,1
Ibrahima Mbaye,意大利,22,FB,68,76,76,52,58,67,66,66,6824448,Livorno,意大利甲级联赛,右,188,70,2,0
Aloys Nong,比利时,33,ST,68,68,82,67,57,70,32,79,4330308,KV Mechelen,比利时甲级联赛,右,180,77,0,0
Maciej Dabrowski,波兰,29,CB,68,68,54,41,52,59,66,77,6514410,Pogoń Szczecin,波兰甲级联赛,右,193,88,0,0
Peter Pawlett,苏格兰,25,ST,68,69,84,64,63,69,22,72,5819850,Aberdeen,苏格兰超级联赛,右,178,68,0,0
Rasmus Joensson,德国,26,ST,68,70,68,67,64,71,32,60,8851464,VfL Wolfsburg,德国甲级联赛,右,193,70,0,1
Sonny Kittel,德国,23,W,68,74,68,59,68,73,25,59,14808152,Eintracht Frankfurt,德国甲级联赛,右,178,73,0,0
Paul Stalteri,德国,39,FB,68,76,70,44,55,57,69,73,4257583,Borussia Mönchengladbach,德国甲级联赛,右,180,77,0,0
Teemu Tainio,英格兰,37,CM,68,68,60,60,64,66,66,65,8630181,Sunderland,英格兰超级联赛,右,175,76,0,1
Mourtala Diakite,葡萄牙,36,CM,68,68,52,46,62,58,66,78,9006971,CF Os Belenenses,葡萄牙超级联赛,右,188,80,0,0
Matteo Ciofani,意大利,28,CB,68,68,65,30,47,52,71,75,13335099,Frosinone,意大利甲级联赛,右,183,76,0,0
Antonio Mazzotta,意大利,27,FB,68,70,74,50,53,62,66,68,10542904,Cesena,意大利甲级联赛,左,183,73,0,0
David Edwards,英格兰,30,CM,68,68,66,61,68,66,58,77,12550200,Wolverhampton Wanderers,英格兰超级联赛,右,183,78,5,2
Christian Strohdiek,德国,28,CB,68,68,48,20,42,40,66,67,13089956,SC Paderborn 07,德国甲级联赛,右,193,85,0,0
Shaleum Logan,苏格兰,28,FB,68,68,80,51,57,68,66,66,5496661,Aberdeen,苏格兰超级联赛,右,173,70,0,0
Sebastian Schachten,瑞士,32,FB,68,68,67,54,58,62,69,63,5783472,FC Luzern,瑞士超级联赛,右,190,85,1,0
Ramon Azeez,西班牙,24,FB,68,76,76,57,68,65,65,75,8562674,UD Almería,西班牙甲级联赛,右,170,67,2,1
Brito,葡萄牙,29,ST,68,68,84,63,58,72,23,71,8260836,Boavista FC,葡萄牙超级联赛,右,178,68,0,0
Rafik Halliche,葡萄牙,30,CB,68,73,60,43,53,50,68,69,14883554,Académica de Coimbra,葡萄牙超级联赛,右,188,77,0,0
Francesco Fedato,意大利,24,ST,68,75,81,67,57,75,27,69,8105142,Catania,意大利甲级联赛,右,178,66,0,0
Paolo Hernan Dellafiore,意大利,31,CB,68,68,66,40,45,48,69,69,7134333,Parma,意大利甲级联赛,右,185,74,2,0
Niklas Baerkroth,葡萄牙,24,W,68,73,86,66,64,74,29,63,11349361,"União de Leiria, SAD",葡萄牙超级联赛,右,173,78,0,0
Gino Coutinho,荷兰,34,GK,68,68,54,24,34,22,15,56,3645608,ADO Den Haag,荷兰甲级联赛,右,180,85,0,0
Anthony Gardner,英格兰,36,CB,68,68,58,32,45,41,68,62,14345873,Hull City,英格兰超级联赛,左,196,88,1,0
Niccolo Giannetti,意大利,25,ST,68,72,82,62,59,70,17,73,7369681,Juventus,意大利甲级联赛,右,180,73,0,0
Diogo Viana,葡萄牙,26,W,68,73,83,60,60,72,26,56,15785903,Gil Vicente FC,葡萄牙超级联赛,右,175,68,0,0
Anthony Annan,荷兰,30,FB,68,68,78,56,61,68,68,74,7070509,Vitesse,荷兰甲级联赛,右,175,64,0,0
Kebba Ceesay,波兰,29,FB,68,68,87,54,56,60,65,80,11671959,Lech Poznań,波兰甲级联赛,右,180,78,0,0
Diego Seoane Perez,西班牙,28,FB,68,68,72,47,54,60,70,75,7567945,RC Deportivo de La Coruña,西班牙甲级联赛,右,180,77,0,0
Alexandre Coeff,法国,24,CM,68,72,60,50,65,64,72,72,6422193,GFC Ajaccio,法国甲级联赛,右,185,72,0,0
Robert Acquafresca,意大利,29,ST,68,68,68,61,48,66,12,67,10497233,Cagliari,意大利甲级联赛,右,183,77,34,1
Jose Ariel Nunez,西班牙,28,ST,68,71,78,71,58,69,24,69,9971215,CA Osasuna,西班牙甲级联赛,右,173,71,0,0
Genki Omae,德国,27,W,68,72,80,59,57,70,28,59,9897263,Fortuna Düsseldorf,德国甲级联赛,右,165,67,0,0
Gianni Zuiverloon,荷兰,30,FB,68,68,71,50,66,65,70,74,5717170,ADO Den Haag,荷兰甲级联赛,右,178,74,1,1
Ibrahim Amadou,法国,23,FB,68,76,78,44,61,62,68,73,9025621,LOSC Lille,法国甲级联赛,右,183,81,0,0
Gaston Brugman,意大利,24,CAM,68,73,70,58,73,70,38,60,5863543,Palermo,意大利甲级联赛,右,175,66,0,0
Junior Oto'o Zue,葡萄牙,22,FB,68,74,77,28,49,72,68,72,5365780,Tondela,葡萄牙超级联赛,右,183,72,0,0
Vladimir Koman,意大利,27,CAM,68,72,72,67,73,69,52,59,12240646,Sampdoria,意大利甲级联赛,右,173,67,2,0
Ricardo Dani,葡萄牙,34,CM,68,68,50,53,65,64,68,65,9398577,Vitória Setúbal,葡萄牙超级联赛,右,178,80,0,0
Danny Koevermans,荷兰,38,ST,68,68,33,72,46,59,35,64,5578084,PSV,荷兰甲级联赛,右,190,79,0,0
Benjamin Leroy,法国,27,GK,68,69,34,16,17,16,13,39,9080811,Évian Thonon Gaillard FC,法国甲级联赛,右,185,74,0,0
Arlind Ajeti,瑞士,23,FB,68,76,72,36,54,50,66,75,8514570,FC Basel,瑞士超级联赛,右,183,83,0,0
Igor Stefanovic,葡萄牙,29,GK,68,68,44,18,30,20,16,57,5733263,Moreirense FC,葡萄牙超级联赛,右,193,86,0,0
Rafael Romo,意大利,26,GK,68,70,50,16,30,17,17,56,10284847,Lazio,意大利甲级联赛,右,198,85,0,0
Dorin Goian,苏格兰,36,FB,68,68,60,55,54,58,68,62,9656886,Rangers,苏格兰超级联赛,右,193,83,1,0
Jere Uronen,比利时,22,FB,68,76,72,62,64,64,67,69,11519947,KRC Genk,比利时甲级联赛,左,178,69,0,0
Andjelko Djuricic,葡萄牙,36,GK,68,75,42,13,30,17,17,40,6133596,"União de Leiria, SAD",葡萄牙超级联赛,右,190,85,0,0
Pavle Ninkov,法国,31,CM,68,68,60,63,71,70,67,70,5325565,Toulouse FC,法国甲级联赛,右,180,80,0,2
Neal Maupay,法国,20,W,68,79,82,64,61,71,30,55,10476506,OGC Nice,法国甲级联赛,右,170,69,5,0
Jose Gomes de Moraes Edmilson,西班牙,40,CM,68,68,38,67,75,64,66,52,4806293,Real Zaragoza,西班牙甲级联赛,右,185,75,1,0
Dean Moxey,英格兰,30,FB,68,68,70,57,57,67,68,67,9055447,Crystal Palace,英格兰超级联赛,左,188,70,0,1
Alvaro Anton,西班牙,33,CAM,68,68,68,67,73,70,45,59,13000362,CD Numancia,西班牙甲级联赛,右,178,70,0,0
Ruben Ligeon,荷兰,24,FB,68,73,89,50,56,70,64,65,14046522,NAC Breda,荷兰甲级联赛,右,175,60,0,1
Mike van Duinen,荷兰,25,ST,68,72,76,67,58,69,41,76,5792640,ADO Den Haag,荷兰甲级联赛,右,188,74,4,2
Daniel Fox,英格兰,30,CM,68,68,66,54,66,67,67,71,10157197,Southampton,英格兰超级联赛,左,180,78,2,3
Sheldon Bateau,比利时,25,FB,68,71,71,34,50,62,66,74,6822902,KV Mechelen,比利时甲级联赛,右,185,85,0,0
Raman Chibsah,意大利,23,CM,68,76,68,57,67,68,63,71,10733545,Sassuolo,意大利甲级联赛,右,178,78,0,0
Gael Danic,法国,35,W,68,68,62,63,67,70,31,59,6549418,Valenciennes FC,法国甲级联赛,左,175,65,15,0
Banel Nicolita,法国,31,ST,68,68,72,64,61,66,47,69,5461425,AS Saint-Étienne,法国甲级联赛,右,178,71,4,3
Alex Baptiste,英格兰,30,FB,68,68,72,46,51,56,72,80,17192155,Blackpool,英格兰超级联赛,右,180,74,2,0
Stefano Lucchini,意大利,36,CB,68,68,52,39,46,41,66,71,4878058,Sampdoria,意大利甲级联赛,右,185,76,1,2
Valeri Bojinov,意大利,30,ST,68,68,67,69,57,72,25,71,10674974,Parma,意大利甲级联赛,左,180,72,13,2
Martin Joergensen,意大利,41,CAM,68,68,52,69,74,72,62,54,5056913,Fiorentina,意大利甲级联赛,右,178,75,2,0
Nick van der Velden,荷兰,35,CM,68,68,56,70,66,69,59,70,11145304,N.E.C.,荷兰甲级联赛,右,188,78,2,1
Bryan Bergougnoux,法国,33,ST,68,68,68,68,65,70,34,62,8907698,Toulouse FC,法国甲级联赛,右,178,79,0,0
Nwankwo Obiorah,葡萄牙,25,FB,68,73,72,53,65,63,64,85,8038296,Académica de Coimbra,葡萄牙超级联赛,右,188,89,0,0
Demarai Gray,英格兰,20,W,68,82,90,65,56,76,22,59,8870447,Chelsea,英格兰超级联赛,右,178,66,0,0
Wouter Biebauw,比利时,32,GK,68,68,32,13,22,22,14,54,4706398,KV Mechelen,比利时甲级联赛,右,188,82,0,0
Marco Rigoni,意大利,36,CAM,68,68,66,65,71,70,49,63,3315613,Novara,意大利甲级联赛,右,175,68,13,2
Andre Bahia,荷兰,33,CB,68,68,62,40,54,50,70,74,3848332,Feyenoord,荷兰甲级联赛,左,183,80,1,0
Francisco Pavon,法国,36,FB,68,75,60,44,60,52,66,71,10117105,AC Arles-Avignon,法国甲级联赛,右,188,78,2,0
Elisson,葡萄牙,29,GK,68,68,48,16,35,14,15,41,6230837,CD Nacional,葡萄牙超级联赛,右,188,85,0,0
Miguel Pedro,葡萄牙,33,ST,68,68,66,66,63,70,29,60,5475787,Vitória Setúbal,葡萄牙超级联赛,右,175,70,0,0
Ronnie Schwartz,法国,27,ST,68,70,87,71,55,64,25,63,14023285,En Avant de Guingamp,法国甲级联赛,右,183,80,0,0
Chris Eagles,英格兰,31,W,68,68,70,67,67,71,29,60,6320326,Bolton Wanderers,英格兰超级联赛,右,183,67,6,8
Ander Murillo,西班牙,33,CB,68,73,61,33,55,54,70,67,6545652,Real Betis Balompié,西班牙甲级联赛,左,183,84,0,0
Mario Bermejo,西班牙,38,CAM,68,68,38,64,61,58,36,63,9594035,Xerez Club Deportivo,西班牙甲级联赛,右,178,70,17,1
Vasco Fernandes,葡萄牙,30,FB,68,72,75,44,58,64,66,85,12700361,S.C. Olhanense,葡萄牙超级联赛,右,180,72,0,0
Alessandro Potenza,意大利,32,FB,68,68,65,44,52,50,70,70,28179429,Catania,意大利甲级联赛,右,185,79,1,1
Kari Arnason,苏格兰,34,CM,68,68,32,55,60,51,66,73,9146098,Aberdeen,苏格兰超级联赛,右,190,79,0,0
Massimo Mutarelli,意大利,38,CM,68,75,65,58,70,68,68,68,7225705,Bologna,意大利甲级联赛,右,178,72,1,1
Alan Mannus,苏格兰,34,GK,68,68,41,15,29,18,16,50,21239551,St. Johnstone FC,苏格兰超级联赛,右,188,92,0,0
Gaston Sauro,瑞士,26,CB,68,70,57,38,51,54,66,76,6213466,FC Basel,瑞士超级联赛,右,190,84,0,0
Lulinha,葡萄牙,26,W,68,75,80,67,64,74,25,59,5601414,S.C. Olhanense,葡萄牙超级联赛,右,170,70,0,0
Jaroslaw Fojut,波兰,29,CB,68,68,65,46,51,40,68,70,9278890,Śląsk Wrocław,波兰甲级联赛,右,188,83,0,0
Joey O'Brien,英格兰,30,CM,68,68,52,45,64,65,73,73,6360396,West Ham United,英格兰超级联赛,右,180,70,3,6
Virgil Misidjan,荷兰,23,W,68,77,88,60,51,72,21,56,9917022,Willem II,荷兰甲级联赛,右,173,61,0,0
Declan John,英格兰,21,FB,68,79,84,58,59,66,66,63,11204709,Cardiff City,英格兰超级联赛,左,178,75,0,0
Manolo Reina,西班牙,31,GK,68,68,56,18,34,15,14,59,7729784,Levante UD,西班牙甲级联赛,右,185,80,0,0
Richairo Zivkovic,荷兰,20,ST,68,77,78,71,61,68,14,64,6588303,FC Groningen,荷兰甲级联赛,右,188,75,1,1
Marvin Peersman,荷兰,25,FB,68,71,70,53,54,60,70,78,7303622,SC Cambuur,荷兰甲级联赛,左,183,69,0,0
Ezequiel Calvente,葡萄牙,25,W,68,74,85,54,54,76,28,55,4360538,FC Penafiel,葡萄牙超级联赛,右,170,59,0,0
Vicente Gomez,西班牙,28,CM,68,69,54,60,73,67,64,67,7046402,UD Las Palmas,西班牙甲级联赛,左,188,78,0,0
Parfait Mandanda,比利时,27,GK,68,70,46,17,25,16,16,55,11195004,Sporting Charleroi,比利时甲级联赛,右,183,78,0,0
Rafael Lopes,葡萄牙,25,ST,68,74,70,68,45,60,20,75,4390456,Académica de Coimbra,葡萄牙超级联赛,右,183,81,0,0
Christian,葡萄牙,27,CAM,68,69,68,72,70,70,42,63,6395597,FC Paços de Ferreira,葡萄牙超级联赛,左,183,83,0,0
Oumar Diakhite,葡萄牙,23,CB,68,77,50,42,54,52,66,76,9345331,S.C. Olhanense,葡萄牙超级联赛,右,190,82,0,0
Mahmoud Kahraba,瑞士,22,W,68,76,82,64,56,78,25,65,12097272,FC Luzern,瑞士超级联赛,右,183,76,0,0
Hans Hateboer,荷兰,22,FB,68,75,73,49,51,60,68,73,10223989,FC Groningen,荷兰甲级联赛,右,188,74,1,2
Elinton Andrade,法国,37,GK,68,68,28,15,24,14,15,45,8703331,Olympique de Marseille,法国甲级联赛,右,190,86,0,0
Johny Placide,法国,28,GK,68,68,54,12,31,14,14,50,6286915,Stade de Reims,法国甲级联赛,右,180,89,1,0
Wilfried Sanou,德国,32,W,68,73,88,52,54,73,15,62,6467645,1. FC Köln,德国甲级联赛,右,165,64,2,0
Adil Chihi,德国,28,W,68,68,75,63,63,72,28,62,7092165,1. FC Köln,德国甲级联赛,左,183,78,7,2
Antoine van der Linden,荷兰,40,CM,68,68,38,43,63,60,68,61,6032923,Heracles Almelo,荷兰甲级联赛,左,185,84,0,0
Ken Ilsoe,德国,30,W,68,70,72,68,68,70,32,61,3873367,Fortuna Düsseldorf,德国甲级联赛,右,183,77,2,0
Fredrik Ulvestad,英格兰,24,CAM,68,73,70,67,69,72,54,70,4054424,Aston Villa,英格兰超级联赛,右,183,79,0,0
Pavel Krmas,德国,36,GK,68,68,30,38,38,34,70,53,6108446,SC Freiburg,德国甲级联赛,左,193,86,4,1
Raul Lizoain,西班牙,25,GK,68,72,51,16,23,14,14,55,11081805,UD Las Palmas,西班牙甲级联赛,左,188,80,0,0
Stevie May,苏格兰,24,ST,68,75,76,67,61,66,24,73,14397744,St. Johnstone FC,苏格兰超级联赛,右,178,67,0,0
Andrea Dossena,意大利,35,CM,68,68,65,65,66,68,68,65,3816529,Napoli,意大利甲级联赛,左,180,77,0,0
Gege,葡萄牙,28,CB,68,68,68,35,52,50,66,78,5745209,CS Marítimo,葡萄牙超级联赛,右,183,81,0,0
Mario Maloca,波兰,27,CB,68,69,64,36,33,36,68,76,11371443,Lechia Gdańsk,波兰甲级联赛,右,190,83,0,0
Valery Nahayo,比利时,32,CB,68,68,64,39,47,46,66,73,5059742,KAA Gent,比利时甲级联赛,右,190,82,0,0
Riccardo Perpetuini,意大利,26,CM,68,80,75,51,72,70,57,69,4443017,Lazio,意大利甲级联赛,右,173,71,0,0
Funso Ojo,荷兰,25,CAM,68,73,72,67,70,66,58,68,4305750,Willem II,荷兰甲级联赛,右,178,71,1,0
Darren O'Dea,苏格兰,29,FB,68,68,60,28,58,60,68,64,9240573,Celtic,苏格兰超级联赛,左,185,82,0,0
David Goodwillie,苏格兰,27,ST,68,68,84,66,64,68,22,74,22006322,Dundee United,苏格兰超级联赛,右,175,72,2,1
Jorge Ribeiro,葡萄牙,35,CM,68,68,72,67,69,64,64,66,11643461,Vitória Guimarães,葡萄牙超级联赛,左,173,67,0,0
Bruno Lopes,葡萄牙,30,ST,68,68,68,71,62,66,44,60,9726281,Estoril Praia,葡萄牙超级联赛,右,180,75,0,0
Aaron Mokoena,英格兰,36,FB,68,68,58,42,64,64,71,71,4653980,Portsmouth,英格兰超级联赛,右,183,82,0,0
Morten Gamst Pedersen,英格兰,35,CAM,68,68,52,68,72,66,52,66,4052545,Blackburn Rovers,英格兰超级联赛,左,183,74,12,26
Steven Reid,英格兰,35,CM,68,68,53,72,70,64,68,67,4296608,West Bromwich Albion,英格兰超级联赛,右,180,87,3,9
Jonathan Ligali,法国,25,GK,68,72,44,15,31,14,14,54,9552179,Montpellier Hérault SC,法国甲级联赛,右,183,86,0,0
Dragan Mrdja,瑞士,32,ST,68,68,68,67,51,63,17,73,11941417,FC Sion,瑞士超级联赛,右,188,80,0,0
Ricardo Gomes,葡萄牙,25,ST,68,74,72,70,62,74,23,72,4717934,CD Nacional,葡萄牙超级联赛,右,188,89,0,0
Bobley Anderson,西班牙,24,W,68,75,74,66,69,77,29,62,5634398,Málaga CF,西班牙甲级联赛,右,185,80,0,0
Hebert,波兰,25,CB,68,72,62,36,45,32,68,71,7612429,Piast Gliwice,波兰甲级联赛,左,190,85,0,0
Teddy Chevalier,比利时,29,ST,68,68,78,70,63,68,31,72,8758628,SV Zulte-Waregem,比利时甲级联赛,右,178,76,0,0
Pablo Barrera,西班牙,29,W,68,68,78,65,61,72,42,69,4047775,Real Zaragoza,西班牙甲级联赛,右,178,72,1,0
Joey Pelupessy,荷兰,23,FB,68,74,68,44,71,69,67,63,5728742,Heracles Almelo,荷兰甲级联赛,右,173,63,0,0
Cas Peters,荷兰,23,ST,68,74,76,71,55,68,15,70,12782508,De Graafschap,荷兰甲级联赛,右,183,81,0,0
Marcelo Moretto,波兰,38,GK,68,69,50,14,22,16,13,70,6865615,Arka Gdynia,波兰甲级联赛,右,196,94,0,0
Marcel Ndjeng,德国,34,FB,68,68,80,62,67,72,65,73,5296790,Hertha BSC Berlin,德国甲级联赛,右,180,72,1,1
Cristiano Lupatelli,意大利,38,GK,68,68,32,25,24,25,25,40,10225350,Cagliari,意大利甲级联赛,左,188,84,0,0
Joao Afonso,葡萄牙,34,GK,68,68,32,27,44,42,68,53,9881986,CF Os Belenenses,葡萄牙超级联赛,右,193,87,0,0
Corentin Fiore,比利时,21,FB,68,78,69,37,66,58,69,69,5332037,Standard de Liège,比利时甲级联赛,左,183,75,0,0
Eduard Campabadal,西班牙,23,CB,68,73,74,19,49,58,70,68,5264947,Córdoba CF,西班牙甲级联赛,右,178,77,0,0
Steven Caldwell,英格兰,36,CB,68,68,54,35,54,52,68,69,8849802,Burnley,英格兰超级联赛,右,188,72,1,0
Simone Tiribocchi,意大利,38,ST,68,68,65,73,48,66,32,63,6027432,Lecce,意大利甲级联赛,右,180,85,25,1
Sergio Bernardo Almiron,意大利,36,CM,68,68,34,71,77,72,60,52,4691241,Catania,意大利甲级联赛,右,180,78,14,1
Pierre Sagna,葡萄牙,26,FB,68,71,78,45,58,63,68,68,5589121,Moreirense FC,葡萄牙超级联赛,右,183,76,0,0
Michael Parkhurst,德国,32,FB,68,68,65,41,65,62,69,69,10008264,Bayer 04 Leverkusen,德国甲级联赛,右,180,72,0,0
Anthony Deroin,法国,37,CAM,68,68,52,61,72,72,51,56,7045850,SM Caen,法国甲级联赛,右,163,66,0,0
Orlando Engelaar,荷兰,37,CM,68,68,41,70,71,66,59,58,4565283,PSV,荷兰甲级联赛,左,198,93,2,1
David Hubert,比利时,28,CM,68,68,56,58,63,59,69,69,18142933,KRC Genk,比利时甲级联赛,右,183,79,0,0
Ariel Borysiuk,波兰,25,CM,68,71,64,67,69,65,66,72,7437155,Legia Warszawa,波兰甲级联赛,右,180,70,1,0
Carlos Labrin,意大利,26,CB,68,71,59,36,39,43,70,71,5837768,Palermo,意大利甲级联赛,右,180,81,0,0
Gabriel Tamas,英格兰,33,CM,68,68,41,62,54,54,70,66,6354670,West Bromwich Albion,英格兰超级联赛,右,188,79,1,0
Jerome Thomas,英格兰,33,W,68,68,74,62,68,70,38,56,22023129,West Bromwich Albion,英格兰超级联赛,右,178,73,4,7
Jan Wuytens,荷兰,31,CM,68,68,32,54,57,54,67,64,6807331,FC Utrecht,荷兰甲级联赛,左,190,83,0,0
Guido Milan,法国,29,GK,68,68,40,30,42,32,69,70,3935286,FC Metz,法国甲级联赛,右,193,92,0,0
Leo Itaperuna,瑞士,27,W,68,69,79,65,57,72,31,65,5663375,FC Sion,瑞士超级联赛,右,173,63,1,0
Remi Walter,法国,21,CM,68,79,68,61,71,69,63,65,6983639,OGC Nice,法国甲级联赛,左,175,72,0,0
Javier Ros,西班牙,26,CAM,68,70,73,68,72,64,60,70,7663213,Real Sociedad,西班牙甲级联赛,右,175,69,0,0
Matthew James,英格兰,25,CM,68,73,68,63,70,68,65,71,11252127,Leicester City,英格兰超级联赛,右,178,73,0,0
John Bostock,比利时,24,CAM,68,72,66,72,70,70,47,72,6700679,Oud-Heverlee Leuven,比利时甲级联赛,左,188,83,0,0
Scott McDonald,苏格兰,33,ST,68,68,69,65,64,70,40,75,6306150,Celtic,苏格兰超级联赛,右,173,78,2,0
Ivan Trickovski,比利时,29,ST,68,68,69,69,64,72,32,67,9342956,Club Brugge KV,比利时甲级联赛,右,183,79,0,0
Fernando Cardozo,葡萄牙,37,FB,68,69,64,54,62,52,68,72,4633222,CS Marítimo,葡萄牙超级联赛,右,185,74,0,0
Kenan Karaman,德国,22,ST,68,74,66,68,60,72,20,66,8490284,Hannover 96,德国甲级联赛,左,188,83,0,0
Leandro Silva,葡萄牙,22,CAM,68,75,70,70,72,68,59,65,8558915,Académica de Coimbra,葡萄牙超级联赛,右,173,71,0,0
Christiaan Kum,荷兰,31,FB,68,68,71,49,60,57,73,72,8715621,ADO Den Haag,荷兰甲级联赛,右,183,70,2,0
Patrick Ekeng Ekeng,瑞士,26,FB,68,73,78,59,67,68,66,73,9570654,FC Lausanne-Sports,瑞士超级联赛,右,180,70,0,0
Boy Waterman,荷兰,32,GK,68,68,52,29,34,28,24,54,13567256,De Graafschap,荷兰甲级联赛,右,188,83,0,0
Gregory Pujol,法国,36,ST,68,68,50,71,69,69,30,66,3700422,Valenciennes FC,法国甲级联赛,右,183,70,23,0
Mathias Schober,德国,40,GK,68,68,46,23,26,12,17,66,6081075,FC Schalke 04,德国甲级联赛,左,190,94,0,0
Marcel Ritzmaier,荷兰,23,CAM,68,74,72,68,70,73,58,61,12379870,SC Cambuur,荷兰甲级联赛,左,180,75,0,0
Piotr Grzelczak,波兰,28,ST,68,68,70,72,58,67,32,70,14011832,Lechia Gdańsk,波兰甲级联赛,右,185,82,0,0
Arturo Alvarez,葡萄牙,31,W,68,68,77,69,63,70,34,58,7839105,FC Paços de Ferreira,葡萄牙超级联赛,左,175,77,0,0
Oliver Fink,德国,34,CM,68,68,55,63,66,66,68,77,4791242,Fortuna Düsseldorf,德国甲级联赛,右,188,80,3,0
Freddy Adu,葡萄牙,27,W,68,70,74,61,66,74,24,50,8638827,CF Os Belenenses,葡萄牙超级联赛,左,170,66,0,0
Gaston Sangoy,西班牙,32,ST,68,68,55,75,46,56,20,68,8469413,Real Sporting de Gijón,西班牙甲级联赛,右,178,78,6,1
Ched Evans,英格兰,28,ST,68,73,69,68,59,66,40,72,15564074,Manchester City,英格兰超级联赛,右,183,76,1,1
Simone Benedetti,意大利,24,CB,68,73,66,42,41,41,69,77,15814301,Cagliari,意大利甲级联赛,右,190,80,0,0
Efrain Juarez,西班牙,28,FB,68,68,70,56,64,66,66,71,5708769,Real Zaragoza,西班牙甲级联赛,右,180,76,1,0
Stefano Magnasco,荷兰,24,FB,68,74,78,38,58,62,65,74,21757424,FC Groningen,荷兰甲级联赛,右,175,72,0,0
Esmael Goncalves,葡萄牙,25,ST,68,74,72,66,57,70,24,73,7411749,Rio Ave FC,葡萄牙超级联赛,右,183,88,2,0
Fabio Felicio,葡萄牙,34,W,68,68,74,56,67,74,40,46,5688628,Rio Ave FC,葡萄牙超级联赛,左,170,60,0,0
Adam Fraczczak,波兰,29,FB,68,68,80,61,68,61,64,82,15936394,Pogoń Szczecin,波兰甲级联赛,右,183,76,0,0
Martin Milec,比利时,25,FB,68,71,77,50,60,62,67,70,15589025,Standard de Liège,比利时甲级联赛,右,175,69,0,0
Andrew O'Brien,英格兰,37,CB,68,68,53,38,60,47,67,65,3652363,Bolton Wanderers,英格兰超级联赛,右,190,74,1,2
Jan Mucha,波兰,34,GK,68,68,42,25,26,24,24,55,9941109,Legia Warszawa,波兰甲级联赛,右,188,87,0,0
Wojciech Golla,波兰,24,CB,68,72,58,37,59,50,69,75,11975621,Pogoń Szczecin,波兰甲级联赛,右,183,80,0,0
Emanuel Pogatetz,德国,33,GK,68,68,34,37,46,34,68,71,6420084,Hannover 96,德国甲级联赛,左,190,90,5,0
Fanol Perdedaj,德国,25,FB,68,74,74,48,62,64,67,79,12221976,Hertha BSC Berlin,德国甲级联赛,右,173,70,0,0
Cristophe Diandy,比利时,26,FB,68,70,70,52,66,67,66,75,15428396,Sporting Charleroi,比利时甲级联赛,左,185,77,0,0
Stanislav Sestak,德国,34,ST,68,68,82,69,62,68,26,66,15567805,VfL Bochum,德国甲级联赛,右,178,73,15,0
Hidde Jurjus,荷兰,22,GK,68,78,44,17,35,22,17,58,13881182,De Graafschap,荷兰甲级联赛,右,188,77,0,0
"Shadrach Eghan Kwesi,20",荷兰,22,W,68,73,78,67,67,72,45,60,8976331,FC Twente,荷兰甲级联赛,右,165,70,0,0
Stefan Thesker,荷兰,25,FB,68,72,66,40,48,58,70,65,13631530,FC Twente,荷兰甲级联赛,左,190,84,0,0
Cristian Battocchio,意大利,24,CAM,68,73,74,66,70,73,58,63,11433741,Fiorentina,意大利甲级联赛,右,170,64,0,0
Shiran Yeini,荷兰,30,FB,68,68,58,43,63,60,72,63,7353248,Vitesse,荷兰甲级联赛,右,178,71,0,0
Oussama Darragi,瑞士,29,ST,68,68,64,66,68,68,32,62,13146851,FC Sion,瑞士超级联赛,右,190,78,0,0
Dani Schahin,德国,27,ST,68,70,64,67,49,65,33,74,8675904,Fortuna Düsseldorf,德国甲级联赛,右,188,82,9,0
Mads Junker,荷兰,35,ST,68,68,65,66,67,68,26,64,9572929,Roda JC Kerkrade,荷兰甲级联赛,右,183,76,0,0
Baptiste Guillaume,法国,21,ST,68,75,54,66,56,70,20,64,9571682,RC Lens,法国甲级联赛,右,188,77,0,0
Matt Doherty,苏格兰,24,FB,68,73,74,50,65,68,68,75,13872490,Hibernian,苏格兰超级联赛,右,183,89,0,0
Sebastian Freis,德国,31,ST,68,68,74,67,61,66,40,71,7244707,SC Freiburg,德国甲级联赛,右,183,78,19,1
Adrian Gunino,法国,27,FB,68,71,81,53,60,69,66,71,9341950,Toulouse FC,法国甲级联赛,右,168,64,1,0
Sean Klaiber,荷兰,22,FB,68,74,74,62,63,64,67,75,5604749,FC Utrecht,荷兰甲级联赛,右,183,75,2,1
Yohandry Orozco,德国,25,W,68,75,70,58,64,73,26,54,9983424,VfL Wolfsburg,德国甲级联赛,左,165,55,0,0
Brayan Angulo,西班牙,27,FB,68,74,82,64,59,72,70,80,4073017,Granada CF,西班牙甲级联赛,左,173,72,1,1
Karim Onisiwo,德国,24,W,68,74,79,64,67,69,23,65,10160625,1. FSV Mainz 05,德国甲级联赛,右,188,76,0,0
Mitchell te Vrede,荷兰,25,ST,68,72,59,61,54,58,22,72,12554983,SC Heerenveen,荷兰甲级联赛,右,193,83,2,0
Stefano Marzo,荷兰,25,FB,68,71,74,28,57,64,70,67,5139169,SC Heerenveen,荷兰甲级联赛,右,180,72,0,2
Peter van Ooijen,荷兰,24,CAM,68,72,66,67,71,69,62,63,11482916,Go Ahead Eagles,荷兰甲级联赛,右,178,67,0,1
Rajko Brezancic,荷兰,27,FB,68,70,76,37,56,64,69,71,5448202,AZ,荷兰甲级联赛,左,175,74,0,0
Liam Craig,苏格兰,30,CM,68,68,74,66,68,70,62,71,4857160,St. Johnstone FC,苏格兰超级联赛,左,183,82,0,0
Moris Carrozzieri,意大利,36,GK,68,68,34,44,43,30,70,59,4543674,Palermo,意大利甲级联赛,右,193,90,1,0
Anice Badri,比利时,26,ST,68,70,79,70,63,70,20,62,8576302,Royal Excel Mouscron,比利时甲级联赛,右,178,73,0,0
Filip Krovinovic,葡萄牙,21,CAM,68,77,68,55,76,72,42,50,11794179,Rio Ave FC,葡萄牙超级联赛,右,175,70,0,0
Lee Carsley,英格兰,42,CM,68,78,62,61,69,52,69,71,8030567,Birmingham City,英格兰超级联赛,右,178,76,0,0
Akaki Gogia,德国,24,W,68,73,74,62,62,72,26,62,7239390,FC Augsburg,德国甲级联赛,右,178,73,0,0
Andrew Driver,苏格兰,29,W,68,68,78,61,65,72,50,76,9140583,Heart of Midlothian,苏格兰超级联赛,左,175,69,0,0
Sebastian Kerk,德国,22,ST,68,75,70,71,66,70,30,59,10213766,SC Freiburg,德国甲级联赛,左,183,76,0,0
Saif Ghezal,瑞士,35,CB,68,68,54,38,62,55,66,70,7115190,FC Thun,瑞士超级联赛,右,188,83,0,0
Miguel Fidalgo,葡萄牙,34,ST,68,68,58,63,63,61,33,63,5341591,Académica de Coimbra,葡萄牙超级联赛,右,178,72,0,0
Mitchell Donald,荷兰,28,CM,68,69,69,69,69,68,61,77,4347259,Roda JC Kerkrade,荷兰甲级联赛,右,183,75,0,0
Guillermo Varela,英格兰,23,FB,68,76,82,32,52,66,68,67,7081363,Manchester United,英格兰超级联赛,右,170,69,0,0
Nikola Storm,比利时,22,W,68,77,79,61,60,73,17,66,13810971,Club Brugge KV,比利时甲级联赛,右,178,71,0,0
Boli Bolingoli-Mbombo,比利时,21,FB,68,76,86,61,59,66,64,79,19471171,Club Brugge KV,比利时甲级联赛,左,180,72,0,0
Jose Nadson,比利时,32,CB,68,68,50,38,61,56,69,65,10608866,KRC Genk,比利时甲级联赛,左,190,84,0,0
Cedric Yambere,法国,26,CB,68,72,50,30,45,34,69,71,4212721,Girondins de Bordeaux,法国甲级联赛,右,190,81,0,0
Jack Collison,英格兰,28,CM,68,69,55,67,71,68,59,71,8448462,West Ham United,英格兰超级联赛,右,183,75,7,4
Ryan Koolwijk,荷兰,31,CM,68,69,41,58,72,67,57,73,8352275,N.E.C.,荷兰甲级联赛,左,196,75,1,0
Loosemy Karaboue,法国,28,ST,68,68,76,73,61,70,31,68,8881972,AS Nancy-Lorraine,法国甲级联赛,右,173,73,3,0
Henrique Almeida,西班牙,25,ST,68,76,68,66,59,71,31,63,9292248,Granada CF,西班牙甲级联赛,右,178,77,0,0
Calvin Jong-a-Pin,荷兰,30,FB,68,70,76,36,52,60,70,72,7948482,SC Heerenveen,荷兰甲级联赛,左,183,75,0,0
Aron Gunnarsson,英格兰,27,CM,68,69,67,64,67,68,66,74,6128265,Cardiff City,英格兰超级联赛,右,178,70,1,2
Dion Malone,荷兰,27,CM,68,69,58,51,62,63,68,78,18213691,ADO Den Haag,荷兰甲级联赛,右,185,82,0,3
David Ducourtioux,法国,38,CM,68,68,60,61,71,62,70,64,7027147,Valenciennes FC,法国甲级联赛,右,178,68,3,1
Jerome Le Moigne,法国,33,CM,68,68,42,62,71,66,56,74,5792489,RC Lens,法国甲级联赛,右,188,77,0,0
Stephen Warnock,英格兰,35,CM,68,68,58,55,56,62,71,72,4236143,Aston Villa,英格兰超级联赛,左,178,75,6,8
Abel Tamata,荷兰,26,FB,68,71,70,50,58,65,70,75,11790557,Roda JC Kerkrade,荷兰甲级联赛,右,183,77,0,0
Ted van de Pavert,荷兰,24,FB,68,72,58,49,57,54,67,76,9539364,De Graafschap,荷兰甲级联赛,左,193,82,0,0
Andreas Ibertsberger,德国,34,FB,68,68,74,31,55,60,70,68,16900632,TSG 1899 Hoffenheim,德国甲级联赛,右,178,77,1,0
Shani Tarashaj,瑞士,21,W,68,80,82,63,60,68,18,61,18683673,Grasshopper Club Zürich,瑞士超级联赛,右,178,76,4,0
Giorgi Chanturia,荷兰,23,W,68,74,74,66,59,81,22,62,3434067,Vitesse,荷兰甲级联赛,左,180,80,0,0
Naser Aliji,瑞士,23,FB,68,73,85,36,42,68,67,71,7857571,FC Basel,瑞士超级联赛,左,178,73,0,0
Collins Fai,比利时,24,FB,68,72,84,35,58,62,68,69,29226991,Standard de Liège,比利时甲级联赛,右,168,60,0,0
Michael Heinloth,德国,24,FB,68,70,68,40,53,62,70,75,14375977,SC Paderborn 07,德国甲级联赛,右,178,75,0,0
Tomasz Radzinski,比利时,43,ST,68,79,73,68,68,66,34,62,4183732,Lierse SK,比利时甲级联赛,右,175,74,0,0
Alexandre Bonnet,法国,30,W,68,68,75,66,65,68,34,56,4199344,Toulouse FC,法国甲级联赛,左,173,65,0,0
Salif Diao,英格兰,39,CM,68,68,30,50,70,62,69,61,7464944,Stoke City,英格兰超级联赛,右,183,73,1,0
Gheorghe Grozav,比利时,26,ST,68,74,78,69,57,70,29,70,10373696,Standard de Liège,比利时甲级联赛,右,188,74,0,0
Branko Ilic,西班牙,33,CM,68,68,62,57,63,56,72,71,9210708,Real Betis Balompié,西班牙甲级联赛,右,188,80,0,0
Alef,葡萄牙,21,CM,68,77,60,49,66,62,68,70,7713594,SC Braga,葡萄牙超级联赛,右,185,71,0,0
Luca Belingheri,意大利,33,CAM,68,68,70,62,70,70,47,73,7091282,Livorno,意大利甲级联赛,右,183,70,0,0
Damian Dabrowski,波兰,24,FB,68,76,74,59,69,64,70,72,10571541,Cracovia,波兰甲级联赛,右,178,73,0,0
Gianni Bruno,法国,25,ST,68,74,66,63,57,70,19,60,6768012,SC Bastia,法国甲级联赛,右,180,74,9,0
Jonathan Parr,英格兰,28,FB,68,68,74,56,60,64,67,73,8714252,Crystal Palace,英格兰超级联赛,左,183,75,0,0
Veroljub Salatic,瑞士,31,CM,68,68,58,57,66,62,68,69,8793504,Grasshopper Club Zürich,瑞士超级联赛,右,185,86,1,0
Bruno Moraes,葡萄牙,32,ST,68,68,65,67,56,68,26,64,13510313,"União de Leiria, SAD",葡萄牙超级联赛,右,180,72,0,0
Louis Nganioni,荷兰,21,FB,68,77,78,47,59,70,64,74,10854082,FC Utrecht,荷兰甲级联赛,左,178,77,0,0
Krisztian Vermes,荷兰,31,FB,68,72,66,43,66,60,68,68,8243139,Sparta Rotterdam,荷兰甲级联赛,右,183,79,0,0
Lukas Jarolim,意大利,40,CAM,68,75,64,60,75,66,50,62,10141450,Siena,意大利甲级联赛,右,175,71,1,0
Alberto Brignoli,意大利,25,GK,68,74,32,16,29,18,12,45,10754440,Juventus,意大利甲级联赛,左,188,74,0,0
Ibrahima Cisse,比利时,22,FB,68,74,76,45,65,62,67,77,8910944,KV Mechelen,比利时甲级联赛,右,180,80,0,0
Fabio Faria,葡萄牙,27,CM,68,75,42,47,60,56,67,62,13313973,Rio Ave FC,葡萄牙超级联赛,左,188,85,0,0
Mauro Caballero,瑞士,22,ST,68,80,76,64,55,66,19,64,10109978,FC Vaduz,瑞士超级联赛,左,175,65,0,0
Leon Best,英格兰,30,ST,67,67,67,67,56,66,24,72,7503759,Newcastle United,英格兰超级联赛,右,185,91,10,2
Gevero Markiet,荷兰,25,CB,67,71,62,31,44,61,63,80,4716340,FC Utrecht,荷兰甲级联赛,右,183,90,4,1
Danny Shittu,英格兰,36,CB,67,67,36,50,34,42,65,65,5566570,Bolton Wanderers,英格兰超级联赛,右,190,95,1,0
Tomas Pekhart,德国,27,ST,67,68,52,66,53,60,26,69,4818741,1. FC Nürnberg,德国甲级联赛,右,193,93,15,0
Betinho,葡萄牙,23,ST,67,73,71,66,49,64,17,65,9410212,Vitória Setúbal,葡萄牙超级联赛,右,178,74,0,0
Pablo Mari Villar,西班牙,23,FB,67,77,66,44,46,48,66,70,17259719,Granada CF,西班牙甲级联赛,左,190,87,0,0
Artur Wichniarek,德国,39,ST,67,74,70,66,57,69,28,65,9552828,DSC Arminia Bielefeld,德国甲级联赛,右,183,79,14,0
Lukas Sinkiewicz,德国,31,CM,67,69,52,51,57,48,65,68,7100620,Bayer 04 Leverkusen,德国甲级联赛,右,193,91,1,0
Abdoulaye Faye,英格兰,38,GK,67,67,30,44,49,43,66,66,8942425,Stoke City,英格兰超级联赛,右,188,99,6,0
Kevin Lejeune,法国,31,CAM,67,67,66,56,71,67,36,65,7068235,FC Metz,法国甲级联赛,左,180,81,0,0
Jean-Sebastien Jaures,德国,39,FB,67,74,73,51,64,66,68,67,9350444,Borussia Mönchengladbach,德国甲级联赛,左,175,76,0,0
Mario Sampirisi,意大利,24,FB,67,72,68,37,55,58,68,68,7106983,Genoa,意大利甲级联赛,右,188,83,0,0
Vicente Moreno,西班牙,42,CM,67,75,52,53,68,56,69,63,4271236,Xerez Club Deportivo,西班牙甲级联赛,右,188,81,1,0
Victorien Angban,比利时,20,CM,67,79,68,51,71,72,60,69,13195509,Sint-Truidense VV,比利时甲级联赛,右,180,68,0,0
Jeremie Boga,法国,19,W,67,82,80,68,64,68,36,65,6686462,Stade Rennais FC,法国甲级联赛,右,173,69,0,0
Jose Moraton,西班牙,37,CB,67,75,56,40,54,50,68,70,6143384,Racing Santander,西班牙甲级联赛,右,185,78,0,0
Cristian Portilla,西班牙,28,CAM,67,68,70,67,73,67,43,68,8438466,Real Sporting de Gijón,西班牙甲级联赛,左,180,75,0,0
Mikael Ishak,瑞士,23,ST,67,74,68,69,48,68,40,73,10116599,FC St. Gallen,瑞士超级联赛,右,185,79,0,0
Mitchell Paulissen,荷兰,23,W,67,74,77,60,66,68,42,63,11768424,Roda JC Kerkrade,荷兰甲级联赛,右,185,77,0,0
Romeu Rocha,葡萄牙,30,CM,67,67,50,57,58,58,69,75,6836487,FC Paços de Ferreira,葡萄牙超级联赛,左,185,72,0,0
Jeremy Berthod,法国,32,FB,67,67,65,44,61,45,66,72,12353604,AJ Auxerre,法国甲级联赛,左,180,74,0,0
Gil Vermouth,荷兰,31,W,67,70,72,62,64,74,38,59,15340034,De Graafschap,荷兰甲级联赛,右,175,71,0,0
Giovanaz Assis,葡萄牙,27,GK,67,69,44,17,34,17,12,51,4930148,Vitória Guimarães,葡萄牙超级联赛,右,188,92,0,0
Darley,荷兰,27,GK,67,75,62,25,32,28,24,68,6723146,Feyenoord,荷兰甲级联赛,右,188,76,0,0
Mitchell Schet,荷兰,28,W,67,67,84,62,55,68,30,66,5959524,ADO Den Haag,荷兰甲级联赛,右,175,70,0,0
Peguy Luyindula,法国,37,CAM,67,67,62,65,66,66,38,61,7674994,Paris Saint-Germain,法国甲级联赛,右,178,72,0,0
William Alves,葡萄牙,29,CB,67,67,65,39,50,55,70,76,23485686,Vitória Setúbal,葡萄牙超级联赛,右,188,84,0,0
David Mateos,西班牙,29,CM,67,67,43,57,60,43,68,53,2331325,Real Zaragoza,西班牙甲级联赛,右,190,82,0,0
Steve Gohouri,英格兰,35,CB,67,67,53,50,43,42,67,67,6726854,Wigan Athletic,英格兰超级联赛,左,188,88,5,1
Keith Treacy,英格兰,28,ST,67,68,76,70,63,67,29,66,6914899,Blackburn Rovers,英格兰超级联赛,左,183,80,0,0
Athanasios Petsos,德国,25,CM,67,71,59,66,65,61,64,76,6509294,1. FC Kaiserslautern,德国甲级联赛,右,183,80,1,0
Antonio Lopez,西班牙,35,CM,67,67,62,62,65,63,68,59,8410208,Atlético Madrid,西班牙甲级联赛,左,175,74,4,2
Pieter Gerkens,比利时,21,CM,67,75,56,54,71,66,64,62,6705839,KRC Genk,比利时甲级联赛,右,180,72,0,0
Jamie Hamill,苏格兰,30,CM,67,67,60,53,63,64,64,83,8037394,Kilmarnock,苏格兰超级联赛,右,173,71,0,0
Marc Pfitzner,德国,32,CM,67,67,66,64,60,63,69,73,13328884,Eintracht Braunschweig,德国甲级联赛,右,183,79,0,0
Joao Amorim,葡萄牙,24,FB,67,73,72,40,49,61,71,71,7536509,Vitória Guimarães,葡萄牙超级联赛,右,178,73,0,0
Alex Pinardi,意大利,36,CAM,67,67,54,62,70,70,42,55,5894309,Novara,意大利甲级联赛,右,180,74,0,0
Franck Dja Djedje,法国,30,W,67,67,84,61,59,70,29,65,6884303,AC Arles-Avignon,法国甲级联赛,右,175,72,4,0
Anthony Andreu,苏格兰,28,CAM,67,67,67,67,66,66,55,66,11658465,Hamilton Academical FC,苏格兰超级联赛,右,178,73,0,0
Billy McKay,苏格兰,28,ST,67,68,73,66,59,66,32,73,8184991,Inverness Caledonian Thistle,苏格兰超级联赛,右,170,68,0,0
Patryk Malecki,波兰,28,ST,67,68,74,66,63,66,43,74,6215649,Wisła Kraków,波兰甲级联赛,右,170,73,0,0
Jeroen Veldmate,荷兰,28,CM,67,68,33,55,63,52,68,69,7498283,Heracles Almelo,荷兰甲级联赛,左,188,87,1,1
Martijn van der Laan,荷兰,28,FB,67,68,72,56,63,66,67,70,4331313,SC Cambuur,荷兰甲级联赛,左,175,75,0,0
Kevin van Diermen,荷兰,27,CB,67,68,48,26,54,54,66,75,7080427,Vitesse,荷兰甲级联赛,右,190,81,0,0
Niki Maeenpaeae,荷兰,31,GK,67,67,34,17,19,16,13,47,4039280,VVV-Venlo,荷兰甲级联赛,右,190,85,0,0
Glynor Plet,荷兰,29,ST,67,67,60,67,54,62,23,58,9161896,Heracles Almelo,荷兰甲级联赛,右,193,84,1,0
Andrew Taylor,英格兰,30,FB,67,67,68,45,60,66,68,69,5885203,Middlesbrough,英格兰超级联赛,左,178,69,0,0
"Richard Zajac,28",波兰,40,GK,67,67,20,23,27,28,25,42,8071013,Podbeskidzie Bielsko-Biała,波兰甲级联赛,右,185,81,0,0
Kevin Begois,荷兰,34,GK,67,67,46,20,24,24,18,58,4846515,VVV-Venlo,荷兰甲级联赛,右,185,78,0,0
Pa Modou Kah,荷兰,36,FB,67,67,64,43,47,54,64,69,5119154,Roda JC Kerkrade,荷兰甲级联赛,右,185,79,0,0
David Biton,波兰,28,ST,67,69,65,70,50,62,25,63,8345523,Wisła Kraków,波兰甲级联赛,右,188,81,0,0
Jody Lukoki,荷兰,24,W,67,73,94,51,50,71,26,54,5531986,SC Cambuur,荷兰甲级联赛,右,173,61,2,2
Christoph Dabrowski,德国,38,CM,67,67,50,63,64,56,66,73,10710979,VfL Bochum,德国甲级联赛,右,196,82,7,0
Vitali Balashov,波兰,25,W,67,71,82,63,52,66,20,46,7308488,Wisła Kraków,波兰甲级联赛,右,170,60,0,0
Uros Matic,荷兰,26,CAM,67,72,70,63,67,66,52,77,6376182,NAC Breda,荷兰甲级联赛,左,183,77,0,1
Jamie MacDonald,苏格兰,30,GK,67,67,22,17,31,17,17,53,3900082,Heart of Midlothian,苏格兰超级联赛,右,185,79,0,0
Alex Ferrari,意大利,22,FB,67,74,76,40,45,58,68,69,15581138,Bologna,意大利甲级联赛,右,183,70,0,0
Matteo Fedele,瑞士,24,CM,67,72,66,59,71,65,58,67,13080739,FC Sion,瑞士超级联赛,右,185,75,0,0
Sehrou Guirassy,法国,20,ST,67,77,71,65,57,67,31,69,19239113,LOSC Lille,法国甲级联赛,右,188,82,0,0
William Troost-Ekong,荷兰,23,CB,67,74,69,27,45,36,66,73,7480410,FC Dordrecht,荷兰甲级联赛,右,190,82,0,0
Ulysse Diallo,葡萄牙,24,ST,67,72,76,66,42,60,22,66,6263821,CD Nacional,葡萄牙超级联赛,左,180,77,0,0
Jose Manuel Ze Gomes,葡萄牙,40,CM,67,67,60,60,64,62,70,61,4424076,Rio Ave FC,葡萄牙超级联赛,右,175,79,0,0
Jordy Buijs,荷兰,28,CM,67,67,42,65,66,64,67,68,11038264,NAC Breda,荷兰甲级联赛,右,185,80,0,0
Raul Tamudo,西班牙,39,ST,67,67,53,66,64,64,26,47,6907287,RCD Espanyol,西班牙甲级联赛,右,180,74,26,0
Issam Jemaa,法国,32,ST,67,67,76,66,59,71,28,65,10472088,RC Lens,法国甲级联赛,左,185,80,7,0
Sam Winnall,苏格兰,25,ST,67,70,78,69,41,66,18,68,5130675,Inverness Caledonian Thistle,苏格兰超级联赛,右,175,71,0,0
Guy Ramos,荷兰,31,CM,67,67,55,53,49,58,63,76,5562294,RKC Waalwijk,荷兰甲级联赛,右,183,83,0,0
Barry Maguire,荷兰,27,CM,67,69,64,58,69,66,59,70,11896964,VVV-Venlo,荷兰甲级联赛,右,180,80,0,0
Yohan Boli,比利时,23,ST,67,72,80,67,53,67,36,72,3814720,Sint-Truidense VV,比利时甲级联赛,右,180,76,0,0
Lucas Woudenberg,荷兰,22,FB,67,74,75,36,58,58,66,75,4815202,N.E.C.,荷兰甲级联赛,左,185,70,0,0
Joey Sleegers,荷兰,22,W,67,75,67,60,65,72,21,53,21403228,N.E.C.,荷兰甲级联赛,右,178,65,0,0
Tomas Micola,法国,28,CAM,67,70,70,65,70,70,40,61,17154483,Stade Brestois 29,法国甲级联赛,右,178,75,0,0
Andre Hainault,苏格兰,30,FB,67,67,58,48,51,54,65,75,5446496,Ross County FC,苏格兰超级联赛,右,183,80,0,0
Callum McGregor,苏格兰,23,W,67,75,68,65,66,69,37,58,11046390,Celtic,苏格兰超级联赛,左,178,67,0,0
Giliano Wijnaldum,荷兰,24,FB,67,72,74,55,60,70,66,74,13295077,FC Groningen,荷兰甲级联赛,左,180,76,0,0
Goran Obradovic,瑞士,40,CAM,67,67,48,71,77,67,45,55,6806856,FC Sion,瑞士超级联赛,右,188,81,0,0
Achmed Ahahaoui,荷兰,33,ST,67,69,74,65,59,69,27,62,7939413,VVV-Venlo,荷兰甲级联赛,右,178,69,0,0
Adriano Ferreira Pinto,意大利,37,CAM,67,67,70,67,68,71,56,57,6387645,Atalanta,意大利甲级联赛,右,178,81,6,0
Adriano Pereira da Silva,法国,34,FB,67,67,67,55,52,50,68,79,7711266,AS Monaco,法国甲级联赛,右,180,75,3,0
Santi Kolk,荷兰,35,ST,67,67,66,66,64,68,28,66,5691605,Vitesse,荷兰甲级联赛,右,180,76,0,0
David Edgar,英格兰,29,FB,67,67,66,53,57,61,66,78,9824251,Newcastle United,英格兰超级联赛,右,188,70,1,1
Miroslav Covilo,波兰,30,CB,67,67,54,45,62,58,68,78,9158519,Cracovia,波兰甲级联赛,右,193,93,0,0
Michele Camporese,意大利,24,FB,67,73,67,34,43,55,69,69,9568326,Fiorentina,意大利甲级联赛,右,185,75,2,0
Stephan Salger,德国,26,FB,67,69,74,41,55,60,66,72,6585568,1. FC Köln,德国甲级联赛,左,183,76,0,0
Laszlo Kleinheisler,德国,22,CAM,67,75,73,59,68,66,56,61,11811551,Borussia Mönchengladbach,德国甲级联赛,右,173,70,0,0
Bas Kuipers,荷兰,22,FB,67,73,67,44,54,64,68,67,15255803,Excelsior,荷兰甲级联赛,左,180,74,0,0
Jean-Philippe Gbamin,法国,21,FB,67,77,68,31,64,66,68,72,16181572,RC Lens,法国甲级联赛,右,185,83,0,0
Jakub Wawrzyniak,波兰,33,FB,67,67,66,49,60,64,67,72,7399679,Legia Warszawa,波兰甲级联赛,左,188,85,0,1
Ismael Gace,法国,30,CB,67,69,78,33,46,44,64,75,6665873,OGC Nice,法国甲级联赛,左,180,77,0,0
Victor Garcia,葡萄牙,22,FB,67,77,76,38,45,56,67,66,5991956,SC Braga,葡萄牙超级联赛,右,175,70,0,0
Boban Jovic,波兰,25,FB,67,70,79,40,57,64,68,59,5589551,Wisła Kraków,波兰甲级联赛,右,178,74,0,0
Santiago Leonardo,荷兰,33,W,67,67,79,63,53,79,18,56,5734690,NAC Breda,荷兰甲级联赛,左,170,70,1,0
Rade Krunic,意大利,23,W,67,75,71,61,69,70,39,63,7104642,Empoli,意大利甲级联赛,右,183,74,0,0
Federico Di Francesco,意大利,22,W,67,75,73,53,63,70,26,52,3416686,Pescara,意大利甲级联赛,右,178,71,0,0
Vincent Vermeij,荷兰,22,ST,67,75,66,59,54,62,22,75,4883237,De Graafschap,荷兰甲级联赛,右,196,79,0,0
Gregory Paisley,法国,39,FB,67,67,52,35,57,52,65,59,6047432,OGC Nice,法国甲级联赛,左,183,82,0,0
Pavel Pogrebnyak,德国,33,ST,67,67,48,72,58,65,28,67,3299803,VfB Stuttgart,德国甲级联赛,左,188,91,26,3
Xander Houtkoop,荷兰,27,W,67,68,84,64,59,67,21,60,7861642,Go Ahead Eagles,荷兰甲级联赛,左,175,71,3,0
Mitch Apau,比利时,26,FB,67,68,79,50,48,62,67,72,6470296,KVC Westerlo,比利时甲级联赛,右,183,82,0,0
Milan Djuric,意大利,26,ST,67,69,56,66,49,62,21,73,7708292,Cesena,意大利甲级联赛,右,198,94,0,0
Rydell Poepon,荷兰,29,ST,67,67,65,66,63,69,38,70,8369396,De Graafschap,荷兰甲级联赛,右,180,86,0,0
Morten Thorsby,荷兰,20,CM,67,77,69,56,64,72,61,78,12590747,SC Heerenveen,荷兰甲级联赛,右,185,72,0,0
Arne Slot,荷兰,38,CM,67,67,49,68,71,68,58,62,6028426,Sparta Rotterdam,荷兰甲级联赛,右,185,75,0,0
Mathias Gehrt,荷兰,24,W,67,71,76,60,70,65,24,47,4763128,ADO Den Haag,荷兰甲级联赛,右,175,75,2,0
Leozinho,葡萄牙,28,W,67,68,76,62,60,69,30,53,13841412,Boavista FC,葡萄牙超级联赛,左,170,67,0,0
Marko Basic,瑞士,28,FB,67,67,68,39,64,59,66,78,9637598,Grasshopper Club Zürich,瑞士超级联赛,右,188,81,1,0
Bakary Soumare,法国,31,CB,67,67,58,38,50,51,66,77,6206703,US Boulogne Cote D'Opale,法国甲级联赛,右,193,93,0,0
Isaiah Brown,荷兰,19,W,67,79,76,57,68,74,37,69,8212567,Vitesse,荷兰甲级联赛,右,183,70,0,0
Lorenzo Stovini,意大利,40,CB,67,67,42,40,47,50,70,61,3722796,Catania,意大利甲级联赛,右,185,80,0,0
Roman Bednar,英格兰,33,ST,67,67,52,70,57,62,22,74,6621327,West Bromwich Albion,英格兰超级联赛,右,190,84,7,1
Ivica Banovic,德国,36,CM,67,67,53,59,64,65,64,77,3489438,SC Freiburg,德国甲级联赛,右,185,77,4,0
Jose Gaspar,葡萄牙,41,CB,67,67,41,34,51,35,68,64,6001635,Rio Ave FC,葡萄牙超级联赛,右,190,84,0,0
Jailson,葡萄牙,35,ST,67,69,78,64,55,68,16,67,4324809,Vitória Setúbal,葡萄牙超级联赛,右,175,67,0,0
Igor Martinez,西班牙,27,CAM,67,69,74,67,62,72,54,70,7931401,Athletic Club de Bilbao,西班牙甲级联赛,右,170,68,0,2
Iago Bouzon,西班牙,33,CM,67,67,48,42,57,54,67,58,4836784,RC Recreativo,西班牙甲级联赛,右,183,74,0,0
Amidu Salifu,意大利,24,FB,67,73,75,62,66,66,65,83,9404553,Fiorentina,意大利甲级联赛,右,183,78,0,0
Wesley Verhoek,荷兰,30,ST,67,67,65,69,67,66,28,59,4442796,ADO Den Haag,荷兰甲级联赛,右,188,85,3,0
Lucas Souza,葡萄牙,26,CM,67,69,56,61,60,60,66,72,11324405,S.C. Olhanense,葡萄牙超级联赛,右,185,80,0,0
Kamil Sylwestrzak,波兰,28,FB,67,68,78,46,53,56,68,74,8552488,Korona Kielce,波兰甲级联赛,左,188,76,0,0
Riccardo Cazzola,意大利,31,CM,67,67,54,62,70,64,60,68,4570309,Atalanta,意大利甲级联赛,右,188,83,0,0
Magnus Eriksson,比利时,26,ST,67,69,60,69,69,68,41,74,4085212,KAA Gent,比利时甲级联赛,左,180,79,0,0
"Carlos Milhazes,22",葡萄牙,35,CM,67,67,58,60,62,58,68,73,4199482,Vitória Guimarães,葡萄牙超级联赛,左,180,77,0,0
Joao Gois,葡萄牙,26,FB,67,69,68,45,45,64,71,65,8220702,FC Paços de Ferreira,葡萄牙超级联赛,右,175,66,0,0
Nelson Barbosa,葡萄牙,28,FB,67,67,75,39,50,68,67,63,10197111,FC Arouca,葡萄牙超级联赛,左,175,67,0,0
Antonio Langella,意大利,39,ST,67,81,83,74,56,67,38,59,5977084,Chievo Verona,意大利甲级联赛,左,183,81,2,1
Junior Kabananga,比利时,27,ST,67,68,76,67,54,67,24,75,8172071,KSV Cercle Brugge,比利时甲级联赛,左,188,91,0,0
Alje Schut,荷兰,35,GK,67,67,32,38,55,36,67,58,5037366,FC Utrecht,荷兰甲级联赛,左,193,97,0,0
Mark-Jan Fledderus,荷兰,34,CM,67,67,49,73,68,66,70,70,4950417,Heracles Almelo,荷兰甲级联赛,左,178,71,1,1
Mustapha Jarju Alasan,比利时,30,ST,67,70,74,70,57,68,30,68,12967530,RAEC Mons,比利时甲级联赛,右,183,81,0,0
Chaker Alhadhur,法国,25,FB,67,70,68,42,55,60,71,50,9561181,FC Nantes,法国甲级联赛,右,173,65,0,0
Ryan Tunnicliffe,英格兰,24,CM,67,73,68,61,68,67,64,69,5288449,Fulham,英格兰超级联赛,右,183,80,0,1
Nivaldo,西班牙,36,CM,67,67,34,44,55,54,66,57,3046566,Real Valladolid,西班牙甲级联赛,左,188,79,3,0
Peniel Kokou Mlapa,德国,25,ST,67,71,78,65,58,68,26,75,4310850,TSG 1899 Hoffenheim,德国甲级联赛,右,193,89,9,0
Jhon Murillo,葡萄牙,21,W,67,79,92,68,45,72,18,57,10705387,Tondela,葡萄牙超级联赛,右,170,63,0,0
Wylan Cyprien,法国,21,FB,67,77,82,53,69,71,60,59,7231196,RC Lens,法国甲级联赛,右,180,75,0,0
Richard Ofori,葡萄牙,23,FB,67,73,86,36,53,66,64,71,16939158,Académica de Coimbra,葡萄牙超级联赛,左,180,66,0,0
Bruno Petkovic,意大利,22,ST,67,72,62,65,71,70,17,70,4100669,Catania,意大利甲级联赛,右,193,88,0,0
Athanassios Papazoglou,比利时,28,ST,67,67,48,68,59,62,23,71,4613153,KV Kortrijk,比利时甲级联赛,右,196,92,0,0
Mirko Eramo,意大利,27,CAM,67,69,71,64,66,68,55,71,5984379,Sampdoria,意大利甲级联赛,右,183,75,0,0
Lorenzo Squizzi,意大利,42,GK,67,67,39,28,28,26,25,49,3760421,Chievo Verona,意大利甲级联赛,右,190,89,0,0
Ondrej Petrak,德国,24,FB,67,73,76,40,68,60,66,74,14879856,1. FC Nürnberg,德国甲级联赛,右,185,79,0,0
Arjan Swinkels,荷兰,32,CB,67,67,54,33,52,43,66,75,6655231,Willem II,荷兰甲级联赛,左,183,81,0,0
Sanharib Bueyueksal,荷兰,32,ST,67,67,64,65,42,62,38,70,5248588,Roda JC Kerkrade,荷兰甲级联赛,右,178,75,0,0
Fabio Daprela,意大利,25,FB,67,69,76,55,62,70,64,80,8240637,Palermo,意大利甲级联赛,左,180,65,0,0
Bruno Severino,葡萄牙,30,W,67,71,81,62,55,64,28,51,8371010,Vitória Setúbal,葡萄牙超级联赛,右,170,61,0,0
Piotr Polczak,波兰,30,GK,67,67,36,34,45,46,66,68,6732696,Cracovia,波兰甲级联赛,右,193,75,0,0
Adriano Russo,意大利,29,CB,67,67,54,25,42,38,68,71,8178465,Frosinone,意大利甲级联赛,右,185,72,0,0
Alberto Pelagotti,意大利,27,GK,67,67,40,15,19,12,16,58,7499527,Empoli,意大利甲级联赛,右,188,82,0,0
Marcos Antonio,葡萄牙,33,CB,67,67,54,39,51,48,66,72,18796014,CF Os Belenenses,葡萄牙超级联赛,右,188,89,0,0
Vullnet Basha,瑞士,26,FB,67,71,68,56,61,56,67,68,4443052,FC Sion,瑞士超级联赛,左,178,72,0,0
Frank van der Struijk,荷兰,31,CB,67,67,52,40,52,57,74,72,9048335,Vitesse,荷兰甲级联赛,右,180,73,0,1
Jesper Joergensen,比利时,32,CAM,67,67,63,70,70,70,58,71,11426740,KAA Gent,比利时甲级联赛,右,183,79,0,0
Johan Elmander,英格兰,35,ST,67,67,64,68,64,64,32,71,8494285,Bolton Wanderers,英格兰超级联赛,右,188,90,19,12
Lucas Bijker,荷兰,23,FB,67,73,74,32,58,64,68,76,4343571,SC Cambuur,荷兰甲级联赛,左,175,74,0,1
Kevin Garcia,西班牙,27,FB,67,74,76,44,56,60,67,71,7826927,RCD Mallorca,西班牙甲级联赛,左,175,75,2,0
Weldon,葡萄牙,36,ST,67,67,71,65,61,68,25,65,8564250,SL Benfica,葡萄牙超级联赛,右,183,78,0,0
Pape Habib Sow,葡萄牙,31,CB,67,67,59,43,60,56,68,80,8439280,Académica de Coimbra,葡萄牙超级联赛,右,180,76,0,0
Luigi Vitale,意大利,29,CM,67,67,74,65,65,66,63,75,10788430,Napoli,意大利甲级联赛,左,178,71,1,1
Hoerdur Magnusson,意大利,23,FB,67,73,60,49,47,49,69,70,9178435,Cesena,意大利甲级联赛,左,190,81,0,0
Roberto Rodriguez,瑞士,26,W,67,70,86,54,63,68,43,63,8710695,FC St. Gallen,瑞士超级联赛,右,180,76,0,0
Tae-Hee Nam,法国,25,W,67,69,74,62,64,67,47,57,9589406,Valenciennes FC,法国甲级联赛,右,175,72,0,0
Marius Zaliukas,苏格兰,33,FB,67,67,68,40,51,49,66,71,10221437,Heart of Midlothian,苏格兰超级联赛,右,190,84,0,0
Tomas Cerny,苏格兰,31,GK,67,67,43,16,39,17,18,60,6051632,Hamilton Academical FC,苏格兰超级联赛,左,183,83,0,0
Michal Svec,荷兰,29,FB,67,70,66,49,65,66,65,74,6745610,SC Heerenveen,荷兰甲级联赛,右,180,68,0,0
Konstantin Engel,德国,28,FB,67,67,65,41,56,59,69,72,6530915,FC Ingolstadt 04,德国甲级联赛,右,178,79,0,0
Salva Ruiz,西班牙,21,FB,67,75,68,30,58,64,68,70,7526764,Granada CF,西班牙甲级联赛,左,178,73,0,0
William Kvist,德国,31,CM,67,67,56,58,68,64,73,71,9790901,VfB Stuttgart,德国甲级联赛,右,183,80,0,0
Rodrigo Dantas,葡萄牙,27,CAM,67,73,66,71,69,72,52,62,10721222,CF Os Belenenses,葡萄牙超级联赛,右,183,78,0,0
Damien Le Tallec,德国,26,FB,67,71,74,56,62,70,70,69,5561936,Borussia Dortmund,德国甲级联赛,右,183,74,0,0
Daniel Hoeegh,瑞士,25,FB,67,71,70,45,55,54,68,67,6415593,FC Basel,瑞士超级联赛,右,190,79,0,0
Radoslaw Murawski,波兰,22,FB,67,75,71,51,67,66,64,74,8069517,Piast Gliwice,波兰甲级联赛,右,175,74,0,0
Roberto Crivello,意大利,25,FB,67,71,69,39,46,58,70,64,9129596,Frosinone,意大利甲级联赛,左,180,76,0,0
Luca Bittante,意大利,23,FB,67,73,73,46,59,68,63,63,4213958,Empoli,意大利甲级联赛,右,183,65,0,0
Abdul Aziz Tetteh,波兰,27,CM,67,68,62,55,65,64,66,78,4490879,Lech Poznań,波兰甲级联赛,右,183,86,0,0
Grzegorz Wojtkowiak,波兰,32,FB,67,67,68,45,53,59,68,72,4763570,Lech Poznań,波兰甲级联赛,右,183,75,0,0
Mark O'Brien,苏格兰,24,CB,67,73,57,40,51,53,68,71,4903005,Motherwell,苏格兰超级联赛,右,180,77,0,0
Anour Hadouir,荷兰,34,W,67,67,69,65,64,72,25,56,6693090,Roda JC Kerkrade,荷兰甲级联赛,右,170,68,0,0
Vladimir Dvalishvili,波兰,30,ST,67,67,65,66,52,64,26,76,11831877,P. Warszawa,波兰甲级联赛,右,183,82,0,0
Issiaga Sylla,法国,22,FB,67,71,74,58,64,70,64,72,10166683,Toulouse FC,法国甲级联赛,左,180,75,4,0
Abiola Dauda,荷兰,28,ST,67,67,78,73,50,60,30,59,10398353,Vitesse,荷兰甲级联赛,右,180,75,1,0
Borja Lopez,西班牙,22,CB,67,77,50,33,52,42,68,69,7153423,Rayo Vallecano,西班牙甲级联赛,左,193,84,0,0
Joao Martins,葡萄牙,28,CAM,67,69,66,64,69,68,50,60,14985102,FC Penafiel,葡萄牙超级联赛,右,178,77,0,0
Jesus Vazquez,西班牙,36,CM,67,67,60,63,62,61,66,79,8981937,RC Recreativo,西班牙甲级联赛,左,183,77,0,0
Francisco Rufete,西班牙,40,CAM,67,67,58,63,70,72,51,41,2577498,RCD Espanyol,西班牙甲级联赛,右,175,77,0,0
Laurens Paulussens,比利时,26,FB,67,69,74,59,61,62,66,74,8843156,KV Mechelen,比利时甲级联赛,右,175,70,0,0
Bruno Gallo,葡萄牙,28,CAM,67,70,66,62,69,70,56,66,7623560,Vitória Setúbal,葡萄牙超级联赛,左,180,78,0,0
Ebenezer Assifuah,瑞士,23,ST,67,75,86,68,60,70,24,77,8300912,FC Sion,瑞士超级联赛,右,173,70,4,0
Kingsley Boateng,荷兰,22,ST,67,76,86,60,56,66,24,70,9637937,NAC Breda,荷兰甲级联赛,右,175,70,0,0
Michael Zullo,荷兰,28,FB,67,67,81,48,61,70,64,72,9599663,FC Utrecht,荷兰甲级联赛,左,170,63,0,0
Pascal Cygan,西班牙,42,CB,67,74,48,39,61,48,68,61,3020165,Villarreal CF,西班牙甲级联赛,左,193,85,0,0
Brian Vandenbussche,荷兰,35,GK,67,67,48,12,38,22,13,57,3897942,SC Heerenveen,荷兰甲级联赛,左,196,92,0,0
Alvaro Mejia,法国,34,FB,67,67,62,44,67,57,66,67,6412347,AC Arles-Avignon,法国甲级联赛,右,180,71,0,0
Ondrej Svejdik,荷兰,34,FB,67,71,70,41,57,54,66,72,4325166,FC Groningen,荷兰甲级联赛,右,188,82,0,0
Danny Holla,荷兰,29,CM,67,67,62,68,69,64,60,69,10009962,ADO Den Haag,荷兰甲级联赛,右,178,74,0,0
Ernest Webnje Nfor,比利时,30,ST,67,67,72,68,64,67,37,61,6416949,KV Kortrijk,比利时甲级联赛,右,178,72,0,0
Thierry Moutinho,瑞士,25,W,67,71,82,60,62,68,43,65,17396451,Servette FC,瑞士超级联赛,左,178,77,0,0
Mateusz Zachara,波兰,26,ST,67,71,74,60,40,61,26,74,6182064,Polonia Bytom,波兰甲级联赛,右,180,74,0,0
Alpaslan Ozturk,比利时,23,CM,67,73,68,63,66,65,64,74,7271044,Beerschot AC,比利时甲级联赛,右,185,83,0,0
"Jose Alberto Shaffer,18",葡萄牙,31,FB,67,67,75,60,67,70,65,68,5559865,"União de Leiria, SAD",葡萄牙超级联赛,左,175,70,0,0
Fabian Boll,德国,37,CM,67,67,52,67,65,64,65,74,2805188,FC St. Pauli,德国甲级联赛,右,193,88,3,0
Facundo Bertoglio,法国,26,W,67,71,82,60,64,72,27,62,17379463,Évian Thonon Gaillard FC,法国甲级联赛,右,173,64,0,0
Paul Dixon,苏格兰,30,FB,67,67,73,55,58,66,64,78,7890074,Dundee United,苏格兰超级联赛,左,178,71,0,0
Daniele De Vezze,意大利,36,CM,67,72,70,59,72,66,60,64,8633549,Bari,意大利甲级联赛,右,173,70,0,0
Csaba Feher,荷兰,41,CM,67,72,60,70,67,66,64,68,8124905,NAC Breda,荷兰甲级联赛,右,180,78,0,0
Lukasz Zaluska,苏格兰,34,GK,67,67,48,15,16,19,16,59,7875300,Dundee United,苏格兰超级联赛,右,188,86,0,0
Ashton Taylor,苏格兰,26,CB,67,70,67,34,45,48,66,79,4709016,Aberdeen,苏格兰超级联赛,右,190,76,0,0
Aljaz Struna,意大利,26,CB,67,70,67,43,49,54,70,78,3863861,Palermo,意大利甲级联赛,右,190,84,0,0
Amara Baby,比利时,27,FB,67,68,86,64,63,65,58,76,6507987,Sporting Charleroi,比利时甲级联赛,左,183,75,0,0
Cyrille Merville,法国,34,GK,67,67,48,15,25,18,12,54,3318255,AC Arles-Avignon,法国甲级联赛,右,180,75,0,0
Emil Krafth,意大利,22,FB,67,74,76,51,61,64,66,66,11516776,Bologna,意大利甲级联赛,右,180,79,0,0
David Rochela,西班牙,26,CB,67,77,60,29,58,50,70,71,7134767,RC Deportivo de La Coruña,西班牙甲级联赛,右,180,77,0,0
Andrew Keogh,英格兰,30,ST,67,67,74,64,60,66,33,76,9847518,Wolverhampton Wanderers,英格兰超级联赛,右,183,70,1,1
Markus Neumayr,瑞士,30,CAM,67,67,70,62,70,68,40,59,4118470,FC Vaduz,瑞士超级联赛,右,170,77,6,0
Rodrigo Aguirre,意大利,22,ST,67,74,73,65,51,74,18,65,4848162,Udinese,意大利甲级联赛,左,183,75,0,0
Timon Wellenreuther,德国,21,GK,67,81,53,14,31,20,13,56,9851742,FC Schalke 04,德国甲级联赛,右,185,80,0,0
Said Benrahma,法国,21,W,67,79,78,70,64,70,30,54,13930538,OGC Nice,法国甲级联赛,右,173,67,0,0
Jubal,葡萄牙,23,CB,67,73,64,30,36,40,69,68,5274414,FC Arouca,葡萄牙超级联赛,右,190,79,0,0
"Ivan Radeljic,18",德国,36,CB,67,70,61,30,54,44,63,72,5146448,FC Energie Cottbus,德国甲级联赛,右,190,85,0,0
Tomislav Dujmovic,西班牙,35,CM,67,67,52,65,69,60,66,73,6430562,Real Zaragoza,西班牙甲级联赛,右,188,81,1,0
Peter Czvitkovics,比利时,33,CAM,67,67,66,68,71,66,48,66,8826110,KV Kortrijk,比利时甲级联赛,右,178,78,0,0
Antonio-Mirko Colak,波兰,23,ST,67,72,68,66,45,68,23,65,18043640,Lechia Gdańsk,波兰甲级联赛,右,188,83,0,0
Francesco Bega,意大利,42,CM,67,75,62,54,71,53,72,64,7345076,Brescia,意大利甲级联赛,右,175,73,1,0
Jose Ignacio Castillo,意大利,41,ST,67,67,54,69,58,62,36,72,3020746,Lecce,意大利甲级联赛,右,183,81,12,0
Luke Moore,英格兰,30,ST,67,67,74,64,56,69,29,66,15269816,Swansea City,英格兰超级联赛,右,180,75,6,2
Boban Bajkovic,比利时,31,GK,67,67,46,25,24,24,25,63,3385391,Lierse SK,比利时甲级联赛,右,188,84,0,0
Grzegorz Kuswik,波兰,29,ST,67,67,77,65,58,62,27,77,8645992,Ruch Chorzów,波兰甲级联赛,右,180,75,0,0
Lukasz Broz,波兰,31,FB,67,67,72,60,62,66,68,65,3254591,Widzew Łódź,波兰甲级联赛,右,178,74,0,0
Ivan Balliu,葡萄牙,24,FB,67,73,70,38,53,60,68,75,4628783,FC Arouca,葡萄牙超级联赛,右,173,64,0,0
Nino,西班牙,36,ST,67,67,64,67,60,63,39,63,3136287,CA Osasuna,西班牙甲级联赛,右,170,68,25,2
Javier Portillo,西班牙,34,ST,67,67,62,69,52,63,24,57,9787903,Hércules Club de Fútbol,西班牙甲级联赛,左,180,70,3,1
Anthony Le Tallec,法国,32,ST,67,67,62,69,65,68,29,64,5758488,Le Mans FC,法国甲级联赛,右,183,73,9,0
David Cortes,西班牙,37,FB,67,67,66,31,58,67,67,68,4893888,Getafe CF,西班牙甲级联赛,右,180,74,1,2
Nicolae Dica,意大利,36,CAM,67,70,66,69,68,69,51,59,4769762,Catania,意大利甲级联赛,右,180,73,0,0
Muamer Tankovic,荷兰,21,W,67,74,76,65,62,74,25,64,6520199,AZ,荷兰甲级联赛,右,178,74,1,1
Johan Martial,法国,25,CB,67,71,67,29,58,48,66,71,7499138,Stade Brestois 29,法国甲级联赛,右,183,76,2,0
Nathan Junior,葡萄牙,27,ST,67,67,72,66,52,65,16,66,7256863,Tondela,葡萄牙超级联赛,右,183,79,0,0
Bruno Mendes,葡萄牙,22,ST,67,75,68,70,56,68,16,64,6181507,Vitória Guimarães,葡萄牙超级联赛,右,183,80,0,0
Luis Manuel,葡萄牙,35,CM,67,67,56,52,65,60,62,73,7438745,Gil Vicente FC,葡萄牙超级联赛,左,183,75,0,0
Leonardo Sanchez,瑞士,30,GK,67,67,38,35,37,42,70,59,5055054,FC Zürich,瑞士超级联赛,右,190,85,0,0
Harrison Reed,英格兰,21,CM,67,79,68,53,69,64,63,65,11619517,Southampton,英格兰超级联赛,右,180,72,0,0
Joachim Andersen,荷兰,20,FB,67,79,68,46,61,54,68,71,13411801,FC Twente,荷兰甲级联赛,右,190,78,1,0
Branco van den Boomen,荷兰,21,CAM,67,75,68,70,70,66,56,72,7257770,SC Heerenveen,荷兰甲级联赛,右,190,83,0,0
Alberto Garcia,西班牙,31,GK,67,67,59,19,29,16,14,58,5169783,Real Sporting de Gijón,西班牙甲级联赛,右,183,77,0,0
Jan Kromkamp,荷兰,36,CM,67,75,70,54,69,72,66,68,7901055,PSV,荷兰甲级联赛,右,188,83,0,0
Patrik Mraz,波兰,29,FB,67,67,72,52,67,64,65,68,12698833,Górnik Łęczna,波兰甲级联赛,左,188,75,0,0
Erik Bakker,荷兰,26,CAM,67,68,70,61,70,68,47,60,5080487,SC Cambuur,荷兰甲级联赛,右,178,77,3,0
Gregory Arnolin,西班牙,36,GK,67,67,34,30,48,40,64,67,4978553,Real Sporting de Gijón,西班牙甲级联赛,右,188,85,4,0
Vinicius,葡萄牙,30,CM,67,73,68,64,66,69,65,77,9900005,Moreirense FC,葡萄牙超级联赛,左,185,74,0,0
Julien Quercia,法国,30,W,67,67,64,69,61,66,27,40,4746644,AJ Auxerre,法国甲级联赛,右,168,65,3,0
Andreas Lambertz,德国,32,FB,67,67,72,66,61,62,68,80,14815253,Fortuna Düsseldorf,德国甲级联赛,右,173,69,2,0
Washington,葡萄牙,27,FB,67,68,70,53,69,64,68,72,6085078,CD Nacional,葡萄牙超级联赛,右,183,72,0,0
Jo-Gook Jung,法国,32,ST,67,67,66,63,57,62,21,79,9237810,AS Nancy-Lorraine,法国甲级联赛,右,185,78,3,0
Pascal Bieler,德国,30,FB,67,73,73,49,58,60,64,69,7743274,1. FC Nürnberg,德国甲级联赛,左,180,77,0,0
Cedric van der Gun,荷兰,37,ST,67,67,71,67,60,73,30,61,4097514,FC Utrecht,荷兰甲级联赛,右,175,70,0,0
Christopher Heimeroth,德国,35,GK,67,67,31,13,18,14,13,61,4242295,Borussia Mönchengladbach,德国甲级联赛,右,193,91,0,0
Ard van Peppen,荷兰,31,FB,67,67,67,62,55,62,67,72,7356786,RKC Waalwijk,荷兰甲级联赛,左,180,79,0,0
Sergio Marcos,西班牙,24,CAM,67,73,62,65,73,69,46,55,5551716,Villarreal CF,西班牙甲级联赛,左,178,73,0,0
Guillaume Lacour,法国,36,CM,67,67,49,59,70,68,71,70,4558738,Évian Thonon Gaillard FC,法国甲级联赛,右,173,68,0,0
Pantxi Sirieix,法国,36,CM,67,67,40,66,70,65,66,64,5483835,Toulouse FC,法国甲级联赛,右,180,72,3,0
Gilles Binya,瑞士,32,FB,67,67,70,48,51,52,68,77,8064384,Neuchâtel Xamax,瑞士超级联赛,右,175,75,0,0
Darren Pratley,英格兰,31,CM,67,67,70,68,63,64,64,83,6112370,Bolton Wanderers,英格兰超级联赛,右,185,69,1,0
Peter Kovacs,比利时,38,ST,67,67,52,67,46,54,35,53,5815251,Lierse SK,比利时甲级联赛,右,198,97,0,0
Dusan Cvetinovic,瑞士,28,FB,67,68,66,49,50,56,66,69,4670206,Grasshopper Club Zürich,瑞士超级联赛,右,185,79,0,0
Guillaume Francois,比利时,26,FB,67,69,76,58,59,68,66,68,7252550,Beerschot AC,比利时甲级联赛,右,175,72,0,0
Antonio Filippini,意大利,43,CM,67,75,68,55,72,69,66,61,6528121,Livorno,意大利甲级联赛,右,168,66,1,0
Gianni Munari,意大利,33,CM,67,67,46,70,68,64,62,77,8200464,Lecce,意大利甲级联赛,右,190,84,8,1
Antonio Bocchetti,意大利,36,CB,67,67,55,40,50,51,68,69,7441459,Pescara,意大利甲级联赛,左,183,75,0,0
Zlatko Dedic,德国,32,ST,67,67,78,67,58,68,31,67,5298304,VfL Bochum,德国甲级联赛,右,183,77,5,0
Juan Falcon,法国,27,ST,67,68,70,68,56,64,22,65,8510665,FC Metz,法国甲级联赛,右,178,81,0,0
Matheus Carvalho,法国,24,ST,67,74,74,65,62,72,24,63,8685559,AS Monaco,法国甲级联赛,左,178,74,0,0
Mathias Ranegie,意大利,32,ST,67,67,49,61,56,60,24,76,4946974,Udinese,意大利甲级联赛,右,196,91,1,0
Aaron Appindangoye,葡萄牙,24,FB,67,71,62,45,60,50,68,63,12964627,Boavista FC,葡萄牙超级联赛,右,183,85,0,0
Kristoffer Peterson,荷兰,22,W,67,77,78,67,60,74,34,57,5936953,FC Utrecht,荷兰甲级联赛,右,180,70,2,2
Nikola Vujadinovic,苏格兰,30,CB,67,67,52,28,42,45,67,67,3488644,Aberdeen,苏格兰超级联赛,左,190,84,0,0
Mohamed Shawky,英格兰,35,CM,67,73,66,65,67,63,68,67,4848103,Middlesbrough,英格兰超级联赛,右,180,75,0,0
Deyvison,葡萄牙,28,CB,67,68,60,35,36,42,68,69,7010120,CS Marítimo,葡萄牙超级联赛,左,188,84,0,0
Ferreira,葡萄牙,29,FB,67,69,69,38,50,54,69,70,10753870,Académica de Coimbra,葡萄牙超级联赛,左,185,74,0,0
Chahir Belghazouani,法国,30,W,67,68,76,60,63,70,30,64,5255735,AC Ajaccio,法国甲级联赛,右,180,70,6,0
Pablo Cepellini,意大利,25,W,67,79,72,59,67,75,28,69,6973841,Chievo Verona,意大利甲级联赛,右,175,70,0,0
Thomas Enevoldsen,荷兰,29,ST,67,67,74,72,66,66,34,69,16230499,FC Groningen,荷兰甲级联赛,右,180,74,0,0
Bastian Schulz,德国,31,FB,67,74,72,32,64,52,68,75,3418960,Hannover 96,德国甲级联赛,右,183,77,2,0
Luis Pedro,荷兰,26,W,67,69,76,61,59,72,22,65,13576635,Heracles Almelo,荷兰甲级联赛,右,178,67,0,0
Stefano Sabelli,意大利,23,FB,67,72,76,40,52,60,68,70,7668831,Carpi,意大利甲级联赛,右,180,74,0,0
Aleksandar Cavric,比利时,22,ST,67,77,72,62,60,73,22,65,7542807,KRC Genk,比利时甲级联赛,右,185,76,0,0
Wilson Kamavuaka,德国,26,FB,67,69,69,48,58,58,66,70,7390643,FC Bayern Munich,德国甲级联赛,右,188,80,0,0
Jay Simpson,英格兰,28,ST,67,68,79,65,49,68,24,68,8264462,West Bromwich Albion,英格兰超级联赛,右,180,84,1,0
Henrik Ojamaa,苏格兰,25,ST,67,72,92,68,57,72,17,81,4135020,Motherwell,苏格兰超级联赛,右,175,79,0,0
Hector Yuste,西班牙,28,CM,67,67,33,50,68,53,64,69,11562344,Granada CF,西班牙甲级联赛,右,190,82,0,0
Mohammed Aoulad,比利时,25,ST,67,70,75,68,62,72,16,72,13699601,KVC Westerlo,比利时甲级联赛,左,183,79,0,0
Pavel Pardo,德国,40,CM,67,67,66,58,68,65,63,60,4927110,VfB Stuttgart,德国甲级联赛,右,175,68,1,1
Michael Chopra,英格兰,33,ST,67,67,66,67,58,64,32,62,21492002,Fulham,英格兰超级联赛,右,175,65,2,0
Michelangelo Albertazzi,意大利,25,FB,67,70,67,48,49,51,72,71,3198131,Hellas Verona,意大利甲级联赛,左,185,73,0,1
Javi Hervas,西班牙,27,CM,67,67,68,53,70,65,62,65,5555157,Real Valladolid,西班牙甲级联赛,左,175,78,0,0
Dieguinho,葡萄牙,24,W,67,71,76,61,55,75,30,53,13335187,Estoril Praia,葡萄牙超级联赛,右,178,65,0,0
Gideao,葡萄牙,29,GK,67,67,25,17,30,20,15,52,5403877,Boavista FC,葡萄牙超级联赛,右,190,95,0,0
Arnaud Le Lan,法国,38,CM,67,67,54,57,65,58,69,52,7291712,FC Lorient,法国甲级联赛,左,170,60,1,0
Sofian Chahed,德国,33,FB,67,67,68,52,61,66,68,68,6631724,Hannover 96,德国甲级联赛,右,178,73,1,2
Pal Dardai,德国,40,FB,67,78,66,52,65,63,67,69,6136307,Hertha BSC Berlin,德国甲级联赛,右,178,83,1,0
Luca Garritano,意大利,22,ST,67,75,80,66,51,70,16,58,10482440,Cesena,意大利甲级联赛,右,173,67,0,0
Nikola Gulan,比利时,27,FB,67,68,70,56,57,68,66,74,9858030,Royal Excel Mouscron,比利时甲级联赛,左,183,73,0,0
Camora,葡萄牙,30,CAM,67,72,74,63,64,65,56,65,7267250,Naval 1° de Maio,葡萄牙超级联赛,左,178,68,0,0
Alessandro Iacobucci,意大利,25,GK,67,71,44,23,30,22,17,54,11336257,Parma,意大利甲级联赛,左,188,82,0,0
Grant Holt,英格兰,35,ST,67,67,36,71,62,64,40,73,4082575,Norwich City,英格兰超级联赛,右,183,79,25,4
Cristian Amado,葡萄牙,31,ST,67,67,73,68,57,71,32,68,6170540,Tondela,葡萄牙超级联赛,右,183,78,0,0
Andrea Campagnolo,意大利,38,GK,67,67,27,28,24,23,25,35,6528170,Reggio Calabria,意大利甲级联赛,右,183,72,0,0
Ricardo Esteves,葡萄牙,37,FB,67,70,72,56,66,63,67,70,4158164,CS Marítimo,葡萄牙超级联赛,右,173,68,0,0
Aurelien Montaroup,法国,31,CM,67,67,66,62,58,66,64,72,6789340,SM Caen,法国甲级联赛,左,178,72,1,0
Rochdi Achenteh,荷兰,28,CM,67,67,68,56,69,68,69,60,8176685,PEC Zwolle,荷兰甲级联赛,左,165,63,1,3
Lluis Sastre,西班牙,30,CM,67,67,64,55,73,62,60,71,12546373,Real Valladolid,西班牙甲级联赛,右,175,71,1,0
Cyriaque Louvion,法国,29,CB,67,67,52,47,59,47,65,79,13100760,Le Mans FC,法国甲级联赛,右,185,80,0,0
Mathis Bolly,德国,26,W,67,71,96,61,55,65,28,63,7827600,Fortuna Düsseldorf,德国甲级联赛,右,185,77,2,0
Rui Silva,葡萄牙,22,GK,67,76,30,18,33,21,18,47,19356534,CD Nacional,葡萄牙超级联赛,右,188,85,0,0
Tomas Dabo,葡萄牙,23,FB,67,76,80,35,53,64,66,62,5399732,FC Arouca,葡萄牙超级联赛,右,173,64,0,0
Dawid Nowak,波兰,32,ST,67,67,82,68,48,58,30,76,5119779,GKS Bełchatów,波兰甲级联赛,右,178,68,0,0
Dario Del Fabro,意大利,21,CB,67,76,66,40,43,50,68,71,11717114,Cagliari,意大利甲级联赛,右,180,75,0,0
Steven Anderson,苏格兰,31,CB,67,67,42,22,48,53,64,71,12714553,St. Johnstone FC,苏格兰超级联赛,右,180,72,0,0
Herita Ilunga,英格兰,34,FB,67,67,69,53,60,61,68,74,12054013,West Ham United,英格兰超级联赛,左,180,76,0,2
Jessy Moulin,法国,30,GK,67,67,52,15,32,18,14,43,15146544,AS Saint-Étienne,法国甲级联赛,右,183,80,0,0
Davide Gavazzi,意大利,30,CAM,67,67,70,67,67,67,52,73,8252356,Sampdoria,意大利甲级联赛,右,185,74,0,0
Adam Armstrong,英格兰,19,ST,67,83,91,68,54,66,24,68,12026445,Manchester United,英格兰超级联赛,右,173,69,0,0
Duncan Watmore,英格兰,22,W,67,77,82,63,60,70,28,61,6064113,Sunderland,英格兰超级联赛,右,175,72,0,0
Ante Puljic,比利时,29,CB,67,68,64,45,48,42,67,69,3658263,KAA Gent,比利时甲级联赛,右,188,82,0,0
Davide Lanzafame,意大利,29,ST,67,67,79,69,62,70,15,59,14417887,Parma,意大利甲级联赛,右,180,75,7,2
Andrezinho,葡萄牙,35,CM,67,67,70,58,67,73,66,61,4450275,Vitória Guimarães,葡萄牙超级联赛,右,173,67,0,1
Matus Putnocky,波兰,32,GK,67,67,44,15,30,20,16,61,10846476,Ruch Chorzów,波兰甲级联赛,右,196,91,0,0
Paul Konchesky,英格兰,35,CM,67,67,53,56,63,60,72,69,7078460,Fulham,英格兰超级联赛,左,178,69,2,3
Jiayi Shao,德国,36,ST,67,67,64,70,69,70,20,56,6805299,FC Energie Cottbus,德国甲级联赛,左,188,83,1,0
Chinedu Ede,荷兰,29,ST,67,67,88,64,59,68,19,71,10348826,FC Twente,荷兰甲级联赛,左,178,83,1,0
Benedikt Fernandez,德国,31,GK,67,78,54,17,20,15,16,60,3513612,Bayer 04 Leverkusen,德国甲级联赛,右,183,80,0,0
Jakub Wojcicki,波兰,28,FB,67,68,84,58,62,62,62,76,7662047,Zawisza Bydgoszcz,波兰甲级联赛,右,190,80,0,0
Josh Meekings,苏格兰,24,CB,67,72,74,31,42,48,67,79,8098950,Inverness Caledonian Thistle,苏格兰超级联赛,右,183,78,0,0
Ronny Garbuschewski,德国,30,ST,67,70,76,72,64,68,29,69,6681364,Fortuna Düsseldorf,德国甲级联赛,右,178,72,0,0
Gary Taylor-Fletcher,英格兰,35,CAM,67,67,52,70,70,72,38,64,8057049,Blackpool,英格兰超级联赛,右,183,70,7,5
Mamadou Wague,法国,26,CB,67,71,44,47,57,32,63,78,12130629,Olympique Lyonnais,法国甲级联赛,右,190,82,0,0
Angelo,意大利,35,FB,67,67,77,53,58,68,68,70,7133372,Siena,意大利甲级联赛,右,175,78,1,5
"Davide Dias,23",葡萄牙,33,W,67,71,76,57,60,70,33,62,4760591,Naval 1° de Maio,葡萄牙超级联赛,右,178,72,0,0
Daniel Pinillos,西班牙,24,FB,67,73,74,37,49,58,68,64,7995745,Córdoba CF,西班牙甲级联赛,左,183,74,0,0
Nikola Pokrivac,法国,31,CM,67,75,68,60,69,65,64,72,7052607,AS Monaco,法国甲级联赛,左,183,85,0,0
Jahmir Hyka,瑞士,28,W,67,67,78,59,60,70,34,58,4994325,FC Luzern,瑞士超级联赛,右,170,62,3,0
Paul Robinson,英格兰,38,GK,67,67,29,43,56,50,68,69,10179340,Bolton Wanderers,英格兰超级联赛,左,175,73,0,4
Ruben Olivera,意大利,33,CAM,67,67,55,69,69,71,46,67,7595534,Lecce,意大利甲级联赛,右,183,79,4,2
Daniel Fernandes,德国,33,GK,67,68,40,22,14,13,16,54,10971223,VfL Bochum,德国甲级联赛,右,196,94,0,0
Daryl van Mieghem,荷兰,27,W,67,69,88,55,57,70,23,53,6927988,Excelsior,荷兰甲级联赛,左,175,68,1,3
Zinho Gano,比利时,23,ST,67,73,67,64,49,63,23,73,6394568,Waasland-Beveren,比利时甲级联赛,左,198,93,0,0
Mehdi Taouil,苏格兰,33,CAM,67,67,74,60,69,70,46,58,9202654,Kilmarnock,苏格兰超级联赛,右,173,73,0,0
Adama Francois,葡萄牙,27,CB,67,69,50,43,48,48,64,70,8042361,Vitória Setúbal,葡萄牙超级联赛,右,193,80,0,0
Levent Aycicek,德国,22,W,67,75,76,56,63,74,36,61,6986531,SV Werder Bremen,德国甲级联赛,右,170,67,1,0
Luis Gustavo,葡萄牙,24,CAM,67,75,70,61,69,67,52,64,3405833,Rio Ave FC,葡萄牙超级联赛,左,173,70,0,0
Jacques Faty,法国,32,CB,67,67,54,46,56,53,65,75,5473048,FC Sochaux-Montbéliard,法国甲级联赛,右,183,75,0,0
Adailton,瑞士,33,CM,67,67,43,54,54,48,66,56,8149964,FC Sion,瑞士超级联赛,右,190,85,0,0
Simon Pouplin,法国,31,GK,67,67,30,15,27,16,12,37,7570602,FC Sochaux-Montbéliard,法国甲级联赛,左,188,78,0,0
Eric Matoukou,比利时,33,CB,67,67,64,39,33,42,66,75,8867284,KRC Genk,比利时甲级联赛,右,188,81,0,0
Dady,葡萄牙,35,ST,67,67,53,66,55,64,19,62,4560602,S.C. Olhanense,葡萄牙超级联赛,左,190,84,4,0
Kike Lopez,西班牙,28,W,67,69,81,59,54,72,32,65,7549245,Getafe CF,西班牙甲级联赛,右,170,65,0,0
Iain Vigurs,苏格兰,28,CAM,67,67,66,64,68,68,50,68,8819671,Motherwell,苏格兰超级联赛,左,173,72,0,0
Luiz Carlos,葡萄牙,28,GK,67,71,40,18,20,19,16,61,8297432,"União de Leiria, SAD",葡萄牙超级联赛,右,190,86,0,0
Altin Lala,德国,41,CM,67,67,49,59,68,64,70,65,1697970,Hannover 96,德国甲级联赛,右,173,68,0,1
Simone Pesce,意大利,34,CAM,67,67,64,65,67,67,58,63,4244756,Novara,意大利甲级联赛,左,173,70,1,0
Elrio van Heerden,比利时,33,W,67,73,74,56,63,72,22,58,13001951,KVC Westerlo,比利时甲级联赛,右,168,66,0,0
Kevin Roelandts,比利时,34,CAM,67,67,43,70,69,68,43,56,5793988,SV Zulte-Waregem,比利时甲级联赛,右,185,81,0,0
Koen Daerden,比利时,34,CM,67,67,55,68,69,62,61,71,2307294,Sint-Truidense VV,比利时甲级联赛,左,190,84,0,0
Maxime Biset,比利时,30,CM,67,67,44,54,59,52,69,65,9793075,KV Mechelen,比利时甲级联赛,右,193,89,0,0
Andrew Shinnie,苏格兰,27,CAM,67,69,60,57,72,70,43,64,7987905,Inverness Caledonian Thistle,苏格兰超级联赛,右,180,70,0,0
Luigi Giorgi,意大利,29,CM,67,67,66,63,68,69,57,69,13291238,Cesena,意大利甲级联赛,右,185,75,5,1
Kevin Phillips,英格兰,43,ST,67,67,51,71,60,62,24,58,5606731,Birmingham City,英格兰超级联赛,右,170,70,5,0
Loris Nery,法国,25,FB,67,71,72,54,65,64,67,71,7109616,Valenciennes FC,法国甲级联赛,右,175,73,1,0
Jimmy Bullard,英格兰,38,CAM,67,67,45,70,75,70,48,53,5686304,Fulham,英格兰超级联赛,右,178,73,8,3
Guillaume Hubert,比利时,22,GK,67,74,45,12,29,19,16,57,11589091,Standard de Liège,比利时甲级联赛,右,198,88,0,0
Christian Fernandez,西班牙,31,CM,67,67,66,58,59,62,64,77,11427050,Racing Santander,西班牙甲级联赛,左,183,77,7,0
Ilir Azemi,德国,24,ST,67,69,54,66,52,68,21,44,10015023,SpVgg Greuther Fürth,德国甲级联赛,左,190,90,1,0
Callum Paterson,苏格兰,22,FB,67,77,82,60,57,62,62,90,6926931,Heart of Midlothian,苏格兰超级联赛,右,188,76,0,0
Rachid Alioui,法国,24,ST,67,71,68,71,37,64,16,72,5828369,En Avant de Guingamp,法国甲级联赛,右,185,81,3,0
Rodrigo Galo,葡萄牙,30,FB,67,67,78,68,61,68,67,68,9818562,Académica de Coimbra,葡萄牙超级联赛,右,175,66,0,0
Dominik Reinhardt,德国,32,FB,67,67,56,41,54,58,70,66,8479612,FC Augsburg,德国甲级联赛,右,188,81,0,0
Antonio Cotan,西班牙,21,CAM,67,77,63,57,73,67,52,52,13231562,Sevilla FC,西班牙甲级联赛,右,173,68,0,0
Jose Ze Pedro,葡萄牙,38,CAM,67,67,48,72,73,68,52,54,6839734,Vitória Setúbal,葡萄牙超级联赛,左,185,84,0,0
Nicolas Navarro,意大利,31,GK,67,67,51,16,35,22,16,47,10034345,Napoli,意大利甲级联赛,左,190,87,0,0
Nicolas Viola,意大利,27,CAM,67,69,70,59,72,67,54,70,11424390,Reggio Calabria,意大利甲级联赛,左,180,76,0,0
Flavio,比利时,37,ST,67,67,66,71,45,63,20,52,8250378,Lierse SK,比利时甲级联赛,左,173,73,0,0
Elliott L. Ward,英格兰,31,CB,67,67,44,38,49,36,67,75,8562196,Norwich City,英格兰超级联赛,右,185,83,0,0
Mikele Leigertwood,英格兰,34,CM,67,67,59,63,60,61,68,74,5930365,Reading,英格兰超级联赛,右,188,78,1,0
Edder Farias,葡萄牙,28,ST,67,67,62,69,52,63,22,67,6148280,Uniao da Madeira,葡萄牙超级联赛,右,183,83,0,0
Bilal Ould-Chikh,荷兰,19,W,67,83,80,65,58,78,22,54,3532347,FC Twente,荷兰甲级联赛,左,168,60,1,0
Adam Kokoszka,波兰,30,CB,67,67,63,42,44,48,67,71,4336669,Śląsk Wrocław,波兰甲级联赛,右,188,82,0,0
Milos Dimitrijevic,法国,32,CM,67,67,66,62,68,69,55,74,6128752,Grenoble Foot 38,法国甲级联赛,右,180,73,0,0
Cedric Varrault,法国,36,CM,67,67,34,56,56,44,66,75,13026910,AS Saint-Étienne,法国甲级联赛,右,183,70,0,0
Jacques Abardonado,法国,38,CB,67,72,57,43,39,46,67,70,5575852,Valenciennes FC,法国甲级联赛,右,183,79,0,0
Fabrice Pancrate,法国,36,ST,67,67,73,65,57,68,26,60,6348937,Paris Saint-Germain,法国甲级联赛,右,185,80,0,0
Chaher Zarour,法国,33,CB,67,67,53,30,58,45,65,77,7083581,Dijon FCO,法国甲级联赛,右,188,83,0,0
Orlando,葡萄牙,37,CB,67,67,51,54,56,45,67,76,8011568,Académica de Coimbra,葡萄牙超级联赛,右,183,83,0,0
Dennis Kruppke,德国,36,ST,67,67,62,67,68,67,43,74,7183029,Eintracht Braunschweig,德国甲级联赛,右,178,77,0,0
Segundo Castillo,英格兰,34,CM,67,67,66,61,60,62,64,76,7311601,Wolverhampton Wanderers,英格兰超级联赛,右,178,79,0,0
Chu-Young Park,法国,31,ST,67,67,68,69,70,72,33,70,8784448,AS Monaco,法国甲级联赛,右,183,75,10,0
Toy Costa,葡萄牙,39,ST,67,67,58,66,60,69,20,63,6649739,S.C. Olhanense,葡萄牙超级联赛,右,175,78,0,0
Garry Monk,英格兰,37,GK,67,67,34,26,52,40,68,70,3036937,Swansea City,英格兰超级联赛,右,183,81,0,0
Cheick Fantamady Diarra,法国,24,ST,67,73,80,69,50,68,28,72,7523617,Stade Rennais FC,法国甲级联赛,右,175,79,1,0
Dominik Schmidt,德国,29,FB,67,73,64,33,58,63,70,67,7207747,SV Werder Bremen,德国甲级联赛,右,188,78,0,0
Albert Bunjaku,瑞士,33,ST,67,67,67,65,55,66,26,68,5886533,FC St. Gallen,瑞士超级联赛,右,178,75,16,0
Rene Mihelic,葡萄牙,28,CAM,67,73,72,65,72,72,43,62,6279818,CD Nacional,葡萄牙超级联赛,右,173,72,0,0
James Wilson,英格兰,21,ST,67,77,79,64,56,68,21,66,15737273,Manchester United,英格兰超级联赛,左,183,78,2,0
Gabriel Boschilia,比利时,20,W,67,77,74,62,71,72,43,56,8133663,Standard de Liège,比利时甲级联赛,左,173,63,0,0
Francisco Rodriguez,瑞士,21,W,67,79,80,68,66,70,36,62,11757960,FC Zürich,瑞士超级联赛,右,175,76,0,0
Yoann Court,法国,26,ST,67,68,74,64,68,66,42,70,13839488,ES Troyes AC,法国甲级联赛,左,173,70,0,0
Fabiano Santacroce,意大利,30,CB,67,67,78,29,43,48,68,74,7438405,Napoli,意大利甲级联赛,右,180,72,0,0
Makelele,葡萄牙,31,FB,67,68,76,61,65,66,68,81,8315079,Académica de Coimbra,葡萄牙超级联赛,右,170,69,0,0
Bryan Rodriguez,西班牙,30,ST,67,67,58,72,39,60,24,63,6310108,Real Betis Balompié,西班牙甲级联赛,右,190,91,1,1
Charles Mulgrew,苏格兰,30,CM,67,67,58,65,67,68,70,68,6689946,Celtic,苏格兰超级联赛,左,190,83,0,0
Benoit Lesoimier,法国,33,CAM,67,67,74,60,66,65,48,58,8707957,Stade Brestois 29,法国甲级联赛,右,173,67,4,0
Marek Mintal,德国,39,ST,67,67,60,70,59,68,26,55,14701164,1. FC Nürnberg,德国甲级联赛,右,183,81,1,0
Sandy Walsh,比利时,21,FB,67,75,71,30,59,62,67,71,7369282,KRC Genk,比利时甲级联赛,右,180,71,0,0
Khalid Boutaib,法国,29,ST,67,67,64,69,53,67,30,69,5225425,GFC Ajaccio,法国甲级联赛,右,190,77,0,0
Lukas Raeder,葡萄牙,23,GK,67,77,31,12,36,21,9,56,7799998,Vitória Setúbal,葡萄牙超级联赛,右,193,87,0,1
Hannes Thor Halldorsson,荷兰,32,GK,67,67,36,23,28,13,14,54,8460171,N.E.C.,荷兰甲级联赛,右,193,87,0,0
Christoph Hemlein,荷兰,26,ST,67,71,82,66,61,68,38,69,8846711,N.E.C.,荷兰甲级联赛,右,180,79,0,0
David Strihavka,荷兰,33,ST,67,72,66,67,59,64,20,70,6255352,Willem II,荷兰甲级联赛,右,196,91,0,0
Rui Rego,葡萄牙,36,GK,67,68,30,12,14,20,15,56,8026542,SC Beira Mar,葡萄牙超级联赛,右,175,75,0,0
Siaka Bamba,葡萄牙,27,CM,67,75,68,63,61,60,65,82,10323443,Feirense,葡萄牙超级联赛,右,175,72,0,0
Gregoire Puel,法国,24,FB,67,71,69,38,53,63,67,62,14362113,OGC Nice,法国甲级联赛,右,180,67,0,0
Dion Cools,比利时,20,FB,67,79,70,33,66,68,65,69,5651947,Club Brugge KV,比利时甲级联赛,右,183,77,0,0
Tamas Kadar,波兰,26,CB,67,69,68,35,64,49,68,74,6630684,Lech Poznań,波兰甲级联赛,左,188,79,0,0
Sebastien Roudet,法国,35,CAM,67,67,66,64,70,71,49,51,8643661,FC Sochaux-Montbéliard,法国甲级联赛,左,175,72,8,5
Simon Cziommer,荷兰,36,CAM,67,67,44,70,71,68,52,54,3438636,Heracles Almelo,荷兰甲级联赛,右,175,72,0,1
Soeren Larsen,法国,35,ST,67,67,52,67,63,66,28,70,4799200,Toulouse FC,法国甲级联赛,左,193,90,0,0
Izidoro Gomez,西班牙,30,FB,67,67,79,43,53,52,68,82,8147126,Real Betis Balompié,西班牙甲级联赛,右,180,71,0,0
Alexander Bugera,德国,38,CM,67,67,60,65,67,64,67,61,3354877,1. FC Kaiserslautern,德国甲级联赛,左,180,75,2,1
Holmar Oern Eyjolfsson,比利时,26,FB,67,71,70,47,55,51,67,70,21933309,KSV Roeselare,比利时甲级联赛,右,190,86,0,0
Jan Polak,德国,35,CM,67,67,34,62,63,59,68,65,4404285,VfL Wolfsburg,德国甲级联赛,右,180,80,2,0
Ivan Leko,比利时,38,CAM,67,67,30,62,77,68,30,42,8787695,Sporting Lokeren,比利时甲级联赛,左,178,79,0,0
Tim De Cler,荷兰,38,FB,67,75,71,54,63,64,66,71,9906293,Feyenoord,荷兰甲级联赛,左,178,69,0,0
Dani Mallo,苏格兰,37,GK,67,67,42,23,27,22,14,56,5865228,Falkirk,苏格兰超级联赛,右,185,83,0,0
Aurelien Capoue,法国,34,W,67,67,78,58,65,64,49,65,5636004,FC Nantes,法国甲级联赛,左,185,74,0,0
Vladan Giljen,葡萄牙,27,GK,67,72,44,22,23,18,13,60,15041573,CD Nacional,葡萄牙超级联赛,右,188,85,0,0
Zola Matumona,比利时,35,W,67,67,70,60,65,70,30,55,4034893,RAEC Mons,比利时甲级联赛,左,165,65,0,0
Lee Martin,英格兰,29,ST,67,67,77,66,65,68,48,72,6827813,Hull City,英格兰超级联赛,右,180,80,0,0
Ronan Le Crom,法国,42,GK,67,67,34,14,26,16,17,56,4980502,Grenoble Foot 38,法国甲级联赛,右,185,77,0,0
Kees Kwakman,荷兰,33,CM,67,67,52,64,63,64,64,74,6889128,NAC Breda,荷兰甲级联赛,左,188,80,0,0
Mohamed Dahmane,比利时,34,ST,67,69,73,64,61,68,20,63,8931045,Club Brugge KV,比利时甲级联赛,左,180,74,0,0
Nando Rafael,德国,32,ST,67,67,64,64,59,68,48,72,2093759,FC Augsburg,德国甲级联赛,右,180,84,4,0
Karel Geraerts,比利时,34,CM,67,67,48,66,66,60,65,71,4961309,Club Brugge KV,比利时甲级联赛,右,180,80,0,0
Sandro Sirigu,德国,28,FB,67,68,85,45,56,65,62,71,4908608,FC Bayern Munich,德国甲级联赛,右,183,79,0,0
Quentin Othon,法国,28,FB,67,67,66,46,62,63,66,65,5250182,ES Troyes AC,法国甲级联赛,左,163,64,0,0
Brahim Darri,荷兰,22,W,67,74,78,62,53,75,24,59,10886947,Heracles Almelo,荷兰甲级联赛,右,180,68,2,0
Mark Diemers,荷兰,23,CAM,67,72,62,69,71,69,60,58,4794467,FC Utrecht,荷兰甲级联赛,右,175,70,2,1
Elson Hooi,荷兰,25,W,67,71,90,57,56,69,25,59,7541313,NAC Breda,荷兰甲级联赛,右,165,64,0,0
Carlos Matheu,意大利,31,CB,67,67,66,23,53,53,66,67,3656224,Cagliari,意大利甲级联赛,右,185,80,0,1
Steve Morison,英格兰,33,ST,67,67,60,69,53,60,35,80,6559745,Norwich City,英格兰超级联赛,右,188,85,10,4
Christian Pouga,葡萄牙,30,ST,67,67,45,70,60,62,26,53,4338701,Leixões SC,葡萄牙超级联赛,右,193,90,0,0
Morten Nordstrand,荷兰,33,ST,67,67,74,63,54,64,28,69,6225373,FC Groningen,荷兰甲级联赛,右,178,70,0,0
Jiri Jarosik,西班牙,39,CM,67,67,48,53,60,52,65,54,7496568,Real Zaragoza,西班牙甲级联赛,右,196,89,5,0
Simon Zenke,法国,28,ST,67,78,76,70,37,66,21,68,7149269,AS Nancy-Lorraine,法国甲级联赛,左,178,85,1,0
Torben Joneleit,比利时,29,CB,67,70,56,35,56,47,67,65,3360974,KRC Genk,比利时甲级联赛,左,185,84,0,0
Kanga Akale,法国,35,ST,67,67,75,62,53,68,19,59,2885593,RC Lens,法国甲级联赛,左,178,69,1,0
Thierry Doubai,瑞士,28,FB,67,69,70,56,63,66,64,72,6671987,BSC Young Boys,瑞士超级联赛,右,178,75,4,0
Xavier Chen,比利时,33,FB,67,67,68,42,63,66,68,64,3615345,KV Mechelen,比利时甲级联赛,右,175,69,0,0
Olivier Werner,比利时,31,GK,67,67,38,15,32,18,16,53,11000431,KSV Cercle Brugge,比利时甲级联赛,右,190,85,0,0
Hendrick Zuck,德国,26,W,67,70,77,60,62,68,31,55,2563034,Bayer 04 Leverkusen,德国甲级联赛,左,175,69,0,0
Koen Van Langendonck,比利时,27,GK,67,68,34,24,31,14,16,53,4927825,KVC Westerlo,比利时甲级联赛,右,185,87,0,0
Bruno China,葡萄牙,34,CM,67,67,52,55,66,68,64,74,8363020,CF Os Belenenses,葡萄牙超级联赛,右,183,74,0,0
Aurelian Chitu,法国,25,CAM,67,74,78,61,67,64,53,72,8870478,Valenciennes FC,法国甲级联赛,左,183,80,0,0
Tomi Juric,荷兰,25,ST,67,73,62,67,46,70,32,70,7071165,Roda JC Kerkrade,荷兰甲级联赛,右,190,83,0,0
Ruben Andrade,葡萄牙,34,CAM,67,67,58,67,70,70,49,57,6089063,Uniao da Madeira,葡萄牙超级联赛,右,175,69,0,0
Mathieu Gorgelin,法国,26,GK,67,71,50,16,15,17,15,54,9618314,Olympique Lyonnais,法国甲级联赛,左,188,83,0,0
Timo Ochs,德国,35,GK,67,68,33,14,19,18,12,47,6939865,Hertha BSC Berlin,德国甲级联赛,右,188,88,0,0
Chris Malonga,瑞士,29,ST,67,67,85,64,56,64,18,70,4484324,FC Lausanne-Sports,瑞士超级联赛,左,183,75,1,0
Carlos Manuel,葡萄牙,31,FB,67,67,78,49,55,64,66,62,7080001,Sporting CP,葡萄牙超级联赛,右,175,65,0,0
Tiago Caeiro,葡萄牙,32,ST,67,67,40,69,46,58,21,62,9653888,CF Os Belenenses,葡萄牙超级联赛,右,193,82,0,0
Joao Vilela,葡萄牙,31,CAM,67,67,66,71,71,70,60,69,18193910,Gil Vicente FC,葡萄牙超级联赛,右,178,72,0,0
Milorad Pekovic,德国,39,CM,67,67,46,60,62,62,65,73,5214743,SpVgg Greuther Fürth,德国甲级联赛,左,188,88,0,0
Fabio Caserta,意大利,38,CAM,67,67,53,67,72,66,58,57,8011967,Lecce,意大利甲级联赛,右,178,77,6,0
Elsad Zverotic,瑞士,30,FB,67,67,70,63,58,62,66,77,7355917,FC Luzern,瑞士超级联赛,右,178,78,1,0
Filip Modelski,波兰,24,FB,67,72,76,30,51,50,69,70,6665525,Jagiellonia Białystok,波兰甲级联赛,右,180,73,0,0
Simmy Nwankwo,葡萄牙,24,ST,67,72,53,70,44,55,23,62,7279145,Gil Vicente FC,葡萄牙超级联赛,右,196,80,0,0
Mamadou Bah,德国,28,CM,67,72,72,65,65,66,68,67,2533086,VfB Stuttgart,德国甲级联赛,左,183,75,0,0
Romuald Peiser,葡萄牙,37,GK,67,67,40,27,24,24,25,56,4361037,Académica de Coimbra,葡萄牙超级联赛,右,185,78,0,0
Renato Santos,葡萄牙,25,W,67,72,76,63,58,68,28,55,5752509,Boavista FC,葡萄牙超级联赛,右,178,75,0,0
Nick Marsman,荷兰,26,GK,67,70,37,12,43,17,15,44,12239982,FC Twente,荷兰甲级联赛,右,188,88,0,0
Daniel Pudil,比利时,31,CM,67,67,58,64,66,68,66,74,6923986,KRC Genk,比利时甲级联赛,左,185,82,1,0
Flavio Roma,法国,42,GK,67,67,38,32,24,25,24,59,7569859,AS Monaco,法国甲级联赛,右,190,86,0,0
Tom van Hyfte,荷兰,30,CAM,67,67,64,60,71,66,51,65,9152084,Roda JC Kerkrade,荷兰甲级联赛,左,188,68,0,0
Ali Messaoud,荷兰,25,ST,67,71,66,63,67,71,25,62,4798654,Willem II,荷兰甲级联赛,右,183,76,4,4
Helgi Valur Danielsson,葡萄牙,35,CM,67,67,58,50,61,58,65,73,4888428,CF Os Belenenses,葡萄牙超级联赛,右,185,78,0,0
Gary Gardner,英格兰,24,CM,67,74,54,72,73,68,59,68,6066726,Aston Villa,英格兰超级联赛,右,185,82,0,0
Marcos Camozzato,比利时,33,CM,67,70,74,62,69,72,66,67,7417721,Standard de Liège,比利时甲级联赛,右,178,71,0,0
Alassane Toure,法国,27,CB,67,67,74,20,49,55,69,69,18141440,GFC Ajaccio,法国甲级联赛,右,183,73,0,0
Klemen Lavric,瑞士,35,ST,67,67,62,68,56,65,17,67,11613603,FC St. Gallen,瑞士超级联赛,右,188,82,0,0
Patrick,葡萄牙,25,FB,67,70,78,50,51,64,70,59,9151193,CS Marítimo,葡萄牙超级联赛,右,178,76,0,0
Rivaldo,瑞士,31,CM,67,70,66,60,69,71,68,62,7846244,FC Vaduz,瑞士超级联赛,左,180,75,0,0
Renan Silva,葡萄牙,31,CM,67,67,56,60,64,62,66,73,6584851,Vitória Guimarães,葡萄牙超级联赛,右,180,74,0,0
Junmin Hao,德国,29,CM,67,67,72,60,68,68,66,68,5223902,FC Schalke 04,德国甲级联赛,右,180,74,0,0
Dirceu,葡萄牙,28,CB,67,67,58,37,36,44,64,73,5250879,CS Marítimo,葡萄牙超级联赛,右,190,88,0,0
Olivier Sorin,法国,35,GK,67,67,44,14,21,19,16,59,3647149,AJ Auxerre,法国甲级联赛,右,188,76,0,0
Humberto Osorio,西班牙,28,ST,67,67,59,66,61,66,30,60,4084850,Real Valladolid,西班牙甲级联赛,右,178,78,4,0
Stian Ringstad,葡萄牙,25,FB,67,72,76,62,60,68,66,70,11167826,SC Braga,葡萄牙超级联赛,左,183,75,0,0
Idir Ouali,比利时,28,W,67,67,92,62,58,70,25,64,15045191,Royal Excel Mouscron,比利时甲级联赛,左,175,69,0,0
King Osei Gyan,比利时,28,CM,67,68,72,63,66,66,62,71,5103766,Beerschot AC,比利时甲级联赛,右,175,69,0,0
Aderlan,葡萄牙,26,FB,67,71,78,62,58,66,66,70,6714227,Académica de Coimbra,葡萄牙超级联赛,右,178,71,0,0
Stefan Wessels,瑞士,37,GK,67,69,52,22,33,20,15,72,5755393,BSC Young Boys,瑞士超级联赛,右,190,90,0,0
Valerio Verre,意大利,22,CAM,67,76,72,62,67,70,54,62,9018479,Siena,意大利甲级联赛,右,180,73,0,0
Adam Sarota,荷兰,28,CM,67,69,68,60,67,66,60,75,8440490,FC Utrecht,荷兰甲级联赛,右,183,73,0,0
Paul McGowan,苏格兰,29,W,67,67,74,61,66,68,37,68,3482682,St. Mirren,苏格兰超级联赛,右,170,65,0,0
Frank Fahrenhorst,德国,39,CB,67,76,58,37,58,34,64,76,7741599,Hannover 96,德国甲级联赛,右,190,77,1,0
Emanuele Belardi,意大利,39,GK,67,67,50,28,26,23,24,62,5667580,Udinese,意大利甲级联赛,右,188,80,0,0
Stephane Grichting,法国,37,CM,67,67,30,43,50,48,65,60,3985391,AJ Auxerre,法国甲级联赛,左,185,80,0,0
Petter Hansson,法国,40,CM,67,67,44,51,55,52,66,67,3501740,Stade Rennais FC,法国甲级联赛,右,185,85,0,0
Younes Namli,荷兰,22,W,67,74,74,56,66,78,33,48,6572671,SC Heerenveen,荷兰甲级联赛,左,180,68,0,1
Aleksandar Trajkovski,比利时,24,ST,67,72,70,68,66,70,19,62,5933156,SV Zulte-Waregem,比利时甲级联赛,右,178,73,0,0
Michiel Jonckheere,比利时,26,CAM,67,68,66,62,68,68,50,61,7319669,KV Oostende,比利时甲级联赛,右,180,64,0,0
Andreas Lasnik,荷兰,33,ST,67,67,68,72,69,66,30,67,4637349,Willem II,荷兰甲级联赛,左,183,74,0,0
Bart Schenkeveld,荷兰,25,FB,67,71,56,39,64,57,70,63,12292615,Heracles Almelo,荷兰甲级联赛,右,183,80,0,0
Mamadou Niang,法国,37,ST,67,67,72,66,63,64,28,66,3883307,Olympique de Marseille,法国甲级联赛,右,178,80,0,0
William Soares,葡萄牙,28,CM,67,68,64,60,63,63,65,78,8316313,Uniao da Madeira,葡萄牙超级联赛,右,183,77,0,0
Simone Barone,意大利,38,CM,67,67,66,56,68,61,64,64,9609176,Torino,意大利甲级联赛,右,180,77,1,1
Merouane Zemmama,苏格兰,33,W,67,67,70,62,69,66,26,44,7115291,Hibernian,苏格兰超级联赛,右,170,62,0,0
Stefano Morrone,意大利,38,CM,67,67,58,61,68,65,69,68,4421504,Parma,意大利甲级联赛,右,178,72,3,0
David Di Michele,意大利,40,W,67,67,70,67,60,70,22,45,5268210,Lecce,意大利甲级联赛,右,170,70,28,6
Paulo Regula,葡萄牙,27,CAM,67,73,63,70,71,71,53,60,11530644,S.C. Olhanense,葡萄牙超级联赛,右,183,71,0,0
Juanmi Callejon,西班牙,29,ST,67,72,79,61,59,64,30,66,4029912,RCD Mallorca,西班牙甲级联赛,右,178,70,0,0
Rajiv van La Parra,荷兰,25,W,67,71,84,58,58,74,33,63,4300468,SC Heerenveen,荷兰甲级联赛,右,180,72,0,0
Benjamin Kirsten,荷兰,29,GK,67,67,48,18,34,25,13,59,4939836,N.E.C.,荷兰甲级联赛,右,183,76,0,0
Juanito,西班牙,40,CM,67,67,48,55,62,54,66,62,10517944,Real Betis Balompié,西班牙甲级联赛,右,183,77,3,0
Joan Hartock,法国,29,GK,67,67,46,13,23,14,16,51,3795745,Stade Brestois 29,法国甲级联赛,右,190,88,0,0
Raffaele Pucino,意大利,25,FB,67,71,68,37,51,60,67,68,9035507,Sassuolo,意大利甲级联赛,右,183,74,1,0
John Tshibumbu,法国,27,ST,67,67,78,66,59,70,20,67,18693677,GFC Ajaccio,法国甲级联赛,右,175,70,0,0
Zakaria Diallo,法国,30,CB,67,67,50,42,48,50,66,69,7829659,Dijon FCO,法国甲级联赛,右,193,88,0,0
Colin Coosemans,比利时,24,GK,67,72,43,21,39,23,14,57,12826012,Waasland-Beveren,比利时甲级联赛,右,185,83,0,0
Mickael Pote,法国,32,ST,67,67,79,65,55,65,26,74,10934972,OGC Nice,法国甲级联赛,右,180,80,0,0
Goran Lovre,荷兰,34,CAM,67,67,61,64,70,71,41,73,6577032,FC Groningen,荷兰甲级联赛,右,188,82,0,0
Cristian Raimondi,意大利,35,CM,67,67,59,58,59,62,69,68,16180417,Atalanta,意大利甲级联赛,右,183,78,1,2
Abdelkader Ghezzal,意大利,32,ST,67,67,74,66,57,70,29,68,6008348,Siena,意大利甲级联赛,右,183,78,15,1
Rubio Rubin,荷兰,20,W,67,78,75,63,64,72,24,67,8311715,FC Utrecht,荷兰甲级联赛,右,180,73,3,1
Kamil Bilinski,波兰,28,ST,67,67,68,67,56,61,18,70,11324828,Śląsk Wrocław,波兰甲级联赛,右,180,77,0,0
Jesus Capi,西班牙,39,CAM,67,67,58,56,75,71,42,43,3732836,Real Betis Balompié,西班牙甲级联赛,右,183,78,1,1
Gregory Tafforeau,法国,40,CM,67,67,56,56,63,65,69,67,10416673,SM Caen,法国甲级联赛,左,175,68,0,0
Karel D'Haene,比利时,36,CB,67,67,32,40,60,51,70,63,8712232,SV Zulte-Waregem,比利时甲级联赛,右,183,78,0,0
Kisho Yano,德国,32,ST,67,72,60,65,57,70,22,71,6887422,SC Freiburg,德国甲级联赛,右,185,76,0,0
Alessandro Budel,意大利,35,CM,67,67,42,61,64,64,69,68,7473884,Brescia,意大利甲级联赛,左,183,82,0,0
Johan Maartensson,荷兰,27,CM,67,68,60,53,67,64,60,74,9908114,FC Utrecht,荷兰甲级联赛,左,180,75,0,0
John Verhoek,荷兰,27,ST,67,68,62,68,56,60,30,75,3612459,ADO Den Haag,荷兰甲级联赛,右,188,85,0,0
Luciano Becchio,英格兰,33,ST,67,67,50,71,60,60,46,77,8936509,Norwich City,英格兰超级联赛,左,188,85,0,1
Yannis Tafer,瑞士,25,W,67,71,76,65,62,69,32,61,8116351,FC St. Gallen,瑞士超级联赛,左,180,67,2,0
Joe Lewis,英格兰,29,GK,67,67,59,18,29,16,16,60,3438325,Hull City,英格兰超级联赛,右,198,85,0,0
Berkay Tolga Dabanli,德国,26,CB,67,71,34,34,49,52,65,61,6961618,1. FC Nürnberg,德国甲级联赛,右,190,88,1,0
Vladimir Volkov,比利时,30,FB,67,67,72,47,62,66,64,68,5030366,KV Mechelen,比利时甲级联赛,左,185,80,0,0
Patrick Fabian,德国,29,CB,67,67,52,21,39,42,68,57,16072681,VfL Bochum,德国甲级联赛,右,193,94,0,0
Juanjo,西班牙,31,ST,67,67,60,66,44,62,28,78,12370329,Racing Santander,西班牙甲级联赛,右,188,80,1,0
Fwayo Tembo,瑞士,27,ST,67,76,79,62,61,70,34,72,6641522,FC Basel,瑞士超级联赛,右,173,64,0,0
Steven Joseph-Monrose,比利时,26,ST,67,70,84,67,61,67,34,71,14239906,KRC Genk,比利时甲级联赛,右,180,73,0,0
Daniele Paponi,意大利,28,ST,67,67,64,67,62,66,20,72,9057245,Bologna,意大利甲级联赛,右,183,72,2,0
Ivan Pelizzoli,意大利,36,GK,67,67,52,23,29,16,14,52,6555792,Pescara,意大利甲级联赛,右,193,89,0,0
Maurizio Lanzaro,西班牙,34,CB,67,67,53,43,45,44,68,79,7505676,Real Zaragoza,西班牙甲级联赛,右,183,80,3,0
Nicola Amoruso,意大利,42,ST,67,80,67,67,59,66,30,66,6238874,Torino,意大利甲级联赛,右,183,78,11,0
Baard Finne,德国,21,W,67,76,82,65,52,74,15,53,2710113,1. FC Köln,德国甲级联赛,右,173,67,0,0
Roberto Correa,西班牙,24,FB,67,72,72,46,55,50,70,72,3894721,RCD Espanyol,西班牙甲级联赛,右,183,76,0,0
Melker Hallberg,意大利,21,CAM,67,74,66,68,69,65,56,65,8714024,Udinese,意大利甲级联赛,右,180,68,0,0
Matthias Jaissle,德国,28,CB,67,70,59,28,57,48,67,61,3072664,TSG 1899 Hoffenheim,德国甲级联赛,右,185,83,0,0
Berat Sadik,瑞士,30,ST,67,67,59,66,60,60,21,70,7198006,FC Thun,瑞士超级联赛,右,193,83,0,1
Miguelito,葡萄牙,35,FB,67,67,70,58,64,65,66,55,5620717,Vitória Setúbal,葡萄牙超级联赛,左,175,62,0,0
Christopher Oualembo,葡萄牙,29,FB,67,67,76,31,54,62,65,79,6123604,Académica de Coimbra,葡萄牙超级联赛,右,175,77,0,0
Nico Pulzetti,意大利,32,CM,67,67,69,61,67,66,60,74,7613368,Livorno,意大利甲级联赛,右,175,70,2,2
Murray Davidson,苏格兰,28,CM,67,67,72,62,65,66,60,79,3607307,St. Johnstone FC,苏格兰超级联赛,右,180,69,0,0
Ricardo A. Clark,德国,33,CM,67,67,70,66,66,66,66,80,8509811,Eintracht Frankfurt,德国甲级联赛,右,178,73,0,0
Michel Salgado,英格兰,41,CM,67,67,34,51,66,66,74,65,4123987,Blackburn Rovers,英格兰超级联赛,右,175,75,0,3
Michele Rinaldi,意大利,29,CB,67,76,68,44,59,44,70,71,9031700,Bari,意大利甲级联赛,右,183,77,0,0
Mushaga Bakenga,比利时,24,ST,67,72,82,67,51,66,26,68,3147681,KSV Cercle Brugge,比利时甲级联赛,右,180,77,0,0
Sergio Pinto,德国,36,CM,67,67,56,71,70,68,64,64,5557279,Hannover 96,德国甲级联赛,右,175,72,16,6
Marius Ebbers,德国,38,ST,67,67,50,68,55,60,37,75,13258742,FC St. Pauli,德国甲级联赛,右,193,84,3,0
Louis Poggi,法国,32,CAM,67,67,74,60,66,67,62,63,2807208,GFC Ajaccio,法国甲级联赛,右,173,67,0,0
Akihiro Ienaga,西班牙,30,W,67,72,80,59,61,74,31,67,5164823,RCD Mallorca,西班牙甲级联赛,左,173,70,2,0
Jorge Claros,苏格兰,30,FB,67,67,66,46,66,65,60,70,6607264,Hibernian,苏格兰超级联赛,右,175,67,0,0
Tripy Makonda,法国,26,FB,67,69,76,66,62,65,65,61,7531817,Stade Brestois 29,法国甲级联赛,左,178,78,1,0
Dennis Daube,德国,27,CM,67,69,69,61,68,71,57,70,6113955,FC St. Pauli,德国甲级联赛,右,185,83,0,0
Pierre Ducasse,法国,29,CM,67,70,60,66,68,67,62,76,5877880,FC Lorient,法国甲级联赛,右,178,73,0,0
Mohamed Messoudi,比利时,32,CAM,67,67,68,65,66,67,45,65,6603366,KV Kortrijk,比利时甲级联赛,右,178,73,0,0
Sander Duits,荷兰,33,CM,67,67,52,66,66,61,64,67,5417467,RKC Waalwijk,荷兰甲级联赛,左,183,78,0,1
Gary Coulibaly,比利时,30,CM,67,67,52,56,65,61,64,73,9767552,Waasland-Beveren,比利时甲级联赛,右,185,86,0,0
Massimiliano Carlini,意大利,30,W,67,67,78,60,66,65,16,66,4310753,Frosinone,意大利甲级联赛,右,175,67,0,0
Alessandro Carrozza,意大利,34,W,67,67,78,59,58,71,28,68,8071387,Atalanta,意大利甲级联赛,右,178,76,0,0
Dani Fernandez,比利时,33,FB,67,67,68,48,63,66,68,67,4511877,KRC Genk,比利时甲级联赛,右,180,69,0,0
Michel Morganella,意大利,27,FB,67,68,76,52,64,69,71,76,8968286,Palermo,意大利甲级联赛,右,188,77,0,0
Dimitri Bulykin,荷兰,37,ST,67,67,54,65,55,54,30,59,8767125,ADO Den Haag,荷兰甲级联赛,右,190,85,2,0
Saidy Janko,苏格兰,21,FB,67,81,88,62,51,66,65,67,13352894,Celtic,苏格兰超级联赛,右,178,70,0,0
Vincenzo Italiano,意大利,39,CM,67,67,54,68,71,62,60,61,5141786,Chievo Verona,意大利甲级联赛,右,170,71,3,0
Damiano Zanon,意大利,33,FB,67,67,68,45,56,60,64,60,5552437,Pescara,意大利甲级联赛,右,178,73,1,0
Jakub Slowik,波兰,25,GK,67,71,39,14,29,15,14,41,6783438,Jagiellonia Białystok,波兰甲级联赛,右,190,82,0,0
Isaac Kiese Thelin,法国,24,ST,67,73,62,64,68,64,23,80,6705258,Girondins de Bordeaux,法国甲级联赛,右,188,83,0,0
Ruben Jurado,波兰,30,ST,67,67,78,65,60,66,29,74,4340260,Piast Gliwice,波兰甲级联赛,右,178,82,0,0
Darwin Machis,西班牙,23,ST,67,73,86,69,57,71,28,65,6338477,Granada CF,西班牙甲级联赛,右,170,72,0,0
Roman Buess,瑞士,24,W,67,75,82,66,65,64,47,65,7986687,FC Thun,瑞士超级联赛,右,183,76,4,0
Marvin Baudry,比利时,26,CB,67,68,60,27,51,44,67,71,12838253,SV Zulte-Waregem,比利时甲级联赛,右,188,82,0,0
Jander,葡萄牙,28,FB,67,70,77,56,63,71,64,80,5897413,S.C. Olhanense,葡萄牙超级联赛,左,183,76,0,0
Aleksandar Tonev,波兰,26,ST,67,67,88,71,63,68,41,70,7857417,Lech Poznań,波兰甲级联赛,右,178,69,0,1
Nuno Sequeira,葡萄牙,26,FB,67,69,65,59,49,62,71,67,9685522,CD Nacional,葡萄牙超级联赛,左,183,82,0,0
Greg Tansey,苏格兰,28,CM,67,67,66,72,70,64,62,84,4183761,Inverness Caledonian Thistle,苏格兰超级联赛,右,185,86,0,0
Andrius Velicka,苏格兰,37,ST,67,74,65,68,62,68,15,71,10595615,Rangers,苏格兰超级联赛,右,183,80,0,0
Marcelinho,葡萄牙,32,ST,67,67,56,65,57,64,30,68,5221947,Naval 1° de Maio,葡萄牙超级联赛,右,180,77,0,0
Javier Flano,西班牙,32,FB,67,67,72,45,53,54,72,77,5520737,CA Osasuna,西班牙甲级联赛,右,178,68,1,0
Mikel Saizar,西班牙,33,GK,67,67,38,31,26,25,24,54,3918945,Córdoba CF,西班牙甲级联赛,右,190,84,0,0
Jakub Czerwinski,波兰,25,CB,67,73,60,34,34,34,69,75,7469712,Pogoń Szczecin,波兰甲级联赛,右,183,75,0,0
Oliver Bozanic,瑞士,27,CAM,67,68,76,65,67,68,56,65,12243939,FC Luzern,瑞士超级联赛,左,178,70,0,0
Zhi-Gin Lam,德国,25,FB,67,71,80,54,61,70,67,57,19865985,Hamburger SV,德国甲级联赛,右,175,66,1,1
Florian Hartherz,德国,23,FB,67,72,75,54,59,66,65,72,9283456,SV Werder Bremen,德国甲级联赛,左,188,83,0,0
Marco Calderoni,意大利,27,FB,67,67,78,56,52,59,66,80,5004828,Palermo,意大利甲级联赛,左,180,75,0,0
Ben Amos,英格兰,26,GK,67,69,48,13,31,18,15,48,4754976,Manchester United,英格兰超级联赛,右,193,76,0,0
Kenneth Schuermans,比利时,25,CB,67,70,56,36,53,53,66,72,11117109,KVC Westerlo,比利时甲级联赛,右,193,80,0,0
Romeo Castelen,荷兰,33,W,67,67,74,59,62,70,22,53,11353216,RKC Waalwijk,荷兰甲级联赛,右,170,68,1,0
David Garcia,西班牙,35,FB,67,67,78,48,59,62,65,76,2388294,RCD Espanyol,西班牙甲级联赛,左,178,75,0,0
Christian Eigler,德国,32,ST,67,67,76,65,57,66,26,66,7259002,1. FC Nürnberg,德国甲级联赛,右,185,85,12,0
Tom Caluwe,比利时,38,ST,67,69,64,70,66,63,36,66,8620866,Sint-Truidense VV,比利时甲级联赛,右,173,66,0,0
Andreas Ludwig,荷兰,26,CAM,67,71,72,70,66,68,52,70,9317857,FC Utrecht,荷兰甲级联赛,左,173,68,0,0
Kristof van Hout,比利时,29,GK,67,67,28,23,31,20,18,46,3926268,KV Kortrijk,比利时甲级联赛,右,208,110,0,0
Erik Huseklepp,意大利,32,ST,67,67,80,65,61,68,32,68,2995408,Bari,意大利甲级联赛,右,185,75,2,0
Kaspars Gorkss,英格兰,35,CB,67,67,48,37,50,50,66,72,10004565,Reading,英格兰超级联赛,左,190,85,1,0
Pedro Oldoni,葡萄牙,31,ST,67,67,56,68,59,64,28,65,7974262,CD Nacional,葡萄牙超级联赛,右,190,82,0,0
Erton Fejzullahu,荷兰,28,ST,67,68,74,68,62,67,33,68,5111547,N.E.C.,荷兰甲级联赛,右,180,83,0,0
Terell Ondaan,荷兰,23,ST,67,75,90,65,50,70,32,76,10926321,Willem II,荷兰甲级联赛,右,170,72,1,2
Kieran Agard,苏格兰,27,ST,67,69,87,63,56,64,37,76,7980355,Kilmarnock,苏格兰超级联赛,右,173,67,0,0
Toko Nzuzi,瑞士,26,FB,67,69,90,56,65,66,62,82,18619538,Grasshopper Club Zürich,瑞士超级联赛,右,170,66,0,0
Andre Ooijer,英格兰,42,CM,67,67,36,45,58,50,67,52,5625371,Blackburn Rovers,英格兰超级联赛,右,185,83,3,2
Ciro Capuano,意大利,35,FB,67,67,68,60,54,62,70,67,8944140,Catania,意大利甲级联赛,左,185,78,2,1
Jose Saez,法国,34,CM,67,67,41,60,68,63,62,64,11870771,Valenciennes FC,法国甲级联赛,右,170,63,4,0
Martin Nespor,波兰,26,ST,67,69,76,67,45,62,32,75,9464194,Piast Gliwice,波兰甲级联赛,右,183,75,0,0
Diego Mauricio,葡萄牙,25,ST,67,72,74,64,65,70,26,71,6462170,FC Porto,葡萄牙超级联赛,右,183,79,0,0
Alessandro Frara,意大利,34,CM,67,67,55,57,67,66,55,62,13247767,Frosinone,意大利甲级联赛,右,178,72,0,0
Jeffrey Sarpong,荷兰,28,W,67,68,86,56,62,72,30,61,3785148,NAC Breda,荷兰甲级联赛,右,173,75,3,5
Ferdinando Coppola,意大利,38,GK,67,67,34,17,26,16,15,48,7397045,Atalanta,意大利甲级联赛,右,188,86,0,0
Manuel Pablo,西班牙,40,CM,67,67,49,55,67,59,75,47,8751480,RC Deportivo de La Coruña,西班牙甲级联赛,右,175,80,0,0
Seko Fofana,法国,21,CAM,67,78,72,64,69,68,60,68,5509604,SC Bastia,法国甲级联赛,右,183,77,0,0
Knut Olav Rindaroey,西班牙,31,FB,67,67,81,57,57,60,66,75,4282653,RC Deportivo de La Coruña,西班牙甲级联赛,左,178,74,0,0
Mamadou Kone,西班牙,25,ST,67,73,83,68,38,68,21,73,3169415,Racing Santander,西班牙甲级联赛,右,178,73,0,0
Dico Koppers,荷兰,24,FB,67,71,67,43,59,68,69,74,8957495,FC Twente,荷兰甲级联赛,左,178,72,0,1
Oliver Barth,德国,37,GK,67,67,22,38,48,41,68,57,4379422,SC Freiburg,德国甲级联赛,右,188,80,2,0
Kai Herdling,德国,32,ST,67,67,66,71,64,68,29,65,8075913,TSG 1899 Hoffenheim,德国甲级联赛,右,180,77,2,1
Renny Vega,葡萄牙,37,GK,67,67,54,15,37,16,17,54,4167065,Uniao da Madeira,葡萄牙超级联赛,右,180,73,0,0
Henry Gimenez,意大利,30,ST,67,72,78,68,57,71,29,68,5402450,Bologna,意大利甲级联赛,左,175,69,6,2
Daan van Gijseghem,比利时,28,FB,67,69,66,40,58,58,67,71,16801809,Club Brugge KV,比利时甲级联赛,右,183,84,0,0
David Ivan,意大利,21,CAM,67,77,74,54,68,67,56,59,5577299,Sampdoria,意大利甲级联赛,左,173,68,0,0
Benjamin Pavard,法国,20,FB,67,77,64,42,58,64,71,57,7020656,LOSC Lille,法国甲级联赛,右,183,67,0,0
Raul Camara,西班牙,32,FB,67,67,82,50,56,62,64,75,4549302,Real Sporting de Gijón,西班牙甲级联赛,右,170,64,0,0
Dianbobo Balde,法国,41,CB,67,67,32,34,55,52,62,69,11028868,Valenciennes FC,法国甲级联赛,左,190,93,0,0
Francesco Arnau,西班牙,41,GK,67,72,45,15,27,17,15,53,9297036,Málaga CF,西班牙甲级联赛,右,185,81,0,0
Philipp Boenig,德国,36,FB,67,67,68,50,61,57,66,73,4402523,VfL Bochum,德国甲级联赛,左,178,73,0,0
Nathan Kabasele,荷兰,22,ST,67,74,86,69,55,71,23,75,6515471,De Graafschap,荷兰甲级联赛,右,178,84,0,0
Jesper Juelsgaard,法国,27,FB,67,67,70,48,54,62,66,73,4463030,Évian Thonon Gaillard FC,法国甲级联赛,左,180,82,0,0
Rodrigues Saulo,葡萄牙,34,ST,67,67,80,65,60,70,36,69,7969764,Rio Ave FC,葡萄牙超级联赛,右,175,78,0,0
Rani Khedira,德国,22,FB,67,76,62,47,63,58,67,74,10954903,VfB Stuttgart,德国甲级联赛,右,188,84,0,0
Michael Frey,瑞士,22,ST,67,73,64,62,62,64,21,71,10273609,BSC Young Boys,瑞士超级联赛,右,188,86,4,0
Ozeia,葡萄牙,34,CM,67,67,42,59,51,50,66,72,7580103,FC Paços de Ferreira,葡萄牙超级联赛,右,190,85,0,0
Mark Hudson,英格兰,34,CB,67,67,37,43,48,48,70,71,6476564,Cardiff City,英格兰超级联赛,右,185,77,0,0
Andrew Davies,苏格兰,32,CB,67,67,65,27,44,40,65,78,2903107,Ross County FC,苏格兰超级联赛,右,188,82,0,0
Mariusz Stepinski,波兰,21,ST,67,75,74,65,54,64,22,63,6290066,Ruch Chorzów,波兰甲级联赛,右,183,73,0,0
Thorstein Helstad,法国,39,ST,67,67,58,69,55,66,25,72,8570253,Le Mans FC,法国甲级联赛,右,188,86,0,0
Rafal Grzyb,波兰,33,FB,67,67,72,57,61,60,69,75,4614246,Jagiellonia Białystok,波兰甲级联赛,右,175,75,0,0
Karim Saidi,比利时,33,FB,67,67,63,46,50,50,65,75,5145537,Lierse SK,比利时甲级联赛,右,185,80,0,0
Giacomo Tedesco,意大利,40,CAM,67,67,60,62,73,67,58,58,15561112,Catania,意大利甲级联赛,左,175,71,1,3
Willian Rocha,瑞士,27,CM,67,73,51,50,52,59,70,66,12086575,Grasshopper Club Zürich,瑞士超级联赛,左,185,83,0,0
Gabriel Gomez,葡萄牙,32,CM,67,68,65,61,65,65,62,73,6475886,CF Os Belenenses,葡萄牙超级联赛,右,183,81,0,0
Thomas Kind Bendiksen,苏格兰,27,CAM,67,69,66,61,70,71,46,63,3984027,Rangers,苏格兰超级联赛,右,183,76,0,0
Pablo Cendros,西班牙,29,FB,67,67,73,41,54,58,67,77,14948185,RCD Mallorca,西班牙甲级联赛,右,175,73,0,0
Matthieu Saunier,法国,26,CB,67,68,41,25,54,54,69,69,10962075,ES Troyes AC,法国甲级联赛,右,180,77,0,0
Kevin Conboy,荷兰,29,FB,67,67,67,58,59,62,66,74,5717053,N.E.C.,荷兰甲级联赛,左,185,77,0,0
Cesar Delgado,法国,35,W,67,67,68,64,69,74,36,56,10227498,Olympique Lyonnais,法国甲级联赛,右,175,72,1,0
Zurab Khizanishvili,英格兰,35,FB,67,78,66,46,58,48,66,68,10597185,Blackburn Rovers,英格兰超级联赛,右,185,78,0,0
Alvaro Dominguez,瑞士,35,CAM,67,67,48,68,68,70,37,71,2584918,FC Sion,瑞士超级联赛,右,175,69,0,0
Remo Freuler,瑞士,24,CAM,67,72,70,64,70,62,56,68,9349580,FC Luzern,瑞士超级联赛,右,180,74,1,0
Victor Hugo Montano,法国,32,ST,67,67,72,67,63,66,40,69,4445208,Stade Rennais FC,法国甲级联赛,右,180,75,13,1
Xavier Collin,法国,42,FB,67,72,70,44,61,52,66,68,5564052,Montpellier Hérault SC,法国甲级联赛,左,175,68,0,0
Guillaume Loriot,法国,30,CM,67,67,48,58,65,62,64,69,6171648,Le Mans FC,法国甲级联赛,左,188,79,0,0
Pedro Orfila Artime,西班牙,28,FB,67,67,74,30,56,58,68,69,6165634,Real Sporting de Gijón,西班牙甲级联赛,右,175,70,1,0
Juanlu,西班牙,32,CAM,67,67,69,60,66,68,45,63,5520339,CD Tenerife,西班牙甲级联赛,右,178,76,4,1
Jonathan Legear,比利时,29,W,67,67,76,68,62,70,40,61,6116394,RSC Anderlecht,比利时甲级联赛,右,180,77,0,0
Rafa Jorda,西班牙,32,ST,67,67,48,66,50,64,36,55,8715024,Levante UD,西班牙甲级联赛,右,190,87,2,0
Zinedine Machach,法国,20,CAM,67,79,76,61,67,76,56,67,4038723,Toulouse FC,法国甲级联赛,右,185,74,0,0
Ronald Zubar,英格兰,31,FB,67,67,62,51,59,62,64,76,10632264,Wolverhampton Wanderers,英格兰超级联赛,右,185,89,7,2
Aleksander Seliga,荷兰,36,GK,67,70,50,15,26,28,17,63,10807347,Sparta Rotterdam,荷兰甲级联赛,右,185,79,0,0
Cameron Borthwick-Jackson,英格兰,19,FB,67,79,73,38,60,64,67,68,9773094,Manchester United,英格兰超级联赛,左,188,82,0,0
Gian Martins,葡萄牙,23,CAM,67,75,80,57,67,72,54,74,7321728,Uniao da Madeira,葡萄牙超级联赛,左,183,72,0,0
Rodrigo Hernandez,西班牙,20,CM,67,80,62,51,71,57,65,62,12048907,Valencia CF,西班牙甲级联赛,右,190,78,0,0
Gustavo Hebling,荷兰,20,CM,67,80,64,58,69,68,62,60,3714500,PEC Zwolle,荷兰甲级联赛,右,173,66,0,0
Juanma Ortiz,西班牙,34,CM,67,67,74,67,61,66,61,80,1803483,UD Almería,西班牙甲级联赛,右,178,70,5,1
Pablo Sicilia,西班牙,35,CB,67,70,68,27,59,49,69,76,5361726,CD Tenerife,西班牙甲级联赛,右,183,83,0,1
Jonatan Montiel,西班牙,18,W,67,77,66,57,67,69,36,53,12595485,RCD Espanyol,西班牙甲级联赛,左,173,67,0,0
Eldin Jakupovic,瑞士,32,GK,67,67,46,16,40,16,15,53,7474066,Grasshopper Club Zürich,瑞士超级联赛,右,190,83,0,0
Miroslav Stevanovic,西班牙,26,W,67,72,78,57,63,68,38,61,4651055,Elche CF,西班牙甲级联赛,右,180,72,0,0
Brayan Beckeles,葡萄牙,31,CM,67,67,72,59,63,72,61,82,7946507,Boavista FC,葡萄牙超级联赛,右,185,80,0,0
Cephas Chimedza,比利时,32,CAM,67,70,64,66,67,72,49,64,9128329,Sint-Truidense VV,比利时甲级联赛,左,178,78,0,0
Inaki Munoz,西班牙,38,CM,67,74,62,63,65,61,66,67,4128538,Athletic Club de Bilbao,西班牙甲级联赛,右,183,79,0,0
Jose Josetxo,西班牙,39,CB,67,67,38,42,53,45,68,61,4755762,CA Osasuna,西班牙甲级联赛,右,185,79,1,0
Peter Wisgerhof,荷兰,37,CM,67,67,32,47,58,46,68,58,7893586,FC Twente,荷兰甲级联赛,右,180,84,0,0
Tim Breukers,荷兰,29,FB,67,67,69,51,58,59,68,73,8370696,Heracles Almelo,荷兰甲级联赛,右,178,76,0,0
Julian Green,德国,21,W,67,74,77,63,61,70,22,54,5233517,Hannover 96,德国甲级联赛,右,173,70,0,0
Rico Strieder,荷兰,24,FB,67,74,66,43,65,60,66,67,7677973,FC Utrecht,荷兰甲级联赛,右,175,68,0,0
Sander Boschker,荷兰,45,GK,67,67,40,27,30,26,25,56,10210465,FC Twente,荷兰甲级联赛,左,185,87,0,0
Heidar Helguson,英格兰,39,ST,67,67,41,61,47,66,26,75,5101730,Queens Park Rangers,英格兰超级联赛,右,178,78,9,2
Glenn Claes,比利时,22,CAM,67,74,68,66,65,70,56,64,22721036,KV Mechelen,比利时甲级联赛,左,178,62,0,0
Mats Rits,比利时,23,CAM,67,73,56,62,69,70,53,60,17287069,KV Mechelen,比利时甲级联赛,右,180,70,0,0
Edmilson Fernandes,瑞士,20,W,67,80,78,66,68,68,46,66,12758858,FC Sion,瑞士超级联赛,右,190,70,0,0
Lolo,西班牙,32,CM,67,67,53,59,64,56,65,70,12163811,CA Osasuna,西班牙甲级联赛,右,183,72,10,0
"Alves Justino Jorge Luiz,28",葡萄牙,34,FB,67,67,60,46,52,50,65,72,12850861,Vitória Setúbal,葡萄牙超级联赛,右,193,80,0,0
Torsten Oehrl,德国,30,ST,67,67,64,70,51,64,23,61,4347008,FC Augsburg,德国甲级联赛,右,193,85,7,1
Alberto Rey,西班牙,42,FB,67,77,70,42,62,64,70,61,2425569,Real Valladolid,西班牙甲级联赛,左,175,74,0,2
Oscar Sanchez,西班牙,37,CM,67,67,68,63,61,63,64,73,8792676,Real Valladolid,西班牙甲级联赛,左,180,72,0,0
Alexandre Alphonse,瑞士,34,ST,67,67,74,64,60,69,22,73,9602502,FC Zürich,瑞士超级联赛,右,175,76,1,0
Scott Lee Sutter,瑞士,30,FB,67,67,70,52,64,62,64,81,9268865,BSC Young Boys,瑞士超级联赛,右,180,79,1,0
Jauregi Inaki Bea,西班牙,38,CB,66,66,49,44,53,42,66,70,3012235,Real Valladolid,西班牙甲级联赛,右,185,80,0,0
Ivan Hernandez,西班牙,36,FB,66,66,56,48,51,48,67,63,12412394,Real Sporting de Gijón,西班牙甲级联赛,右,188,83,0,0
Juan Pablo,西班牙,38,GK,66,66,56,15,31,19,15,67,5373220,Real Sporting de Gijón,西班牙甲级联赛,右,188,83,0,0
Josip Barisic,波兰,30,ST,66,66,64,67,51,62,20,72,8446972,Piast Gliwice,波兰甲级联赛,右,185,80,0,0
Igor Lolo,法国,34,FB,66,66,65,53,55,63,67,70,10386664,AS Monaco,法国甲级联赛,右,178,76,2,0
Yoshiaki Takagi,荷兰,24,W,66,72,78,51,60,72,27,49,5347334,FC Utrecht,荷兰甲级联赛,右,168,67,0,0
Bram Verbist,比利时,33,GK,66,66,44,21,32,19,15,46,4466488,KSV Cercle Brugge,比利时甲级联赛,右,183,89,0,0
Carl Hoefkens,比利时,38,CM,66,66,47,50,61,48,67,63,5181049,Club Brugge KV,比利时甲级联赛,右,185,82,0,0
Dorge Kouemaha,比利时,33,ST,66,66,62,66,58,62,38,70,5703683,Club Brugge KV,比利时甲级联赛,右,183,90,2,1
Leyti N'Diaye,法国,31,CM,66,69,44,49,56,48,65,66,9600123,AC Ajaccio,法国甲级联赛,右,188,84,0,0
Massimo Coda,意大利,28,ST,66,66,64,65,37,64,19,51,6201257,Parma,意大利甲级联赛,右,183,72,0,0
Federico Casarini,意大利,27,W,66,68,81,63,64,72,52,67,6166669,Bologna,意大利甲级联赛,右,180,72,1,1
Dolly Menga,比利时,23,W,66,74,92,67,49,69,53,68,9485581,Lierse SK,比利时甲级联赛,左,180,73,0,0
Henri Bienvenu Ntsama,瑞士,28,ST,66,66,74,67,56,62,37,73,4814816,BSC Young Boys,瑞士超级联赛,右,180,75,0,0
Davide Calla,瑞士,32,ST,66,66,72,66,58,66,30,74,10585159,Grasshopper Club Zürich,瑞士超级联赛,右,175,79,3,0
Luciano,荷兰,36,GK,66,66,62,25,32,28,25,57,10467436,FC Groningen,荷兰甲级联赛,右,175,74,0,0
Timothy Fosu-Mensah,英格兰,18,FB,66,83,77,57,63,61,65,71,5006628,Manchester United,英格兰超级联赛,右,185,79,0,0
Oscar Serrano,西班牙,35,W,66,66,54,66,64,70,27,49,5728872,Racing Santander,西班牙甲级联赛,左,173,73,9,2
Inaki Goitia,西班牙,34,GK,66,66,42,25,23,26,23,59,5759755,Málaga CF,西班牙甲级联赛,右,188,81,0,0
Jorge Lopez,西班牙,38,CAM,66,66,48,69,72,71,45,46,12354013,Real Zaragoza,西班牙甲级联赛,右,183,75,2,2
Bart Goor,比利时,43,CAM,66,66,54,66,70,64,52,57,3861788,Beerschot AC,比利时甲级联赛,左,183,80,0,0
Raffaele Maiello,意大利,25,CAM,66,70,72,60,68,70,49,69,4902864,Empoli,意大利甲级联赛,右,178,73,0,0
Michael Timisela,荷兰,30,FB,66,66,72,42,56,64,65,69,4113503,VVV-Venlo,荷兰甲级联赛,右,175,70,0,0
Christopher Avevor,德国,24,FB,66,71,68,47,60,59,66,80,5276374,Hannover 96,德国甲级联赛,右,185,88,0,0
Kike Mateo,西班牙,37,ST,66,66,64,62,63,64,43,74,10379048,Real Sporting de Gijón,西班牙甲级联赛,右,175,76,3,0
Sylvain Monsoreau,法国,35,CM,66,66,48,46,55,56,64,63,1572243,AS Saint-Étienne,法国甲级联赛,左,185,80,0,0
James Dayton,苏格兰,28,ST,66,68,82,63,60,69,26,68,6017776,Kilmarnock,苏格兰超级联赛,左,173,64,0,0
Paul Freier,德国,37,CM,66,66,68,61,64,70,65,63,6169227,VfL Bochum,德国甲级联赛,右,180,79,3,2
Frederic Thomas,法国,36,CM,66,66,64,65,74,66,57,76,2255537,Le Mans FC,法国甲级联赛,右,180,75,0,0
Robin Propper,荷兰,23,CM,66,73,64,61,65,57,66,69,3614925,De Graafschap,荷兰甲级联赛,右,193,82,0,0
Lesley de Sa,荷兰,23,W,66,70,86,56,53,68,28,60,6049890,Go Ahead Eagles,荷兰甲级联赛,右,170,69,0,1
Maciej Wilusz,波兰,28,CB,66,66,50,52,56,38,68,69,7070174,GKS Bełchatów,波兰甲级联赛,左,188,85,0,0
"Theo Weeks,24",葡萄牙,26,CM,66,69,66,59,65,69,63,72,3810197,CS Marítimo,葡萄牙超级联赛,右,175,68,0,0
Hugo Alcantara,葡萄牙,37,CM,66,66,33,49,58,56,67,63,6352523,"União de Leiria, SAD",葡萄牙超级联赛,左,190,85,0,0
Sergey Krivets,波兰,30,CAM,66,66,67,64,69,70,48,63,5018379,Lech Poznań,波兰甲级联赛,右,178,76,0,0
Fitz Hall,英格兰,36,FB,66,66,55,39,49,52,64,65,8774969,Queens Park Rangers,英格兰超级联赛,右,193,83,0,0
Darnell Furlong,英格兰,21,FB,66,76,71,34,54,66,65,67,7065564,Queens Park Rangers,英格兰超级联赛,右,180,76,0,0
Ruben Loftus-Cheek,英格兰,20,CM,66,80,70,53,68,68,64,69,12908744,Chelsea,英格兰超级联赛,右,190,83,0,0
Ricardo Da Costa Pateiro,葡萄牙,36,CAM,66,66,64,62,68,68,58,58,8222108,"União de Leiria, SAD",葡萄牙超级联赛,左,178,72,0,0
Ferdinando Sforzini,意大利,32,ST,66,66,54,66,46,58,16,69,10506714,Pescara,意大利甲级联赛,右,193,83,0,0
Matteo Centurioni,意大利,42,CB,66,66,41,38,53,48,65,60,3085949,Novara,意大利甲级联赛,右,190,85,1,0
Marcin Budzinski,波兰,26,CM,66,70,62,63,67,70,58,69,13677234,Cracovia,波兰甲级联赛,右,183,80,0,0
Jeffrey Rijsdijk,荷兰,29,CAM,66,67,74,68,61,64,54,65,2127918,Go Ahead Eagles,荷兰甲级联赛,右,175,74,1,2
Edu Bedia,西班牙,27,CAM,66,67,54,57,73,66,43,56,10136798,Racing Santander,西班牙甲级联赛,左,183,74,0,0
Daniel Majstorovic,苏格兰,39,CM,66,66,34,46,51,56,63,65,5015750,Celtic,苏格兰超级联赛,右,190,95,0,0
Kevin Mayi,法国,23,W,66,74,84,60,48,66,18,56,2529790,GFC Ajaccio,法国甲级联赛,右,183,78,0,0
Oscar Diaz,西班牙,32,ST,66,66,66,67,55,68,33,71,6815089,UD Almería,西班牙甲级联赛,右,183,76,4,0
Boris Pandza,比利时,30,CB,66,67,63,36,44,37,63,77,5848782,KV Mechelen,比利时甲级联赛,右,188,84,0,0
Joel Drommel,荷兰,20,GK,66,80,42,17,43,28,16,60,4695813,FC Twente,荷兰甲级联赛,右,193,78,0,0
Kingsley Ehizibue,荷兰,21,FB,66,75,78,64,62,70,63,67,7862073,PEC Zwolle,荷兰甲级联赛,右,188,82,0,0
Jorge Garcia,西班牙,32,CB,66,66,44,43,47,38,66,58,6795203,Real Sporting de Gijón,西班牙甲级联赛,左,183,77,2,0
Leo Lacroix,瑞士,24,CM,66,72,52,50,59,55,64,77,5566443,FC Sion,瑞士超级联赛,右,196,85,0,0
Marco Crimi,意大利,26,FB,66,67,74,55,65,65,60,77,3209287,Carpi,意大利甲级联赛,右,178,65,0,0
Carlos Lazaro Vallejo,西班牙,26,CAM,66,70,60,58,74,69,51,56,6181619,Real Valladolid,西班牙甲级联赛,右,180,77,0,0
Ruben Brigido,葡萄牙,25,W,66,75,80,57,64,70,46,53,7153990,"União de Leiria, SAD",葡萄牙超级联赛,右,170,65,0,0
Reto Zanni,瑞士,36,FB,66,68,68,64,54,56,66,74,6287115,FC Basel,瑞士超级联赛,右,188,80,0,0
Sakari Mattila,瑞士,27,CM,66,67,66,69,64,64,67,74,3902026,AC Bellinzona,瑞士超级联赛,右,188,78,0,0
Ricardo Andrade,葡萄牙,39,GK,66,66,34,14,20,15,17,51,5395148,Moreirense FC,葡萄牙超级联赛,右,188,79,0,0
Neal Eardley,英格兰,28,CM,66,66,72,64,63,64,64,69,9054740,Blackpool,英格兰超级联赛,右,180,74,2,0
Christopher Schorch,德国,27,FB,66,72,59,35,58,64,68,70,9130740,1. FC Köln,德国甲级联赛,右,188,80,1,0
Osman Sow,苏格兰,26,ST,66,67,81,67,57,70,21,68,12055948,Heart of Midlothian,苏格兰超级联赛,左,193,80,0,0
Fredric Brillant,比利时,31,CB,66,66,48,36,52,35,66,66,3737061,KV Oostende,比利时甲级联赛,右,188,73,0,0
Carlitos,葡萄牙,35,FB,66,69,72,49,64,62,66,68,5301569,Naval 1° de Maio,葡萄牙超级联赛,右,168,73,0,0
Enar Jaeaeger,比利时,32,CM,66,66,64,63,62,64,65,73,5995128,Lierse SK,比利时甲级联赛,右,178,74,0,0
Modibo Maiga,法国,29,ST,66,66,70,66,58,64,21,67,6945213,FC Sochaux-Montbéliard,法国甲级联赛,左,185,80,18,4
Andrea Lisuzzo,意大利,35,CB,66,66,63,36,46,48,65,69,11729801,Novara,意大利甲级联赛,右,183,76,0,0
Igors Tarasovs,波兰,28,FB,66,67,68,51,60,58,64,73,6438108,Jagiellonia Białystok,波兰甲级联赛,右,190,85,0,0
Rolando Mandragora,意大利,19,CM,66,76,60,52,70,70,61,65,2302612,Genoa,意大利甲级联赛,左,183,76,0,0
Andre Bikey,英格兰,31,FB,66,66,74,52,52,52,64,77,14137882,Burnley,英格兰超级联赛,右,183,80,1,0
Flavien La Postollec,比利时,32,CM,66,66,57,59,63,56,65,68,5986405,Oud-Heverlee Leuven,比利时甲级联赛,右,180,77,0,0
Kamil Zayatte,英格兰,31,CB,66,66,46,40,53,52,63,74,6230039,Hull City,英格兰超级联赛,右,188,87,7,2
Christophe Grondin,比利时,33,FB,66,66,65,48,61,62,64,77,3448979,KAA Gent,比利时甲级联赛,右,180,77,0,0
Abdul Osman,苏格兰,29,FB,66,66,68,31,56,59,65,76,7451498,Partick Thistle F.C.,苏格兰超级联赛,右,183,70,0,0
Kees Luijckx,荷兰,30,CM,66,66,56,64,53,59,65,71,5672445,NAC Breda,荷兰甲级联赛,右,190,85,0,0
Rachid Bourabia,比利时,31,CAM,66,66,54,68,66,66,42,69,5747860,Lierse SK,比利时甲级联赛,右,183,83,0,0
Denni Avdic,荷兰,28,ST,66,66,49,69,53,61,30,74,9057286,PEC Zwolle,荷兰甲级联赛,右,193,80,3,0
Adnan Custovic,比利时,38,ST,66,66,58,73,67,66,38,67,6994461,Beerschot AC,比利时甲级联赛,右,185,83,0,0
Filip Trojan,德国,33,ST,66,66,71,65,64,70,37,68,5114397,1. FSV Mainz 05,德国甲级联赛,左,173,72,0,0
Gregory Lorenzi,法国,33,CM,66,66,42,48,62,50,64,69,8235598,Stade Brestois 29,法国甲级联赛,右,185,82,1,0
Mana Dembele,法国,28,ST,66,67,86,65,52,64,12,58,5835264,En Avant de Guingamp,法国甲级联赛,右,183,82,0,0
Boubacar Diabang Dialiba,比利时,28,W,66,66,93,61,58,66,47,75,9015859,KV Mechelen,比利时甲级联赛,左,178,69,0,0
Marco Sailer,德国,31,ST,66,66,74,62,64,66,32,74,4545884,SV Darmstadt 98,德国甲级联赛,右,170,77,0,0
Luke Varney,英格兰,34,ST,66,66,76,64,62,63,36,80,13547417,Blackpool,英格兰超级联赛,右,180,70,5,2
Laurent Jans,比利时,24,FB,66,71,74,41,60,63,65,71,9338507,Waasland-Beveren,比利时甲级联赛,右,178,73,0,0
Gary Harkins,苏格兰,31,CAM,66,66,64,63,64,72,48,66,3426336,Dundee FC,苏格兰超级联赛,右,188,81,0,0
Felipe Seymour,意大利,29,CM,66,71,72,61,68,64,60,66,6668197,Genoa,意大利甲级联赛,右,175,75,1,1
Beshart Abdurahimi,比利时,26,W,66,68,76,64,60,68,26,52,5948076,Sporting Lokeren,比利时甲级联赛,右,178,75,0,0
Hugo Bargas,荷兰,30,ST,66,71,74,62,57,66,21,61,8601438,De Graafschap,荷兰甲级联赛,左,175,70,0,0
Stephen Dobbie,英格兰,34,CAM,66,66,54,69,68,68,41,63,4351397,Swansea City,英格兰超级联赛,右,173,65,0,0
Carlos Diogo,西班牙,33,CM,66,66,64,62,59,59,67,68,5637379,Real Zaragoza,西班牙甲级联赛,右,185,79,2,1
Jaycee Okwunwanne,比利时,31,ST,66,72,74,63,40,72,16,67,4392342,Royal Excel Mouscron,比利时甲级联赛,右,180,80,0,0
Stuart O'Keefe,英格兰,25,CM,66,67,69,61,65,66,62,69,5938783,Crystal Palace,英格兰超级联赛,右,173,64,1,0
Jose Baxter,英格兰,24,ST,66,71,58,70,67,68,40,65,8274742,West Bromwich Albion,英格兰超级联赛,右,178,74,0,0
Vytautas Andriuskevicius,荷兰,26,FB,66,69,70,47,59,66,66,75,3867641,SC Cambuur,荷兰甲级联赛,左,188,80,0,1
Ronny Carlos da Silva,葡萄牙,33,ST,66,66,65,69,56,63,30,64,3808045,SC Beira Mar,葡萄牙超级联赛,右,183,74,0,0
Khalid Sinouh,荷兰,41,GK,66,66,54,19,28,22,13,55,3679748,N.E.C.,荷兰甲级联赛,右,190,86,0,0
Ignacio Lores,意大利,25,W,66,72,78,56,55,71,30,54,6054763,Parma,意大利甲级联赛,左,183,73,0,1
David Texeira,荷兰,25,ST,66,69,70,64,52,63,23,67,9501317,FC Groningen,荷兰甲级联赛,右,183,81,0,0
Savvas Gentsoglou,意大利,26,FB,66,70,70,46,66,64,66,82,4612793,Sampdoria,意大利甲级联赛,右,185,75,0,0
Steven Lang,瑞士,29,ST,66,66,80,63,58,66,41,69,9958405,FC Aarau,瑞士超级联赛,右,178,69,1,0
Guillermo Juan Vallori,瑞士,34,CM,66,66,33,56,44,50,66,59,10646999,Grasshopper Club Zürich,瑞士超级联赛,右,190,87,0,0
Johan Vonlanthen,瑞士,30,W,66,71,82,68,62,78,29,65,4283252,FC Zürich,瑞士超级联赛,右,175,73,0,0
Raffaele Schiavi,意大利,30,CB,66,66,56,36,36,39,67,67,3397869,Lecce,意大利甲级联赛,右,183,73,0,0
Zoran Rendulic,法国,32,CB,66,72,52,34,46,46,63,69,5601805,Grenoble Foot 38,法国甲级联赛,左,190,81,0,0
Owen Garvan,英格兰,28,CAM,66,66,52,57,73,64,47,58,5713911,Crystal Palace,英格兰超级联赛,左,183,67,0,0
Marcus Diniz,意大利,29,FB,66,75,68,44,45,45,65,72,3723956,Livorno,意大利甲级联赛,右,183,80,0,0
Junior Ponce,葡萄牙,22,W,66,72,72,63,57,72,24,53,14701317,Vitória Setúbal,葡萄牙超级联赛,右,173,70,0,0
Antonio Tomas,西班牙,31,CM,66,66,41,58,72,58,62,64,6188804,RC Deportivo de La Coruña,西班牙甲级联赛,右,175,75,0,0
Alexander Gonzalez,瑞士,24,FB,66,74,81,60,59,66,60,81,6685899,FC Thun,瑞士超级联赛,右,178,75,0,0
Nicolas Gillet,法国,40,CM,66,66,30,54,63,49,62,65,5220794,Le Havre AC,法国甲级联赛,左,185,84,0,0
Guirane N'Daw,法国,32,CM,66,66,41,64,59,59,65,70,11584831,FC Nantes,法国甲级联赛,左,190,86,0,0
Maciej Makuszewski,波兰,27,ST,66,68,87,70,59,62,44,68,10305101,Lechia Gdańsk,波兰甲级联赛,右,175,70,0,0
Filip Kurto,荷兰,25,GK,66,68,60,15,25,20,14,53,6221890,Roda JC Kerkrade,荷兰甲级联赛,右,193,92,0,1
Dominik Furman,波兰,24,CM,66,70,66,62,70,64,66,61,4767167,Legia Warszawa,波兰甲级联赛,右,180,72,0,0
Kalidou Coulibaly Yero,葡萄牙,25,ST,66,75,52,67,52,66,18,65,4042127,Gil Vicente FC,葡萄牙超级联赛,右,198,89,0,0
Thibaut van Acker,比利时,25,CM,66,70,64,60,65,62,65,67,11961615,KSV Cercle Brugge,比利时甲级联赛,右,180,69,0,0
Michal Chrapek,波兰,24,CM,66,72,58,62,71,66,60,60,12345445,Wisła Kraków,波兰甲级联赛,右,175,68,0,0
Cyriaque Rivieyran,法国,25,FB,66,70,74,47,54,60,65,70,10417668,AJ Auxerre,法国甲级联赛,右,173,67,0,0
Aleksandar Miljkovic,葡萄牙,26,FB,66,69,68,52,54,62,68,73,5310545,SC Braga,葡萄牙超级联赛,右,183,76,0,0
Sanjin Prcic,法国,23,CAM,66,73,65,63,74,73,58,63,12377965,FC Sochaux-Montbéliard,法国甲级联赛,右,183,76,0,0
Ludwig van Nieuwenhuyze,比利时,38,CM,66,67,58,60,66,54,65,71,4590975,SV Zulte-Waregem,比利时甲级联赛,右,185,80,0,0
Hugo Morais,葡萄牙,38,CAM,66,66,54,70,70,70,45,71,8204633,Leixões SC,葡萄牙超级联赛,左,183,82,0,0
Carlos Santos,葡萄牙,27,GK,66,66,34,34,36,38,65,73,3416380,Boavista FC,葡萄牙超级联赛,左,188,93,0,0
Damian Zbozien,波兰,27,FB,66,67,60,49,59,61,72,74,9778234,Piast Gliwice,波兰甲级联赛,右,185,80,0,0
Emanuele Pesoli,意大利,36,CB,66,66,56,34,41,44,68,67,6126294,Siena,意大利甲级联赛,右,188,82,0,1
"Sasa Aleksander Zivec,26",波兰,25,W,66,70,78,62,64,68,31,63,11896106,Piast Gliwice,波兰甲级联赛,左,170,70,0,0
Joan Jordan,西班牙,22,CAM,66,73,62,62,69,64,56,62,8861754,RCD Espanyol,西班牙甲级联赛,右,183,74,0,0
Hidde ter Avest,荷兰,19,FB,66,76,75,37,53,65,67,62,9773066,FC Twente,荷兰甲级联赛,右,183,74,0,0
Marco Engelhardt,德国,36,CM,66,75,62,66,64,66,62,73,3763127,Karlsruher SC,德国甲级联赛,左,185,73,0,0
Nenad Sreckovic,荷兰,28,W,66,69,82,61,61,64,44,57,6694192,De Graafschap,荷兰甲级联赛,左,178,73,0,0
Kenny Steppe,比利时,28,GK,66,67,56,25,36,26,16,58,5999467,Waasland-Beveren,比利时甲级联赛,右,185,70,0,0
Olivier Kapo,波兰,36,ST,66,66,68,64,59,72,27,69,9799204,Korona Kielce,波兰甲级联赛,左,183,72,5,0
Steven Mouyokolo,英格兰,29,FB,66,69,73,38,50,40,64,65,5341390,Hull City,英格兰超级联赛,右,190,88,1,0
Iago Santos,葡萄牙,24,CB,66,70,60,30,46,52,66,69,6588084,Académica de Coimbra,葡萄牙超级联赛,右,188,85,0,0
Arturo Arzu,西班牙,35,CM,66,66,35,53,69,56,67,62,13850182,Real Betis Balompié,西班牙甲级联赛,右,183,78,2,1
Eric Addo,荷兰,38,FB,66,70,70,34,58,51,64,72,4007646,Roda JC Kerkrade,荷兰甲级联赛,右,183,79,0,0
Alassane Tambe,比利时,24,FB,66,71,74,44,55,60,66,71,5523256,KV Kortrijk,比利时甲级联赛,右,183,73,0,0
Stephan Hain,德国,28,ST,66,67,74,62,51,71,15,65,3678093,FC Augsburg,德国甲级联赛,右,178,75,2,0
Kisley,葡萄牙,26,ST,66,69,75,64,52,66,23,64,15249618,Uniao da Madeira,葡萄牙超级联赛,右,188,81,0,0
Anthony Ribelin,法国,20,CAM,66,77,76,65,65,71,60,65,3817068,Montpellier Hérault SC,法国甲级联赛,右,178,73,0,0
Abdou Diallo,比利时,20,CB,66,77,68,32,53,48,67,72,15622988,SV Zulte-Waregem,比利时甲级联赛,左,183,72,0,0
Grejohn Kyei,法国,21,ST,66,79,68,62,49,66,20,74,6231019,Stade de Reims,法国甲级联赛,右,188,84,0,0
Valentin Vada,法国,20,CAM,66,80,67,63,69,70,55,62,7275185,Girondins de Bordeaux,法国甲级联赛,右,175,69,0,0
Ali Boussaboun,荷兰,37,ST,66,66,62,68,52,66,24,64,5431810,NAC Breda,荷兰甲级联赛,右,178,81,0,0
Laurent Agouazi,法国,32,CM,66,66,64,59,70,62,60,79,5348032,US Boulogne Cote D'Opale,法国甲级联赛,右,183,75,0,0
Gaetan Krebs,德国,31,CAM,66,66,70,59,66,68,61,53,4960729,Hannover 96,德国甲级联赛,右,165,63,0,0
Michal Mak,波兰,25,W,66,72,90,65,58,67,18,55,3954959,GKS Bełchatów,波兰甲级联赛,右,173,60,0,0
Hugo Seco,葡萄牙,28,W,66,66,76,62,64,72,28,56,7874943,Académica de Coimbra,葡萄牙超级联赛,右,175,72,0,0
Abraham Paz Cruz,西班牙,37,CM,66,66,62,48,65,58,63,75,4133393,Hércules Club de Fútbol,西班牙甲级联赛,右,178,75,2,0
Mathieu Dreyer,法国,27,GK,66,67,52,13,22,18,13,57,5700157,FC Sochaux-Montbéliard,法国甲级联赛,右,188,81,0,0
Sergio Volpi,意大利,42,CAM,66,78,66,63,72,65,54,61,2919670,Bologna,意大利甲级联赛,右,175,69,4,1
Riccardo Improta,意大利,23,W,66,74,79,51,56,69,14,58,5927964,Chievo Verona,意大利甲级联赛,右,178,82,0,0
Derick Chuka Ogbu,比利时,26,ST,66,71,74,66,45,62,16,69,12572611,Oud-Heverlee Leuven,比利时甲级联赛,右,185,79,0,0
Cristian Lobato,西班牙,27,CAM,66,67,76,61,66,70,57,65,9185991,Villarreal CF,西班牙甲级联赛,左,175,66,0,0
Marcus Nilsson,荷兰,28,CB,66,66,60,35,46,36,66,67,4413213,FC Utrecht,荷兰甲级联赛,右,193,80,0,0
Gerald Asamoah,德国,38,CAM,66,66,50,68,64,64,48,69,4328935,FC St. Pauli,德国甲级联赛,右,180,85,10,2
Bart Buysse,比利时,30,FB,66,66,69,46,65,64,66,70,3588592,SV Zulte-Waregem,比利时甲级联赛,左,178,70,0,0
Anthony van Loo,比利时,28,FB,66,67,68,44,60,60,68,66,3883546,KV Mechelen,比利时甲级联赛,右,178,71,0,0
Toni Moral,西班牙,35,W,66,66,74,56,64,71,27,58,5003556,Racing Santander,西班牙甲级联赛,左,178,72,2,0
Peter Loevenkrands,英格兰,36,ST,66,66,66,66,65,66,32,64,5274446,Newcastle United,英格兰超级联赛,左,180,76,9,6
Anthony Mfa Meuzi,法国,25,GK,66,74,46,24,22,25,25,56,7020634,FC Metz,法国甲级联赛,右,183,91,0,0
Alphousseyni Keita,葡萄牙,31,FB,66,66,65,48,58,51,66,81,8482475,Gil Vicente FC,葡萄牙超级联赛,右,180,81,0,0
Jeremy Choplin,法国,31,FB,66,66,57,46,61,53,64,72,5323705,SC Bastia,法国甲级联赛,右,183,76,0,0
Tengarrinha,葡萄牙,27,FB,66,67,64,52,60,58,69,66,2408928,Boavista FC,葡萄牙超级联赛,右,185,80,0,0
Juhani Ojala,瑞士,27,CB,66,67,52,28,50,51,65,67,3098088,BSC Young Boys,瑞士超级联赛,右,190,85,0,0
Alfonso De Lucia,意大利,33,GK,66,72,46,22,33,20,14,60,5478935,Livorno,意大利甲级联赛,右,185,84,0,0
Przemyslaw Kazmierczak,波兰,34,CM,66,66,60,71,65,56,61,71,6892281,Śląsk Wrocław,波兰甲级联赛,左,190,80,0,0
Adama Ba,法国,23,W,66,76,76,63,59,70,27,58,7022900,SC Bastia,法国甲级联赛,右,178,68,3,0
Luis Boa Morte,英格兰,39,W,66,66,58,60,64,74,24,58,4916355,West Ham United,英格兰超级联赛,左,180,73,1,5
Alberto Maria Fontana,意大利,42,GK,66,66,55,21,36,18,16,63,4541922,Novara,意大利甲级联赛,右,188,83,0,0
Antonio Barilla,意大利,28,FB,66,66,83,66,65,64,61,77,6598404,Reggio Calabria,意大利甲级联赛,左,180,78,1,0
Mikel Agu,比利时,23,FB,66,73,70,45,60,60,65,71,13684536,Club Brugge KV,比利时甲级联赛,右,183,77,0,0
Ahmed Hamoudi,瑞士,26,W,66,71,84,62,64,77,35,49,4884555,FC Basel,瑞士超级联赛,左,173,67,0,0
Alexandre Mendy,法国,22,ST,66,76,68,68,50,60,18,75,5909278,OGC Nice,法国甲级联赛,右,183,86,0,0
Radoslav Zabavnik,德国,36,FB,66,66,64,55,59,64,68,68,3007320,1. FSV Mainz 05,德国甲级联赛,右,180,80,0,1
Ladji Keita,葡萄牙,33,ST,66,66,66,63,58,64,32,67,5831530,Vitória Setúbal,葡萄牙超级联赛,右,188,82,0,0
Jens Cools,比利时,26,CM,66,68,64,53,63,61,65,68,11564620,KVC Westerlo,比利时甲级联赛,右,188,71,0,0
Maranhao,葡萄牙,31,ST,66,68,78,65,53,66,24,57,4548400,Vitória Guimarães,葡萄牙超级联赛,右,175,68,0,0
Isak Ssewankambo,荷兰,20,FB,66,75,89,38,62,62,61,76,6109964,NAC Breda,荷兰甲级联赛,右,178,74,0,0
Sven Neuhaus,德国,38,GK,66,66,22,25,25,25,25,39,6891523,Hamburger SV,德国甲级联赛,右,193,90,0,0
Hugo Fraile Martinez,西班牙,29,FB,66,66,78,62,61,64,57,71,5434505,Real Sporting de Gijón,西班牙甲级联赛,右,175,73,0,0
Patrick Funk,德国,26,FB,66,71,68,55,62,61,68,70,9755297,VfB Stuttgart,德国甲级联赛,右,178,76,1,0
Dean Brill,苏格兰,31,GK,66,66,40,13,38,17,16,47,8087333,Inverness Caledonian Thistle,苏格兰超级联赛,右,188,78,0,0
Kevin Foley,英格兰,32,FB,66,66,60,46,62,59,67,69,7168928,Wolverhampton Wanderers,英格兰超级联赛,右,183,78,2,3
Gheorghe Ogararu,瑞士,36,FB,66,66,66,51,60,65,66,69,3821539,FC Sion,瑞士超级联赛,右,178,72,0,0
Brian Easton,苏格兰,28,CB,66,66,67,15,54,60,64,75,4819040,St. Johnstone FC,苏格兰超级联赛,左,188,76,0,0
Jelle ten Rouwelaar,荷兰,36,GK,66,66,39,25,31,24,25,53,3667305,NAC Breda,荷兰甲级联赛,左,185,85,0,0
Helder Luis Ferreira,葡萄牙,36,CM,66,66,48,58,64,60,64,70,4689681,FC Penafiel,葡萄牙超级联赛,右,183,76,0,0
Rafa Sousa,葡萄牙,28,CM,66,66,57,48,64,60,65,71,3439659,FC Penafiel,葡萄牙超级联赛,左,185,80,0,0
Elizio,葡萄牙,28,FB,66,68,75,42,50,62,65,71,7079087,Moreirense FC,葡萄牙超级联赛,左,180,77,0,0
Benjamin Nicaise,比利时,36,CM,66,66,64,65,62,58,64,74,6714601,RAEC Mons,比利时甲级联赛,右,183,84,0,0
Paco Pena,西班牙,38,FB,66,66,62,44,62,62,65,71,4363590,Hércules Club de Fútbol,西班牙甲级联赛,左,170,64,0,0
Kevin Friesenbichler,波兰,22,ST,66,73,68,61,42,62,14,68,6922210,Lechia Gdańsk,波兰甲级联赛,左,188,75,0,0
Wouter Marinus,荷兰,21,W,66,74,76,63,63,66,33,59,12188516,PEC Zwolle,荷兰甲级联赛,右,178,73,0,0
Rick Dekker,荷兰,21,CM,66,75,66,55,69,67,67,60,9703545,PEC Zwolle,荷兰甲级联赛,右,175,64,0,0
Joachim van Damme,比利时,25,CM,66,69,37,59,68,58,59,71,9559001,KV Mechelen,比利时甲级联赛,左,196,89,0,0
Cheick Doukoure,法国,24,CM,66,73,63,58,63,64,66,67,9504543,FC Lorient,法国甲级联赛,右,180,82,1,0
Alessandro Lambrughi,意大利,29,FB,66,66,72,31,48,61,67,77,12663581,Livorno,意大利甲级联赛,左,180,77,0,0
Tommy Smith,英格兰,36,ST,66,66,55,68,67,70,34,63,12387831,Portsmouth,英格兰超级联赛,右,178,80,3,1
Matt Targett,英格兰,21,FB,66,80,78,36,51,62,66,64,5786181,Southampton,英格兰超级联赛,左,183,70,0,0
Antonio de Azevedo,瑞士,35,ST,66,66,65,67,59,66,33,64,4912600,Servette FC,瑞士超级联赛,左,175,68,0,0
Fredrik Stenman,荷兰,33,CM,66,66,44,47,56,54,68,65,6034975,FC Groningen,荷兰甲级联赛,左,188,84,0,0
Baptiste Aloe,法国,22,CB,66,76,64,33,40,46,70,70,8530859,Olympique de Marseille,法国甲级联赛,右,183,75,0,0
Robert Cullen,荷兰,31,W,66,66,76,65,64,72,31,67,3653453,VVV-Venlo,荷兰甲级联赛,右,180,74,0,0
Ederson Tormena,比利时,30,CM,66,66,50,62,62,64,62,70,12211409,Sporting Charleroi,比利时甲级联赛,左,185,82,0,0
Mateo Pavlovic,德国,26,CB,66,69,36,37,44,49,62,78,3213139,SV Werder Bremen,德国甲级联赛,右,196,90,0,0
Orhan Ademi,德国,25,ST,66,70,66,66,56,64,22,68,7205162,Eintracht Braunschweig,德国甲级联赛,右,188,85,1,0
Enric Saborit,西班牙,24,FB,66,72,68,49,57,62,66,70,9692934,Athletic Club de Bilbao,西班牙甲级联赛,左,185,72,0,0
Tobias Nickenig,瑞士,32,FB,66,66,66,38,48,48,66,68,11244994,FC Vaduz,瑞士超级联赛,右,190,91,0,0
Brendon Galloway,英格兰,20,FB,66,80,81,40,57,58,65,66,5777097,Everton,英格兰超级联赛,左,185,74,0,0
Liam Boyce,苏格兰,25,ST,66,69,70,69,45,62,22,76,9588788,Ross County FC,苏格兰超级联赛,右,183,75,0,0
Bocundji Ca,法国,30,FB,66,66,72,37,64,65,64,70,7267185,Stade de Reims,法国甲级联赛,右,173,70,0,0
Nenad Dzodic,法国,39,CM,66,66,42,45,62,45,67,60,9456528,Montpellier Hérault SC,法国甲级联赛,右,188,75,0,0
Pascal Berenguer,法国,35,CM,66,66,42,63,71,60,63,63,4026912,AS Nancy-Lorraine,法国甲级联赛,右,175,78,3,0
Mauricio,葡萄牙,40,CM,66,66,30,54,55,41,66,51,3844914,S.C. Olhanense,葡萄牙超级联赛,右,193,89,0,0
Teddy Mezague,比利时,26,CB,66,68,53,33,44,29,66,67,5616074,Royal Excel Mouscron,比利时甲级联赛,右,188,88,0,0
Yoann Bigne,法国,39,CM,66,66,56,46,70,66,59,53,11748075,Stade Brestois 29,法国甲级联赛,右,168,65,0,0
Nourdin Boukhari,荷兰,36,CAM,66,66,50,65,67,71,34,64,4504882,RKC Waalwijk,荷兰甲级联赛,左,190,84,0,0
Toifilou Maoulida,法国,37,ST,66,66,60,65,63,66,26,69,5384188,RC Lens,法国甲级联赛,右,183,77,7,0
Marius Wolf,德国,21,W,66,77,86,60,52,68,29,66,21640696,Hannover 96,德国甲级联赛,左,188,73,0,0
Robert Bauer,德国,21,CM,66,73,61,55,65,62,68,70,10784561,FC Ingolstadt 04,德国甲级联赛,右,183,76,0,0
Nathan Delfouneso,英格兰,25,ST,66,69,71,64,51,69,16,67,6874666,Aston Villa,英格兰超级联赛,右,185,78,2,0
Reuben Gabriel,葡萄牙,26,CM,66,69,56,47,61,64,62,79,27955481,Boavista FC,葡萄牙超级联赛,右,196,86,0,0
Philipp Zulechner,德国,26,ST,66,68,66,65,56,62,25,64,12812729,SC Freiburg,德国甲级联赛,右,183,75,1,0
Jason Culina,荷兰,36,CM,66,66,66,65,70,64,60,66,4779411,PSV,荷兰甲级联赛,右,175,75,0,0
Torgeir Boerven,荷兰,25,ST,66,72,74,66,46,69,26,74,3818578,FC Twente,荷兰甲级联赛,右,185,72,1,0
Azbe Jug,法国,24,GK,66,72,52,19,35,22,17,56,6789462,Girondins de Bordeaux,法国甲级联赛,右,190,92,0,0
Daniele Mannini,意大利,33,CAM,66,66,73,63,62,66,56,69,3304510,Sampdoria,意大利甲级联赛,右,183,78,8,2
Yvan Erichot,比利时,26,CB,66,68,72,36,40,46,64,77,5058701,Sint-Truidense VV,比利时甲级联赛,右,190,83,0,0
Isaac Vorsah,德国,28,FB,66,69,62,41,59,54,62,79,8827739,TSG 1899 Hoffenheim,德国甲级联赛,右,193,85,3,0
Giuseppe Mascara,意大利,37,W,66,66,64,65,68,70,26,46,6558700,Catania,意大利甲级联赛,右,175,66,31,2
David Baiocco,意大利,41,CM,66,75,62,62,73,74,62,63,2906879,Catania,意大利甲级联赛,右,173,70,1,0
Michele Ferri,意大利,35,CB,66,66,51,40,47,54,70,62,8656331,Atalanta,意大利甲级联赛,左,185,85,0,0
Gerard Badia,波兰,27,W,66,68,78,60,62,68,28,63,10892892,Piast Gliwice,波兰甲级联赛,左,175,72,0,0
Claudio Pitbull,葡萄牙,34,CAM,66,66,46,73,65,68,32,50,8135516,Vitória Setúbal,葡萄牙超级联赛,右,173,75,0,0
Kenny Miller,苏格兰,37,ST,66,66,72,67,55,64,25,74,4551957,Rangers,苏格兰超级联赛,右,178,68,7,1
Jimmy Kebe,英格兰,32,W,66,66,78,59,57,71,30,62,6609941,Reading,英格兰超级联赛,右,188,78,5,1
Pietro Accardi,意大利,34,FB,66,66,67,48,57,54,67,73,7354298,Sampdoria,意大利甲级联赛,左,183,71,1,0
Marko Miric,比利时,29,ST,66,66,62,65,65,70,28,63,7017087,Sporting Lokeren,比利时甲级联赛,右,193,80,0,0
Damien Gregorini,法国,37,GK,66,66,42,26,26,28,26,50,4831686,AS Nancy-Lorraine,法国甲级联赛,右,193,90,0,0
Paddy McCourt,苏格兰,33,W,66,66,68,63,67,68,22,57,8391644,Celtic,苏格兰超级联赛,右,178,70,0,0
Ricardo Chaves,葡萄牙,39,CM,66,70,66,66,69,62,61,74,4909986,Rio Ave FC,葡萄牙超级联赛,左,183,77,0,0
Remy Amieux,荷兰,30,FB,66,66,74,58,54,62,66,72,5429345,N.E.C.,荷兰甲级联赛,左,175,75,0,1
Oliver Kragl,意大利,26,CAM,66,68,73,71,60,67,58,60,6573980,Frosinone,意大利甲级联赛,左,180,77,0,0
Ali M'Madi,法国,26,W,66,72,88,65,57,64,29,60,5572116,Évian Thonon Gaillard FC,法国甲级联赛,右,178,71,0,0
Simone Vergassola,意大利,40,CM,66,66,44,60,69,63,64,62,9529253,Siena,意大利甲级联赛,右,175,70,10,1
Arnaud Sutchuin Djoum,荷兰,27,CM,66,67,70,61,67,66,63,71,7921025,Roda JC Kerkrade,荷兰甲级联赛,右,183,78,0,0
Jorge Martinez,意大利,33,ST,66,66,61,65,65,77,28,70,4073839,Catania,意大利甲级联赛,右,180,80,14,1
Marcello Gazzola,意大利,31,FB,66,66,72,54,55,64,64,71,4018133,Sassuolo,意大利甲级联赛,右,183,78,0,0
Patrick Roberts,苏格兰,19,W,66,82,80,56,64,72,20,42,5545092,Celtic,苏格兰超级联赛,左,168,58,0,0
Lynel Kitambala,法国,28,ST,66,68,80,65,57,71,26,72,4169624,FC Lorient,法国甲级联赛,右,178,72,2,0
Marvin Ducksch,德国,22,ST,66,72,66,65,50,63,26,63,10003809,1. FC Nürnberg,德国甲级联赛,右,188,75,0,0
David Vandenbroeck,比利时,31,CB,66,66,32,43,52,44,66,65,8030486,KV Kortrijk,比利时甲级联赛,右,188,85,0,0
Mickey van der Hart,荷兰,22,GK,66,73,42,16,32,20,18,51,6374265,Go Ahead Eagles,荷兰甲级联赛,左,188,87,0,0
Karim Tarfi,荷兰,23,CAM,66,72,68,71,68,70,58,69,7465612,De Graafschap,荷兰甲级联赛,右,173,72,0,0
Adam Henley,英格兰,22,FB,66,76,78,34,55,64,65,62,6785399,Blackburn Rovers,英格兰超级联赛,右,178,77,0,0
Matthieu Chalme,法国,36,CM,66,66,62,53,64,64,66,65,4926177,Girondins de Bordeaux,法国甲级联赛,右,175,71,0,0
Mickaeel Tavares,德国,34,CM,66,66,62,51,63,69,64,70,4769424,Hamburger SV,德国甲级联赛,右,185,78,1,0
Damir Vrancic,德国,31,CM,66,66,52,51,69,66,61,77,4176206,Eintracht Braunschweig,德国甲级联赛,右,183,78,1,0
Olivier Renard,比利时,37,GK,66,66,26,30,30,28,25,47,11644162,KV Mechelen,比利时甲级联赛,右,188,77,0,0
Iheb M'barki,法国,24,FB,66,73,74,42,51,60,70,71,8011001,Évian Thonon Gaillard FC,法国甲级联赛,右,185,75,0,0
Matthew Amoah,荷兰,36,ST,66,66,63,64,55,64,26,67,7814395,NAC Breda,荷兰甲级联赛,右,175,72,0,0
Mauro Lustrinelli,瑞士,40,ST,66,66,56,65,56,62,31,57,4481598,AC Bellinzona,瑞士超级联赛,右,173,66,0,0
Daniel de Ridder,瑞士,32,ST,66,66,68,66,66,68,34,65,7414339,Grasshopper Club Zürich,瑞士超级联赛,右,180,75,1,2
Ruca,葡萄牙,26,CAM,66,68,69,69,62,66,62,66,13277439,Vitória Setúbal,葡萄牙超级联赛,左,188,82,0,0
Brett Ormerod,英格兰,40,ST,66,66,52,65,65,70,28,65,4608484,Blackpool,英格兰超级联赛,右,178,78,1,2
Federico Almerares,瑞士,31,ST,66,68,62,65,62,64,32,69,7814082,Neuchâtel Xamax,瑞士超级联赛,右,183,79,0,0
Fidelis,葡萄牙,27,ST,66,71,68,67,50,58,23,73,8034790,CS Marítimo,葡萄牙超级联赛,左,185,77,0,0
Bruno Godeau,比利时,24,CB,66,70,52,39,54,52,67,65,5630744,SV Zulte-Waregem,比利时甲级联赛,左,190,78,0,0
Isael,葡萄牙,28,CAM,66,72,73,64,69,68,48,63,7044853,CD Nacional,葡萄牙超级联赛,左,170,71,0,0
Gregory Bourillon,法国,32,CM,66,66,44,49,68,55,68,65,2616506,FC Lorient,法国甲级联赛,右,188,74,4,1
Cyril Jeunechamp,法国,41,CM,66,66,52,60,62,62,69,62,9939925,Montpellier Hérault SC,法国甲级联赛,右,178,68,0,0
Daniel Gabbidon,英格兰,37,CB,66,66,48,35,43,48,67,68,5849269,West Ham United,英格兰超级联赛,右,178,71,3,0
Edwin Gyasi,荷兰,25,ST,66,69,92,64,57,68,20,71,3803418,Roda JC Kerkrade,荷兰甲级联赛,左,185,76,0,0
Yannick Wildschut,荷兰,25,ST,66,70,82,69,59,71,32,67,8495990,VVV-Venlo,荷兰甲级联赛,右,188,86,0,0
Ricardo Ferreira,葡萄牙,27,GK,66,75,42,18,20,17,12,53,6960650,CS Marítimo,葡萄牙超级联赛,右,188,76,0,0
Helder Cabral,葡萄牙,32,FB,66,66,76,48,62,66,64,73,4854199,Académica de Coimbra,葡萄牙超级联赛,左,180,74,0,0
Tom Soetaers,比利时,36,ST,66,71,70,66,62,64,39,60,7547887,KV Mechelen,比利时甲级联赛,左,175,75,0,0
Marvin Ogunjimi,比利时,29,ST,66,66,74,65,57,62,20,69,9989821,KRC Genk,比利时甲级联赛,左,183,80,0,0
Logan Bailly,德国,31,GK,66,66,50,17,37,16,16,59,3750507,Borussia Mönchengladbach,德国甲级联赛,左,188,90,1,1
Michael Jordan N'Kololo,法国,24,W,66,72,81,66,60,66,22,58,6536942,SM Caen,法国甲级联赛,右,183,71,0,0
Gaetano D'Agostino,意大利,34,CAM,66,66,52,68,76,67,55,59,5142317,Udinese,意大利甲级联赛,左,183,78,22,5
Mustapha Oussalah,比利时,34,CM,66,66,64,63,66,66,66,67,2800340,KV Kortrijk,比利时甲级联赛,左,175,74,0,0
Martin Lejsal,荷兰,34,GK,66,73,53,24,36,26,14,62,3013934,SC Heerenveen,荷兰甲级联赛,右,196,93,0,0
Alfonso Taira,葡萄牙,24,CM,66,72,67,54,69,63,62,65,5485177,Estoril Praia,葡萄牙超级联赛,右,178,67,0,0
Daniel Kome,西班牙,36,W,66,75,68,56,65,74,21,57,6703618,CD Tenerife,西班牙甲级联赛,右,175,73,0,1
Huanderson,葡萄牙,33,GK,66,68,42,18,18,16,16,61,6386079,Rio Ave FC,葡萄牙超级联赛,右,188,83,0,0
Pierre-Yves Ngawa,比利时,24,FB,66,69,76,45,49,62,66,71,5507495,Oud-Heverlee Leuven,比利时甲级联赛,右,180,77,0,0
Nicola Pavarini,意大利,42,GK,66,66,25,30,27,28,25,38,5231844,Parma,意大利甲级联赛,右,190,81,0,0
"Gilberto Martinez Vidal,27",意大利,37,FB,66,66,64,46,54,47,70,69,4965825,Brescia,意大利甲级联赛,右,175,72,0,0
Jobi McAnuff,英格兰,35,CAM,66,66,70,61,62,68,52,65,4542423,Reading,英格兰超级联赛,右,178,73,0,8
Lubomir Guldan,波兰,33,FB,66,66,68,34,56,52,67,72,4584303,Zagłębie Lubin,波兰甲级联赛,右,183,82,0,0
Stephane Noro,法国,37,CAM,66,77,63,73,67,64,57,64,5866425,Le Havre AC,法国甲级联赛,右,173,72,0,0
Chaouki Ben Saada,法国,32,W,66,66,71,64,65,66,40,56,8122106,OGC Nice,法国甲级联赛,左,170,65,0,0
Luciano Amaral,葡萄牙,34,FB,66,66,74,61,59,59,65,68,4380160,CS Marítimo,葡萄牙超级联赛,右,180,75,0,0
Robin Gosens,荷兰,22,CM,66,73,72,66,65,72,66,75,10028768,FC Dordrecht,荷兰甲级联赛,左,183,76,1,0
Sebastian Mila,波兰,34,CAM,66,66,44,64,72,65,34,61,5341247,Śląsk Wrocław,波兰甲级联赛,左,178,73,0,0
Kay,葡萄牙,28,CB,66,69,58,28,36,36,64,74,7663139,CF Os Belenenses,葡萄牙超级联赛,右,183,83,0,0
Thomas Pledl,德国,22,W,66,74,78,51,64,73,50,59,5882379,SpVgg Greuther Fürth,德国甲级联赛,右,173,72,0,0
Florian Bruns,德国,37,CAM,66,66,68,66,64,62,52,72,5111143,FC St. Pauli,德国甲级联赛,左,188,85,3,1
Gary Warren,苏格兰,32,CB,66,66,53,38,45,54,65,69,7102171,Inverness Caledonian Thistle,苏格兰超级联赛,右,183,75,0,0
Steven MacLean,苏格兰,34,ST,66,66,65,62,62,66,31,83,6989457,St. Johnstone FC,苏格兰超级联赛,右,180,79,0,0
Caetano,葡萄牙,25,W,66,72,85,53,59,68,24,51,6187305,FC Paços de Ferreira,葡萄牙超级联赛,右,165,56,0,0
Donovan Leon,法国,24,GK,66,73,48,19,37,18,18,52,11115340,AJ Auxerre,法国甲级联赛,右,185,88,0,0
Kenny Lala,法国,25,FB,66,71,72,38,54,64,66,72,18774798,Valenciennes FC,法国甲级联赛,右,178,78,1,0
Greg Halford,英格兰,32,CM,66,66,56,60,58,62,67,61,5568513,Wolverhampton Wanderers,英格兰超级联赛,右,193,82,0,0
Alessandro Iandoli,比利时,32,FB,66,66,68,59,59,64,68,72,3534895,Sint-Truidense VV,比利时甲级联赛,左,180,82,0,0
Theo Pellenard,法国,22,FB,66,73,72,31,51,62,67,70,7051262,Girondins de Bordeaux,法国甲级联赛,左,183,74,0,0
Faysel Kasmi,比利时,21,CAM,66,77,70,63,65,74,60,58,5536096,Lierse SK,比利时甲级联赛,左,168,65,0,0
David Amoo,苏格兰,25,W,66,70,92,60,58,66,38,69,5626430,Partick Thistle F.C.,苏格兰超级联赛,右,178,77,0,0
Ernesto Galan,西班牙,30,FB,66,66,66,45,49,52,68,74,4826784,RCD Espanyol,西班牙甲级联赛,右,180,79,2,0
Marcos Gullon,荷兰,27,CM,66,67,52,56,63,54,63,71,6363260,Roda JC Kerkrade,荷兰甲级联赛,右,185,79,0,0
Giuseppe Rizzo,意大利,25,FB,66,68,73,58,64,61,64,81,5860042,Pescara,意大利甲级联赛,左,183,71,0,0
Sascha Burchert,德国,27,GK,66,68,46,17,21,16,15,53,5720043,Hertha BSC Berlin,德国甲级联赛,右,188,78,0,0
Maximiliano Pellegrino,意大利,36,CB,66,66,43,47,51,45,69,64,10066270,Cesena,意大利甲级联赛,右,183,72,3,0
Giovanni Korte,荷兰,23,W,66,72,85,62,51,68,28,60,8242973,FC Dordrecht,荷兰甲级联赛,右,168,67,1,0
Nuno Valente,葡萄牙,25,CAM,66,72,70,62,68,68,51,69,12120022,FC Arouca,葡萄牙超级联赛,右,175,67,0,0
Seyi Olofinjana,英格兰,36,CM,66,66,54,58,61,60,70,66,4708486,Stoke City,英格兰超级联赛,右,193,74,3,0
Jurgen Mattheij,荷兰,23,CB,66,73,44,44,52,52,66,68,5358032,Excelsior,荷兰甲级联赛,右,185,78,0,0
Oezkan Yildirim,德国,23,W,66,74,66,59,62,76,32,60,4254879,SV Werder Bremen,德国甲级联赛,左,173,73,0,0
Pawel Brozek,波兰,33,ST,66,66,64,67,63,58,26,64,3285087,Wisła Kraków,波兰甲级联赛,右,180,72,0,0
Mario Fernandez Cuesta,西班牙,28,GK,66,66,48,15,27,20,18,54,4990322,Racing Santander,西班牙甲级联赛,右,185,74,0,0
Srdjan Baljak,德国,38,ST,66,66,69,65,62,67,17,72,4367645,1. FSV Mainz 05,德国甲级联赛,左,178,78,0,0
Mohamed Ibrahim,葡萄牙,24,W,66,71,74,65,66,67,35,59,2772286,CS Marítimo,葡萄牙超级联赛,右,178,70,0,0
Ferjani Sassi,法国,24,FB,66,72,72,47,74,68,62,69,10343899,FC Metz,法国甲级联赛,右,185,76,0,0
Matthias Zimmermann,德国,24,FB,66,68,76,46,60,62,66,64,7383303,SpVgg Greuther Fürth,德国甲级联赛,右,178,81,1,0
"Ferreira Gomes Paulo Sergio,22",葡萄牙,35,FB,66,69,68,51,65,64,63,75,4288436,"União de Leiria, SAD",葡萄牙超级联赛,右,183,84,0,0
Radek Cerny,英格兰,42,GK,66,66,28,17,16,20,13,48,4475182,Queens Park Rangers,英格兰超级联赛,左,188,87,0,0
Florian Trinks,德国,24,ST,66,71,69,63,65,69,35,68,9845843,SV Werder Bremen,德国甲级联赛,右,183,79,1,0
Stephane Darbion,法国,32,CAM,66,66,58,72,65,68,49,68,4288430,ES Troyes AC,法国甲级联赛,左,183,77,4,0
Andraz Kirm,波兰,32,CAM,66,66,72,63,64,71,49,74,8331294,Wisła Kraków,波兰甲级联赛,右,183,73,0,0
Guyon Fernandez,荷兰,30,ST,66,66,78,66,54,67,30,72,4845131,Excelsior,荷兰甲级联赛,右,183,76,4,1
Adilson,葡萄牙,34,ST,66,66,52,66,50,58,23,64,6351125,S.C. Olhanense,葡萄牙超级联赛,右,193,88,0,0
Diogo Cunha,葡萄牙,30,W,66,66,80,64,70,70,42,61,18400882,Feirense,葡萄牙超级联赛,右,170,60,0,0
Mica,葡萄牙,29,CB,66,69,71,34,48,45,67,76,6828160,Feirense,葡萄牙超级联赛,右,180,75,0,0
Khalid Karami,荷兰,27,FB,66,68,71,36,58,62,67,71,6409468,Excelsior,荷兰甲级联赛,右,180,73,0,0
Johan Carrasso,法国,28,GK,66,66,47,13,24,14,13,46,3883069,FC Metz,法国甲级联赛,右,188,87,0,0
Marti Crespi,西班牙,29,FB,66,69,56,42,56,52,66,67,4712333,RCD Mallorca,西班牙甲级联赛,右,180,71,0,0
Reza Ghoochannejhad,比利时,29,W,66,66,76,65,60,71,33,64,5764637,Sint-Truidense VV,比利时甲级联赛,左,180,81,0,0
Nils Schouterden,比利时,28,W,66,67,79,63,63,66,41,69,8452682,Sint-Truidense VV,比利时甲级联赛,左,175,75,0,0
Mannaseh Ishiaku,德国,33,ST,66,71,74,65,49,63,21,73,2426216,1. FC Köln,德国甲级联赛,右,183,82,1,0
Gregory Dufer,比利时,35,ST,66,66,67,72,66,67,33,57,9088006,Sint-Truidense VV,比利时甲级联赛,右,175,70,0,0
Rafal Grodzicki,波兰,33,GK,66,66,34,40,51,30,67,70,5535810,Ruch Chorzów,波兰甲级联赛,右,193,91,0,0
Marko Bakic,葡萄牙,23,CAM,66,73,67,62,68,72,47,62,4462238,CF Os Belenenses,葡萄牙超级联赛,右,185,73,0,0
Hassan Alla,法国,36,CM,66,66,52,65,68,64,58,71,6173427,Le Havre AC,法国甲级联赛,左,180,78,0,0
Rui Sampaio,葡萄牙,29,CAM,66,66,66,60,69,68,50,69,8456412,SC Beira Mar,葡萄牙超级联赛,右,185,75,0,0
Paolo Zanetti,意大利,34,CM,66,70,64,49,71,64,62,67,4428454,Torino,意大利甲级联赛,右,185,82,1,0
Michele Paolucci,意大利,30,ST,66,66,70,66,52,65,26,69,8506020,Catania,意大利甲级联赛,右,183,80,11,0
Daniel Lukasik,波兰,25,CM,66,70,54,48,66,60,68,66,10794312,Lechia Gdańsk,波兰甲级联赛,右,178,73,0,0
Florian Kringe,德国,34,CM,66,66,51,66,68,64,64,72,5955976,Borussia Dortmund,德国甲级联赛,左,188,83,4,0
Miguel Oliveira,葡萄牙,33,CB,66,66,38,48,39,42,66,66,6272924,FC Arouca,葡萄牙超级联赛,右,188,85,0,0
Robson,葡萄牙,33,CB,66,66,40,40,55,48,66,65,6713795,CS Marítimo,葡萄牙超级联赛,右,188,85,0,0
Stephen Kelly,英格兰,33,CM,66,66,53,46,62,59,70,70,5635160,Fulham,英格兰超级联赛,右,183,82,0,1
Joao Ribeiro,葡萄牙,29,W,66,68,77,66,59,70,32,58,4679894,Vitória Guimarães,葡萄牙超级联赛,右,178,73,0,0
Jorge Pulido,西班牙,25,CB,66,70,50,34,50,45,65,71,6283647,Rayo Vallecano,西班牙甲级联赛,右,185,78,0,1
Andy Kirk,苏格兰,37,ST,66,66,66,64,62,68,17,74,6301710,Dunfermline Athletic,苏格兰超级联赛,右,178,70,0,0
Richard Towell,苏格兰,25,CM,66,70,72,62,68,62,60,79,6107525,Hibernian,苏格兰超级联赛,右,173,66,0,0
Harry Forrester,苏格兰,25,ST,66,70,75,64,64,69,34,67,5291965,Kilmarnock,苏格兰超级联赛,右,175,71,0,0
Nicky Hofs,荷兰,33,CAM,66,66,67,69,66,66,55,65,7072018,Vitesse,荷兰甲级联赛,右,173,71,0,0
Philippe Koch,瑞士,25,FB,66,70,73,40,52,58,68,71,8350832,FC Zürich,瑞士超级联赛,右,180,76,2,0
Thibault Peyre,比利时,24,CB,66,72,66,35,48,48,68,70,10217319,Royal Excel Mouscron,比利时甲级联赛,右,183,70,0,0
Mario Frick,瑞士,42,ST,66,70,60,62,55,68,25,68,6173595,FC St. Gallen,瑞士超级联赛,右,183,79,3,0
Marcelo Valverde,葡萄牙,27,GK,66,70,31,10,20,10,13,45,9050891,CD Nacional,葡萄牙超级联赛,右,185,75,0,0
Alexi Peuget,法国,26,CM,66,70,54,61,66,64,64,72,5996712,Stade de Reims,法国甲级联赛,右,185,75,0,0
Yaya Soumahoro,比利时,27,W,66,68,86,62,60,70,26,60,4070555,KAA Gent,比利时甲级联赛,左,175,69,0,0
Thomas Guimaraes Azevedo,比利时,25,ST,66,69,77,61,61,66,26,67,6036555,Oud-Heverlee Leuven,比利时甲级联赛,右,173,71,0,0
Marcos,法国,37,ST,66,66,51,67,60,61,32,56,6256845,ES Troyes AC,法国甲级联赛,右,183,81,3,0
Levan Kenia,德国,26,W,66,73,68,57,68,70,34,58,5519505,FC Schalke 04,德国甲级联赛,左,173,69,0,1
Gabor Horvath,荷兰,31,CB,66,67,50,36,49,44,64,67,4740441,ADO Den Haag,荷兰甲级联赛,左,188,84,0,0
Tyler Blackett,英格兰,22,FB,66,75,70,46,58,56,64,68,6066552,Manchester United,英格兰超级联赛,左,188,87,0,0
Angelos Charisteas,德国,36,ST,66,66,58,65,55,60,28,62,2940037,1. FC Nürnberg,德国甲级联赛,右,190,82,3,1
Kirk Broadfoot,苏格兰,32,CB,66,66,32,31,53,54,65,61,6108844,Rangers,苏格兰超级联赛,右,190,89,0,0
Kevin Oris,比利时,32,ST,66,66,54,68,51,62,16,72,6716330,RAEC Mons,比利时甲级联赛,右,190,91,0,0
Djordje Rakic,意大利,31,ST,66,69,62,65,56,61,32,73,3900563,Fiorentina,意大利甲级联赛,右,188,83,0,0
Salvatore Aronica,意大利,38,GK,66,66,32,44,44,43,67,63,2048054,Napoli,意大利甲级联赛,左,180,78,1,0
Matias Fritzler,西班牙,30,CM,66,66,50,53,66,60,64,65,6418655,Hércules Club de Fútbol,西班牙甲级联赛,右,178,73,0,0
Darko Bodul,荷兰,27,ST,66,67,69,70,61,71,24,73,11397063,Sparta Rotterdam,荷兰甲级联赛,右,185,81,0,0
Hugo Sousa,比利时,24,FB,66,70,64,49,55,55,64,69,7355323,Waasland-Beveren,比利时甲级联赛,右,183,79,0,0
Pablo Pintos,西班牙,29,FB,66,68,80,60,59,64,63,74,3523447,Getafe CF,西班牙甲级联赛,右,183,72,0,0
Maciej Sadlok,波兰,27,FB,66,67,70,59,58,56,66,77,7589689,Ruch Chorzów,波兰甲级联赛,左,185,80,0,0
Balazs Toth,荷兰,35,CM,66,67,64,65,61,54,65,73,5373690,VVV-Venlo,荷兰甲级联赛,右,175,70,0,0
Claudio Ramos,葡萄牙,25,GK,66,71,32,17,16,18,18,57,11491070,Tondela,葡萄牙超级联赛,右,183,80,0,0
Jeferson,葡萄牙,30,CB,66,71,54,37,49,45,67,65,10390821,Rio Ave FC,葡萄牙超级联赛,右,188,81,0,0
Guilherme Do Prado,英格兰,35,ST,66,66,65,64,65,68,38,64,7288583,Southampton,英格兰超级联赛,右,188,79,1,2
Francesco Pratali,意大利,37,CB,66,66,54,50,53,42,65,68,6968395,Siena,意大利甲级联赛,左,188,82,0,0
Nicola Pozzi,意大利,30,ST,66,66,67,62,53,64,24,64,8951658,Sampdoria,意大利甲级联赛,右,183,74,13,0
Edu Oriol,西班牙,30,CAM,66,66,74,60,60,70,57,60,5148224,Real Zaragoza,西班牙甲级联赛,右,175,70,2,0
Alfredo Ortuno,西班牙,25,ST,66,70,67,66,51,64,20,65,9578607,Granada CF,西班牙甲级联赛,左,183,84,0,0
Sergiy Bolbat,比利时,23,W,66,72,79,62,68,72,30,47,7674407,Sporting Lokeren,比利时甲级联赛,右,175,66,0,0
Christian Terlizzi,意大利,37,CB,66,66,32,45,42,51,66,65,2898028,Catania,意大利甲级联赛,左,190,80,5,0
Omar Kossoko,瑞士,28,ST,66,68,80,67,45,78,16,64,10524848,Servette FC,瑞士超级联赛,左,185,72,0,0
Jean Calve,法国,32,CM,66,66,60,60,61,60,67,67,12652557,Grenoble Foot 38,法国甲级联赛,右,183,78,1,0
Samuel Stefanik,荷兰,25,CAM,66,71,74,52,71,68,49,57,6250631,N.E.C.,荷兰甲级联赛,右,178,74,0,0
Robert Mazan,波兰,22,CM,66,77,56,47,63,66,69,63,11498399,Podbeskidzie Bielsko-Biała,波兰甲级联赛,右,180,75,0,0
Georgiy Zhukov,荷兰,22,CAM,66,74,72,55,69,69,51,64,8744974,Roda JC Kerkrade,荷兰甲级联赛,右,173,70,0,0
Robert Zillner,德国,31,CAM,66,66,72,62,68,68,55,68,6655042,SpVgg Greuther Fürth,德国甲级联赛,左,183,74,0,0
Danijel Aleksic,瑞士,25,ST,66,70,78,68,62,70,36,65,7165433,FC St. Gallen,瑞士超级联赛,左,183,75,9,0
"Ivan Todorovic,25",葡萄牙,33,CM,66,69,61,57,67,62,66,71,8971045,CD Nacional,葡萄牙超级联赛,右,183,80,0,0
Demba Camara,法国,22,ST,66,75,78,66,57,74,30,71,6991438,AC Ajaccio,法国甲级联赛,右,185,82,2,0
Wilde-Donald Guerrier,波兰,27,W,66,67,90,65,53,62,56,70,8188440,Wisła Kraków,波兰甲级联赛,左,175,72,0,0
David Odonkor,西班牙,32,W,66,70,90,58,53,64,26,65,5037238,Racing Santander,西班牙甲级联赛,右,173,74,0,0
Tom Hiariej,荷兰,28,CM,66,67,72,55,68,66,62,72,7624446,FC Groningen,荷兰甲级联赛,右,178,74,0,0
Tom Hateley,苏格兰,27,CM,66,67,70,59,65,66,64,79,6174361,Motherwell,苏格兰超级联赛,右,180,73,0,0
Massimo Zenildo Zappino,意大利,35,GK,66,66,49,19,32,22,16,51,5214085,Frosinone,意大利甲级联赛,右,188,83,0,0
Jonathan Lopez,西班牙,35,GK,66,66,49,25,25,24,25,58,4919097,Getafe CF,西班牙甲级联赛,右,183,81,0,0
Carlos Calvo,西班牙,31,W,66,66,74,69,62,72,31,58,3313257,Xerez Club Deportivo,西班牙甲级联赛,右,175,71,4,0
Wiljan Pluim,荷兰,27,CM,66,68,51,63,65,71,58,64,3129974,PEC Zwolle,荷兰甲级联赛,右,190,85,0,0
David Elm,英格兰,33,ST,66,66,56,65,63,64,34,74,3523508,Fulham,英格兰超级联赛,左,193,86,2,1
Souleymane Doukara,意大利,25,ST,66,71,68,65,57,68,21,62,9056570,Cagliari,意大利甲级联赛,右,185,85,0,0
Dani Abalo,葡萄牙,29,ST,66,66,78,69,64,72,46,68,8606699,SC Beira Mar,葡萄牙超级联赛,右,178,68,0,0
Richard Soumah,法国,30,ST,66,67,72,60,61,68,26,68,2933784,Stade Brestois 29,法国甲级联赛,左,178,77,0,0
Emiliano Martinez,英格兰,24,GK,66,74,58,23,41,20,16,48,6128721,Arsenal,英格兰超级联赛,右,193,85,0,0
Ancelmo Junior,葡萄牙,26,CAM,66,68,68,61,73,68,48,57,2986817,Boavista FC,葡萄牙超级联赛,右,180,75,0,0
Marc Tierney,英格兰,31,FB,66,66,64,41,56,58,68,59,3358396,Norwich City,英格兰超级联赛,左,180,71,0,3
Edson Henrique,葡萄牙,29,CM,66,73,58,53,54,59,65,67,4433064,"União de Leiria, SAD",葡萄牙超级联赛,左,183,80,0,0
Anatole Ngamukol,瑞士,28,ST,66,66,92,62,45,64,27,65,4356490,Grasshopper Club Zürich,瑞士超级联赛,右,178,70,0,0
Don Cowie,苏格兰,33,CM,66,66,64,65,64,65,65,75,6364205,Inverness Caledonian Thistle,苏格兰超级联赛,右,178,73,0,2
Bryan Pele,法国,24,W,66,71,77,53,65,68,34,49,8329441,FC Lorient,法国甲级联赛,右,170,65,0,1
Celestino,葡萄牙,29,CM,66,70,68,50,67,63,60,76,10065512,CF Os Belenenses,葡萄牙超级联赛,右,178,74,0,0
Thomas Wils,比利时,26,FB,66,68,62,40,62,55,64,71,4070558,Lierse SK,比利时甲级联赛,右,180,67,0,0
Evariste Ngolok,比利时,28,FB,66,67,78,65,65,67,65,77,8938223,KVC Westerlo,比利时甲级联赛,左,175,74,0,0
Marcel Meeuwis,荷兰,36,CM,66,66,58,59,69,65,64,66,8314028,VVV-Venlo,荷兰甲级联赛,左,173,70,0,0
Marcel De Jong,荷兰,30,FB,66,66,69,59,57,68,66,70,6055023,Roda JC Kerkrade,荷兰甲级联赛,左,175,73,2,0
Manuel Castro Pavon,西班牙,32,CB,66,66,60,44,49,50,67,71,8316680,CD Numancia,西班牙甲级联赛,右,188,75,0,0
Valdet Rama,西班牙,29,ST,66,66,74,63,60,77,16,65,6207432,Real Valladolid,西班牙甲级联赛,右,183,78,1,1
Fabrice Olinga,西班牙,20,W,66,78,81,61,59,73,24,66,19924604,Málaga CF,西班牙甲级联赛,右,173,66,1,0
Nassim Ben Khalifa,瑞士,24,ST,66,72,68,58,67,66,25,72,5769662,Grasshopper Club Zürich,瑞士超级联赛,右,183,79,0,0
Francesco Migliore,比利时,28,FB,66,66,72,38,58,63,63,82,4325331,RAEC Mons,比利时甲级联赛,左,173,75,0,0
Mamoutou N'Diaye,比利时,26,FB,66,68,70,51,63,69,66,76,5577312,KAA Gent,比利时甲级联赛,左,180,76,0,0
Jim Goodwin,苏格兰,35,CM,66,66,64,60,64,62,61,73,5239180,St. Mirren,苏格兰超级联赛,右,183,77,0,0
Clinton Mata,比利时,24,FB,66,70,84,59,60,66,62,72,4783115,Sporting Charleroi,比利时甲级联赛,右,180,72,0,0
Anderson Carvalho,葡萄牙,26,CM,66,68,63,63,63,64,68,76,2501638,Boavista FC,葡萄牙超级联赛,左,175,66,0,0
Yuki Otsu,荷兰,26,W,66,73,77,60,61,66,29,67,10194496,VVV-Venlo,荷兰甲级联赛,右,180,74,0,0
Jonas Kamper,德国,33,ST,66,66,73,72,64,63,31,61,4544276,DSC Arminia Bielefeld,德国甲级联赛,右,183,78,1,0
Manuel Pamic,意大利,30,FB,66,66,78,57,51,61,65,71,7360661,Chievo Verona,意大利甲级联赛,左,175,73,0,0
Papa Waigo N'Diaye,意大利,32,ST,66,66,80,62,57,66,26,75,2745130,Lecce,意大利甲级联赛,右,185,70,0,0
Adam Collin,苏格兰,32,GK,66,66,32,20,37,16,18,49,6541185,Aberdeen,苏格兰超级联赛,右,190,78,0,0
Kassim Abdallah,法国,29,CB,66,66,68,29,52,54,68,74,5865629,Évian Thonon Gaillard FC,法国甲级联赛,右,185,80,0,1
Henrico Drost,荷兰,29,CB,66,66,44,41,44,54,68,72,3630432,RKC Waalwijk,荷兰甲级联赛,右,183,80,0,0
Keith Lasley,苏格兰,37,CM,66,66,54,55,68,64,64,72,2560082,Motherwell,苏格兰超级联赛,右,173,72,0,0
Robbie Haemhouts,荷兰,33,CM,66,66,50,69,70,62,58,61,6917662,Willem II,荷兰甲级联赛,左,175,63,4,1
Elvis,葡萄牙,26,W,66,75,70,60,62,68,31,53,9525199,"União de Leiria, SAD",葡萄牙超级联赛,右,175,73,0,0
Lucas van Eenoo,比利时,25,CAM,66,68,62,63,68,68,52,59,3000358,KSV Cercle Brugge,比利时甲级联赛,左,175,67,0,0
David Generelo,西班牙,34,CM,66,66,47,67,75,60,57,57,3791192,Rayo Vallecano,西班牙甲级联赛,右,183,82,0,0
Jordi Lopez Felpeto,荷兰,35,CM,66,66,61,48,67,66,61,67,3830534,Vitesse,荷兰甲级联赛,右,183,77,0,0
Eber Bessa,葡萄牙,24,CAM,66,71,76,59,64,71,55,64,3462616,CS Marítimo,葡萄牙超级联赛,右,168,66,0,0
Carmelo Gonzalez,西班牙,33,W,66,66,67,56,65,74,38,57,5795114,Real Sporting de Gijón,西班牙甲级联赛,右,180,70,7,3
Jovan Kostovski,比利时,29,ST,66,66,54,70,48,53,17,66,6180630,Oud-Heverlee Leuven,比利时甲级联赛,右,188,84,0,0
Cedric Mongongu,法国,27,CB,66,67,52,43,58,49,64,71,5202569,Évian Thonon Gaillard FC,法国甲级联赛,右,188,82,7,1
Luis Silva,葡萄牙,24,CAM,66,74,64,64,70,68,54,64,3730167,Gil Vicente FC,葡萄牙超级联赛,左,185,75,0,0
Roberto Chen,西班牙,22,CB,66,74,60,35,42,50,67,73,6350234,Málaga CF,西班牙甲级联赛,右,183,72,0,0
Romain Reynaud,比利时,33,CB,66,66,34,43,56,44,65,70,10395699,Oud-Heverlee Leuven,比利时甲级联赛,右,183,85,0,0
Matthieu Sans,法国,28,CB,66,66,49,39,53,48,66,65,6958674,SC Bastia,法国甲级联赛,右,190,86,0,0
Loic Poujol,法国,27,CB,66,67,58,31,56,50,66,75,4769517,FC Sochaux-Montbéliard,法国甲级联赛,右,188,86,3,0
Yassine Jebbour,法国,25,FB,66,68,68,58,63,59,66,64,6480766,AS Nancy-Lorraine,法国甲级联赛,右,180,70,0,0
Scott Allan,苏格兰,25,CAM,66,72,68,52,70,74,52,63,7676324,Dundee United,苏格兰超级联赛,右,178,67,0,0
Marco Sangalli,西班牙,24,W,66,70,80,55,57,74,38,58,6225515,FC Barcelona,西班牙甲级联赛,右,178,66,0,0
Jon Gaztanaga,西班牙,25,CB,66,70,52,37,63,52,68,70,11613395,Real Sociedad,西班牙甲级联赛,左,180,70,0,0
Milos Maric,比利时,34,CM,66,66,46,67,66,66,62,67,5857003,Waasland-Beveren,比利时甲级联赛,右,178,80,0,0
Michael Olaitan,荷兰,23,W,66,70,79,65,60,69,33,64,3444281,FC Twente,荷兰甲级联赛,右,183,74,0,0
Ralph Gunesch,德国,33,CB,66,66,44,45,50,38,64,68,7093153,FC St. Pauli,德国甲级联赛,右,190,84,1,0
Gerald Sibon,荷兰,42,CAM,66,66,28,73,67,60,34,48,8052576,SC Heerenveen,荷兰甲级联赛,右,198,91,0,0
Romain Grange,法国,28,W,66,66,78,64,67,66,32,61,4200433,AS Nancy-Lorraine,法国甲级联赛,右,178,71,2,0
Alireza Haghighi,葡萄牙,28,GK,66,66,34,17,30,13,19,49,3767252,FC Penafiel,葡萄牙超级联赛,左,193,80,0,0
Guti,波兰,25,CB,66,70,44,27,50,46,64,67,3119151,Jagiellonia Białystok,波兰甲级联赛,右,188,87,0,0
Vasilios Pliatsikas,德国,28,FB,66,72,64,44,57,60,64,77,7314661,FC Schalke 04,德国甲级联赛,右,175,73,0,0
Simon Church,苏格兰,28,ST,66,67,72,65,59,63,36,69,10257842,Aberdeen,苏格兰超级联赛,右,183,83,0,0
Adam Vass,意大利,28,CM,66,70,69,55,71,65,60,71,9474716,Brescia,意大利甲级联赛,右,180,75,0,1
Xavier Mercier,比利时,27,W,66,68,78,64,63,65,40,62,5362935,KV Kortrijk,比利时甲级联赛,右,170,64,0,0
Franco Semioli,意大利,36,W,66,66,74,59,57,70,39,57,4689116,Sampdoria,意大利甲级联赛,右,178,70,2,2
Koen van de Laak,荷兰,34,CAM,66,66,68,62,65,66,50,69,4676986,FC Groningen,荷兰甲级联赛,右,183,73,0,0
Bruno Silva,荷兰,36,CM,66,66,64,59,63,66,68,63,7899810,Ajax,荷兰甲级联赛,右,178,79,0,0
Robert Jez,波兰,35,CAM,66,66,68,64,66,64,58,55,3846040,Polonia Bytom,波兰甲级联赛,右,178,72,0,0
Adam Danch,波兰,29,FB,66,66,64,46,54,56,66,73,4305040,Polonia Bytom,波兰甲级联赛,右,183,81,0,0
Eggert Jonsson,苏格兰,28,CM,66,67,57,57,59,58,65,72,4011929,Heart of Midlothian,苏格兰超级联赛,右,188,72,0,0
Frederic Nimani,法国,28,ST,66,67,71,64,53,60,28,69,7535105,AS Monaco,法国甲级联赛,左,190,87,0,0
Michal Peskovic,波兰,34,GK,66,66,32,25,26,23,25,42,7573980,Ruch Chorzów,波兰甲级联赛,左,188,88,0,0
Guilherme Santos,西班牙,28,FB,66,70,82,58,64,72,64,72,10944268,UD Almería,西班牙甲级联赛,左,175,72,1,0
Joost Broerse,荷兰,37,CM,66,66,34,63,57,55,66,58,9126442,PEC Zwolle,荷兰甲级联赛,左,183,83,0,0
Michele Fini,意大利,42,CAM,66,77,60,55,72,68,46,58,8729959,Cagliari,意大利甲级联赛,右,183,75,4,2
Mathieu Deplagne,法国,25,CB,66,70,60,28,60,44,70,71,6373361,Montpellier Hérault SC,法国甲级联赛,右,183,78,0,1
Ben Hamer,英格兰,29,GK,66,66,45,20,31,20,15,51,26898518,Leicester City,英格兰超级联赛,右,193,78,0,0
Helder Tavares,葡萄牙,27,CM,66,67,65,52,67,62,64,67,8557872,Tondela,葡萄牙超级联赛,右,180,72,0,0
Nuno Rocha,葡萄牙,24,CM,66,72,68,56,69,68,59,72,3208983,CS Marítimo,葡萄牙超级联赛,右,183,78,0,0
Vasco Rocha,葡萄牙,27,CAM,66,70,61,60,70,69,32,67,7303013,FC Paços de Ferreira,葡萄牙超级联赛,右,183,70,0,0
Nuno Piloto,葡萄牙,34,CM,66,66,53,62,71,67,59,69,3901363,Académica de Coimbra,葡萄牙超级联赛,右,178,73,0,0
Goran Popov,荷兰,32,CM,66,66,61,62,61,64,65,75,6679093,SC Heerenveen,荷兰甲级联赛,左,188,85,0,1
Guus Joppen,荷兰,27,FB,66,68,66,45,62,62,68,64,9741531,VVV-Venlo,荷兰甲级联赛,右,180,78,0,0
Przemyslaw Frankowski,波兰,21,W,66,73,92,58,63,64,40,70,5929113,Jagiellonia Białystok,波兰甲级联赛,左,175,68,0,0
Gaetano Monachello,意大利,22,ST,66,74,55,67,48,66,19,66,4646997,Atalanta,意大利甲级联赛,左,183,79,0,0
Craig Dawson,英格兰,26,CB,66,68,67,40,55,54,72,74,3868200,West Bromwich Albion,英格兰超级联赛,右,188,85,0,2
Maik Taylor,英格兰,45,GK,66,66,50,15,30,18,16,60,6226848,Birmingham City,英格兰超级联赛,右,193,90,0,0
Stuart Taylor,英格兰,36,GK,66,66,52,25,24,25,24,51,3216678,Reading,英格兰超级联赛,右,196,86,0,0
Erdin Demir,比利时,26,FB,66,68,76,53,59,70,59,66,5925528,Waasland-Beveren,比利时甲级联赛,左,178,72,0,0
"Luis Fernando Duarte Nunes,32",葡萄牙,36,CB,66,71,62,43,52,41,66,74,6204027,Académica de Coimbra,葡萄牙超级联赛,左,180,83,0,0
Philip Haglund,荷兰,29,CM,66,66,60,57,62,56,61,81,4513519,SC Heerenveen,荷兰甲级联赛,右,188,87,0,0
Lukasz Gargula,波兰,35,CAM,66,66,52,65,70,60,43,54,7610807,Wisła Kraków,波兰甲级联赛,右,178,72,0,0
Euzebiusz Smolarek,波兰,35,ST,66,66,74,66,56,66,29,64,4647314,P. Warszawa,波兰甲级联赛,右,178,68,0,0
Andrew Sinkala,德国,37,FB,66,66,64,48,62,62,65,74,7672830,FC Augsburg,德国甲级联赛,右,175,75,0,0
Mikhail Rosheuvel,荷兰,26,W,66,69,85,62,58,70,27,66,3425039,Heracles Almelo,荷兰甲级联赛,右,175,71,3,1
Calvin Mac-Intosh,荷兰,27,FB,66,68,67,40,60,58,68,66,5263532,SC Cambuur,荷兰甲级联赛,右,180,78,0,2
Alberto Perea,西班牙,26,W,66,73,76,65,59,72,24,60,7459521,Rayo Vallecano,西班牙甲级联赛,右,175,66,1,0
Gabor Babos,荷兰,42,GK,66,66,24,24,30,24,25,52,3793853,N.E.C.,荷兰甲级联赛,右,196,92,0,0
Christian Kinkela,法国,34,W,66,66,82,59,61,61,27,61,6535705,AC Ajaccio,法国甲级联赛,右,175,72,2,0
Martijn Barto,荷兰,32,ST,66,66,50,62,49,62,22,69,3957335,SC Cambuur,荷兰甲级联赛,右,185,80,4,0
Kris Stadsgaard,西班牙,31,CB,66,66,56,47,57,41,66,65,5642485,Málaga CF,西班牙甲级联赛,右,185,77,1,0
Ante Vukusic,意大利,25,ST,66,68,77,65,50,66,16,59,9421426,Pescara,意大利甲级联赛,右,178,74,2,0
Jacek Kielb,波兰,28,ST,66,66,77,68,55,68,32,72,7082727,Korona Kielce,波兰甲级联赛,右,183,70,0,0
Adam Mojta,波兰,30,FB,66,66,71,55,59,62,62,68,7730676,Podbeskidzie Bielsko-Biała,波兰甲级联赛,左,178,70,0,0
Adrian Winter,瑞士,30,ST,66,66,80,63,56,64,47,71,6550161,FC Luzern,瑞士超级联赛,右,178,75,0,0
Sreten Sretenovic,波兰,31,GK,66,66,32,45,52,42,66,69,5020165,Cracovia,波兰甲级联赛,右,193,92,0,0
Krzysztof Maczynski,波兰,29,CM,66,66,60,54,71,64,61,68,5379322,Polonia Bytom,波兰甲级联赛,右,175,69,0,0
Joshua Kennedy,德国,34,ST,66,66,60,64,56,62,26,71,5506157,Karlsruher SC,德国甲级联赛,右,193,84,2,1
Mohamed Rayhi,荷兰,22,W,66,73,78,66,56,70,29,61,14613614,N.E.C.,荷兰甲级联赛,右,178,76,0,0
Dean Koolhof,荷兰,22,W,66,74,74,62,63,71,19,62,15085714,De Graafschap,荷兰甲级联赛,右,175,71,0,0
Rafal Janicki,波兰,24,CB,66,70,58,37,60,50,67,72,10835690,Lechia Gdańsk,波兰甲级联赛,右,188,83,0,0
Henk Dijkhuizen,荷兰,24,FB,66,72,72,42,61,64,66,64,3346825,Roda JC Kerkrade,荷兰甲级联赛,右,178,75,0,0
Pavels Steinbors,波兰,31,GK,66,66,36,25,29,22,25,49,5936470,Polonia Bytom,波兰甲级联赛,右,193,92,0,0
Martin Zeman,瑞士,27,W,66,67,90,65,63,64,39,67,10756139,FC Sion,瑞士超级联赛,左,175,64,0,0
David Mackay,苏格兰,36,CM,66,66,32,47,57,62,66,68,8158665,St. Johnstone FC,苏格兰超级联赛,右,185,81,0,0
Nikola Lekovic,波兰,27,FB,66,68,78,29,49,54,68,71,7102217,Lechia Gdańsk,波兰甲级联赛,左,175,73,0,0
Cristian Hidalgo,西班牙,33,W,66,68,70,61,58,70,41,57,4489097,RC Deportivo de La Coruña,西班牙甲级联赛,右,170,66,0,0
Victor Aquino,葡萄牙,31,ST,66,66,70,69,50,52,25,77,4857621,CS Marítimo,葡萄牙超级联赛,右,188,85,0,0
Michael McGlinchey,苏格兰,29,ST,66,66,71,66,60,69,43,67,7556671,Rangers,苏格兰超级联赛,右,175,68,0,0
Gevaro Nepomuceno,葡萄牙,24,W,66,71,75,66,53,70,27,54,8141286,CS Marítimo,葡萄牙超级联赛,右,175,69,0,0
Adam Nemec,德国,31,ST,66,66,55,69,46,57,18,69,6002320,1. FC Kaiserslautern,德国甲级联赛,左,190,90,5,0
Milan Kopic,荷兰,31,CM,66,68,48,49,61,56,67,66,3826192,SC Heerenveen,荷兰甲级联赛,左,188,83,0,0
Frank Demouge,荷兰,34,ST,66,66,36,67,51,54,30,68,6652971,Willem II,荷兰甲级联赛,右,190,91,0,0
Adil Auassar,荷兰,30,CM,66,66,50,67,64,64,63,77,4436147,Excelsior,荷兰甲级联赛,左,188,85,2,2
Florent Chaigneau,法国,32,GK,66,66,40,15,30,19,14,53,4421449,FC Lorient,法国甲级联赛,右,198,94,0,0
Edmond Kapllani,德国,34,ST,66,66,44,68,57,64,30,61,5352078,Karlsruher SC,德国甲级联赛,右,185,84,2,0
Timo Staffeldt,德国,32,FB,66,69,74,58,62,64,62,71,7617413,Karlsruher SC,德国甲级联赛,右,175,72,0,0
Michael Mutzel,德国,37,FB,66,73,72,56,67,64,65,69,7983449,Karlsruher SC,德国甲级联赛,右,183,75,0,0
Godfried Aduobe,德国,41,FB,66,73,64,48,64,57,67,75,6864809,Karlsruher SC,德国甲级联赛,右,178,71,0,0
Martin Stoll,瑞士,33,CB,66,66,40,42,48,48,67,63,12119273,FC Aarau,瑞士超级联赛,右,188,80,0,0
Mahamadou-Naby Sarr,葡萄牙,23,CB,66,74,46,33,58,52,63,66,7237120,Sporting CP,葡萄牙超级联赛,左,196,94,0,0
Sulejman Smajic,比利时,32,W,66,69,74,63,59,68,38,57,3861583,Sporting Lokeren,比利时甲级联赛,右,173,65,0,0
Paul Gladon,荷兰,24,ST,66,71,68,65,53,61,25,73,4201188,Heracles Almelo,荷兰甲级联赛,右,188,79,0,0
El Hadji Diouf,英格兰,35,CAM,66,66,58,65,68,74,31,56,7524673,Blackburn Rovers,英格兰超级联赛,右,180,75,5,6
Kemy Agustien,荷兰,30,CM,66,66,68,63,70,68,62,72,4209561,RKC Waalwijk,荷兰甲级联赛,右,178,75,0,1
Lee Hodson,苏格兰,25,FB,66,71,72,53,59,65,64,70,9451078,Kilmarnock,苏格兰超级联赛,右,175,71,0,0
Christopher Maguire,苏格兰,27,ST,66,67,74,68,64,66,34,71,4858746,Aberdeen,苏格兰超级联赛,右,170,68,0,0
Tyias Browning,英格兰,22,FB,66,76,73,36,45,56,67,66,5192147,Everton,英格兰超级联赛,右,180,76,0,0
Michele Fornasier,意大利,23,CB,66,74,60,19,35,43,68,68,9833962,Sampdoria,意大利甲级联赛,右,185,80,0,0
Sjoerd Overgoor,荷兰,30,CM,66,66,67,60,72,64,60,72,4256592,Go Ahead Eagles,荷兰甲级联赛,右,180,73,1,0
Gregor Breinburg,荷兰,25,FB,66,71,74,57,69,66,65,73,16335887,N.E.C.,荷兰甲级联赛,左,173,71,0,0
Chris Riggott,英格兰,36,FB,66,66,60,40,49,48,64,68,10179054,Middlesbrough,英格兰超级联赛,右,183,78,0,0
Steven Thicot,苏格兰,29,CB,66,66,72,35,46,46,65,74,5249965,Hibernian,苏格兰超级联赛,右,185,81,0,0
Allan Saint-Maximin,法国,19,W,66,81,85,60,61,76,19,53,3305009,AS Saint-Étienne,法国甲级联赛,右,173,67,0,0
Mike Maignan,法国,21,GK,66,76,44,17,31,23,18,55,7470728,LOSC Lille,法国甲级联赛,右,188,80,0,0
Jessy Pi,法国,23,FB,66,71,70,48,69,61,60,62,8370551,ES Troyes AC,法国甲级联赛,右,178,72,0,0
Steffen Ernemann,比利时,34,CM,66,66,68,70,68,62,60,70,3790047,SV Zulte-Waregem,比利时甲级联赛,左,185,78,0,0
Uros Vitas,比利时,24,CB,66,70,36,33,54,42,65,63,7028706,KV Mechelen,比利时甲级联赛,右,188,85,0,0
Dejan Meleg,荷兰,22,ST,66,74,68,69,68,68,26,62,5381752,SC Cambuur,荷兰甲级联赛,左,175,73,1,0
Nicolas Bianchi Arce,意大利,29,CB,66,66,33,38,47,46,66,57,4944111,Pescara,意大利甲级联赛,右,188,82,0,0
Santiago Morero,意大利,34,CB,66,66,43,45,49,45,66,68,7715284,Chievo Verona,意大利甲级联赛,右,183,81,1,0
Lino Marzoratti,意大利,30,CB,66,66,68,32,44,50,68,79,8122076,Cagliari,意大利甲级联赛,右,180,75,1,0
Nicolas Andres Cordova,意大利,37,CM,66,66,58,48,76,65,56,58,4929331,Brescia,意大利甲级联赛,右,175,75,2,0
Claudio Lito,葡萄牙,41,W,66,73,76,64,62,70,32,64,9250001,Académica de Coimbra,葡萄牙超级联赛,右,170,65,0,0
Jaroslav Navratil,荷兰,25,W,66,70,87,53,55,66,28,48,4780219,Heracles Almelo,荷兰甲级联赛,右,180,70,1,0
Mariusz Pawelec,波兰,30,FB,66,66,61,46,51,54,70,72,6757456,Śląsk Wrocław,波兰甲级联赛,右,180,72,0,0
Dawid Plizga,波兰,31,ST,66,66,82,62,66,62,34,70,4599709,Jagiellonia Białystok,波兰甲级联赛,右,173,73,0,0
Marti Soler,西班牙,41,CM,66,66,37,63,76,62,60,49,6358157,RCD Mallorca,西班牙甲级联赛,右,180,76,4,1
Nicolae Ovidiu Herea,瑞士,31,W,66,66,74,64,64,66,40,65,6592738,FC Sion,瑞士超级联赛,右,180,70,0,0
Dorian Dessoleil,比利时,24,CB,66,70,57,34,56,42,66,68,11403443,Sporting Charleroi,比利时甲级联赛,左,183,68,0,0
Reynaldo,比利时,27,W,66,72,82,65,58,72,20,64,1890966,KSV Cercle Brugge,比利时甲级联赛,右,173,71,0,0
Tomislav Puljic,瑞士,33,CM,66,66,32,51,57,48,63,71,7974600,FC Luzern,瑞士超级联赛,左,193,88,2,0
Mario Baric,比利时,31,FB,66,69,70,48,57,60,65,69,4423133,KAA Gent,比利时甲级联赛,右,185,80,0,0
Jason Lowe,英格兰,25,CM,66,71,65,57,66,68,67,66,4966878,Blackburn Rovers,英格兰超级联赛,右,178,80,0,1
Miguel Lourenco,葡萄牙,24,CB,66,72,62,41,53,43,65,70,6566702,Vitória Setúbal,葡萄牙超级联赛,右,185,80,0,0
Martyn Waghorn,英格兰,26,ST,66,68,74,66,53,66,28,65,7422133,Chelsea,英格兰超级联赛,左,178,83,0,0
Mariano Angel Paglialunga,意大利,28,CM,66,67,62,63,71,67,55,73,7563952,Genoa,意大利甲级联赛,右,183,78,1,0
Marian Sarr,德国,21,FB,66,77,66,37,62,60,67,66,7706782,Borussia Dortmund,德国甲级联赛,左,188,83,0,0
Uwe Moehrle,德国,37,CB,66,66,40,38,49,48,66,67,8929334,FC Augsburg,德国甲级联赛,右,188,80,0,0
Michael Fink,德国,34,CM,66,66,54,65,65,66,68,69,7697320,Eintracht Frankfurt,德国甲级联赛,右,180,80,5,0
Massimiliano Porcello,德国,36,CM,66,72,62,70,66,66,63,66,6646125,Karlsruher SC,德国甲级联赛,右,183,80,2,0
Marc Hoecher,荷兰,32,W,66,66,69,64,68,64,36,55,6653962,Willem II,荷兰甲级联赛,右,183,70,0,0
Diogo Valente,葡萄牙,32,W,66,66,74,61,63,68,38,63,4118616,Académica de Coimbra,葡萄牙超级联赛,左,178,75,0,0
Jozo Simunovic,苏格兰,22,FB,66,74,66,29,53,61,64,69,9479931,Celtic,苏格兰超级联赛,右,190,81,0,0
Mirko Gori,意大利,23,CM,66,72,60,51,67,67,62,57,16113636,Frosinone,意大利甲级联赛,左,178,66,0,0
Radoslaw Cierzniak,苏格兰,33,GK,66,66,59,16,27,18,13,51,6085626,Dundee United,苏格兰超级联赛,右,183,81,0,0
Pablo Martinez,法国,27,FB,66,67,71,46,52,56,64,70,4146145,GFC Ajaccio,法国甲级联赛,左,183,77,0,0
Brian van Loo,荷兰,41,GK,66,66,38,17,24,18,12,48,4064155,FC Groningen,荷兰甲级联赛,左,198,95,0,0
Kwame Quansah,荷兰,34,CM,66,66,68,60,66,68,64,66,8060388,Heracles Almelo,荷兰甲级联赛,右,173,66,0,0
Carlo Cudicini,英格兰,43,GK,66,66,44,23,25,25,24,56,4093671,Tottenham Hotspur,英格兰超级联赛,右,185,80,0,0
Andre Micael,波兰,27,CB,66,66,61,31,41,44,66,70,7311544,Zawisza Bydgoszcz,波兰甲级联赛,右,188,83,0,0
Rafael Crivellaro,葡萄牙,27,CAM,66,66,64,60,68,65,34,54,4319375,Vitória Guimarães,葡萄牙超级联赛,左,183,80,0,0
Michael McGovern,苏格兰,32,GK,66,66,33,15,25,12,15,45,7569678,Hamilton Academical FC,苏格兰超级联赛,右,190,89,0,0
Jakub Szmatula,波兰,35,GK,66,66,33,16,22,16,15,49,4579832,Piast Gliwice,波兰甲级联赛,右,188,81,0,0
Maciej Gostomski,波兰,28,GK,66,67,36,17,33,15,17,48,9348306,Lech Poznań,波兰甲级联赛,右,196,90,0,0
Denny Landzaat,荷兰,40,CM,66,66,44,68,69,66,65,59,2306668,FC Twente,荷兰甲级联赛,右,178,70,2,0
Rob van Dijk,荷兰,45,GK,66,66,36,18,27,20,13,57,5039120,Feyenoord,荷兰甲级联赛,右,188,83,0,0
Christophe Landrin,法国,39,CAM,66,66,72,60,72,71,54,66,7447681,AS Saint-Étienne,法国甲级联赛,右,178,75,1,0
Tiago Ferreira,葡萄牙,23,CB,66,74,60,37,50,46,65,68,12042764,Uniao da Madeira,葡萄牙超级联赛,左,183,75,0,0
Emile Heskey,英格兰,38,CAM,66,66,44,64,60,68,46,67,9166792,Aston Villa,英格兰超级联赛,右,185,93,12,5
Hal Robson-Kanu,英格兰,27,ST,66,67,74,69,60,69,34,69,8127117,Reading,英格兰超级联赛,左,183,83,7,1
Adrian Nikci,瑞士,27,W,66,66,79,59,59,72,29,63,9567443,FC Zürich,瑞士超级联赛,右,183,76,1,0
Gennaro Sardo,意大利,37,CM,66,66,42,68,55,56,74,72,4517477,Chievo Verona,意大利甲级联赛,右,190,87,8,1
Jose Leonardo Talamonti,意大利,35,FB,66,73,68,42,54,48,66,71,4787461,Atalanta,意大利甲级联赛,右,183,77,1,0
Stephen Buyl,比利时,24,W,66,70,76,68,61,66,25,51,7306591,KSV Cercle Brugge,比利时甲级联赛,右,180,73,0,0
Takuya Murayama,波兰,27,W,66,68,76,54,64,65,31,59,7014337,Pogoń Szczecin,波兰甲级联赛,右,178,68,0,0
Lukasz Piatek,波兰,31,CM,66,66,70,69,67,68,60,77,10467715,P. Warszawa,波兰甲级联赛,左,180,71,0,0
Barak Badash,比利时,34,ST,66,66,62,67,57,61,31,68,5615883,Waasland-Beveren,比利时甲级联赛,右,185,75,0,0
Niko Datkovic,瑞士,23,CB,66,74,55,19,39,31,66,72,7931997,Lugano,瑞士超级联赛,右,190,86,0,0
Aymen Tahar,葡萄牙,27,CM,66,66,70,63,61,70,63,66,4874484,Boavista FC,葡萄牙超级联赛,右,180,75,0,0
Fernando Vega,西班牙,32,FB,66,66,69,34,56,58,66,67,5859231,Real Betis Balompié,西班牙甲级联赛,左,178,71,0,1
Giourkas Seitaridis,西班牙,35,FB,66,66,72,57,60,66,66,63,3681659,Atlético Madrid,西班牙甲级联赛,右,185,79,0,2
Stephen McManus,苏格兰,34,CB,66,66,42,42,48,46,63,73,3711098,Motherwell,苏格兰超级联赛,左,188,79,0,0
Jaroslaw Bieniuk,波兰,37,CB,66,66,37,47,52,43,67,63,5238786,Lechia Gdańsk,波兰甲级联赛,右,193,83,0,0
Mijat Gacinovic,德国,21,W,66,75,76,58,61,70,22,55,7478463,Eintracht Frankfurt,德国甲级联赛,右,175,66,0,0
Robert Pich,波兰,28,W,66,67,80,66,61,67,25,56,10340539,Śląsk Wrocław,波兰甲级联赛,右,173,68,0,0
Erik Jendrisek,波兰,30,ST,66,66,80,64,62,68,42,72,6499640,Cracovia,波兰甲级联赛,左,175,74,2,1
Gregory Mertens,比利时,25,FB,66,69,67,50,59,51,66,66,5396762,KSV Cercle Brugge,比利时甲级联赛,左,190,78,0,0
Adam Taggart,苏格兰,23,ST,66,74,77,69,60,70,34,63,9351698,Dundee United,苏格兰超级联赛,右,183,69,0,0
James McFadden,英格兰,33,ST,66,66,60,67,67,68,33,62,6294379,Birmingham City,英格兰超级联赛,左,178,78,6,4
Mario Eggimann,德国,35,CB,66,66,36,41,47,43,66,61,4198288,Hannover 96,德国甲级联赛,右,190,90,4,0
Vladan Kujovic,比利时,38,GK,66,66,35,24,32,29,25,47,7904612,Club Brugge KV,比利时甲级联赛,右,185,81,0,0
Donny Gorter,荷兰,28,CM,66,67,67,62,67,69,64,73,11253082,NAC Breda,荷兰甲级联赛,左,175,70,0,0
Gianluca Nijholt,荷兰,26,CAM,66,73,64,69,68,68,56,68,6635525,FC Utrecht,荷兰甲级联赛,左,183,78,0,0
Jose Caro,西班牙,23,FB,66,73,66,44,54,51,66,69,9367452,Real Betis Balompié,西班牙甲级联赛,右,183,70,0,0
Ryan Christie,苏格兰,21,W,66,77,76,57,66,68,42,62,6003545,Inverness Caledonian Thistle,苏格兰超级联赛,左,178,70,0,0
Lasha Dvali,波兰,21,CB,66,76,64,37,43,38,68,67,6779147,Śląsk Wrocław,波兰甲级联赛,右,190,80,0,0
Tomislav Pacovski,比利时,34,GK,66,66,40,30,31,24,25,51,6448352,Beerschot AC,比利时甲级联赛,右,185,84,0,0
Rostyn Griffiths,荷兰,28,CM,66,66,56,53,61,58,66,77,7195370,Roda JC Kerkrade,荷兰甲级联赛,右,188,86,0,0
Gregory Tade,苏格兰,30,ST,66,67,81,64,42,64,18,71,3490908,Inverness Caledonian Thistle,苏格兰超级联赛,右,188,79,0,0
David Sauget,法国,37,FB,66,66,54,37,60,64,66,67,4000687,FC Sochaux-Montbéliard,法国甲级联赛,右,175,77,0,0
Rodney Sneijder,荷兰,25,CAM,66,72,64,69,68,67,52,57,3579871,FC Utrecht,荷兰甲级联赛,左,170,67,0,0
Burak Kaplan,德国,26,W,66,77,75,58,58,72,22,52,6870616,Bayer 04 Leverkusen,德国甲级联赛,左,168,64,2,0
Aldo Kalulu,法国,20,W,66,80,90,63,54,71,18,67,6006047,Olympique Lyonnais,法国甲级联赛,右,165,57,0,0
Jack Byrne,荷兰,20,CAM,66,76,68,62,70,70,50,62,6204117,SC Cambuur,荷兰甲级联赛,右,175,73,0,0
Mihai Alexandru Roman,荷兰,24,ST,66,71,74,68,48,67,22,66,10022706,N.E.C.,荷兰甲级联赛,左,190,80,0,0
Damjan Djokovic,法国,26,CM,66,68,63,60,67,66,57,70,6585060,GFC Ajaccio,法国甲级联赛,左,188,81,0,0
Borja Mayoral,西班牙,19,ST,66,81,68,64,46,62,14,58,6188422,Real Madrid CF,西班牙甲级联赛,右,180,67,0,0
Alan Schons,葡萄牙,23,CM,66,72,66,62,64,69,63,63,7048585,Moreirense FC,葡萄牙超级联赛,右,180,74,0,0
Keith Fahey,英格兰,33,CAM,66,66,72,69,69,68,54,67,2678098,Birmingham City,英格兰超级联赛,右,178,80,1,3
Oussama Idrissi,荷兰,20,ST,66,76,79,67,54,71,22,64,7948098,FC Groningen,荷兰甲级联赛,右,183,78,0,0
Boban Grncarov,比利时,34,CB,66,66,42,35,46,40,66,62,4950123,Lierse SK,比利时甲级联赛,右,193,90,0,0
Alexandre Hauw,葡萄牙,34,CM,66,71,72,61,68,66,62,71,4011690,Naval 1° de Maio,葡萄牙超级联赛,左,175,68,0,0
Steven Lawless,苏格兰,25,ST,66,70,74,62,64,69,21,74,4241813,Partick Thistle F.C.,苏格兰超级联赛,左,170,65,0,0
Jonathan Leko,英格兰,17,ST,65,84,90,63,49,64,19,68,7610256,West Bromwich Albion,英格兰超级联赛,右,183,64,0,0
Gregory Christ,比利时,34,CAM,65,65,54,62,67,67,42,60,7738296,Sporting Charleroi,比利时甲级联赛,右,175,71,0,0
Aleksander Radosavljevic,荷兰,37,CM,65,65,48,51,62,59,66,65,3527221,ADO Den Haag,荷兰甲级联赛,右,183,79,0,0
Peter Halmosi,英格兰,37,CAM,65,65,70,58,62,68,59,55,7763498,Hull City,英格兰超级联赛,左,178,74,0,0
Ricardo Batista,葡萄牙,30,GK,65,65,43,27,31,22,24,52,5241095,Vitória Setúbal,葡萄牙超级联赛,右,193,79,0,0
Nile Ranger,英格兰,25,ST,65,71,72,68,43,66,19,74,14024268,Aston Villa,英格兰超级联赛,右,188,84,0,1
Jhonny Mosquera,意大利,25,FB,65,68,73,51,68,64,59,62,3401036,Livorno,意大利甲级联赛,右,170,66,0,0
Piscu,西班牙,29,FB,65,65,66,41,57,39,63,66,6892707,RC Deportivo de La Coruña,西班牙甲级联赛,右,183,87,1,0
David Caiado,波兰,29,W,65,65,72,62,60,72,31,61,5039810,Zagłębie Lubin,波兰甲级联赛,右,175,72,0,0
Kylian Mbappe Lottin,法国,18,W,65,85,82,61,54,70,29,57,4514257,AS Monaco,法国甲级联赛,右,178,67,0,0
Zakaria El Azzouzi,荷兰,20,ST,65,76,72,64,51,70,16,64,4717906,FC Twente,荷兰甲级联赛,右,180,70,0,0
Johnny Leoni,瑞士,32,GK,65,65,40,25,23,25,24,56,5540958,FC Zürich,瑞士超级联赛,右,188,79,0,0
Nelson Ferreira,瑞士,34,ST,65,65,72,67,62,62,46,64,9795743,FC Luzern,瑞士超级联赛,右,175,72,0,0
Marco Woelfli,瑞士,34,GK,65,65,52,13,25,12,14,52,6886969,BSC Young Boys,瑞士超级联赛,右,185,83,0,0
Semedo,葡萄牙,28,FB,65,69,62,47,59,63,66,75,6288925,Gil Vicente FC,葡萄牙超级联赛,右,183,78,0,0
Marcel Appiah,荷兰,28,FB,65,65,75,34,48,60,66,69,20941451,N.E.C.,荷兰甲级联赛,右,190,75,0,0
Pieterjan Monteyne,比利时,33,CM,65,65,60,59,63,60,66,66,6332260,Beerschot AC,比利时甲级联赛,左,178,73,0,0
Kurt van Dooren,比利时,38,CB,65,67,56,41,51,42,65,70,5318482,Beerschot AC,比利时甲级联赛,右,183,77,0,0
Kristijan Ipsa,波兰,30,FB,65,65,58,43,52,54,62,71,2814449,Piast Gliwice,波兰甲级联赛,右,185,86,0,0
Nili,西班牙,22,FB,65,74,75,39,50,69,62,58,5435578,UD Las Palmas,西班牙甲级联赛,右,178,65,0,0
Kai Heerings,荷兰,26,CB,65,67,40,32,55,42,67,73,3453973,FC Utrecht,荷兰甲级联赛,左,190,81,0,1
Ninos Gouriye,荷兰,25,ST,65,69,74,71,58,66,33,63,7454947,Heracles Almelo,荷兰甲级联赛,右,178,77,2,2
Chadli Amri,德国,32,W,65,67,81,57,58,69,22,58,7924705,1. FSV Mainz 05,德国甲级联赛,右,178,72,1,1
Wesley Said,法国,21,W,65,77,78,62,56,70,18,49,8399221,Stade Rennais FC,法国甲级联赛,右,170,65,0,0
De Amo,波兰,26,CB,65,67,58,32,44,52,68,64,4973745,Widzew Łódź,波兰甲级联赛,右,190,81,0,0
Claudio Rivalta,意大利,38,FB,65,75,69,48,61,44,67,68,4246724,Torino,意大利甲级联赛,右,173,68,0,0
Davide Bombardini,意大利,42,CAM,65,74,73,64,68,68,46,68,3661444,Bologna,意大利甲级联赛,左,183,78,0,0
Hocine Ragued,比利时,33,FB,65,70,68,50,60,61,62,71,3921546,RAEC Mons,比利时甲级联赛,左,183,76,0,0
Benjamin Bourigeaud,法国,22,CAM,65,70,68,59,68,67,53,64,3335390,RC Lens,法国甲级联赛,右,178,66,0,0
Rogier Meijer,荷兰,35,CM,65,65,64,61,63,63,66,68,3142221,De Graafschap,荷兰甲级联赛,右,185,70,0,0
Ricky van den Bergh,荷兰,36,ST,65,70,64,68,65,66,28,61,2077120,ADO Den Haag,荷兰甲级联赛,右,175,77,0,0
Imad Najah,荷兰,25,FB,65,71,66,49,62,67,65,68,3952711,RKC Waalwijk,荷兰甲级联赛,右,183,77,0,0
Marko Meerits,荷兰,24,GK,65,73,58,28,30,25,25,57,6524696,Vitesse,荷兰甲级联赛,右,185,84,0,0
Franco Costanzo,瑞士,36,GK,65,65,45,25,37,24,18,60,1824408,FC Basel,瑞士超级联赛,右,188,87,0,0
Kagisho Dikgacoi,英格兰,32,CM,65,65,58,61,65,62,67,73,3816469,Crystal Palace,英格兰超级联赛,右,183,81,0,0
Frederic Maciel,比利时,22,W,65,72,77,60,50,70,24,52,6902055,Royal Excel Mouscron,比利时甲级联赛,右,175,68,0,0
Joao Luiz,葡萄牙,31,CM,65,67,58,47,65,62,62,71,7113978,CS Marítimo,葡萄牙超级联赛,右,183,78,0,0
Rachid Bouaouzan,荷兰,32,W,65,65,78,57,57,76,27,52,2134466,N.E.C.,荷兰甲级联赛,右,175,78,0,0
Lee Wallace,苏格兰,29,FB,65,67,82,34,57,64,60,85,3235747,Heart of Midlothian,苏格兰超级联赛,左,185,73,1,1
Matias Omar Degra,葡萄牙,33,GK,65,66,42,24,25,26,25,58,6642855,FC Paços de Ferreira,葡萄牙超级联赛,右,190,86,0,0
Dusan Pernis,苏格兰,32,GK,65,68,18,12,18,18,14,45,3517863,Dundee United,苏格兰超级联赛,右,190,90,0,0
Adrien Hunou,法国,22,CAM,65,73,72,63,72,72,53,63,5800364,Stade Rennais FC,法国甲级联赛,右,175,62,0,0
Bartosz Iwan,波兰,32,CM,65,65,40,57,69,66,57,55,7182594,Polonia Bytom,波兰甲级联赛,右,188,74,0,0
Mauro Vigorito,意大利,26,GK,65,67,44,17,18,17,18,48,7662556,Cagliari,意大利甲级联赛,右,188,79,0,0
Loic Nestor,法国,27,CB,65,66,65,41,56,46,64,80,6583448,Le Havre AC,法国甲级联赛,右,178,69,0,0
Alexander Soerloth,荷兰,21,ST,65,76,69,66,55,61,20,70,8348441,FC Groningen,荷兰甲级联赛,右,193,90,0,0
Lukasz Madej,波兰,34,W,65,65,74,58,63,67,40,68,5407322,Polonia Bytom,波兰甲级联赛,右,175,70,0,0
Krzysztof Kotorowski,波兰,40,GK,65,65,25,17,33,14,14,45,6904496,Lech Poznań,波兰甲级联赛,右,188,86,0,0
Anilton,葡萄牙,36,CB,65,65,53,36,48,42,66,69,4544562,Moreirense FC,葡萄牙超级联赛,右,185,77,0,0
Ahmed Saied Okka,比利时,32,CB,65,65,64,32,42,38,64,70,3146224,Lierse SK,比利时甲级联赛,右,185,79,0,0
Pedro Ramirez,瑞士,24,W,65,72,74,58,64,64,25,60,6927974,FC Sion,瑞士超级联赛,右,165,68,0,0
Stefano Lilipaly,荷兰,26,W,65,68,77,58,63,66,48,67,5598685,FC Utrecht,荷兰甲级联赛,右,170,60,1,0
Guy N'Gosso,法国,31,CM,65,65,26,57,60,53,64,75,3617258,Angers SCO,法国甲级联赛,右,185,79,0,0
Steeven Willems,比利时,26,FB,65,67,74,38,56,54,66,65,6214542,Sporting Charleroi,比利时甲级联赛,右,180,75,0,0
Aleksandar Rankovic,荷兰,38,CM,65,68,62,54,64,64,65,65,2378968,ADO Den Haag,荷兰甲级联赛,右,173,78,0,0
Filipe Oliveira,葡萄牙,32,FB,65,75,76,57,64,64,64,68,4661008,SC Braga,葡萄牙超级联赛,右,178,68,0,0
Dennis Rommedahl,荷兰,38,W,65,65,83,67,62,60,27,56,1681510,Ajax,荷兰甲级联赛,右,178,75,0,1
Shane Ferguson,英格兰,25,FB,65,71,75,51,55,72,65,56,13892963,Newcastle United,英格兰超级联赛,左,175,66,0,1
Shkodran Metaj,荷兰,28,CM,65,69,68,61,65,66,63,65,7780393,RKC Waalwijk,荷兰甲级联赛,左,180,72,0,0
Geert Arend Roorda,荷兰,28,CAM,65,67,58,70,65,66,56,58,6579238,Excelsior,荷兰甲级联赛,右,190,86,0,0
Arnor Smarason,荷兰,28,ST,65,66,68,68,66,64,52,76,4507453,SC Heerenveen,荷兰甲级联赛,右,185,78,0,0
Daniel Davari,德国,28,GK,65,65,52,15,24,14,13,58,2533580,Eintracht Braunschweig,德国甲级联赛,右,193,90,1,1
Rayco Garcia,西班牙,29,W,65,65,86,60,60,64,25,57,3936199,Real Zaragoza,西班牙甲级联赛,右,165,64,0,0
Cedric Faure,比利时,37,ST,65,65,28,71,54,58,25,60,5684353,Sporting Charleroi,比利时甲级联赛,右,188,83,0,0
Rafael Amorim,葡萄牙,29,GK,65,65,36,34,39,40,66,63,5371781,FC Paços de Ferreira,葡萄牙超级联赛,左,193,89,0,0
Marcin Kalkowski,波兰,27,CB,65,67,48,40,51,48,65,65,6136786,Górnik Łęczna,波兰甲级联赛,右,185,85,0,0
Michael Clepkens,比利时,30,GK,65,65,38,30,34,26,25,52,7318647,Waasland-Beveren,比利时甲级联赛,右,188,88,0,0
Daan Bovenberg,荷兰,28,CM,65,66,53,49,56,60,68,71,14850497,Excelsior,荷兰甲级联赛,右,183,74,2,3
Donervon Daniels,苏格兰,23,CB,65,73,62,29,42,34,66,70,8153716,Aberdeen,苏格兰超级联赛,右,185,91,0,0
Unai Garcia,西班牙,24,CB,65,72,72,35,55,42,66,74,3330244,Real Madrid CF,西班牙甲级联赛,左,178,68,0,0
Karol Mackiewicz,波兰,24,W,65,71,91,54,57,67,37,59,5071641,Jagiellonia Białystok,波兰甲级联赛,左,178,66,0,0
Peet Bijen,荷兰,21,CB,65,74,55,39,45,42,66,68,6427625,FC Twente,荷兰甲级联赛,左,188,75,0,0
Kamil Kopunek,意大利,32,FB,65,70,64,50,61,62,61,74,3609717,Bari,意大利甲级联赛,右,178,71,0,0
Fred Benson,荷兰,32,ST,65,65,75,63,55,64,32,64,4360252,PEC Zwolle,荷兰甲级联赛,右,175,70,0,0
Hurtado Perez Moises,西班牙,35,CM,65,65,30,50,61,50,64,58,8095681,RCD Espanyol,西班牙甲级联赛,右,185,85,2,0
Wesley de Ruiter,荷兰,30,GK,65,67,46,19,26,20,14,63,2828724,Excelsior,荷兰甲级联赛,右,190,89,0,0
Marko Poletanovic,比利时,23,CM,65,71,53,67,68,66,60,65,4697818,SV Zulte-Waregem,比利时甲级联赛,右,188,72,0,0
Jordan Rolly Botaka,荷兰,23,W,65,73,84,60,52,74,22,69,10164003,Excelsior,荷兰甲级联赛,右,183,73,0,4
Tim Gilissen,荷兰,34,CM,65,65,60,47,66,64,64,70,5914451,NAC Breda,荷兰甲级联赛,左,175,76,0,0
Radoslaw Janukiewicz,波兰,32,GK,65,65,18,16,30,19,13,45,7193996,Pogoń Szczecin,波兰甲级联赛,右,190,89,0,0
Ridge Munsy,瑞士,27,ST,65,67,80,65,46,62,32,71,7582693,FC Thun,瑞士超级联赛,右,185,90,7,0
Marko Maric,波兰,20,GK,65,77,42,18,28,17,18,48,14164301,Lechia Gdańsk,波兰甲级联赛,左,190,89,0,0
Tomasz Lisowski,波兰,31,FB,65,65,77,59,52,60,67,75,3240512,Korona Kielce,波兰甲级联赛,左,180,80,0,0
Arkadiusz Malarz,波兰,36,GK,65,65,24,15,29,13,22,36,6250417,Legia Warszawa,波兰甲级联赛,右,188,86,0,0
Jamie Langfield,苏格兰,37,GK,65,65,32,23,29,25,24,52,4737928,Aberdeen,苏格兰超级联赛,左,193,83,0,0
Russell Anderson,苏格兰,38,CB,65,65,34,40,47,44,66,58,5001602,Aberdeen,苏格兰超级联赛,右,180,68,0,0
Luca Paganini,意大利,23,W,65,73,72,51,67,68,18,54,3996740,Frosinone,意大利甲级联赛,右,178,70,0,0
Veigar Pall Gunnarsson,法国,36,ST,65,65,52,69,64,72,27,65,4452958,AS Nancy-Lorraine,法国甲级联赛,右,175,78,0,0
Janis Ikaunieks,法国,21,CAM,65,74,63,53,74,67,49,58,11285808,FC Metz,法国甲级联赛,左,183,73,0,0
Alexander Hack,德国,23,FB,65,75,71,29,63,58,62,61,6393135,1. FSV Mainz 05,德国甲级联赛,左,193,83,0,0
Dusan Djuric,瑞士,32,CAM,65,65,66,61,66,64,48,67,5668266,FC Zürich,瑞士超级联赛,右,180,76,0,0
Muslu Nalbantoglu,荷兰,33,FB,65,66,66,51,60,58,66,71,5185437,De Graafschap,荷兰甲级联赛,右,175,73,0,0
Freire,葡萄牙,27,CB,65,68,47,36,48,42,66,65,14897401,Vitória Guimarães,葡萄牙超级联赛,右,188,80,0,0
Piotr Malarczyk,波兰,25,CB,65,70,67,30,47,49,65,70,11661206,Korona Kielce,波兰甲级联赛,右,188,74,0,0
Anthony McMahon,英格兰,30,FB,65,65,68,48,58,59,67,73,7626834,Middlesbrough,英格兰超级联赛,右,180,72,0,2
Stein Huysegems,比利时,34,ST,65,65,72,66,57,65,30,75,5833930,KRC Genk,比利时甲级联赛,左,185,76,0,0
Martin Angha,瑞士,22,FB,65,74,72,37,50,65,62,73,4380271,FC St. Gallen,瑞士超级联赛,右,188,79,2,1
Nika Dzalamidze,波兰,24,W,65,70,86,57,59,68,33,63,7102341,Jagiellonia Białystok,波兰甲级联赛,右,173,70,0,0
Anco Jansen,荷兰,27,ST,65,70,65,70,63,68,28,69,14187357,Roda JC Kerkrade,荷兰甲级联赛,右,183,89,0,0
Matthias Lepiller,比利时,28,ST,65,70,66,70,65,69,38,56,8493676,KAS Eupen,比利时甲级联赛,右,185,75,0,0
Danny Ward,苏格兰,23,GK,65,73,43,17,31,21,20,46,6456034,Aberdeen,苏格兰超级联赛,右,190,88,0,0
Carlos Saleiro,葡萄牙,30,ST,65,69,64,65,61,64,30,69,3145640,Sporting CP,葡萄牙超级联赛,右,185,76,0,0
Tim Hoelscher,荷兰,21,CAM,65,72,71,64,67,67,44,63,19416890,FC Twente,荷兰甲级联赛,右,180,70,0,0
Daniel Pavlovic,瑞士,28,FB,65,65,66,44,63,64,64,67,6772755,Grasshopper Club Zürich,瑞士超级联赛,左,183,76,0,0
Luca Di Matteo,意大利,28,FB,65,65,70,57,55,63,63,63,4577573,Lecce,意大利甲级联赛,左,178,70,0,0
Julien Vercauteren,法国,23,W,65,69,72,59,63,70,42,50,4540699,OGC Nice,法国甲级联赛,左,170,66,0,0
Sander Coopman,比利时,21,W,65,75,56,51,67,68,25,44,5335048,Club Brugge KV,比利时甲级联赛,右,183,66,0,0
"Ferreira Delson,28",葡萄牙,36,CM,65,69,69,59,66,58,62,71,7445201,S.C. Olhanense,葡萄牙超级联赛,左,175,70,0,0
Ivan Fatic,意大利,28,FB,65,71,70,54,56,60,63,78,6734178,Genoa,意大利甲级联赛,左,188,83,1,1
Paco van Moorsel,荷兰,27,CAM,65,67,64,63,69,68,44,64,7113481,SC Cambuur,荷兰甲级联赛,右,188,78,0,0
Mohamed El Makrini,荷兰,29,CM,65,65,58,46,69,66,60,68,9792088,SC Cambuur,荷兰甲级联赛,右,183,74,0,0
Wallace,比利时,30,CAM,65,66,72,67,65,66,62,65,3175290,KAA Gent,比利时甲级联赛,左,183,75,0,0
Nikolai Mihaylov,荷兰,28,GK,65,66,59,15,33,16,12,57,5458765,FC Twente,荷兰甲级联赛,右,193,85,0,0
Kane Hemmings,苏格兰,24,ST,65,70,70,66,53,64,20,68,4964776,Dundee FC,苏格兰超级联赛,右,185,78,0,0
Caue,葡萄牙,27,CM,65,74,72,60,63,67,60,75,7063421,S.C. Olhanense,葡萄牙超级联赛,右,185,79,0,0
Jean Paul Yontcha,葡萄牙,33,ST,65,65,72,65,51,60,17,76,4844807,S.C. Olhanense,葡萄牙超级联赛,右,183,78,0,0
Marlon Pereira,荷兰,29,FB,65,65,68,33,59,62,68,70,5400692,Willem II,荷兰甲级联赛,右,178,81,0,1
Dekel Keinan,英格兰,32,FB,65,67,58,47,54,50,64,70,4658767,Blackpool,英格兰超级联赛,右,185,74,0,0
Grzegorz Bonin,波兰,33,CAM,65,65,61,74,65,66,51,67,3783265,Górnik Łęczna,波兰甲级联赛,右,188,78,0,0
Pa Modou Jagne,瑞士,27,FB,65,67,76,53,60,65,62,80,7153466,FC Sion,瑞士超级联赛,左,175,79,0,0
Robert Jones,苏格兰,37,GK,65,65,32,28,44,32,64,63,6454656,Hibernian,苏格兰超级联赛,左,201,77,0,0
Jari Oosterwijk,荷兰,21,ST,65,74,64,69,55,56,23,68,9812109,FC Twente,荷兰甲级联赛,右,193,76,0,0
Farshad Noor,荷兰,22,CM,65,74,74,60,65,66,62,68,12585956,Roda JC Kerkrade,荷兰甲级联赛,右,178,70,0,0
Robert Demjan,波兰,34,ST,65,65,58,67,57,62,27,72,5289924,Podbeskidzie Bielsko-Biała,波兰甲级联赛,右,183,76,0,0
Chris Erskine,苏格兰,29,W,65,65,70,64,62,71,26,60,3613930,Dundee United,苏格兰超级联赛,左,185,76,0,0
Ties Evers,荷兰,25,FB,65,72,66,41,59,60,66,67,5800397,De Graafschap,荷兰甲级联赛,右,180,75,0,0
Jeroen Drost,荷兰,29,CB,65,67,54,43,50,52,64,73,5121509,Vitesse,荷兰甲级联赛,左,183,74,0,0
Stefan Gislason,比利时,36,CM,65,65,50,56,65,56,57,75,3880516,Oud-Heverlee Leuven,比利时甲级联赛,右,196,82,0,0
Bernardo Vasconselos,波兰,37,ST,65,65,50,63,49,63,24,67,5142551,Zawisza Bydgoszcz,波兰甲级联赛,右,188,84,0,0
Heiko Butscher,德国,36,CM,65,65,36,52,58,40,62,64,2504268,SC Freiburg,德国甲级联赛,左,188,88,2,1
Michael Jakobsen,西班牙,30,FB,65,65,64,54,54,52,62,77,5444969,UD Almería,西班牙甲级联赛,左,185,81,0,0
Agustin Vuletich,葡萄牙,25,ST,65,70,54,65,47,64,24,69,7762317,FC Arouca,葡萄牙超级联赛,右,185,79,0,0
Livio Nabab,法国,28,ST,65,65,86,64,57,64,26,66,7696296,SM Caen,法国甲级联赛,右,185,72,4,0
Gary Woods,苏格兰,26,GK,65,68,50,15,26,18,14,58,4489839,Ross County FC,苏格兰超级联赛,右,185,78,0,0
Amaury Bischoff,葡萄牙,29,CAM,65,74,72,59,70,70,42,63,6439199,Académica de Coimbra,葡萄牙超级联赛,右,178,66,0,0
Nick Proschwitz,瑞士,30,ST,65,65,45,66,52,56,18,68,4417649,FC Thun,瑞士超级联赛,右,193,85,0,0
Ivan Stevanovic,法国,33,FB,65,65,74,43,61,66,67,70,5908538,FC Sochaux-Montbéliard,法国甲级联赛,右,183,77,0,0
Vlastimir Jovanovic,波兰,31,FB,65,65,69,58,62,61,65,76,8284180,Korona Kielce,波兰甲级联赛,右,183,77,0,0
Patryk Tuszynski,波兰,27,ST,65,67,70,62,57,66,36,65,3265355,Jagiellonia Białystok,波兰甲级联赛,右,183,77,0,0
Bryan Smeets,荷兰,24,CM,65,70,66,62,65,66,62,78,14284709,De Graafschap,荷兰甲级联赛,右,183,85,0,0
Markus Thorandt,德国,35,FB,65,65,53,46,54,50,64,64,5619239,FC St. Pauli,德国甲级联赛,右,188,85,2,0
Christian Weber,德国,33,FB,65,65,70,59,61,63,65,72,3122009,Hannover 96,德国甲级联赛,右,175,76,0,0
Romano Denneboom,荷兰,35,ST,65,70,75,68,53,68,35,69,2998174,Sparta Rotterdam,荷兰甲级联赛,右,188,90,0,0
Denis Halilovic,荷兰,30,FB,65,70,68,49,52,56,62,76,6201660,Willem II,荷兰甲级联赛,右,188,84,0,0
Olivier Auriac,法国,33,CM,65,65,60,56,70,65,56,75,7409470,Angers SCO,法国甲级联赛,右,173,69,0,0
Arnaud Maire,法国,37,CM,65,65,32,46,47,44,61,62,4694530,AC Ajaccio,法国甲级联赛,右,180,77,0,0
Tristan Lahaye,比利时,33,FB,65,65,64,42,61,54,67,67,3667433,KV Kortrijk,比利时甲级联赛,右,178,68,0,0
Jean-Baptiste Pierazzi,法国,31,FB,65,65,66,51,63,58,62,70,6039370,AC Ajaccio,法国甲级联赛,右,185,74,0,0
Tarmo Kink,苏格兰,31,ST,65,65,68,68,55,64,24,75,4140341,Celtic,苏格兰超级联赛,左,183,74,0,0
Liam Kelly,苏格兰,26,FB,65,67,76,60,66,62,62,80,6113475,Kilmarnock,苏格兰超级联赛,右,188,88,0,0
Christos Donis,瑞士,22,CM,65,75,70,63,66,68,60,71,6707438,FC Luzern,瑞士超级联赛,右,183,75,0,0
Goran Galesic,比利时,27,W,65,69,74,62,60,66,33,61,1866586,Beerschot AC,比利时甲级联赛,左,175,71,0,0
Filip Markovic,比利时,24,W,65,69,75,58,64,66,48,57,4221934,Royal Excel Mouscron,比利时甲级联赛,右,180,77,0,0
Sander Keller,荷兰,37,FB,65,70,64,45,47,54,61,72,3219872,FC Utrecht,荷兰甲级联赛,右,183,84,0,0
Jonathan Tinhan,法国,27,W,65,73,90,53,54,65,39,58,3366963,Montpellier Hérault SC,法国甲级联赛,右,178,69,1,0
Isaiah Osbourne,苏格兰,29,FB,65,65,70,56,63,59,64,69,10129897,Hibernian,苏格兰超级联赛,右,188,79,0,0
Nurio,葡萄牙,21,FB,65,74,70,40,51,64,64,67,8142086,SC Braga,葡萄牙超级联赛,左,178,76,0,0
Miguel Vieira,葡萄牙,26,CB,65,68,58,32,35,40,67,69,6485131,FC Paços de Ferreira,葡萄牙超级联赛,右,190,80,0,0
Stefan Kutschke,德国,28,ST,65,66,58,68,41,56,28,66,7142162,SC Paderborn 07,德国甲级联赛,右,193,89,1,0
Luis Alfonso Henriquez,波兰,35,FB,65,65,74,61,59,60,66,79,8936227,Lech Poznań,波兰甲级联赛,左,175,69,0,0
Pawel Dawidowicz,波兰,21,FB,65,73,66,43,67,58,62,69,8763437,Lechia Gdańsk,波兰甲级联赛,右,188,76,0,0
Bruno Nazario,波兰,21,W,65,74,68,57,65,70,18,58,3296190,Lechia Gdańsk,波兰甲级联赛,左,178,70,0,0
Alan Tate,苏格兰,34,CM,65,65,32,46,53,54,63,73,2492255,Aberdeen,苏格兰超级联赛,右,185,85,0,0
Zie Diabate,法国,27,FB,65,66,70,46,52,58,65,74,4605023,Dijon FCO,法国甲级联赛,左,178,65,0,0
Sam Nicholson,苏格兰,21,W,65,73,88,56,56,71,30,58,7416135,Heart of Midlothian,苏格兰超级联赛,右,175,71,0,0
Juanma,西班牙,35,CAM,65,65,72,57,65,63,48,56,7477543,Real Betis Balompié,西班牙甲级联赛,右,175,72,2,2
Clesio Bauque,葡萄牙,22,FB,65,73,77,60,49,69,65,65,3569520,Tondela,葡萄牙超级联赛,右,175,67,0,0
Paul Quinn,苏格兰,31,FB,65,65,59,35,60,59,64,66,5672014,Ross County FC,苏格兰超级联赛,右,185,72,0,0
Robert Zwinkels,荷兰,33,GK,65,65,45,19,28,21,13,59,9097394,ADO Den Haag,荷兰甲级联赛,右,185,82,0,0
Hans Mulder,荷兰,29,CM,65,66,65,60,64,62,63,73,6500682,RKC Waalwijk,荷兰甲级联赛,右,180,76,0,0
Arnaud Souquet,法国,24,FB,65,71,68,46,66,63,62,65,6177303,LOSC Lille,法国甲级联赛,左,178,68,0,0
Giuseppe De Feudis,意大利,33,FB,65,65,66,53,65,62,68,70,3522430,Cesena,意大利甲级联赛,左,170,69,0,0
Filippo Antonelli,意大利,38,W,65,70,70,55,60,66,43,61,6238443,Roma,意大利甲级联赛,右,173,71,0,0
Ricky Kruys,荷兰,31,CM,65,65,47,60,67,64,62,64,6672847,Excelsior,荷兰甲级联赛,右,178,72,0,1
Fabrizio Grillo,意大利,29,FB,65,65,68,47,51,62,66,69,4253111,Napoli,意大利甲级联赛,右,178,74,1,0
Piotr Wisniewski,波兰,34,ST,65,65,70,62,63,66,36,67,7569933,Lechia Gdańsk,波兰甲级联赛,右,178,74,0,0
Aleksandar Todorovski,波兰,32,FB,65,65,72,45,54,60,65,74,8784347,P. Warszawa,波兰甲级联赛,右,180,73,0,0
Emilijus Zubas,波兰,26,GK,65,68,36,18,29,19,19,50,4391833,Podbeskidzie Bielsko-Biała,波兰甲级联赛,右,196,80,0,0
Julien Toudic,法国,31,ST,65,65,74,66,55,64,26,66,4575513,SM Caen,法国甲级联赛,右,173,68,0,0
Alim Oezturk,苏格兰,24,FB,65,73,66,55,54,52,63,75,4907382,Heart of Midlothian,苏格兰超级联赛,右,190,80,0,0
Txomin Nagore,西班牙,42,CM,65,65,32,57,66,51,60,62,4729317,CD Numancia,西班牙甲级联赛,右,183,79,1,0
Stanley Aborah,荷兰,29,FB,65,65,69,57,61,60,65,76,3909895,Vitesse,荷兰甲级联赛,右,170,67,0,0
Clemens Walch,德国,29,W,65,65,80,63,62,74,28,66,12335849,1. FC Kaiserslautern,德国甲级联赛,右,180,77,0,0
Robin Henkens,比利时,28,CAM,65,66,66,65,65,66,57,63,10769259,KV Mechelen,比利时甲级联赛,右,175,73,0,0
Lionel Scaloni,西班牙,38,CM,65,65,45,60,58,64,68,58,2648216,RCD Mallorca,西班牙甲级联赛,右,183,80,1,0
Erik Nevland,英格兰,39,ST,65,65,74,68,60,70,36,68,11499896,Fulham,英格兰超级联赛,右,178,70,7,6
Martin Woods,苏格兰,30,CAM,65,65,75,62,66,66,53,74,8323657,Ross County FC,苏格兰超级联赛,左,185,78,0,0
Kamil Drygas,波兰,25,CM,65,68,73,65,65,62,63,73,8544190,Zawisza Bydgoszcz,波兰甲级联赛,左,183,72,0,0
Tiago Mesquita,葡萄牙,26,FB,65,68,70,46,32,66,74,76,4962874,Boavista FC,葡萄牙超级联赛,右,180,74,0,0
Amin Affane,荷兰,22,W,65,72,78,66,60,71,32,52,7896601,Roda JC Kerkrade,荷兰甲级联赛,左,175,74,0,0
Luis Rocha,葡萄牙,23,CAM,65,70,73,63,67,70,62,66,6997049,Vitória Guimarães,葡萄牙超级联赛,左,178,71,0,0
Alexandre Raineau,法国,30,FB,65,65,62,49,59,62,66,69,9072223,SM Caen,法国甲级联赛,左,178,71,0,0
Dennis Gentenaar,荷兰,41,GK,65,65,39,25,28,28,25,58,3041944,VVV-Venlo,荷兰甲级联赛,右,180,78,0,0
Deniz Dogan,德国,37,CB,65,65,48,51,50,42,66,63,5231391,Eintracht Braunschweig,德国甲级联赛,左,183,79,0,0
Jules Reimerink,荷兰,27,W,65,68,74,53,56,69,23,64,5997278,Go Ahead Eagles,荷兰甲级联赛,右,185,79,2,1
Tyler Boyd,葡萄牙,22,W,65,69,88,56,50,66,14,66,5836879,Vitória Guimarães,葡萄牙超级联赛,右,170,73,0,0
Paolo Castellini,意大利,37,FB,65,65,60,45,54,58,67,68,4053888,Parma,意大利甲级联赛,左,183,78,1,0
Anthony Lippini,法国,28,CB,65,65,66,43,54,52,68,80,9247552,AC Ajaccio,法国甲级联赛,右,175,68,1,0
David Raven,苏格兰,31,FB,65,65,69,33,53,62,64,80,4334484,Inverness Caledonian Thistle,苏格兰超级联赛,右,183,73,0,0
Richard Brittain,苏格兰,33,CAM,65,65,60,69,67,65,61,61,2716967,Ross County FC,苏格兰超级联赛,右,180,77,0,0
Felipe Saad,法国,33,FB,65,65,59,55,43,48,62,70,2386392,AC Ajaccio,法国甲级联赛,左,188,83,0,0
Samuel Gigot,比利时,23,CB,65,71,60,30,55,57,66,69,7570982,KV Kortrijk,比利时甲级联赛,右,188,83,0,0
Abdoulaye Meite,英格兰,36,CB,65,65,40,36,47,40,62,68,6259842,West Bromwich Albion,英格兰超级联赛,右,185,82,2,0
Virgile Reset,瑞士,31,W,65,68,86,43,58,64,36,54,3630813,FC Sion,瑞士超级联赛,右,175,65,0,0
Geoffrey Dernis,法国,36,CAM,65,65,58,68,68,66,50,53,2947611,Montpellier Hérault SC,法国甲级联赛,左,170,65,5,0
Rodnei,德国,31,CM,65,65,35,55,56,56,60,58,5929916,1. FC Kaiserslautern,德国甲级联赛,左,190,90,3,0
Bruno Cirillo,意大利,39,CM,65,65,50,49,53,46,63,60,6131131,Reggio Calabria,意大利甲级联赛,右,188,77,0,0
Graham Carey,苏格兰,27,CAM,65,66,74,67,64,64,56,67,4571836,St. Mirren,苏格兰超级联赛,左,183,74,0,0
Fernando Varela,西班牙,37,CAM,65,65,68,67,61,68,56,62,13149428,RCD Mallorca,西班牙甲级联赛,右,180,78,2,0
Revson,葡萄牙,29,CM,65,72,68,64,63,62,70,71,3964014,CD Nacional,葡萄牙超级联赛,左,185,76,0,0
Tomasz Podgorski,波兰,31,W,65,65,76,60,63,64,42,54,6012014,Piast Gliwice,波兰甲级联赛,右,175,70,0,0
Eoin Doyle,苏格兰,28,ST,65,65,74,65,57,65,17,73,5772040,Hibernian,苏格兰超级联赛,右,183,73,0,0
Andrea Tabanelli,意大利,26,CAM,65,68,58,60,68,68,48,55,4153039,Cagliari,意大利甲级联赛,右,193,78,0,0
Ugo Ukah,波兰,32,CB,65,66,78,32,39,33,64,85,4439698,Jagiellonia Białystok,波兰甲级联赛,右,185,85,0,0
Kim Ojo,比利时,28,ST,65,65,70,65,51,54,27,77,4593873,Oud-Heverlee Leuven,比利时甲级联赛,右,193,82,0,0
Martin Hardie,苏格兰,40,CM,65,65,51,67,66,65,50,76,4480079,Dunfermline Athletic,苏格兰超级联赛,右,183,70,0,0
Leon De Kogel,荷兰,25,ST,65,71,65,69,51,59,49,64,7536499,FC Utrecht,荷兰甲级联赛,右,193,88,0,0
Riccardo Colombo,意大利,34,FB,65,65,76,55,55,60,60,78,5353494,Torino,意大利甲级联赛,右,183,78,1,0
Mourad Satli,比利时,26,FB,65,66,62,42,57,60,66,70,3548454,Sporting Charleroi,比利时甲级联赛,右,188,78,0,0
Fouad Idabdelhay,荷兰,28,W,65,71,75,61,60,73,32,63,3419646,RKC Waalwijk,荷兰甲级联赛,右,180,69,0,0
Luis Prieto,西班牙,37,FB,65,76,54,50,56,48,64,67,5349782,Real Valladolid,西班牙甲级联赛,右,180,75,4,0
Arthuro,葡萄牙,34,ST,65,65,36,67,43,61,24,57,5219638,Estoril Praia,葡萄牙超级联赛,左,190,88,0,0
Alex Bruno,波兰,23,W,65,69,74,62,61,70,40,61,6159001,Widzew Łódź,波兰甲级联赛,右,170,61,0,0
Jeroen Tesselaar,苏格兰,27,FB,65,66,72,18,56,64,64,64,6047897,St. Mirren,苏格兰超级联赛,左,183,74,0,0
Bradley Orr,英格兰,34,FB,65,65,61,47,56,63,65,72,3649250,Blackburn Rovers,英格兰超级联赛,右,183,75,0,2
Riccardo Fiamozzi,意大利,23,FB,65,72,82,46,50,58,62,80,3007545,Genoa,意大利甲级联赛,右,175,76,0,0
Andrea Gasbarroni,意大利,35,CAM,65,75,71,61,65,70,47,61,3940990,Genoa,意大利甲级联赛,右,175,68,0,0
Rob Friend,德国,35,ST,65,65,48,63,53,57,28,66,7135942,Borussia Mönchengladbach,德国甲级联赛,右,196,94,10,0
Gunther Vanaudenaerde,比利时,32,FB,65,65,64,37,55,49,65,59,8866022,KVC Westerlo,比利时甲级联赛,右,178,76,0,0
Sandy Paillot,法国,29,CB,65,74,60,26,50,40,65,71,8400095,Grenoble Foot 38,法国甲级联赛,右,190,83,0,0
Jerry Vandam,法国,28,FB,65,66,68,40,57,62,65,69,4922809,SM Caen,法国甲级联赛,右,185,77,1,0
Bartosz Szeliga,波兰,23,W,65,70,84,63,57,64,56,68,5184155,Piast Gliwice,波兰甲级联赛,右,183,79,0,0
Igor Berezovsky,比利时,26,GK,65,68,27,25,27,23,25,58,3665483,Lierse SK,比利时甲级联赛,右,193,87,0,0
Rai Vloet,荷兰,21,ST,65,75,64,67,65,64,31,67,14423190,SC Cambuur,荷兰甲级联赛,右,188,76,0,0
Michal Helik,波兰,21,FB,65,71,60,46,52,49,64,73,4147364,Ruch Chorzów,波兰甲级联赛,右,190,77,0,0
Kenny Thompson,比利时,31,FB,65,65,72,60,55,42,63,77,2301171,KAA Gent,比利时甲级联赛,左,183,73,0,0
Marvin Sordell,英格兰,25,ST,65,68,86,64,57,65,31,74,7893459,Burnley,英格兰超级联赛,右,178,81,0,0
Nicola Ravaglia,意大利,28,GK,65,70,30,20,15,18,12,34,12259654,Cesena,意大利甲级联赛,右,185,85,0,0
Genero Zeefuik,荷兰,26,ST,65,67,40,67,56,68,28,49,5253447,FC Groningen,荷兰甲级联赛,右,180,92,0,0
Freek Heerkens,荷兰,27,CB,65,67,66,27,56,47,70,68,6913359,Willem II,荷兰甲级联赛,右,183,76,1,1
Maxime Annys,比利时,30,CM,65,65,54,51,65,53,63,73,6965217,KVC Westerlo,比利时甲级联赛,左,185,81,0,0
Marnix Kolder,荷兰,35,ST,65,65,42,69,63,64,32,76,4633529,Go Ahead Eagles,荷兰甲级联赛,左,190,85,1,0
Zlatko Janjic,德国,30,ST,65,65,66,67,63,68,26,66,4702100,DSC Arminia Bielefeld,德国甲级联赛,右,188,83,1,0
Ellery Cairo,荷兰,38,ST,65,73,78,60,47,68,31,65,5157291,NAC Breda,荷兰甲级联赛,右,178,70,0,0
Nassim Akrour,法国,42,ST,65,65,34,71,55,66,28,66,6829765,Grenoble Foot 38,法国甲级联赛,右,180,72,0,0
Marc-Andre Kruska,比利时,29,CM,65,65,60,58,65,67,63,69,9435749,Club Brugge KV,比利时甲级联赛,右,178,75,0,0
Aaron Wilbraham,英格兰,37,ST,65,65,52,61,58,57,22,68,5288777,Tottenham Hotspur,英格兰超级联赛,右,190,72,1,2
Lukasz Janoszka,波兰,29,ST,65,65,64,58,65,65,41,84,11829373,Ruch Chorzów,波兰甲级联赛,右,180,77,0,0
Bartlomiej Babiarz,波兰,27,FB,65,66,78,57,65,65,63,62,8581153,Ruch Chorzów,波兰甲级联赛,右,168,61,0,0
Jakub Tosik,波兰,29,FB,65,65,74,49,57,56,65,70,3437810,P. Warszawa,波兰甲级联赛,右,183,74,0,0
Geert De Vlieger,比利时,45,GK,65,74,48,22,41,30,17,57,3091555,Club Brugge KV,比利时甲级联赛,右,185,81,0,0
Tibor Tisza,比利时,32,ST,65,67,66,70,66,65,26,62,6315033,Sint-Truidense VV,比利时甲级联赛,右,175,70,0,0
Hrvoje Cale,比利时,31,CM,65,65,56,50,60,59,66,65,4081815,Waasland-Beveren,比利时甲级联赛,左,183,77,0,0
Xavier Pentecote,法国,30,ST,65,65,58,67,59,64,25,55,7084901,OGC Nice,法国甲级联赛,右,183,82,2,0
Tiago Terroso,葡萄牙,28,CM,65,67,58,59,68,68,53,72,4486743,S.C. Olhanense,葡萄牙超级联赛,左,178,78,0,0
Clebao,葡萄牙,33,CB,65,70,53,39,46,42,65,70,3898664,CD Nacional,葡萄牙超级联赛,右,185,86,0,0
David Wotherspoon,苏格兰,25,FB,65,67,78,59,63,69,58,69,5474979,Hibernian,苏格兰超级联赛,右,180,76,0,0
Marti Riverola,荷兰,25,W,65,72,71,61,67,65,30,56,3319768,Vitesse,荷兰甲级联赛,右,178,72,0,0
Goncalo Silva,葡萄牙,25,CB,65,69,63,35,42,40,68,69,5777507,CF Os Belenenses,葡萄牙超级联赛,右,185,75,0,0
Sergiy Serebrennikov,比利时,40,CM,65,71,54,60,70,63,56,65,4409616,KSV Cercle Brugge,比利时甲级联赛,右,185,87,0,0
Pires,葡萄牙,35,ST,65,70,74,65,51,54,21,60,5240258,Portimonense,葡萄牙超级联赛,右,175,73,0,0
Matos,葡萄牙,37,GK,65,66,35,12,24,14,13,63,6702493,Vitória Setúbal,葡萄牙超级联赛,右,190,91,0,0
Rodrigo Antonio,葡萄牙,29,FB,65,65,68,48,59,56,66,71,2482637,FC Paços de Ferreira,葡萄牙超级联赛,右,178,76,0,0
Jean-Sony Alcenat,葡萄牙,30,FB,65,69,76,55,63,64,61,69,5770876,Rio Ave FC,葡萄牙超级联赛,右,175,73,0,0
Johan Liebus,法国,38,GK,65,65,40,19,32,12,16,52,3907587,Stade de Reims,法国甲级联赛,右,185,84,0,0
Amidio Balde,葡萄牙,25,ST,65,68,56,63,50,64,25,70,5927035,Vitória Guimarães,葡萄牙超级联赛,右,193,93,0,0
Daniel Chavez,比利时,28,W,65,66,70,62,61,73,40,60,6322507,KVC Westerlo,比利时甲级联赛,右,175,69,0,0
Maeel Lepicier,比利时,30,FB,65,65,62,46,61,50,64,69,5099399,RAEC Mons,比利时甲级联赛,左,185,83,0,0
Rogier Molhoek,荷兰,35,CM,65,65,52,59,67,68,57,67,5829628,Vitesse,荷兰甲级联赛,左,185,82,0,0
Tim Vincken,荷兰,30,W,65,68,76,58,60,67,28,58,3544128,Excelsior,荷兰甲级联赛,右,175,65,0,0
Eloge Enza-Yamissi,法国,33,CM,65,65,68,53,62,70,64,79,4611076,Valenciennes FC,法国甲级联赛,左,175,70,2,0
Julio Coelho,葡萄牙,32,GK,65,65,32,25,25,24,26,55,6597082,FC Penafiel,葡萄牙超级联赛,右,178,73,0,0
Melvin Platje,荷兰,28,ST,65,66,67,66,53,64,34,73,5220461,N.E.C.,荷兰甲级联赛,右,178,79,0,0
Andre Marques,葡萄牙,29,CM,65,65,58,60,61,63,68,76,8291899,SC Beira Mar,葡萄牙超级联赛,左,185,76,0,0
Pedro Ribeiro,葡萄牙,33,CB,65,65,64,33,48,46,66,72,3972932,FC Penafiel,葡萄牙超级联赛,右,185,80,0,0
Jonny Rowell,比利时,27,CM,65,67,62,63,68,66,59,66,9473882,Waasland-Beveren,比利时甲级联赛,右,178,78,0,0
Olivier Davidas,法国,35,FB,65,65,71,50,67,62,57,63,4202406,Le Havre AC,法国甲级联赛,左,180,73,0,0
Bura,葡萄牙,28,CB,65,70,33,40,49,41,64,57,2404379,SC Beira Mar,葡萄牙超级联赛,右,193,85,0,0
Viktor Boudianski,意大利,32,FB,65,70,74,59,64,64,62,70,4147726,Lecce,意大利甲级联赛,右,175,69,0,0
Muhamed Keita,波兰,26,ST,65,69,84,66,56,64,29,66,3160889,Lech Poznań,波兰甲级联赛,右,170,71,0,0
Andy Kawaya,荷兰,20,ST,65,77,80,62,58,69,43,75,8167508,PEC Zwolle,荷兰甲级联赛,左,173,82,0,0
Patryk Lipski,波兰,22,W,65,74,67,61,68,66,32,59,8101251,Ruch Chorzów,波兰甲级联赛,右,185,74,0,0
Karim Guede,德国,31,CM,65,65,59,66,58,58,56,75,3985596,SC Freiburg,德国甲级联赛,右,183,85,6,0
Jefferson,比利时,28,ST,65,65,68,62,47,66,15,77,8445318,KAS Eupen,比利时甲级联赛,右,188,77,0,0
Ludovic Magnin,瑞士,37,CM,65,65,61,58,61,58,62,64,4557165,FC Zürich,瑞士超级联赛,左,185,80,0,0
Nicola Madonna,意大利,30,FB,65,65,70,58,53,62,67,55,6495427,Atalanta,意大利甲级联赛,右,183,72,0,0
Civard Sprockel,荷兰,33,FB,65,65,65,34,54,52,65,67,4023758,Vitesse,荷兰甲级联赛,右,180,75,0,0
Sebastian Neumann,德国,25,CB,65,72,58,33,42,44,65,64,7643489,Hertha BSC Berlin,德国甲级联赛,左,188,79,0,0
Ustaritz,西班牙,33,FB,65,65,70,36,49,44,64,63,5686016,Athletic Club de Bilbao,西班牙甲级联赛,右,180,75,1,0
Matteo Ferrari,意大利,37,CM,65,65,40,45,61,51,63,59,2994798,Genoa,意大利甲级联赛,右,188,84,0,0
Marino Defendi,意大利,31,FB,65,65,78,59,65,64,57,74,4456617,Atalanta,意大利甲级联赛,右,175,73,0,0
Gianluca Frontino,瑞士,27,CAM,65,67,65,62,64,66,41,58,2770918,FC Thun,瑞士超级联赛,右,175,73,0,0
Mats Seuntjes,荷兰,24,CM,65,68,66,63,64,68,58,70,6127776,NAC Breda,荷兰甲级联赛,右,183,81,2,1
Patrick Rakovsky,德国,23,GK,65,70,51,14,30,16,18,55,5960488,1. FC Nürnberg,德国甲级联赛,左,188,80,0,0
Jan-Philipp Kalla,德国,30,FB,65,65,68,48,56,57,67,70,7425939,FC St. Pauli,德国甲级联赛,右,180,74,0,0
Tayfun Pektuerk,德国,28,W,65,70,76,54,61,67,40,65,14511807,SpVgg Greuther Fürth,德国甲级联赛,左,175,75,0,0
Stojan Vranjes,波兰,30,CM,65,65,70,60,72,64,61,63,5556775,Lechia Gdańsk,波兰甲级联赛,左,183,75,0,0
Raphael Lecomte,比利时,28,W,65,65,72,61,65,64,20,60,9686244,KVC Westerlo,比利时甲级联赛,右,178,77,0,0
Dzengis Cavusevic,瑞士,29,ST,65,65,64,65,60,57,40,70,5642065,FC St. Gallen,瑞士超级联赛,右,188,82,0,0
Ludovic,葡萄牙,26,W,65,72,80,63,56,64,25,53,7906914,Feirense,葡萄牙超级联赛,右,170,62,0,0
Nuno Santos,葡萄牙,36,CM,65,65,62,59,59,67,68,67,7154538,FC Paços de Ferreira,葡萄牙超级联赛,左,180,75,0,0
Stanley Elbers,荷兰,24,W,65,71,74,63,58,68,27,59,4308922,Excelsior,荷兰甲级联赛,左,173,68,0,0
Paulo Gazzaniga,英格兰,24,GK,65,71,59,22,41,20,18,62,5093020,Southampton,英格兰超级联赛,右,196,90,0,0
Kenny van Hoevelen,比利时,33,FB,65,65,63,38,56,52,67,59,2982771,KV Mechelen,比利时甲级联赛,右,183,80,0,0
Birger Maertens,荷兰,36,GK,65,65,31,37,53,46,65,67,4531289,Heracles Almelo,荷兰甲级联赛,右,183,89,0,0
Nicolas Farina,法国,30,W,65,66,82,62,61,66,24,52,5091663,Évian Thonon Gaillard FC,法国甲级联赛,右,168,68,0,0
Maxime Brillault,比利时,33,CB,65,65,46,38,50,42,66,67,3682302,Sporting Charleroi,比利时甲级联赛,右,188,79,0,0
Jamel Ait Ben Idir,法国,32,CM,65,65,53,49,67,61,63,74,4324919,Le Havre AC,法国甲级联赛,右,173,75,0,0
Aislan,瑞士,28,CB,65,65,66,32,41,48,64,66,6901182,FC Sion,瑞士超级联赛,右,193,90,0,0
Deni Milosevic,比利时,21,ST,65,73,64,68,65,68,32,58,10619021,Waasland-Beveren,比利时甲级联赛,右,183,73,0,0
Berry Powel,荷兰,36,ST,65,65,44,65,49,56,31,67,8065674,ADO Den Haag,荷兰甲级联赛,右,188,87,0,0
Antonio Donnarumma,意大利,26,GK,65,69,18,15,18,21,13,49,6618704,Bologna,意大利甲级联赛,右,193,96,0,0
Kasper Larsen,荷兰,23,FB,65,72,74,34,46,47,66,70,5594044,FC Groningen,荷兰甲级联赛,右,190,80,0,0
Jon Echaide,西班牙,28,FB,65,69,63,43,45,46,62,70,5654752,CA Osasuna,西班牙甲级联赛,左,178,78,0,0
Mickael Isabey,法国,41,W,65,76,74,60,69,71,30,64,3669062,FC Sochaux-Montbéliard,法国甲级联赛,右,170,64,0,0
Frederic Piquionne,英格兰,38,ST,65,65,60,68,60,68,31,65,4573421,West Ham United,英格兰超级联赛,右,188,84,11,7
Wilson Palacios,英格兰,32,CM,65,65,60,60,67,68,67,61,5077240,Tottenham Hotspur,英格兰超级联赛,右,178,71,1,2
Loic Loval-Landre,荷兰,35,ST,65,65,78,58,61,61,36,71,2364776,FC Utrecht,荷兰甲级联赛,右,175,65,0,0
Marcos Aguirre,西班牙,32,ST,65,65,74,64,64,66,27,66,4727636,Real Valladolid,西班牙甲级联赛,右,170,68,0,0
John McGinn,苏格兰,22,CAM,65,76,70,65,65,70,60,66,6435408,St. Mirren,苏格兰超级联赛,左,175,68,0,0
Bruno Verissimo,葡萄牙,40,GK,65,65,22,7,15,10,14,48,8910126,S.C. Olhanense,葡萄牙超级联赛,右,173,80,0,0
Wesley Sonck,比利时,38,ST,65,65,57,63,61,65,20,61,7462005,Lierse SK,比利时甲级联赛,右,175,76,0,0
Bernd Thijs,比利时,38,CM,65,65,30,66,68,53,64,57,2548194,KAA Gent,比利时甲级联赛,右,185,81,0,0
Peer Kluge,德国,36,CM,65,65,58,52,63,62,64,62,4437619,FC Schalke 04,德国甲级联赛,右,178,69,3,0
Adam Hammill,英格兰,28,W,65,65,75,66,59,68,46,56,3419087,Wolverhampton Wanderers,英格兰超级联赛,右,178,74,0,2
Niels De Schutter,比利时,28,CB,65,66,62,29,59,58,66,72,5165446,KV Oostende,比利时甲级联赛,右,180,81,0,0
Adrian Cristea,比利时,33,CAM,65,65,64,65,63,67,45,54,7326746,Standard de Liège,比利时甲级联赛,右,178,73,0,0
Jean Barrientos,葡萄牙,26,W,65,67,76,64,63,67,43,54,9029720,Vitória Guimarães,葡萄牙超级联赛,右,175,73,0,0
Edu Ramos,西班牙,24,CM,65,69,66,54,74,62,53,64,9841217,Real Madrid CF,西班牙甲级联赛,右,178,67,0,0
Nigel Reo-Coker,英格兰,32,CM,65,65,68,58,60,65,64,68,4442642,Aston Villa,英格兰超级联赛,右,175,76,4,0
Hayden Mullins,英格兰,37,CM,65,65,53,50,64,61,65,71,4301550,Portsmouth,英格兰超级联赛,右,183,75,1,0
Erik Cikos,波兰,28,FB,65,67,70,47,62,58,64,60,4289309,Wisła Kraków,波兰甲级联赛,右,180,77,0,0
Kamel Ghilas,法国,32,ST,65,65,70,64,59,67,31,62,5350481,AC Arles-Avignon,法国甲级联赛,右,178,71,3,1
Serginho,葡萄牙,34,GK,65,67,22,22,30,24,12,59,9668231,Vitória Guimarães,葡萄牙超级联赛,右,190,83,0,0
Roman Gergel,波兰,28,W,65,65,80,62,60,63,52,65,5534769,Polonia Bytom,波兰甲级联赛,右,180,77,0,0
Dariusz Dudka,法国,33,CM,65,65,60,58,63,60,66,69,6036815,AJ Auxerre,法国甲级联赛,右,183,84,5,0
Radoslaw Sobolewski,波兰,40,CM,65,65,31,60,66,50,66,50,6727811,Wisła Kraków,波兰甲级联赛,右,183,79,0,0
Haminu Dramani,葡萄牙,30,W,65,70,80,57,59,66,38,68,11630667,Gil Vicente FC,葡萄牙超级联赛,右,173,70,0,0
Pablo Martin Ledesma,意大利,32,CM,65,65,57,55,66,66,62,65,3930644,Catania,意大利甲级联赛,右,178,79,4,1
Vitor Bruno,葡萄牙,26,FB,65,70,86,61,62,64,65,63,8632799,FC Penafiel,葡萄牙超级联赛,左,170,69,0,0
Mohamadou Sissoko,苏格兰,28,CB,65,70,46,30,53,52,64,65,5755044,Kilmarnock,苏格兰超级联赛,左,190,79,0,0
Florian Heller,德国,34,CM,65,65,68,64,61,66,61,70,4366770,1. FSV Mainz 05,德国甲级联赛,右,178,77,1,1
Ludovic Sylvestre,英格兰,32,CAM,65,65,62,63,65,68,53,66,3033924,Blackpool,英格兰超级联赛,右,183,76,0,1
Dorde Cotra,波兰,32,FB,65,65,70,53,46,47,69,74,5170396,Zagłębie Lubin,波兰甲级联赛,左,183,81,0,0
Niek Vossebelt,荷兰,25,CM,65,70,62,58,65,62,59,71,5550769,Willem II,荷兰甲级联赛,右,183,84,0,0
Haris Vuckic,英格兰,24,ST,65,70,67,69,65,68,31,61,5410426,Newcastle United,英格兰超级联赛,左,185,83,0,0
Ivan Lendric,比利时,25,ST,65,69,65,65,47,62,22,64,4057707,SV Zulte-Waregem,比利时甲级联赛,右,183,72,0,0
Issa Baradji,法国,21,ST,65,70,70,67,42,62,23,77,4534813,Olympique de Marseille,法国甲级联赛,右,185,80,3,0
Pawel Zielinski,波兰,26,FB,65,68,74,32,59,61,66,70,4398886,Śląsk Wrocław,波兰甲级联赛,右,178,79,0,0
Wouter Vrancken,比利时,37,CM,65,67,58,63,69,54,65,71,6688916,KV Mechelen,比利时甲级联赛,右,185,80,0,0
Stiven Rivic,德国,31,W,65,65,74,62,63,68,29,57,5178328,FC Energie Cottbus,德国甲级联赛,右,180,80,3,0
Mohamed Sarr,比利时,33,CB,65,67,66,33,44,37,65,67,4974780,Standard de Liège,比利时甲级联赛,右,185,84,0,0
Kris Doolan,苏格兰,30,ST,65,65,72,63,46,66,18,72,3440621,Partick Thistle F.C.,苏格兰超级联赛,左,178,71,0,0
Glen Little,英格兰,41,CAM,65,67,66,61,65,72,48,65,6188805,Portsmouth,英格兰超级联赛,右,190,83,0,0
Michael Tonge,英格兰,33,CAM,65,65,48,67,68,65,51,62,7117789,Portsmouth,英格兰超级联赛,右,183,74,0,0
Michael Doughty,苏格兰,24,CM,65,72,66,54,69,66,56,71,10337130,St. Johnstone FC,苏格兰超级联赛,左,185,81,0,0
Stephen Craigan,苏格兰,40,CB,65,65,33,34,47,50,64,69,4476954,Motherwell,苏格兰超级联赛,右,183,80,0,0
Hans Cornelis,比利时,34,CM,65,65,52,60,64,62,66,64,3485855,KSV Cercle Brugge,比利时甲级联赛,右,185,70,0,0
David James,英格兰,45,GK,65,65,46,16,28,18,16,67,7732638,Portsmouth,英格兰超级联赛,右,193,95,0,0
Robert Kiernan,苏格兰,25,FB,65,71,66,31,59,51,64,72,5934560,Kilmarnock,苏格兰超级联赛,右,185,77,0,0
Jamie Smith,苏格兰,36,CAM,65,65,58,62,69,64,40,52,4844398,Aberdeen,苏格兰超级联赛,右,173,74,0,0
Greg Stewart,苏格兰,26,W,65,67,74,65,65,68,16,59,6579171,Dundee FC,苏格兰超级联赛,左,178,73,0,0
Dominique Malonga,意大利,27,ST,65,65,66,66,53,62,33,67,5566792,Cesena,意大利甲级联赛,右,185,80,2,1
Wim De Decker,比利时,34,CM,65,65,43,56,61,56,65,69,6307589,Beerschot AC,比利时甲级联赛,右,185,80,0,0
Joel Mall,瑞士,25,GK,65,69,44,13,25,10,13,50,10196536,FC Aarau,瑞士超级联赛,右,193,83,0,0
Angel Cervara,西班牙,30,CM,65,65,65,54,70,67,59,60,4572918,RCD Espanyol,西班牙甲级联赛,右,175,74,0,0
Florian Fromlowitz,德国,30,GK,65,68,48,24,28,30,24,60,3277048,Hannover 96,德国甲级联赛,右,185,83,1,0
Juan Carlos Menseguez,英格兰,32,W,65,65,76,62,67,70,25,58,1541660,West Bromwich Albion,英格兰超级联赛,右,175,68,1,0
Aaron Doran,苏格兰,25,W,65,67,76,59,65,66,31,67,9555218,Inverness Caledonian Thistle,苏格兰超级联赛,右,170,74,0,0
Leandro Rinaudo,意大利,33,CB,65,65,52,40,46,46,64,65,5867853,Napoli,意大利甲级联赛,右,185,78,3,0
Davide Moro,意大利,34,CM,65,65,67,56,69,63,60,69,4320646,Livorno,意大利甲级联赛,右,175,69,0,0
Gavin Gunning,苏格兰,25,FB,65,68,74,55,51,55,61,75,5301745,Dundee United,苏格兰超级联赛,左,188,80,0,0
Guillermo Giacomazzi,意大利,39,CM,65,65,34,51,61,63,62,54,9361756,Lecce,意大利甲级联赛,右,185,82,9,0
Deme N'Diaye,法国,31,ST,65,65,78,60,61,64,26,69,5122031,AC Arles-Avignon,法国甲级联赛,左,185,81,2,0
Pietro Terracciano,意大利,26,GK,65,66,41,13,30,18,16,48,12440745,Catania,意大利甲级联赛,右,193,78,0,0
Matias Vitkieviez,瑞士,31,W,65,65,80,63,58,68,27,64,6310663,Servette FC,瑞士超级联赛,右,178,74,0,0
Genseric Kusunga,瑞士,28,FB,65,65,66,49,54,52,63,70,7878972,Servette FC,瑞士超级联赛,右,185,83,0,0
Fabiano,瑞士,32,ST,65,66,68,62,49,64,29,73,2792570,FC Thun,瑞士超级联赛,右,183,79,0,0
Edivaldo Rojas,葡萄牙,31,ST,65,65,69,62,64,66,24,65,6111695,Naval 1° de Maio,葡萄牙超级联赛,右,180,73,0,0
Martin Baran,波兰,28,FB,65,65,62,48,55,60,62,77,5380415,Jagiellonia Białystok,波兰甲级联赛,右,188,84,0,0
Ney Santos,葡萄牙,35,CM,65,65,55,47,65,67,64,71,1490968,Vitória Setúbal,葡萄牙超级联赛,右,183,83,0,0
John Fleck,苏格兰,25,CM,65,69,60,67,71,68,58,73,3341331,Rangers,苏格兰超级联赛,左,170,72,0,0
Faris Haroun,比利时,31,CAM,65,65,69,62,64,68,47,72,4110789,Beerschot AC,比利时甲级联赛,右,188,73,0,0
"John Ogu,27",葡萄牙,28,CM,65,71,49,69,62,66,62,68,6854781,"União de Leiria, SAD",葡萄牙超级联赛,左,193,94,0,0
Gordan Bunoza,波兰,28,FB,65,66,79,48,37,52,65,63,7304030,Wisła Kraków,波兰甲级联赛,左,196,91,0,0
Gianluca Galasso,意大利,32,FB,65,68,74,48,58,57,66,70,3858670,Bari,意大利甲级联赛,左,183,74,0,0
Davide Zoboli,意大利,35,CB,65,65,40,31,41,38,66,64,15244414,Brescia,意大利甲级联赛,右,190,79,2,0
Loic Guillon,法国,34,CB,65,65,37,41,54,41,68,57,4643531,FC Nantes,法国甲级联赛,左,185,83,0,0
Luciano Zauri,意大利,38,CM,65,65,46,53,53,54,67,51,4794283,Sampdoria,意大利甲级联赛,右,178,75,1,0
Cabral,瑞士,28,CM,65,66,67,59,67,62,66,71,6510704,FC Basel,瑞士超级联赛,右,180,80,0,2
Clemens Fandrich,瑞士,25,W,65,69,76,58,61,68,32,60,12368872,FC Luzern,瑞士超级联赛,右,178,67,0,0
Savio Nsereko,英格兰,27,W,65,78,90,53,50,65,28,59,6657113,West Ham United,英格兰超级联赛,右,175,73,0,0
Simone Dallamano,意大利,33,FB,65,65,83,47,53,56,64,74,6517303,Brescia,意大利甲级联赛,左,180,68,1,0
Mehdi Courgnaud,法国,26,W,65,73,73,58,62,64,17,54,7320787,Dijon FCO,法国甲级联赛,右,183,65,0,0
Bertrand Laquait,法国,39,GK,65,65,52,26,24,28,26,57,7670995,Évian Thonon Gaillard FC,法国甲级联赛,右,185,80,1,0
Fabien Robert,法国,27,ST,65,66,68,59,58,68,18,59,4519145,US Boulogne Cote D'Opale,法国甲级联赛,右,175,63,1,0
Ross Draper,苏格兰,28,CM,65,65,62,55,63,64,62,80,8177363,Inverness Caledonian Thistle,苏格兰超级联赛,右,193,87,0,0
Mohamed Fares,意大利,20,W,65,74,76,63,59,70,33,64,8449233,Hellas Verona,意大利甲级联赛,左,183,74,0,0
Lorenzo Pellegrini,意大利,20,CAM,65,77,62,58,69,65,53,65,7032355,Sassuolo,意大利甲级联赛,右,185,82,0,0
Gilles Ruyssen,比利时,22,CB,65,72,52,37,48,38,66,64,4279575,KVC Westerlo,比利时甲级联赛,右,185,86,0,0
Cyriel Dessers,比利时,22,ST,65,73,74,66,52,66,14,69,3710591,Sporting Lokeren,比利时甲级联赛,右,185,80,0,0
Stefan Adrian Popescu,法国,23,FB,65,71,72,38,41,54,67,70,3474978,AC Ajaccio,法国甲级联赛,左,180,75,0,0
Carles Martinez,波兰,28,FB,65,68,63,46,61,50,63,71,3894203,Piast Gliwice,波兰甲级联赛,右,180,80,0,0
Vasyl Pryima,意大利,25,CB,65,68,56,32,40,38,67,66,4156117,Frosinone,意大利甲级联赛,右,185,74,0,0
David Addy,葡萄牙,26,FB,65,67,78,53,57,64,64,74,7924896,Vitória Guimarães,葡萄牙超级联赛,左,180,73,0,0
Ishmael Yartey,瑞士,26,ST,65,67,72,69,59,66,26,66,5442017,Servette FC,瑞士超级联赛,左,170,64,0,0
Shlomi Arbeitman,比利时,31,ST,65,65,60,65,60,61,30,64,8591371,KAA Gent,比利时甲级联赛,左,183,80,0,0
Carlos Fernandes,葡萄牙,38,FB,65,68,68,54,64,54,64,67,3488402,S.C. Olhanense,葡萄牙超级联赛,左,188,78,0,0
Mathieu Beda,瑞士,35,CM,65,65,34,46,50,50,61,71,3260142,FC Zürich,瑞士超级联赛,左,188,82,0,0
Pierrick Cros,法国,25,GK,65,69,26,16,27,15,12,36,4809345,FC Sochaux-Montbéliard,法国甲级联赛,右,185,75,0,0
Philipp Degen,瑞士,33,FB,65,65,78,49,59,62,63,69,7270811,FC Basel,瑞士超级联赛,右,185,84,0,0
Ivan Alejandro Furios,瑞士,37,CB,65,65,46,34,45,44,64,56,4275582,Neuchâtel Xamax,瑞士超级联赛,右,185,85,0,0
Silva,葡萄牙,32,CM,65,65,66,67,61,66,55,76,3384258,Vitória Setúbal,葡萄牙超级联赛,右,188,78,0,0
Dan Mori,荷兰,28,CB,65,69,49,35,58,51,66,63,5326649,Vitesse,荷兰甲级联赛,右,185,78,0,0
Jim O'Brien,苏格兰,29,CAM,65,65,72,62,64,63,58,66,4491852,Motherwell,苏格兰超级联赛,右,178,64,0,0
Matt Derbyshire,英格兰,30,ST,65,65,72,66,56,62,22,64,9671530,Blackburn Rovers,英格兰超级联赛,右,185,72,3,0
Frazer Wright,苏格兰,37,CB,65,65,34,34,51,48,62,73,2049528,St. Johnstone FC,苏格兰超级联赛,左,185,75,0,0
Jean Alain Fanchone,法国,28,FB,65,65,72,55,58,62,66,63,5613403,AC Arles-Avignon,法国甲级联赛,右,175,72,0,0
Baptiste Schmisser,比利时,30,GK,65,65,32,41,38,41,64,69,4729395,KV Oostende,比利时甲级联赛,右,196,93,0,0
Edouard Butin,法国,28,ST,65,65,70,61,57,61,20,63,9299939,FC Sochaux-Montbéliard,法国甲级联赛,右,180,76,7,0
Radek Dejmek,波兰,28,CB,65,65,66,38,52,46,64,74,8099416,Korona Kielce,波兰甲级联赛,右,188,85,0,0
Yaya Boumediene,比利时,26,W,65,67,77,58,59,68,34,62,7004586,Royal Excel Mouscron,比利时甲级联赛,右,183,73,0,0
Romario Balde,葡萄牙,20,ST,65,73,77,65,50,69,26,59,6910872,Tondela,葡萄牙超级联赛,右,175,69,0,0
Gideon Jung,德国,22,FB,65,76,58,39,62,62,65,60,7751117,Hamburger SV,德国甲级联赛,右,188,76,0,0
Dickson Etuhu,英格兰,34,CM,65,65,62,54,66,59,65,85,2245670,Fulham,英格兰超级联赛,右,193,92,3,2
Manuel Coppola,意大利,34,FB,65,65,72,55,64,64,68,77,9901299,Cesena,意大利甲级联赛,右,173,80,1,0
Igor Rossi,苏格兰,27,CB,65,66,50,30,56,56,65,61,5986455,Heart of Midlothian,苏格兰超级联赛,左,188,78,0,0
Ricardo Nunes,波兰,30,FB,65,65,77,55,57,62,64,65,9379571,Pogoń Szczecin,波兰甲级联赛,左,180,73,0,0
Georges Mandjeck,法国,28,FB,65,65,71,46,62,64,64,72,9059990,Stade Rennais FC,法国甲级联赛,右,183,75,0,0
Sebastian Schindzielorz,德国,37,FB,65,65,64,51,61,52,66,67,3966432,VfL Wolfsburg,德国甲级联赛,右,180,74,0,0
Johann Vogel,瑞士,39,CM,65,65,62,57,68,58,65,71,4965178,Grasshopper Club Zürich,瑞士超级联赛,左,178,71,0,0
Sven Luescher,瑞士,32,CM,65,65,66,57,69,64,58,74,3740576,FC Aarau,瑞士超级联赛,右,180,75,0,0
Milan Milanovic,意大利,25,CB,65,67,66,27,42,54,64,73,6234414,Palermo,意大利甲级联赛,右,193,88,0,0
Macedo Novaes,法国,33,GK,65,65,48,30,23,24,24,52,5253970,SC Bastia,法国甲级联赛,右,183,79,0,0
Rafael Dias,法国,25,CAM,65,69,66,66,69,66,56,48,7408682,FC Sochaux-Montbéliard,法国甲级联赛,右,180,73,1,0
Ronny Marcos,德国,23,FB,65,72,76,35,48,64,66,67,5761060,Hamburger SV,德国甲级联赛,左,175,69,0,0
Enda Stevens,英格兰,26,FB,65,69,72,42,55,62,63,62,5839598,Aston Villa,英格兰超级联赛,左,183,78,0,0
Gael Givet,英格兰,35,GK,65,65,28,35,51,38,66,67,3953922,Blackburn Rovers,英格兰超级联赛,左,180,75,4,3
John Sutton,苏格兰,33,ST,65,65,53,64,50,60,20,76,5970018,Motherwell,苏格兰超级联赛,右,185,89,0,0
Lopes Cruz Daniel,葡萄牙,34,FB,65,70,75,55,59,66,64,69,5229789,Naval 1° de Maio,葡萄牙超级联赛,左,180,75,0,0
Tomasz Cywka,波兰,28,ST,65,65,70,66,61,66,40,64,11938848,Wisła Kraków,波兰甲级联赛,右,180,76,0,0
Andreas Wittwer,瑞士,26,FB,65,68,74,49,56,60,64,76,7447373,FC Thun,瑞士超级联赛,左,173,78,1,0
Leonardo Bertone,瑞士,22,CM,65,75,68,67,68,61,60,70,7853272,BSC Young Boys,瑞士超级联赛,右,178,72,2,0
Romario,葡萄牙,24,FB,65,71,68,52,54,52,65,69,3245978,CS Marítimo,葡萄牙超级联赛,左,183,82,0,0
Yoell van Nieff,荷兰,23,CM,65,70,65,71,65,64,66,67,3841743,FC Groningen,荷兰甲级联赛,左,185,75,0,0
Veli Lampi,荷兰,32,FB,65,65,72,52,58,59,68,62,5408991,Willem II,荷兰甲级联赛,右,180,70,0,0
Philipp Haastrup,荷兰,34,CB,65,65,51,44,56,50,64,68,4650983,Willem II,荷兰甲级联赛,右,188,74,0,0
Remi Mulumba,法国,24,CM,65,72,62,60,66,63,60,62,3756900,FC Lorient,法国甲级联赛,右,178,70,0,0
Hans-Peter Berger,葡萄牙,35,GK,65,71,54,10,21,16,13,47,3627243,Leixões SC,葡萄牙超级联赛,右,178,80,0,0
Juergen Saeumel,意大利,32,FB,65,65,72,51,61,64,64,73,6694319,Torino,意大利甲级联赛,左,180,77,2,1
Pedro Coronas,葡萄牙,26,CAM,65,68,76,65,58,68,63,56,4096810,Moreirense FC,葡萄牙超级联赛,右,175,74,0,0
Benjamin Gavanon,法国,36,CM,65,65,60,55,71,62,59,71,7165713,AS Nancy-Lorraine,法国甲级联赛,右,180,75,0,0
Frederic Duplus,法国,26,FB,65,68,76,36,57,58,65,72,11290102,FC Sochaux-Montbéliard,法国甲级联赛,右,178,73,0,0
Andrea Pisanu,意大利,34,W,65,65,74,58,57,66,32,62,6329893,Cagliari,意大利甲级联赛,右,180,72,0,0
Damiano Ferronetti,意大利,32,CB,65,65,66,33,46,52,66,70,2868898,Udinese,意大利甲级联赛,右,183,74,2,0
Zatyiah Knight,英格兰,29,CB,65,65,67,31,48,43,65,76,6949082,Bolton Wanderers,英格兰超级联赛,左,183,73,5,0
Zoltan Szelesi,荷兰,35,FB,65,65,74,56,59,52,65,68,2882268,N.E.C.,荷兰甲级联赛,右,183,80,0,0
Leon Benko,比利时,33,ST,65,69,75,65,52,64,40,69,11165664,KV Kortrijk,比利时甲级联赛,左,183,75,0,0
Alessandro Agostini,意大利,37,FB,65,65,65,41,54,60,68,55,5477082,Cagliari,意大利甲级联赛,左,175,66,0,1
Santiago Acasiete,西班牙,39,CB,65,65,49,43,57,44,62,66,3119970,UD Almería,西班牙甲级联赛,右,183,78,1,0
Dalibor Stevanovic,波兰,32,CM,65,65,60,65,71,62,59,72,5175489,Śląsk Wrocław,波兰甲级联赛,右,183,75,0,0
Michael Ortega,德国,25,W,65,70,72,59,66,69,33,62,3699249,Bayer 04 Leverkusen,德国甲级联赛,右,170,69,0,0
Mateusz Mozdzen,波兰,25,CM,65,69,76,66,65,63,62,72,5222283,Lech Poznań,波兰甲级联赛,右,180,76,0,1
Alexander Bannink,荷兰,26,CAM,65,67,55,66,67,64,52,71,11748694,De Graafschap,荷兰甲级联赛,右,185,80,0,0
Bekim Balaj,波兰,25,ST,65,68,68,65,48,62,24,72,2500886,Jagiellonia Białystok,波兰甲级联赛,右,185,86,0,0
Kristof D'Haene,比利时,26,CAM,65,67,75,58,59,68,55,57,3426106,KSV Cercle Brugge,比利时甲级联赛,左,168,65,0,0
Steven Thompson,苏格兰,38,ST,65,65,51,65,60,64,28,68,4691810,St. Mirren,苏格兰超级联赛,右,188,79,4,0
Kaja Rogulj,瑞士,30,GK,65,65,32,22,46,36,64,70,3452376,FC Luzern,瑞士超级联赛,右,188,86,0,0
Cristian Zenoni,意大利,39,FB,65,74,75,55,61,63,62,67,2773222,Bologna,意大利甲级联赛,右,183,72,0,0
Luigi Sala,意大利,42,CB,65,75,60,38,46,45,66,69,4765446,Udinese,意大利甲级联赛,右,183,76,0,0
Pedro Correia,葡萄牙,29,FB,65,65,66,50,57,60,66,69,5718216,Vitória Guimarães,葡萄牙超级联赛,右,180,72,0,0
Riku Riski,波兰,27,W,65,67,82,66,64,66,42,70,3373164,Widzew Łódź,波兰甲级联赛,右,175,68,0,0
Jukka Raitala,荷兰,28,FB,65,66,66,39,55,57,66,77,4184507,SC Heerenveen,荷兰甲级联赛,左,180,76,1,0
Marko Jovanovic,波兰,28,FB,65,66,66,39,44,56,68,75,9546498,Wisła Kraków,波兰甲级联赛,右,183,79,0,0
Antonio Zito,意大利,30,FB,65,65,79,58,64,70,52,84,5319770,Reggio Calabria,意大利甲级联赛,左,183,81,0,0
Rogerio,葡萄牙,32,CB,65,68,65,31,37,30,64,77,8047377,Naval 1° de Maio,葡萄牙超级联赛,右,190,82,0,0
Sascha Kotysch,比利时,28,CB,65,66,51,41,55,44,66,65,5393170,Sint-Truidense VV,比利时甲级联赛,右,188,88,0,0
Thorsten Kirschbaum,瑞士,29,GK,65,65,34,15,30,19,10,53,3762775,FC Vaduz,瑞士超级联赛,左,193,90,0,0
Jeremy Sapina,比利时,31,CM,65,67,32,54,51,46,65,64,6881807,RAEC Mons,比利时甲级联赛,右,188,85,0,0
Pavel Cmovs,荷兰,26,CB,65,68,63,41,53,51,62,78,6114996,N.E.C.,荷兰甲级联赛,右,188,82,0,0
Nathaniel Will,荷兰,27,FB,65,66,68,50,59,65,64,69,5195838,N.E.C.,荷兰甲级联赛,右,178,70,0,0
Kaj Ramsteijn,荷兰,26,CM,65,68,60,52,59,58,61,71,4576118,Excelsior,荷兰甲级联赛,右,193,83,0,0
Frantisek Kubik,荷兰,27,W,65,77,81,67,58,66,60,65,8725718,ADO Den Haag,荷兰甲级联赛,左,178,71,0,0
Emmanuel Boateng,葡萄牙,20,ST,65,76,78,60,51,70,31,74,10295923,Moreirense FC,葡萄牙超级联赛,右,175,62,0,0
Dejan Janjatovic,瑞士,24,CM,65,69,65,59,70,64,59,66,10085431,FC St. Gallen,瑞士超级联赛,右,185,87,3,0
Edward Ofere,苏格兰,30,ST,65,65,46,63,50,60,35,69,4086224,Inverness Caledonian Thistle,苏格兰超级联赛,右,190,84,3,0
Uche Nwofor,荷兰,25,ST,65,69,74,65,43,63,19,74,9692327,VVV-Venlo,荷兰甲级联赛,右,183,73,0,0
David Moberg Karlsson,苏格兰,22,ST,65,73,82,65,46,68,16,53,6246807,Kilmarnock,苏格兰超级联赛,左,178,76,0,0
Jak Alnwick,英格兰,23,GK,65,72,50,19,31,22,18,52,3404794,Newcastle United,英格兰超级联赛,左,188,82,0,0
John Jairo Ruiz,比利时,22,W,65,73,88,61,54,66,23,58,5821203,KV Oostende,比利时甲级联赛,右,175,66,0,0
Amoreirinha,葡萄牙,32,FB,65,68,66,43,54,54,64,70,5884768,Vitória Setúbal,葡萄牙超级联赛,右,183,83,0,0
Erik Friberg,意大利,30,CM,65,65,54,58,67,61,47,73,6828948,Bologna,意大利甲级联赛,右,180,66,0,0
Anthony Moris,比利时,26,GK,65,67,42,21,34,25,14,48,5498752,Standard de Liège,比利时甲级联赛,左,183,75,0,0
Pedro Monteiro,葡萄牙,22,GK,65,73,34,33,41,38,66,65,7232788,SC Braga,葡萄牙超级联赛,右,193,85,0,0
Maxime Spano,法国,22,CB,65,71,60,36,43,51,68,69,3783211,Toulouse FC,法国甲级联赛,右,183,79,0,0
Bobo,葡萄牙,34,ST,65,65,53,66,46,65,24,71,5068046,Boavista FC,葡萄牙超级联赛,左,183,75,0,0
Sherjill MacDonald,比利时,32,ST,65,65,80,64,50,68,24,70,5278392,Beerschot AC,比利时甲级联赛,右,183,85,0,0
Daniel Imhof,瑞士,39,FB,65,72,69,53,63,56,66,70,3826311,FC St. Gallen,瑞士超级联赛,右,178,77,0,0
"Nico Herzig,19",德国,33,FB,65,76,66,44,52,50,61,78,5346019,DSC Arminia Bielefeld,德国甲级联赛,右,188,84,1,0
Vujadin Savic,法国,26,CB,65,68,46,36,52,50,63,68,6618039,Girondins de Bordeaux,法国甲级联赛,右,193,83,1,0
Marjan Petkovic,德国,37,GK,65,65,44,26,30,26,25,59,5858248,Eintracht Braunschweig,德国甲级联赛,右,185,84,0,0
Ashton-Phillip Goetz,德国,23,FB,65,72,76,31,51,63,66,65,5654023,Hamburger SV,德国甲级联赛,右,178,74,0,0
Noel Hunt,英格兰,34,ST,65,65,66,62,49,60,36,83,8342335,Reading,英格兰超级联赛,右,173,74,2,0
Alberto Pomini,意大利,35,GK,65,65,44,14,32,16,15,55,4169653,Sassuolo,意大利甲级联赛,右,188,83,0,0
Abraham Kudemor,比利时,31,FB,65,65,72,58,57,52,64,81,4027055,Sporting Charleroi,比利时甲级联赛,右,183,81,0,0
Nicolas Fauvergue,法国,32,ST,65,65,42,69,59,63,24,68,3365478,Stade de Reims,法国甲级联赛,右,193,89,2,0
Pedro Nuno,葡萄牙,21,W,65,74,68,63,63,66,36,60,10380840,Académica de Coimbra,葡萄牙超级联赛,右,175,68,0,0
Yann Rolim,葡萄牙,21,CAM,65,72,68,60,65,69,42,51,7968568,Vitória Setúbal,葡萄牙超级联赛,右,173,68,0,0
Adil Ramzi,荷兰,39,CAM,65,65,60,62,69,68,37,66,4939420,Roda JC Kerkrade,荷兰甲级联赛,右,178,74,0,0
Jonathan Santana,德国,35,CM,65,65,54,62,66,67,59,65,5623916,VfL Wolfsburg,德国甲级联赛,右,180,79,1,1
Laurent Delorge,荷兰,37,CAM,65,65,70,59,61,66,50,60,4006522,Roda JC Kerkrade,荷兰甲级联赛,右,178,78,0,0
Wim Mennes,比利时,39,CM,65,65,56,63,67,58,64,68,3642466,Sint-Truidense VV,比利时甲级联赛,右,185,80,0,0
Richard Sukuta-Pasu,比利时,26,ST,65,68,72,64,48,65,30,73,3319731,KSV Cercle Brugge,比利时甲级联赛,右,185,97,1,0
Oguchi Onyewu,葡萄牙,34,GK,65,65,32,35,36,36,64,65,2438998,Sporting CP,葡萄牙超级联赛,右,196,95,0,0
Marcus Hahnemann,英格兰,44,GK,65,65,28,25,25,24,24,45,3184953,Wolverhampton Wanderers,英格兰超级联赛,右,190,100,0,0
Milan Skriniar,意大利,21,FB,65,75,65,43,55,49,67,67,3755495,Sampdoria,意大利甲级联赛,右,188,79,0,0
Toni Silva,葡萄牙,23,W,65,74,83,60,49,68,26,63,7650335,Uniao da Madeira,葡萄牙超级联赛,左,183,75,0,0
George Boateng,英格兰,41,CM,65,65,40,48,62,58,62,70,3199301,Hull City,英格兰超级联赛,右,183,76,1,1
Emanuel Rivas,意大利,33,W,65,65,91,54,50,72,27,57,4713237,Bari,意大利甲级联赛,右,175,65,4,1
Carlos Valdez,意大利,33,FB,65,70,72,45,50,50,64,74,6436698,Reggio Calabria,意大利甲级联赛,右,183,76,0,0
Damiano Zenoni,意大利,39,FB,65,74,75,55,61,62,62,67,4387690,Parma,意大利甲级联赛,右,185,74,1,1
Masahudu Alhassan,意大利,24,FB,65,71,78,46,55,60,64,66,4725850,Genoa,意大利甲级联赛,左,175,65,0,0
Ian Ashbee,英格兰,40,CM,65,65,48,60,63,58,63,72,6903651,Hull City,英格兰超级联赛,右,185,86,1,1
Ezekiel Fryers,比利时,24,FB,65,71,74,37,54,64,64,70,3164179,Standard de Liège,比利时甲级联赛,左,183,80,0,0
Stijn Meert,比利时,38,CAM,65,67,65,64,66,62,48,66,6554531,SV Zulte-Waregem,比利时甲级联赛,左,178,70,0,0
Roberto Colombo,意大利,41,GK,65,65,30,18,28,17,16,45,4869896,Bologna,意大利甲级联赛,右,190,80,0,0
Samuel,比利时,30,FB,65,65,57,41,56,60,63,68,8579683,RSC Anderlecht,比利时甲级联赛,左,190,83,0,0
Mijusko Bojovic,比利时,28,GK,65,66,42,38,43,30,67,64,4447834,Sporting Charleroi,比利时甲级联赛,右,190,83,0,0
Alessandro Sgrigna,意大利,36,W,65,65,63,62,57,74,24,58,4213519,Torino,意大利甲级联赛,右,178,80,1,0
Leonard Nienhuis,荷兰,26,GK,65,66,26,25,42,26,16,50,4678096,SC Cambuur,荷兰甲级联赛,右,183,90,0,0
Andreu Mayoral,波兰,33,CM,65,65,67,60,68,66,60,65,8453200,P. Warszawa,波兰甲级联赛,右,178,67,0,0
Aldo Angoula,法国,35,CB,65,65,47,31,55,53,62,62,2030010,Évian Thonon Gaillard FC,法国甲级联赛,右,183,82,3,0
Modeste M'Bami,西班牙,34,CM,65,65,56,54,63,60,60,81,6412749,UD Almería,西班牙甲级联赛,右,180,80,1,0
Bjarne Thoelke,德国,24,FB,65,69,52,37,48,58,64,63,3601997,VfL Wolfsburg,德国甲级联赛,右,190,84,0,0
Stephen Crainey,英格兰,35,CM,65,65,53,44,62,59,66,73,7611904,Blackpool,英格兰超级联赛,左,175,61,0,0
Olberdam,葡萄牙,31,CM,65,70,62,66,65,64,68,60,6936026,CS Marítimo,葡萄牙超级联赛,左,180,78,0,0
Danny Higginbotham,英格兰,38,CB,65,65,44,51,53,52,71,70,4566621,Stoke City,英格兰超级联赛,左,185,78,5,4
Nelson Rivas,意大利,33,CB,65,65,58,47,51,34,62,71,5902269,Livorno,意大利甲级联赛,右,180,81,2,0
Juan Lorca,法国,31,ST,65,65,70,65,53,64,14,70,4620937,US Boulogne Cote D'Opale,法国甲级联赛,左,183,74,0,0
Miguel Angel,西班牙,38,CM,65,72,66,59,72,60,62,67,2681369,Málaga CF,西班牙甲级联赛,右,183,77,0,0
Alistair Crawford,苏格兰,25,CM,65,71,72,63,65,64,56,76,5934650,Hamilton Academical FC,苏格兰超级联赛,右,178,63,0,0
Gregory Cerdan,法国,34,CB,65,65,37,39,58,40,62,68,3372776,Le Mans FC,法国甲级联赛,左,190,85,0,0
Ferne Snoyl,荷兰,31,FB,65,70,74,51,65,62,65,73,5124515,NAC Breda,荷兰甲级联赛,左,178,77,0,0
Pierre Boya,法国,32,ST,65,65,76,67,66,50,21,81,3359509,Grenoble Foot 38,法国甲级联赛,右,183,83,0,0
Bartlomiej Pawlowski,波兰,24,W,65,73,83,60,59,68,18,56,2741514,Korona Kielce,波兰甲级联赛,右,178,70,1,0
Philipe Sampaio,葡萄牙,22,GK,65,76,38,33,36,38,64,71,11039785,Boavista FC,葡萄牙超级联赛,右,190,89,0,0
Joachim Mununga,比利时,28,ST,65,67,82,63,59,66,34,76,6822991,KV Mechelen,比利时甲级联赛,右,178,79,0,0
Marvin Johnson,苏格兰,26,W,65,69,88,55,58,68,37,64,4820668,Motherwell,苏格兰超级联赛,左,178,74,0,0
Julio Arca,英格兰,35,CM,65,65,50,63,68,68,53,72,5155529,Middlesbrough,英格兰超级联赛,左,175,69,0,0
Adrian Basta,波兰,28,FB,65,66,79,46,47,53,65,69,5803521,GKS Bełchatów,波兰甲级联赛,右,180,78,0,0
Jordan Spence,英格兰,26,FB,65,67,72,47,54,60,67,71,10695221,West Ham United,英格兰超级联赛,右,188,77,0,0
Marnick Vermijl,荷兰,24,FB,65,70,82,41,50,64,62,66,2708254,N.E.C.,荷兰甲级联赛,右,180,76,0,0
Simon Laner,意大利,32,CM,65,65,67,59,69,63,58,70,6735056,Cagliari,意大利甲级联赛,右,183,75,0,0
Antimo Iunco,意大利,32,W,65,65,68,63,63,70,25,55,3942218,Chievo Verona,意大利甲级联赛,右,173,68,0,0
Gonzalo Garcia,荷兰,33,CAM,65,65,50,59,62,76,31,48,3218734,VVV-Venlo,荷兰甲级联赛,右,183,78,0,0
Kaba Diawara,法国,41,ST,65,76,68,64,56,62,26,67,3976037,AC Arles-Avignon,法国甲级联赛,左,183,80,1,0
Reece Oxford,英格兰,18,FB,65,85,71,36,55,53,65,68,12275516,West Ham United,英格兰超级联赛,右,190,71,0,0
Gerry Koning,荷兰,36,FB,65,66,66,33,65,50,67,69,5251063,SC Heerenveen,荷兰甲级联赛,右,180,72,0,0
Jeremy Blayac,法国,33,ST,65,65,68,61,50,62,28,69,5615183,US Boulogne Cote D'Opale,法国甲级联赛,右,188,80,0,0
Sebastien Wuethrich,瑞士,26,CAM,65,67,67,60,64,70,53,59,7817235,Neuchâtel Xamax,瑞士超级联赛,左,178,70,0,0
Rolf Feltscher,瑞士,26,FB,65,69,70,45,57,60,66,78,6731683,Grasshopper Club Zürich,瑞士超级联赛,右,183,84,1,0
Tony,葡萄牙,36,CM,65,65,60,54,61,66,64,69,4253250,FC Paços de Ferreira,葡萄牙超级联赛,右,175,70,0,0
Junio Cesar Arcanjo Juninho,葡萄牙,33,W,65,66,74,63,62,66,38,62,2245169,CD Nacional,葡萄牙超级联赛,右,178,71,0,0
Leon Jessen,德国,30,FB,65,65,74,61,57,63,63,67,5154304,1. FC Kaiserslautern,德国甲级联赛,左,183,77,1,2
Thibaut Vion,法国,23,ST,65,73,68,67,51,58,24,60,4763753,Toulouse FC,法国甲级联赛,右,183,80,0,0
Nuno Lopes,葡萄牙,30,FB,65,67,66,49,52,60,67,68,11389766,SC Beira Mar,葡萄牙超级联赛,右,183,80,0,0
Christopher Johnston,苏格兰,22,W,65,72,84,56,55,70,24,60,7533383,Kilmarnock,苏格兰超级联赛,左,165,68,0,0
Yves De Winter,比利时,29,GK,65,65,50,21,37,23,16,54,5404319,KVC Westerlo,比利时甲级联赛,右,188,82,0,0
Umit Korkmaz,德国,31,ST,65,65,69,66,62,66,26,57,2768664,Eintracht Frankfurt,德国甲级联赛,左,175,74,3,0
Gustavo Lazzaretti,葡萄牙,32,FB,65,65,56,49,46,46,66,62,5933325,Vitória Guimarães,葡萄牙超级联赛,右,185,84,0,0
Marek Saganowski,波兰,38,ST,65,65,40,64,56,54,34,63,3585376,Legia Warszawa,波兰甲级联赛,右,178,78,0,0
Ryan Stevenson,苏格兰,32,ST,65,65,66,66,63,64,42,78,2389975,Heart of Midlothian,苏格兰超级联赛,右,180,86,0,0
Mehdi Terki,比利时,25,CM,65,69,60,54,63,71,63,70,3434021,Sporting Lokeren,比利时甲级联赛,右,185,75,0,0
Tiago Valente,葡萄牙,31,CB,65,65,50,32,54,44,65,63,3028359,FC Paços de Ferreira,葡萄牙超级联赛,右,185,82,0,0
Frederik Frans,苏格兰,27,CB,65,66,44,43,55,46,65,63,5744413,Partick Thistle F.C.,苏格兰超级联赛,右,193,83,0,0
Rachid Farssi,比利时,31,CM,65,65,66,58,64,66,62,63,6665153,KVC Westerlo,比利时甲级联赛,左,180,69,0,0
Cillian Sheridan,苏格兰,27,ST,65,71,74,67,50,62,16,60,2913587,St. Johnstone FC,苏格兰超级联赛,右,193,82,0,0
Alessandro Crescenzi,法国,25,FB,65,71,74,41,50,60,63,78,7408820,AC Ajaccio,法国甲级联赛,右,175,71,0,0
Aleksandar Bjelica,比利时,22,FB,65,72,56,52,55,49,63,70,10645947,KV Mechelen,比利时甲级联赛,左,185,80,0,0
Ian Evatt,英格兰,35,CB,65,65,48,33,47,42,61,67,3840849,Blackpool,英格兰超级联赛,右,190,88,3,4
Rossetto Michel Simplicio,葡萄牙,30,ST,65,73,72,69,56,64,24,65,2205399,Naval 1° de Maio,葡萄牙超级联赛,右,180,71,0,0
Ulrich Rame,法国,44,GK,65,65,30,12,26,14,16,62,4058638,Girondins de Bordeaux,法国甲级联赛,右,188,85,0,0
Hernan Hinostroza,比利时,23,CAM,65,72,76,60,70,68,60,64,8946626,SV Zulte-Waregem,比利时甲级联赛,右,175,70,0,0
Baissama Sankoh,法国,24,FB,65,71,65,34,49,61,72,69,7133962,En Avant de Guingamp,法国甲级联赛,右,180,73,0,0
Nelson Pedroso,葡萄牙,31,FB,65,65,74,62,61,64,63,75,3115638,Vitória Setúbal,葡萄牙超级联赛,左,180,76,0,0
Aboubakar Oumarou,比利时,29,ST,65,65,80,62,52,64,33,73,6066346,Waasland-Beveren,比利时甲级联赛,右,183,76,0,0
Mohamed Gouaida,德国,23,W,65,72,77,50,57,72,29,63,5436102,Hamburger SV,德国甲级联赛,左,178,72,0,0
Bart Straalman,荷兰,20,CB,65,75,64,30,49,54,66,70,5609011,De Graafschap,荷兰甲级联赛,右,193,76,0,0
Nigel Hasselbaink,苏格兰,26,ST,65,68,90,61,57,70,21,74,2710244,St. Johnstone FC,苏格兰超级联赛,右,168,68,0,0
Jason Davidson,荷兰,25,FB,65,68,72,49,56,63,61,64,3835598,Heracles Almelo,荷兰甲级联赛,左,180,72,0,0
Dmitriy Verkhovtsov,波兰,30,CB,65,65,58,23,54,31,66,74,5118137,Korona Kielce,波兰甲级联赛,右,188,86,0,0
Pavel Pergl,瑞士,39,CM,65,65,51,70,60,54,67,69,4513601,AC Bellinzona,瑞士超级联赛,右,188,77,0,0
Eder,葡萄牙,33,CB,65,68,54,49,50,36,66,70,4359461,Rio Ave FC,葡萄牙超级联赛,右,183,77,0,0
Conor Townsend,苏格兰,23,FB,65,70,68,43,60,63,65,65,5038877,Dundee United,苏格兰超级联赛,左,183,73,0,0
Ross Turnbull,英格兰,31,GK,65,65,33,14,38,19,16,55,3782518,Middlesbrough,英格兰超级联赛,右,193,85,1,0
Emmanuel Herrera,法国,29,ST,65,67,54,70,53,65,24,65,9638204,Montpellier Hérault SC,法国甲级联赛,右,183,84,6,0
Vilmos Vanczak,瑞士,33,FB,65,65,53,50,46,46,65,67,9855205,FC Sion,瑞士超级联赛,右,188,79,0,0
Sergio Aragones,西班牙,39,GK,65,65,62,27,25,27,24,61,5421902,CD Tenerife,西班牙甲级联赛,右,183,80,0,0
Javier Paredes,西班牙,34,FB,65,65,66,49,53,56,68,66,6108997,Real Zaragoza,西班牙甲级联赛,左,175,77,1,0
Alioun Fall,法国,26,FB,65,69,84,65,61,59,62,64,5463519,Évian Thonon Gaillard FC,法国甲级联赛,右,170,69,0,0
Paul Bernardoni,法国,19,GK,65,77,29,16,24,20,17,39,11360709,ES Troyes AC,法国甲级联赛,左,190,78,0,0
Leonardo Martin Miglionico,意大利,36,FB,65,65,50,47,52,48,66,59,4334063,Livorno,意大利甲级联赛,右,185,85,1,0
Claudio Lustenberger,瑞士,29,FB,65,65,72,47,61,60,63,76,5506736,FC Luzern,瑞士超级联赛,左,183,75,0,0
Neuton,意大利,26,FB,65,67,61,50,53,56,70,67,5085184,Atalanta,意大利甲级联赛,左,183,79,0,0
Liban Abdi,葡萄牙,28,ST,65,66,68,63,61,69,16,59,6767628,S.C. Olhanense,葡萄牙超级联赛,右,183,72,0,0
Zdenek Ondrasek,波兰,28,ST,65,66,71,59,50,59,24,79,4172792,Wisła Kraków,波兰甲级联赛,右,185,79,0,0
Ahmed Hegazy,意大利,25,GK,65,69,34,20,36,44,69,63,7607373,Fiorentina,意大利甲级联赛,右,196,83,0,0
Dani Sotres,西班牙,23,GK,65,71,58,33,25,24,24,64,3017892,Racing Santander,西班牙甲级联赛,右,183,78,0,0
Rob Hulse,英格兰,37,ST,65,65,34,66,52,58,44,73,7350532,Aston Villa,英格兰超级联赛,右,188,78,0,0
Jose Catala,西班牙,31,FB,65,70,72,48,49,44,62,75,6736785,Villarreal CF,西班牙甲级联赛,左,183,76,1,3
Stefano Ferrario,意大利,31,CB,65,65,59,31,41,40,66,69,7492820,Lecce,意大利甲级联赛,右,190,83,1,0
Daniel Elias Araujo Maykon,葡萄牙,32,CM,65,72,68,68,66,68,63,66,3324863,FC Paços de Ferreira,葡萄牙超级联赛,左,178,78,0,0
Nacho Monsalve,西班牙,22,CB,65,71,58,26,45,49,68,69,3143751,Atlético Madrid,西班牙甲级联赛,右,178,74,0,0
Tuni,西班牙,34,CM,65,65,70,57,65,66,58,63,4199631,RCD Mallorca,西班牙甲级联赛,左,180,72,1,0
Davide Calabria,意大利,20,FB,65,77,60,39,51,62,68,68,10069116,Milan,意大利甲级联赛,右,178,77,0,0
Ricky van Haaren,荷兰,25,CAM,65,70,52,61,71,64,52,60,6224554,VVV-Venlo,荷兰甲级联赛,右,173,71,1,0
Laurent Bonnart,法国,37,FB,65,65,61,50,61,48,66,64,1952398,Olympique de Marseille,法国甲级联赛,右,170,62,0,0
Jake Taylor,苏格兰,25,CAM,65,70,72,55,63,66,49,62,7821673,Motherwell,苏格兰超级联赛,右,178,77,0,0
Manuel Arboleda,波兰,37,FB,65,65,66,50,58,52,60,73,6133532,Lech Poznań,波兰甲级联赛,左,188,84,0,0
Ebrahima Ibou Sawaneh,比利时,30,ST,65,65,78,63,60,65,28,67,4413398,KV Kortrijk,比利时甲级联赛,左,183,75,0,0
Enca Fati,葡萄牙,23,W,65,72,82,59,53,68,26,49,4905669,Moreirense FC,葡萄牙超级联赛,右,180,68,0,0
Tiago Almeida,葡萄牙,26,ST,65,69,75,63,55,68,24,66,10749193,CF Os Belenenses,葡萄牙超级联赛,右,183,78,0,0
Bart Vriends,荷兰,25,CB,65,69,58,32,51,50,62,74,4224166,Go Ahead Eagles,荷兰甲级联赛,右,188,81,0,0
Oscar Sielva,西班牙,25,CAM,65,75,62,52,74,67,46,54,10038680,RCD Espanyol,西班牙甲级联赛,右,178,69,0,0
Samuel Yeboah,比利时,30,ST,65,67,83,66,52,52,24,69,4558043,KRC Genk,比利时甲级联赛,右,178,68,0,0
Josip Radosevic,西班牙,22,FB,65,73,62,49,63,54,64,69,11683671,SD Eibar,西班牙甲级联赛,右,180,74,0,0
Peter Delorge,比利时,36,FB,65,65,66,47,59,48,66,72,2824025,Sint-Truidense VV,比利时甲级联赛,右,178,69,0,0
Landry Mulemo,比利时,30,FB,65,65,80,59,56,66,62,72,4074187,KV Kortrijk,比利时甲级联赛,左,178,77,0,0
Ibrahim Sidibe,比利时,32,FB,65,65,76,41,59,62,63,66,6274047,Sint-Truidense VV,比利时甲级联赛,右,178,70,0,0
Karim Essikal,比利时,20,FB,65,75,56,41,59,61,66,68,5630754,SV Zulte-Waregem,比利时甲级联赛,右,183,76,0,0
Xabier Aranburu Castillo,西班牙,30,FB,65,65,68,49,52,62,67,71,5335066,Athletic Club de Bilbao,西班牙甲级联赛,左,183,71,1,0
Callum Booth,苏格兰,25,FB,65,69,74,51,50,62,62,76,10715330,Partick Thistle F.C.,苏格兰超级联赛,左,180,75,0,0
Ricardo Rocha,英格兰,38,CB,65,65,48,48,55,46,66,66,3913168,Portsmouth,英格兰超级联赛,右,183,80,0,0
Oliver Buff,瑞士,24,CM,65,72,68,58,69,61,57,63,3490732,FC Zürich,瑞士超级联赛,右,175,68,4,0
Alessandro Cerigioni,比利时,24,W,65,69,76,64,63,70,20,62,5497712,Oud-Heverlee Leuven,比利时甲级联赛,右,178,72,0,0
Marian Kelemen,波兰,37,GK,65,65,27,24,25,24,25,43,5949933,Śląsk Wrocław,波兰甲级联赛,左,188,84,0,0
Ricardo Leon,西班牙,33,CM,65,65,36,59,71,60,58,60,6422169,CD Tenerife,西班牙甲级联赛,右,185,76,2,0
Theoson Jordan Siebatcheu,法国,20,ST,65,75,67,64,53,64,20,67,6986021,Stade de Reims,法国甲级联赛,右,190,84,0,0
Gregory Lacombe,法国,34,CAM,65,65,66,46,69,69,44,44,7215919,AS Monaco,法国甲级联赛,左,165,58,0,0
Ivan Perez,西班牙,31,CAM,65,67,58,63,66,72,32,58,5333052,RC Deportivo de La Coruña,西班牙甲级联赛,左,173,65,0,0
Marcel Gecov,波兰,28,CM,65,65,62,57,60,56,64,73,3120079,Śląsk Wrocław,波兰甲级联赛,右,183,73,0,0
Kostadin Hazurov,比利时,31,ST,65,65,63,69,46,59,25,67,4094765,Lierse SK,比利时甲级联赛,右,185,81,0,0
David Dunn,英格兰,37,CAM,65,65,30,65,72,66,48,56,5342603,Blackburn Rovers,英格兰超级联赛,右,178,88,16,4
Willo Flood,苏格兰,31,CM,65,65,74,61,65,66,60,71,7631898,Dundee United,苏格兰超级联赛,右,168,62,0,0
Joher Khadim Rassoul,比利时,21,FB,65,75,73,51,57,66,66,72,4608289,Sporting Lokeren,比利时甲级联赛,右,188,82,0,0
Kenji Gorre,荷兰,22,W,65,73,72,66,58,68,34,56,4455261,ADO Den Haag,荷兰甲级联赛,右,178,71,0,0
Derk Boerrigter,荷兰,30,ST,65,65,71,65,63,64,32,65,7875385,Ajax,荷兰甲级联赛,左,188,81,0,0
Ricardo Silva,葡萄牙,41,CB,65,65,39,45,50,42,66,53,2261889,Vitória Setúbal,葡萄牙超级联赛,右,188,81,0,0
David Zibung,瑞士,32,GK,65,65,28,21,41,20,14,47,7023354,FC Luzern,瑞士超级联赛,右,188,87,0,0
Daniel Cruz,比利时,35,W,65,65,56,52,66,71,25,56,2348472,Beerschot AC,比利时甲级联赛,右,180,76,0,0
Kensuke Nagai,比利时,27,W,65,73,90,63,60,66,27,60,5004888,Standard de Liège,比利时甲级联赛,右,178,67,0,0
Arkadiusz Piech,波兰,31,ST,65,65,80,61,50,64,31,72,4113128,Ruch Chorzów,波兰甲级联赛,右,170,72,0,0
Fabio Nunes,葡萄牙,24,FB,65,71,74,60,65,68,63,59,2235561,CF Os Belenenses,葡萄牙超级联赛,左,175,70,0,0
Andre Bukia,葡萄牙,21,W,65,75,78,60,52,68,26,52,5098328,Boavista FC,葡萄牙超级联赛,左,173,65,0,0
Miguel Cardoso,葡萄牙,22,W,65,75,67,59,63,70,34,42,6721761,Uniao da Madeira,葡萄牙超级联赛,右,175,71,0,0
Vasco Costa,葡萄牙,25,ST,65,70,74,64,52,67,16,66,9387462,Vitória Setúbal,葡萄牙超级联赛,右,183,78,0,0
Conor Sammon,苏格兰,30,ST,65,65,75,65,54,58,35,85,3185522,Kilmarnock,苏格兰超级联赛,右,185,75,1,0
Dodi Lukebakio,比利时,19,W,65,79,80,60,60,74,20,52,13817459,RSC Anderlecht,比利时甲级联赛,左,178,60,0,0
Christian Pulisic,德国,18,W,65,83,80,53,57,74,28,60,5870948,Borussia Dortmund,德国甲级联赛,右,173,69,0,0
Jeroen Verhoeven,荷兰,36,GK,65,65,28,28,29,26,25,53,11627774,FC Volendam,荷兰甲级联赛,右,198,103,0,0
Douglas Abner,葡萄牙,20,ST,64,74,77,63,48,67,20,56,5386961,Boavista FC,葡萄牙超级联赛,右,175,63,0,0
Dorian Caddy,法国,21,ST,64,74,68,65,51,60,17,69,2944513,OGC Nice,法国甲级联赛,右,185,85,0,0
Morgaro Gomis,苏格兰,31,FB,64,64,75,63,61,68,69,76,11252247,Dundee United,苏格兰超级联赛,左,175,70,0,0
Lukasz Burliga,波兰,28,FB,64,64,70,54,55,56,66,72,5146005,Wisła Kraków,波兰甲级联赛,右,185,81,0,0
Rodrigo Arroz,葡萄牙,32,FB,64,75,62,49,48,49,62,70,3594193,CF Os Belenenses,葡萄牙超级联赛,右,183,76,0,0
Sebastian Mladen,葡萄牙,25,CB,64,75,68,38,43,45,64,72,4056590,S.C. Olhanense,葡萄牙超级联赛,右,183,75,0,0
Andrea Rispoli,意大利,28,FB,64,64,77,55,58,64,69,77,3955272,Palermo,意大利甲级联赛,右,188,82,0,0
Miguel Dachelet,比利时,28,FB,64,66,72,35,55,48,64,72,8065594,SV Zulte-Waregem,比利时甲级联赛,右,183,76,0,0
Justice Wamfor,比利时,35,FB,64,67,68,50,58,58,62,74,7143573,Beerschot AC,比利时甲级联赛,右,175,76,0,0
Xavier Hochstrasser,瑞士,28,CM,64,71,66,57,64,64,60,70,3557884,BSC Young Boys,瑞士超级联赛,右,180,76,0,0
Thibang Phete,葡萄牙,22,CM,64,72,66,57,61,68,64,67,13063973,Vitória Guimarães,葡萄牙超级联赛,右,188,77,0,0
Olivier Ntcham,意大利,20,CM,64,77,68,58,61,71,57,69,4412474,Genoa,意大利甲级联赛,右,180,80,0,0
Jordan Leborgne,法国,21,CAM,64,78,72,55,68,66,59,57,7558128,SM Caen,法国甲级联赛,右,173,63,0,0
Christoph Spycher,瑞士,38,CM,64,64,62,51,63,60,67,57,3589640,BSC Young Boys,瑞士超级联赛,左,175,75,0,0
Daniel Gygax,瑞士,35,ST,64,64,65,63,61,68,34,61,2976215,FC Luzern,瑞士超级联赛,右,178,75,1,0
Schumacher,葡萄牙,30,ST,64,64,34,65,54,68,24,61,3917588,Académica de Coimbra,葡萄牙超级联赛,左,193,83,0,0
Fabien Tchenkoua,比利时,24,W,64,68,82,56,51,69,33,53,2980616,Sint-Truidense VV,比利时甲级联赛,右,170,73,0,0
Sergiu Marian Radu,德国,39,ST,64,64,74,61,54,62,33,59,4860896,1. FC Köln,德国甲级联赛,右,183,68,2,0
Loris Reina,比利时,36,CM,64,68,66,60,62,58,63,68,4697076,KV Kortrijk,比利时甲级联赛,左,180,72,0,0
Cristian Llama,意大利,30,CAM,64,64,66,68,61,68,43,57,4687720,Catania,意大利甲级联赛,左,180,76,3,2
Pablo Barzola,法国,33,FB,64,64,76,46,57,66,64,70,7691447,SM Caen,法国甲级联赛,右,178,81,0,0
Bryan Heynen,比利时,19,CM,64,76,67,51,67,66,56,62,7155114,KRC Genk,比利时甲级联赛,右,175,64,0,0
Denis Bouanga,法国,22,W,64,75,75,62,53,68,18,47,8130912,FC Lorient,法国甲级联赛,左,180,71,0,0
Marcos Gelabert,瑞士,35,CM,64,64,56,54,64,69,62,60,6758544,Neuchâtel Xamax,瑞士超级联赛,右,180,76,0,0
William Gustavo,葡萄牙,24,CB,64,70,54,40,40,42,65,66,5401483,Académica de Coimbra,葡萄牙超级联赛,右,193,79,0,0
Chris Makiese,比利时,29,ST,64,68,76,61,52,60,25,67,10728963,SV Zulte-Waregem,比利时甲级联赛,右,183,74,0,0
Jesus Mendoza,西班牙,39,FB,64,64,65,51,61,52,63,65,7187044,Xerez Club Deportivo,西班牙甲级联赛,右,175,71,0,0
Alain Schultz,瑞士,33,CAM,64,64,70,66,68,60,44,61,3002152,Grasshopper Club Zürich,瑞士超级联赛,右,175,75,0,0
Dariusz Formella,波兰,21,ST,64,71,82,63,59,64,39,68,3665847,Lech Poznań,波兰甲级联赛,右,178,74,0,0
Alexandre D'Acol,苏格兰,30,ST,64,64,63,63,59,68,24,64,3205388,Hamilton Academical FC,苏格兰超级联赛,右,185,75,0,0
Roberto Stellone,意大利,39,ST,64,76,71,63,54,61,33,70,12548752,Torino,意大利甲级联赛,左,185,73,2,0
Tomasz Bandrowski,波兰,32,FB,64,64,74,59,68,56,67,63,4800516,Lech Poznań,波兰甲级联赛,右,178,65,0,0
Samuel Scheimann,荷兰,29,FB,64,68,74,65,58,61,60,72,1555391,Excelsior,荷兰甲级联赛,左,180,75,0,0
Johnny Vidales,葡萄牙,24,W,64,68,75,54,59,66,27,47,4785728,CS Marítimo,葡萄牙超级联赛,右,180,67,0,0
Collin Samuel,苏格兰,35,ST,64,68,82,63,62,68,14,65,5637001,St. Johnstone FC,苏格兰超级联赛,右,175,75,0,0
Ostoja Stjepanovic,波兰,31,FB,64,64,63,47,61,62,66,63,3090396,Wisła Kraków,波兰甲级联赛,右,175,74,0,0
Ludovic Delporte,西班牙,36,CAM,64,64,65,55,68,60,48,58,3417905,UD Almería,西班牙甲级联赛,左,178,74,0,0
Sergio Matabuena,西班牙,37,CM,64,64,40,55,67,50,61,62,4560954,Real Sporting de Gijón,西班牙甲级联赛,右,185,79,0,0
Morten Skoubo,荷兰,36,ST,64,64,58,63,60,57,26,63,3526914,Roda JC Kerkrade,荷兰甲级联赛,右,190,81,0,0
Ferebory Dore,法国,27,ST,64,65,76,63,49,64,19,71,9020138,Angers SCO,法国甲级联赛,右,193,81,0,0
Jonas De Roeck,比利时,37,CM,64,64,48,49,60,50,64,67,3376071,Oud-Heverlee Leuven,比利时甲级联赛,右,188,80,0,0
Ziguy Badibanga,比利时,25,ST,64,72,82,62,56,66,23,64,10504448,Sporting Charleroi,比利时甲级联赛,右,173,70,0,0
Wesley Moraes Ferreira Da Silva,比利时,20,ST,64,76,63,60,51,64,18,68,5709830,Club Brugge KV,比利时甲级联赛,右,190,93,0,0
Jean-David Beauguel,荷兰,24,ST,64,69,68,60,50,60,40,69,3289445,RKC Waalwijk,荷兰甲级联赛,左,193,85,0,0
Moises Garcia,西班牙,27,CB,64,69,68,29,33,34,66,74,5377611,Real Sporting de Gijón,西班牙甲级联赛,右,183,78,0,0
Won-Hee Cho,英格兰,33,FB,64,64,74,59,60,67,63,74,4874547,Wigan Athletic,英格兰超级联赛,右,178,72,0,0
Ze Eduardo,意大利,25,ST,64,66,74,62,67,66,37,81,13215348,Cesena,意大利甲级联赛,右,185,88,0,0
Jawhar Mnari,德国,40,CM,64,68,60,56,64,56,63,71,2328167,1. FC Nürnberg,德国甲级联赛,右,183,82,0,0
Michihirio Yasuda,荷兰,29,FB,64,70,74,44,54,64,63,75,5903840,Vitesse,荷兰甲级联赛,左,173,74,0,0
Helder,法国,28,FB,64,69,70,44,58,58,63,73,6036055,AS Nancy-Lorraine,法国甲级联赛,右,175,70,0,0
Joaquin Boghossian,比利时,29,ST,64,64,32,66,50,50,23,63,2765080,Beerschot AC,比利时甲级联赛,右,198,90,0,0
"Manuel Lara Martinez,26",西班牙,36,CM,64,64,32,46,56,44,64,56,4989352,CD Tenerife,西班牙甲级联赛,右,183,82,0,0
Philippe Clement,比利时,42,CM,64,73,40,55,65,42,66,67,4545903,Beerschot AC,比利时甲级联赛,右,190,87,0,0
Dugary Ndabashinze,比利时,27,ST,64,69,82,57,55,67,36,74,8163387,KRC Genk,比利时甲级联赛,右,183,77,0,0
Abdul-Yakinu Iddi,比利时,30,W,64,65,72,55,61,72,44,64,6690366,KV Mechelen,比利时甲级联赛,左,173,66,0,0
Kevin Geudens,比利时,36,CM,64,64,44,51,62,56,65,63,3131934,KV Mechelen,比利时甲级联赛,左,185,67,0,0
Bjorn Ruytinx,比利时,36,ST,64,64,46,68,58,50,38,73,2757728,Oud-Heverlee Leuven,比利时甲级联赛,右,183,85,0,0
Juan Ramon Cabrero Juanra,西班牙,36,FB,64,64,61,40,56,49,66,65,4208661,CD Numancia,西班牙甲级联赛,右,183,78,0,0
Simon Diedhiou,比利时,25,ST,64,68,80,64,47,64,17,68,4606693,KAA Gent,比利时甲级联赛,右,180,79,0,0
"Bruno Flavio Di Paula,18",葡萄牙,27,CAM,64,75,70,58,64,66,49,66,2979320,FC Paços de Ferreira,葡萄牙超级联赛,右,175,69,0,0
Mark Connolly,苏格兰,25,CB,64,70,53,24,57,41,63,74,4561461,Kilmarnock,苏格兰超级联赛,右,185,77,0,0
Rui Sacramento,葡萄牙,31,GK,64,64,39,20,27,19,16,55,5438631,FC Arouca,葡萄牙超级联赛,右,183,79,0,0
Said Husejinovic,德国,28,W,64,72,78,54,65,72,36,55,2737951,SV Werder Bremen,德国甲级联赛,右,178,73,0,0
Stijn Minne,比利时,38,FB,64,64,68,42,57,46,67,62,6517383,SV Zulte-Waregem,比利时甲级联赛,右,170,68,0,0
Tony Sergeant,比利时,39,CAM,64,64,39,65,67,60,50,59,6055492,KSV Cercle Brugge,比利时甲级联赛,右,183,74,0,0
Miguel Robuste,西班牙,31,CB,64,65,40,42,56,41,61,67,3436058,Levante UD,西班牙甲级联赛,右,183,78,0,0
Avto,葡萄牙,25,W,64,70,75,58,53,70,26,54,4112080,Gil Vicente FC,葡萄牙超级联赛,右,178,70,0,0
Robert Braber,荷兰,34,CM,64,64,36,66,62,67,58,68,5350887,RKC Waalwijk,荷兰甲级联赛,右,193,76,2,2
Pietro Marino,意大利,30,GK,64,72,57,25,31,18,14,67,5880632,Reggio Calabria,意大利甲级联赛,右,203,95,0,0
Javier Del Pino,西班牙,36,CAM,64,64,60,59,65,64,37,67,2048263,CD Numancia,西班牙甲级联赛,右,178,66,5,0
Craig Samson,苏格兰,32,GK,64,64,50,15,33,30,16,52,11592832,St. Mirren,苏格兰超级联赛,右,188,80,0,0
Silvan Aegerter,瑞士,36,CM,64,64,62,64,71,60,62,73,4959598,FC Zürich,瑞士超级联赛,左,180,73,0,0
Jonathan Buatu Mananga,比利时,23,FB,64,70,66,48,54,58,60,71,10248264,Waasland-Beveren,比利时甲级联赛,左,188,87,0,0
Ludovic Genest,法国,29,ST,64,64,79,63,58,60,20,65,5831350,LOSC Lille,法国甲级联赛,右,173,64,1,0
Juninho Bacuna,荷兰,19,CAM,64,76,72,56,65,70,53,64,7690309,FC Groningen,荷兰甲级联赛,右,185,75,0,0
Luca Tognozzi,意大利,39,CM,64,67,68,56,66,61,60,70,2297560,Reggio Calabria,意大利甲级联赛,右,183,74,0,0
Michael Lumb,德国,28,FB,64,68,70,55,63,62,66,61,6841395,SC Freiburg,德国甲级联赛,左,178,76,0,2
Christian Dorda,荷兰,28,FB,64,65,66,34,54,60,64,70,7155124,Heracles Almelo,荷兰甲级联赛,左,183,79,0,0
Gennaro Delvecchio,意大利,38,CM,64,64,33,60,65,66,60,71,4049498,Sampdoria,意大利甲级联赛,右,190,84,7,0
Nemanja Rnic,比利时,32,FB,64,64,68,46,49,48,62,68,4488297,Beerschot AC,比利时甲级联赛,右,178,73,0,0
Tobias Sana,荷兰,27,W,64,66,76,45,60,76,26,50,4482265,Ajax,荷兰甲级联赛,右,173,63,0,0
Bruninho,葡萄牙,28,ST,64,67,74,64,54,66,23,70,4149503,Vitória Setúbal,葡萄牙超级联赛,左,178,70,0,0
Nuno Campos,葡萄牙,23,FB,64,70,70,37,45,56,68,68,2936388,CD Nacional,葡萄牙超级联赛,右,175,71,0,0
Kevin Koubemba,法国,23,ST,64,68,70,62,50,58,23,69,5140438,LOSC Lille,法国甲级联赛,右,193,90,0,0
Elimane Coulibaly,比利时,36,ST,64,64,36,67,56,54,28,57,6510355,KAA Gent,比利时甲级联赛,右,190,89,0,0
Joerie Dequevy,比利时,28,W,64,67,77,58,58,68,28,58,2480528,KSV Roeselare,比利时甲级联赛,右,175,69,0,0
Piqueti,葡萄牙,23,W,64,71,75,63,56,70,24,59,3848388,SC Braga,葡萄牙超级联赛,右,173,72,0,0
Jordan Mustoe,比利时,25,FB,64,66,68,31,58,64,64,65,6802051,KVC Westerlo,比利时甲级联赛,左,180,75,0,0
Alex Valentini,瑞士,28,GK,64,64,40,18,22,12,15,44,4575191,Lugano,瑞士超级联赛,左,185,80,0,0
Pape Abdou Camara,法国,25,FB,64,70,72,56,62,65,62,70,4632606,Valenciennes FC,法国甲级联赛,右,190,80,0,0
Mawouna Amevor,荷兰,25,FB,64,69,71,41,63,62,65,74,2881557,Go Ahead Eagles,荷兰甲级联赛,右,193,83,1,0
Petar Sliskovic,瑞士,25,ST,64,72,72,64,49,66,26,62,4962283,FC Aarau,瑞士超级联赛,右,193,88,2,0
Filipe Anunciacao,葡萄牙,37,CM,64,64,50,50,64,60,64,60,3153478,FC Paços de Ferreira,葡萄牙超级联赛,右,180,78,0,0
Germano Vailati,瑞士,36,GK,64,64,32,15,26,18,12,51,4933228,FC St. Gallen,瑞士超级联赛,左,185,84,0,0
Mark de Man,比利时,33,FB,64,69,66,47,64,58,66,65,3396780,Beerschot AC,比利时甲级联赛,右,178,79,0,0
Rafal Boguski,波兰,32,W,64,64,68,51,66,62,31,61,4163778,Wisła Kraków,波兰甲级联赛,右,173,69,0,0
Slimane Sissoko,法国,25,ST,64,66,58,62,50,64,24,62,5166015,Angers SCO,法国甲级联赛,左,190,79,0,0
Marian Kello,苏格兰,34,GK,64,64,38,25,28,24,24,56,5655166,Heart of Midlothian,苏格兰超级联赛,右,188,87,0,0
Kevin Diaz,法国,28,W,64,65,76,61,57,66,30,55,3868615,OGC Nice,法国甲级联赛,左,175,65,0,0
Xavier Luissint,比利时,32,CM,64,64,64,61,57,58,66,68,2630322,KV Oostende,比利时甲级联赛,右,178,80,0,0
Adam Pazio,波兰,24,FB,64,68,82,51,56,62,62,60,5863703,Podbeskidzie Bielsko-Biała,波兰甲级联赛,右,183,72,0,0
Tom Muyters,荷兰,32,GK,64,64,57,23,32,21,16,56,3389606,Excelsior,荷兰甲级联赛,左,188,82,0,0
Oluwafemi Ajilore,荷兰,31,CM,64,64,66,60,63,62,63,69,2788083,FC Groningen,荷兰甲级联赛,左,183,78,0,0
Witi,葡萄牙,20,W,64,73,86,58,55,66,30,48,11132214,CD Nacional,葡萄牙超级联赛,左,178,65,0,0
Massimo Colomba,瑞士,39,GK,64,64,53,21,26,18,16,70,3372674,FC Basel,瑞士超级联赛,右,190,82,0,0
Ibrahim Ayew,比利时,28,FB,64,68,80,55,61,62,64,74,6650699,Lierse SK,比利时甲级联赛,右,178,75,0,0
Manuel Giandonato,意大利,25,CM,64,67,58,60,69,62,61,66,8597776,Juventus,意大利甲级联赛,右,188,77,0,0
Patrick Joosten,荷兰,20,ST,64,76,83,60,54,70,24,68,6106701,FC Utrecht,荷兰甲级联赛,右,185,73,0,0
Gary Dicker,苏格兰,30,CM,64,64,62,47,68,60,53,73,3999671,Kilmarnock,苏格兰超级联赛,右,183,81,0,0
Assane Diousse,意大利,19,FB,64,80,72,44,69,70,58,64,4549212,Empoli,意大利甲级联赛,右,175,68,0,0
Jerome Leroy,法国,42,CAM,64,64,56,59,68,65,30,55,3048022,Stade Rennais FC,法国甲级联赛,右,185,75,4,0
Daniel Beichler,瑞士,28,ST,64,66,80,63,62,64,36,68,3515334,FC St. Gallen,瑞士超级联赛,右,183,77,0,0
Larsen Toure,法国,32,ST,64,64,84,65,53,64,33,66,5629392,Stade Brestois 29,法国甲级联赛,右,183,81,6,0
Tomislav Kis,比利时,22,ST,64,71,68,67,49,66,17,65,8239003,KV Kortrijk,比利时甲级联赛,右,180,75,0,0
Anther Yahia,德国,34,CB,64,64,36,42,42,42,66,52,4828259,VfL Bochum,德国甲级联赛,左,183,75,2,0
Agon Mehmeti,葡萄牙,27,ST,64,65,65,65,54,55,25,71,2757356,S.C. Olhanense,葡萄牙超级联赛,右,183,79,0,0
Jim McAlister,苏格兰,31,CM,64,64,72,57,63,64,54,75,5436459,Dundee FC,苏格兰超级联赛,右,180,72,0,0
Ognjen Mudrinski,瑞士,25,ST,64,70,62,66,52,58,27,69,3152729,FC Aarau,瑞士超级联赛,左,185,86,0,0
Dieter Dekelver,比利时,37,ST,64,64,73,66,56,54,35,71,3705452,KVC Westerlo,比利时甲级联赛,右,180,75,0,0
Denis Viane,比利时,39,FB,64,65,66,50,61,48,68,68,2548204,KSV Cercle Brugge,比利时甲级联赛,右,178,72,0,0
Andrea Russotto,瑞士,28,ST,64,78,75,63,62,66,29,64,5731764,AC Bellinzona,瑞士超级联赛,右,175,66,0,0
Joao Paulo,葡萄牙,36,ST,64,64,59,63,51,61,14,62,6851319,Leixões SC,葡萄牙超级联赛,右,188,79,0,0
Marcus Regis Coco,法国,20,W,64,78,86,61,51,70,33,62,8120880,En Avant de Guingamp,法国甲级联赛,右,180,75,0,0
Tarik Kada,荷兰,20,W,64,75,78,63,51,72,28,49,4715747,Heracles Almelo,荷兰甲级联赛,右,175,74,0,0
Josa,葡萄牙,32,FB,64,68,56,49,57,54,66,68,9072201,Rio Ave FC,葡萄牙超级联赛,左,183,76,0,0
Francois Affolter,瑞士,25,FB,64,68,72,40,62,60,64,63,3194900,BSC Young Boys,瑞士超级联赛,右,185,76,0,0
Grenddy Perozo,法国,30,FB,64,64,78,31,54,62,61,77,6486484,AC Ajaccio,法国甲级联赛,左,183,78,2,0
Dennis Grote,德国,30,W,64,64,79,60,60,65,54,65,7604683,VfL Bochum,德国甲级联赛,左,183,73,4,0
Mark Volders,比利时,39,GK,64,64,41,21,33,19,17,54,5270121,Sint-Truidense VV,比利时甲级联赛,左,188,83,0,0
Jeroen Lumu,荷兰,21,ST,64,76,84,63,43,66,25,63,4510635,Willem II,荷兰甲级联赛,左,180,64,0,0
Samed Yesil,瑞士,22,ST,64,74,74,59,44,70,17,62,6838494,FC Luzern,瑞士超级联赛,右,180,72,0,0
Zouhaier Dhaouadhi,法国,28,ST,64,64,76,73,44,71,29,63,5471762,Évian Thonon Gaillard FC,法国甲级联赛,左,180,72,1,0
Andrea Esposito,意大利,30,CB,64,64,51,30,37,38,64,73,10100939,Lecce,意大利甲级联赛,右,190,84,2,1
Oguzhan Turk,荷兰,30,CAM,64,64,66,68,68,66,58,70,5770140,VVV-Venlo,荷兰甲级联赛,左,175,70,0,0
Julian de Guzman,西班牙,35,CM,64,64,62,58,64,64,62,57,2625179,RC Deportivo de La Coruña,西班牙甲级联赛,右,170,68,0,0
Julien Romain,法国,20,W,64,70,70,62,58,72,39,48,7595489,AS Monaco,法国甲级联赛,右,180,70,0,0
Desevio Payne,荷兰,21,FB,64,74,71,34,48,54,68,62,6611734,FC Groningen,荷兰甲级联赛,右,183,73,0,0
Juanto,葡萄牙,24,ST,64,70,68,67,51,70,15,72,5001887,CF Os Belenenses,葡萄牙超级联赛,右,178,72,0,0
Odisseas Vlachodimos,德国,22,GK,64,76,43,16,26,18,15,58,6934298,VfB Stuttgart,德国甲级联赛,右,190,77,0,0
Magique,葡萄牙,23,W,64,70,68,61,57,74,40,62,8963519,Académica de Coimbra,葡萄牙超级联赛,左,180,79,0,0
Sebastian Rudol,波兰,21,FB,64,71,73,35,52,50,62,68,9280615,Pogoń Szczecin,波兰甲级联赛,右,183,77,0,0
Pecks,葡萄牙,23,CB,64,72,50,34,49,42,62,70,3309767,Gil Vicente FC,葡萄牙超级联赛,右,193,80,0,0
Boris Smiljanic,瑞士,40,CM,64,64,30,59,57,48,60,64,4136526,Grasshopper Club Zürich,瑞士超级联赛,左,190,90,0,0
Robbie Fowler,英格兰,41,ST,64,84,53,69,60,62,28,52,4607382,Bolton Wanderers,英格兰超级联赛,左,180,78,0,0
Sergei Pylypchuk,波兰,32,ST,64,64,61,68,65,60,42,70,3012310,Korona Kielce,波兰甲级联赛,左,185,85,0,0
Rafael Batatinha,葡萄牙,26,ST,64,70,77,60,55,66,18,67,6164220,SC Beira Mar,葡萄牙超级联赛,右,183,71,0,0
Tijani Belaid,葡萄牙,29,W,64,68,73,59,64,67,35,57,5054634,Académica de Coimbra,葡萄牙超级联赛,右,180,76,0,0
Maurizio Ciaramitaro,瑞士,34,CM,64,64,48,46,69,64,55,69,1429924,AC Bellinzona,瑞士超级联赛,右,180,76,0,0
Emil Johansson,荷兰,30,FB,64,64,80,58,60,64,60,65,4922141,FC Groningen,荷兰甲级联赛,左,170,64,0,0
Kieran Tierney,苏格兰,19,FB,64,80,71,27,46,60,65,62,7260385,Celtic,苏格兰超级联赛,左,178,70,0,0
Fiodor Cernych,波兰,25,ST,64,68,72,63,57,66,15,65,4219725,Górnik Łęczna,波兰甲级联赛,左,183,75,0,0
Thimothee Atouba,德国,34,CM,64,64,61,52,63,72,62,65,10300390,Hamburger SV,德国甲级联赛,左,190,78,0,0
Adama Coulibaly,法国,36,CM,64,64,47,46,54,50,62,65,3848289,AJ Auxerre,法国甲级联赛,右,185,83,0,0
Michael Dingsdag,瑞士,34,CM,64,64,62,62,60,54,64,70,3388743,FC Sion,瑞士超级联赛,左,188,74,0,0
"Bedi Bastien Buval,29",葡萄牙,30,ST,64,64,64,62,52,60,29,74,4180750,Feirense,葡萄牙超级联赛,右,188,82,0,0
Rafael Sastre,西班牙,41,FB,64,64,63,48,57,58,68,58,7263484,Real Sporting de Gijón,西班牙甲级联赛,右,178,75,0,0
Peter Franquart,比利时,31,CM,64,64,42,51,61,46,65,67,11053531,RAEC Mons,比利时甲级联赛,左,183,82,0,0
Bart Deelkens,比利时,38,GK,64,64,56,19,23,22,14,62,4637946,KVC Westerlo,比利时甲级联赛,左,188,84,0,0
Leon Broekhof,荷兰,28,CM,64,68,48,41,56,56,62,64,7674744,De Graafschap,荷兰甲级联赛,左,188,82,0,0
Bogdan Milic,荷兰,29,ST,64,64,56,61,43,50,27,59,4831307,ADO Den Haag,荷兰甲级联赛,左,203,98,0,0
Dennis Telgenkamp,荷兰,29,GK,64,66,49,25,25,23,25,48,10130164,Heracles Almelo,荷兰甲级联赛,右,193,87,0,0
Nicky Kuiper,荷兰,27,CM,64,65,53,53,58,64,68,66,8849157,FC Twente,荷兰甲级联赛,左,183,84,0,0
Pablo,西班牙,28,FB,64,64,82,51,61,70,67,68,11354317,Málaga CF,西班牙甲级联赛,右,175,64,0,0
Romain Elie,比利时,31,CB,64,64,58,32,58,44,64,76,6047840,Sporting Charleroi,比利时甲级联赛,左,180,77,0,0
Jed Steer,英格兰,24,GK,64,69,50,15,28,15,14,52,3806414,Aston Villa,英格兰超级联赛,左,183,80,0,0
Romano Perticone,意大利,30,CB,64,64,48,48,45,41,64,73,2860257,Livorno,意大利甲级联赛,右,183,75,0,0
Bruno Santos,葡萄牙,23,FB,64,72,68,30,37,58,70,68,4309006,FC Paços de Ferreira,葡萄牙超级联赛,右,183,75,0,0
Sergio Boris,西班牙,36,CM,64,73,54,51,67,54,65,61,2989955,CD Numancia,西班牙甲级联赛,左,185,76,0,0
Nikola Zigic,西班牙,36,CAM,64,64,36,68,69,60,44,59,4616593,Racing Santander,西班牙甲级联赛,右,203,96,22,6
Fabrice Begeorgi,法国,29,FB,64,64,77,64,59,64,64,68,4835891,AC Ajaccio,法国甲级联赛,右,178,79,0,0
Juanan,德国,29,CB,64,64,30,40,50,44,63,60,6803200,Fortuna Düsseldorf,德国甲级联赛,左,193,87,1,0
Marek Zienczuk,波兰,38,CAM,64,64,47,68,68,66,41,52,5911502,Ruch Chorzów,波兰甲级联赛,左,183,75,0,0
Samuel Asamoah,比利时,22,FB,64,71,67,48,62,72,59,56,3217682,Oud-Heverlee Leuven,比利时甲级联赛,右,163,60,0,0
Giulio Sanseverino,意大利,22,W,64,74,76,59,58,67,29,58,9776757,Parma,意大利甲级联赛,右,173,62,0,0
Razak Boukari,法国,29,W,64,64,78,62,59,68,24,47,6666894,RC Lens,法国甲级联赛,右,183,70,6,0
Sebastien Chabbert,比利时,38,GK,64,64,38,25,24,23,24,55,3624877,Sporting Charleroi,比利时甲级联赛,右,185,80,0,0
Dimas Delgado,西班牙,33,CM,64,64,56,64,67,69,58,74,4408295,CD Numancia,西班牙甲级联赛,右,183,75,0,0
Javier Venta,西班牙,41,CM,64,64,54,44,64,62,67,50,2481424,Levante UD,西班牙甲级联赛,右,180,74,1,4
Kwabena Asamoa Frimpong,瑞士,34,ST,64,64,72,63,54,62,24,65,4080461,FC Luzern,瑞士超级联赛,右,178,80,0,0
Steven Hammell,苏格兰,34,FB,64,64,64,48,58,62,63,77,6661320,Motherwell,苏格兰超级联赛,左,173,78,0,0
Jaime Alfonso Ruiz,比利时,32,ST,64,64,70,65,47,60,20,63,6860777,KVC Westerlo,比利时甲级联赛,右,183,79,0,0
Manuele Blasi,意大利,36,CM,64,64,57,51,64,64,68,63,3528183,Napoli,意大利甲级联赛,右,178,73,0,0
Ivan Gonzalez,西班牙,28,CB,64,68,60,29,55,52,58,77,2748047,Málaga CF,西班牙甲级联赛,右,183,84,1,0
Perez Richi,西班牙,39,CM,64,64,40,53,69,64,56,50,5118076,CD Tenerife,西班牙甲级联赛,右,188,77,1,0
Gonzalo Zarate,瑞士,32,W,64,64,68,62,64,68,19,57,7334908,Grasshopper Club Zürich,瑞士超级联赛,左,183,73,0,0
Fethi Harek,法国,34,FB,64,64,64,38,63,61,66,66,10320586,SC Bastia,法国甲级联赛,左,175,65,1,1
Edson Rivera,葡萄牙,25,ST,64,68,70,65,53,66,27,66,9130900,SC Beira Mar,葡萄牙超级联赛,左,180,77,0,0
Salvatore Andrea Molina,意大利,24,W,64,70,76,50,62,72,33,66,7225827,Atalanta,意大利甲级联赛,右,175,73,0,0
Rafal Kosznik,波兰,33,FB,64,64,70,61,60,60,63,66,1469195,Polonia Bytom,波兰甲级联赛,左,183,76,0,0
Marcin Pietrowski,波兰,28,CM,64,64,66,58,62,62,64,73,3585639,Lechia Gdańsk,波兰甲级联赛,右,183,83,0,0
Antonio Ghomsi,比利时,30,FB,64,65,78,43,59,64,62,76,5408827,KV Mechelen,比利时甲级联赛,左,178,79,0,0
Martin Konczkowski,波兰,23,FB,64,71,76,35,59,63,62,67,4357127,Ruch Chorzów,波兰甲级联赛,右,180,74,0,0
Birger Verstraete,比利时,22,CM,64,70,66,51,65,64,62,61,4090544,KV Kortrijk,比利时甲级联赛,右,175,66,0,0
Alexis Norambuena Ruz,波兰,32,FB,64,64,71,50,58,61,60,79,6601126,Jagiellonia Białystok,波兰甲级联赛,右,173,72,0,0
Marwan Mohsen,葡萄牙,27,ST,64,65,67,61,45,63,18,68,5169608,Gil Vicente FC,葡萄牙超级联赛,右,188,82,0,0
Joeri de Kamps,荷兰,24,FB,64,68,66,49,59,67,60,68,5271607,NAC Breda,荷兰甲级联赛,左,183,74,0,1
Neil Alexander,苏格兰,38,GK,64,64,54,16,32,18,16,61,4688219,Heart of Midlothian,苏格兰超级联赛,右,185,74,0,0
Laglais Xavier Kouassi,瑞士,27,FB,64,66,74,54,66,63,57,76,4328661,FC Sion,瑞士超级联赛,右,173,68,0,0
Karel van Roose,比利时,26,FB,64,66,63,44,58,56,65,68,6485038,KSV Cercle Brugge,比利时甲级联赛,右,183,77,0,0
Marnon-Thomas Busch,德国,22,FB,64,74,82,48,51,60,61,63,4032645,SV Werder Bremen,德国甲级联赛,右,183,80,0,0
Jonathan Ayite,法国,31,ST,64,64,73,64,61,63,27,70,2967135,Stade Brestois 29,法国甲级联赛,右,183,75,6,0
Wojciech Kaczmarek,波兰,33,GK,64,64,30,16,34,18,16,52,2497862,Cracovia,波兰甲级联赛,右,201,99,0,0
"Francisco Munoz Xisco,18",西班牙,36,ST,64,64,62,71,60,62,26,53,8070665,Levante UD,西班牙甲级联赛,左,175,69,2,0
Jose Kante,波兰,26,ST,64,68,66,59,62,68,19,61,7184395,Polonia Bytom,波兰甲级联赛,左,183,76,0,0
Ellyes Skhiri,法国,21,CM,64,69,62,62,66,66,65,63,6685679,Montpellier Hérault SC,法国甲级联赛,右,185,69,0,0
Thomas Scobbie,苏格兰,28,CB,64,64,54,14,56,62,66,60,4518955,St. Johnstone FC,苏格兰超级联赛,左,183,70,0,0
Maximilian Nicu,德国,34,CAM,64,64,72,61,61,63,55,62,3445801,Hertha BSC Berlin,德国甲级联赛,右,185,75,3,1
Goldim Diego Gaucho,葡萄牙,35,CB,64,64,52,44,48,38,60,73,6904801,"União de Leiria, SAD",葡萄牙超级联赛,右,185,84,0,0
Dejan Skolnik,葡萄牙,27,CAM,64,68,70,66,67,70,45,65,2662346,CD Nacional,葡萄牙超级联赛,左,175,74,0,0
Daniel Seaborne,苏格兰,29,CB,64,64,52,24,51,44,64,76,4742960,Partick Thistle F.C.,苏格兰超级联赛,左,190,75,0,0
Clarck Nsikulu,法国,24,W,64,70,81,59,56,69,23,63,4299135,Évian Thonon Gaillard FC,法国甲级联赛,右,178,72,3,0
Jordi Vanlerberghe,比利时,20,FB,64,76,72,61,61,64,64,61,5039484,KV Mechelen,比利时甲级联赛,右,188,82,0,0
William Jebor,葡萄牙,25,ST,64,69,75,66,43,59,26,76,3676136,Rio Ave FC,葡萄牙超级联赛,右,183,75,0,0
Patrick Andrade,葡萄牙,23,CAM,64,68,70,56,66,66,46,59,4372619,Moreirense FC,葡萄牙超级联赛,左,175,70,0,0
Maurice Hirsch,德国,23,FB,64,72,59,38,55,56,66,63,2002206,Hannover 96,德国甲级联赛,右,175,69,0,0
Omar Daf,法国,39,FB,64,64,54,37,56,52,69,58,1928774,Stade Brestois 29,法国甲级联赛,右,178,71,1,0
Jakub Vojtus,葡萄牙,23,ST,64,74,72,65,42,58,25,67,4302911,S.C. Olhanense,葡萄牙超级联赛,右,185,78,0,0
Samir Fazli,荷兰,25,ST,64,69,70,64,52,64,32,65,3452660,Heracles Almelo,荷兰甲级联赛,右,185,75,0,0
Laurent Henkinet,比利时,24,GK,64,69,58,21,37,19,15,54,4008527,Waasland-Beveren,比利时甲级联赛,右,188,87,0,0
Krisztian Simon,荷兰,25,W,64,68,82,57,57,63,26,50,3781798,Feyenoord,荷兰甲级联赛,右,175,67,0,0
Billy King,苏格兰,22,W,64,70,80,55,60,64,24,63,4699114,Heart of Midlothian,苏格兰超级联赛,右,178,68,0,0
Ricardo Fernandes,葡萄牙,38,CB,64,64,34,41,52,36,64,61,2687219,Moreirense FC,葡萄牙超级联赛,左,185,74,0,0
Alexandre Barthe,瑞士,30,CB,64,64,67,36,52,40,64,71,3653311,Grasshopper Club Zürich,瑞士超级联赛,右,183,79,0,0
Roland Gigolaev,波兰,26,W,64,65,74,61,63,64,46,63,7494311,Ruch Chorzów,波兰甲级联赛,右,175,70,0,0
Mariusz Przybylski,波兰,34,CM,64,64,48,57,65,58,63,69,12540033,Polonia Bytom,波兰甲级联赛,右,183,73,0,0
Grzegorz Sandomierski,波兰,27,GK,64,66,45,15,40,16,17,59,3881918,Jagiellonia Białystok,波兰甲级联赛,左,196,86,0,0
Neven Markovic,波兰,29,FB,64,64,68,42,62,54,65,67,4853302,Lechia Gdańsk,波兰甲级联赛,左,185,78,0,0
Radosav Petrovic,英格兰,27,CM,64,67,56,68,65,62,57,69,8565964,Blackburn Rovers,英格兰超级联赛,右,193,82,0,0
Piotr Tomasik,波兰,29,FB,64,64,64,43,63,58,66,64,10434520,Jagiellonia Białystok,波兰甲级联赛,左,178,72,0,0
Mateusz Machaj,波兰,27,ST,64,66,72,64,60,64,34,65,4611340,Lechia Gdańsk,波兰甲级联赛,右,175,67,0,0
Roei Dayan,比利时,32,ST,64,64,62,65,56,62,20,63,9996133,Beerschot AC,比利时甲级联赛,右,185,80,0,0
Scott Bain,苏格兰,25,GK,64,70,44,16,34,12,13,42,6033486,Dundee FC,苏格兰超级联赛,右,180,75,0,0
Ovidy Obvious Karuru,比利时,27,FB,64,65,76,52,62,64,53,70,8369307,Oud-Heverlee Leuven,比利时甲级联赛,右,180,68,0,0
Antonini Culina,瑞士,24,ST,64,68,74,66,54,68,29,61,5241383,Lugano,瑞士超级联赛,左,183,77,4,0
Julian Montenegro,葡萄牙,27,FB,64,64,76,62,55,69,60,72,3056396,Boavista FC,葡萄牙超级联赛,左,183,70,0,0
Junior Agogo,苏格兰,37,ST,64,64,81,58,46,58,16,71,5442237,Hibernian,苏格兰超级联赛,右,178,73,0,0
Kevin Pezzoni,德国,27,CB,64,72,44,41,50,46,60,72,5500827,1. FC Köln,德国甲级联赛,左,193,91,2,0
Daniel Swanson,苏格兰,30,CAM,64,64,75,62,64,64,55,64,1538361,Dundee United,苏格兰超级联赛,右,168,59,0,0
Blazey Augustyn,波兰,28,CM,64,64,54,51,54,51,62,71,5248385,Polonia Bytom,波兰甲级联赛,右,190,85,0,0
Johan Bertilsson,波兰,28,ST,64,64,72,62,61,64,27,63,10780555,Zagłębie Lubin,波兰甲级联赛,右,178,68,0,0
Wilfried Zahibo,西班牙,23,FB,64,74,59,39,61,50,63,68,9119455,Valencia CF,西班牙甲级联赛,左,190,80,0,0
John Souttar,苏格兰,20,FB,64,77,74,27,61,67,64,68,5733570,Dundee United,苏格兰超级联赛,右,188,75,0,0
Konstantinos Rougalas,比利时,23,CB,64,70,61,42,59,38,65,67,3274929,Oud-Heverlee Leuven,比利时甲级联赛,右,188,79,0,0
Sigourney Bandjar,荷兰,32,FB,64,64,70,45,59,63,64,72,4451861,RKC Waalwijk,荷兰甲级联赛,右,175,78,0,0
David Da Costa,瑞士,30,GK,64,64,42,17,37,19,17,46,4829036,FC Zürich,瑞士超级联赛,左,185,76,0,0
Hope Akpan,英格兰,25,FB,64,70,72,57,62,66,63,74,3303929,Reading,英格兰超级联赛,右,183,81,0,3
Duarte Machado,葡萄牙,33,FB,64,64,76,43,53,59,63,67,3610873,CF Os Belenenses,葡萄牙超级联赛,右,175,73,0,0
Ebinho,葡萄牙,28,ST,64,66,68,67,45,65,20,63,5050639,CS Marítimo,葡萄牙超级联赛,右,178,74,0,0
Samuel Bouhours,法国,29,CB,64,64,58,32,60,56,67,69,5877256,AC Ajaccio,法国甲级联赛,左,183,75,1,0
Juha Hakola,荷兰,29,ST,64,72,76,63,48,68,17,63,4817787,Willem II,荷兰甲级联赛,右,175,63,0,0
Steven Robb,苏格兰,34,W,64,65,66,52,63,66,38,62,2461155,St. Mirren,苏格兰超级联赛,左,168,59,0,0
Felipe Morais,苏格兰,31,W,64,64,78,52,58,66,36,69,6944914,St. Johnstone FC,苏格兰超级联赛,右,175,83,0,0
Andreas Goerlitz,德国,34,FB,64,64,68,54,59,62,64,68,4301444,Karlsruher SC,德国甲级联赛,右,180,74,0,0
Michal Nalepa,波兰,23,FB,64,71,60,48,48,61,61,74,5832319,Wisła Kraków,波兰甲级联赛,右,190,81,0,0
Mark Howard,苏格兰,30,GK,64,64,36,17,28,22,17,53,7038762,St. Mirren,苏格兰超级联赛,右,183,76,0,0
Lyle Taylor,苏格兰,26,W,64,66,82,62,53,64,35,57,10189664,Partick Thistle F.C.,苏格兰超级联赛,右,188,80,0,0
Manasse Enza-Yamissi,葡萄牙,27,FB,64,68,76,40,47,58,64,76,5313294,Gil Vicente FC,葡萄牙超级联赛,左,190,82,0,0
Miro Varvodic,德国,27,GK,64,68,53,24,30,24,25,64,4468398,1. FC Köln,德国甲级联赛,右,190,85,0,0
Mario Ticinovic,比利时,25,FB,64,67,72,51,61,68,60,63,8212271,Sporting Lokeren,比利时甲级联赛,右,173,70,0,0
Andrew Considine,苏格兰,29,CB,64,64,58,23,55,56,68,80,4432295,Aberdeen,苏格兰超级联赛,左,183,75,0,0
Sandro Wieser,瑞士,23,CM,64,72,66,58,64,66,62,69,3973793,FC Thun,瑞士超级联赛,左,185,80,2,0
Hussein Yasser,比利时,34,W,64,64,71,59,63,67,26,46,4410800,Lierse SK,比利时甲级联赛,右,165,62,0,0
Michal Papadopoulos,波兰,31,ST,64,64,66,64,57,58,28,70,6194169,Zagłębie Lubin,波兰甲级联赛,右,183,79,0,0
Jean-Jacques Pierre,法国,35,GK,64,64,32,36,50,44,64,71,3140752,FC Nantes,法国甲级联赛,右,180,80,0,0
Leandro Pimenta,葡萄牙,26,CM,64,70,56,53,68,64,53,66,5927329,Gil Vicente FC,葡萄牙超级联赛,左,178,73,0,0
Maxime Blanc,法国,24,CAM,64,73,74,44,71,62,42,52,4884668,FC Nantes,法国甲级联赛,右,165,57,0,0
Nwankwo Kanu,英格兰,40,CAM,64,64,36,63,62,76,28,51,6244615,Portsmouth,英格兰超级联赛,右,196,82,3,2
Jody Morris,苏格兰,38,CM,64,64,47,53,68,70,64,72,3552019,St. Johnstone FC,苏格兰超级联赛,右,165,64,0,0
Adam Drury,英格兰,38,FB,64,64,58,37,58,66,68,65,4827406,Norwich City,英格兰超级联赛,左,180,73,0,0
Theo Lucius,荷兰,40,CM,64,64,62,63,63,62,66,63,3725490,Feyenoord,荷兰甲级联赛,右,183,76,0,0
Joao Coimbra,葡萄牙,30,CM,64,67,56,66,69,65,58,66,2492249,Estoril Praia,葡萄牙超级联赛,右,183,83,0,0
Arsenio Valpoort,荷兰,24,W,64,74,83,62,52,68,26,64,4746262,PEC Zwolle,荷兰甲级联赛,右,185,80,0,0
Edwin de Graaf,荷兰,36,CAM,64,64,64,64,65,63,54,69,3252237,NAC Breda,荷兰甲级联赛,右,185,79,0,0
Jeremy Henin,法国,39,GK,64,64,30,24,57,45,64,59,3765724,Le Havre AC,法国甲级联赛,右,185,78,0,0
Ousmane Coulibaly,法国,27,FB,64,68,75,42,58,50,62,67,5690168,Stade Brestois 29,法国甲级联赛,右,183,75,0,0
Temitope Ayoluwa Obadeyi,苏格兰,27,W,64,66,87,62,55,62,31,64,9355789,Kilmarnock,苏格兰超级联赛,左,183,86,0,0
Djimi Traore,法国,36,CM,64,64,55,54,49,56,62,64,6558784,AS Monaco,法国甲级联赛,左,190,86,0,0
Roland Linz,瑞士,35,ST,64,64,42,66,50,57,25,71,3985711,Grasshopper Club Zürich,瑞士超级联赛,右,185,78,0,0
Jonathan Page,苏格兰,26,FB,64,73,71,27,54,60,65,56,8702827,Motherwell,苏格兰超级联赛,右,185,78,0,0
Francesco Marianini,意大利,37,CM,64,64,62,60,65,65,62,66,3214113,Novara,意大利甲级联赛,右,185,76,1,0
Gianluca Musacci,意大利,29,CAM,64,64,65,50,71,59,35,68,5910170,Parma,意大利甲级联赛,右,180,72,0,0
Robert Olejnik,苏格兰,30,GK,64,64,38,16,27,17,14,48,4468251,Falkirk,苏格兰超级联赛,右,188,83,0,0
Marciano Bruma,波兰,32,FB,64,66,71,32,56,64,62,71,3149147,Arka Gdynia,波兰甲级联赛,右,178,78,0,0
Elizeu,葡萄牙,27,CM,64,68,61,60,63,66,64,72,7329725,CD Nacional,葡萄牙超级联赛,右,183,76,0,0
Quentin Cornette,法国,22,W,64,71,77,62,60,70,46,57,3963381,Montpellier Hérault SC,法国甲级联赛,右,173,74,0,0
Abdoul Ba,法国,22,CB,64,70,52,33,40,44,65,60,10748879,RC Lens,法国甲级联赛,右,201,96,0,0
Mauricio Antonio,葡萄牙,24,CB,64,69,65,31,39,47,68,63,5847828,CS Marítimo,葡萄牙超级联赛,右,183,82,0,0
Michael Ngoo,苏格兰,24,ST,64,68,78,61,43,62,28,66,3772265,Heart of Midlothian,苏格兰超级联赛,右,198,76,0,0
Stephen Hunt,英格兰,35,CAM,64,64,68,62,65,64,53,61,5131912,Wolverhampton Wanderers,英格兰超级联赛,左,173,72,12,10
Carsten Cullmann,德国,40,CB,64,68,54,47,51,36,64,73,4307321,1. FC Nürnberg,德国甲级联赛,右,188,82,0,0
Carlos Clerc,西班牙,24,FB,64,70,78,43,49,58,62,67,2408010,Villarreal CF,西班牙甲级联赛,左,180,72,0,0
Christian Alfonso,西班牙,27,W,64,68,74,57,61,67,33,58,4879794,RCD Espanyol,西班牙甲级联赛,右,178,75,0,0
Alessandro Damen,荷兰,26,GK,64,66,50,27,34,20,18,57,2819858,Excelsior,荷兰甲级联赛,右,185,83,0,0
Paulo Sousa,葡萄牙,41,CM,64,71,62,57,69,58,62,65,1725313,FC Paços de Ferreira,葡萄牙超级联赛,左,173,70,0,0
Lee McCulloch,苏格兰,38,CM,64,64,34,65,63,50,59,70,6615370,Rangers,苏格兰超级联赛,右,185,84,1,0
Michael Pollitt,英格兰,44,GK,64,64,26,26,40,22,24,60,2182727,Wigan Athletic,英格兰超级联赛,右,193,88,0,0
Deleu,波兰,32,FB,64,64,74,53,62,63,62,70,11195396,Lechia Gdańsk,波兰甲级联赛,右,175,77,0,0
Victor Mareco,意大利,32,CB,64,73,52,33,56,41,72,75,4427648,Brescia,意大利甲级联赛,右,188,82,0,0
Barry Robson,苏格兰,38,CAM,64,64,53,73,68,68,57,65,4705025,Aberdeen,苏格兰超级联赛,左,180,76,0,0
Evandro Brandao,葡萄牙,25,ST,64,72,77,63,46,64,16,64,4186476,S.C. Olhanense,葡萄牙超级联赛,右,178,74,0,0
Vitor Goncalves,葡萄牙,24,CAM,64,69,67,64,68,66,48,67,5275805,Gil Vicente FC,葡萄牙超级联赛,右,175,68,0,0
Graham Alexander,英格兰,45,CM,64,64,54,63,64,60,67,62,2526350,Burnley,英格兰超级联赛,右,180,76,7,1
Sebastian Nowak,波兰,34,GK,64,64,33,18,35,18,17,46,3427276,Polonia Bytom,波兰甲级联赛,左,198,96,0,0
Souleymane Adama Diamoutene,意大利,33,FB,64,64,66,50,46,40,66,65,5543470,Lecce,意大利甲级联赛,右,183,80,1,0
Vitor Bastos,葡萄牙,26,CM,64,66,52,44,56,50,61,66,4463150,S.C. Olhanense,葡萄牙超级联赛,右,190,86,0,0
Marcin Malinowski,波兰,41,CM,64,64,38,65,66,50,64,53,6840061,Ruch Chorzów,波兰甲级联赛,右,178,74,0,0
Mariusz Zganiacz,波兰,32,CAM,64,64,69,58,67,64,56,52,2902230,Piast Gliwice,波兰甲级联赛,右,173,70,0,0
Krzysztof Pilarz,波兰,36,GK,64,64,48,15,41,16,18,55,4179055,Cracovia,波兰甲级联赛,右,183,78,0,0
Brice Ntambwe,比利时,23,FB,64,70,78,53,59,60,60,78,11288412,RAEC Mons,比利时甲级联赛,右,188,84,0,0
Felitciano Zschusschen,荷兰,24,ST,64,67,71,64,52,68,38,64,5130307,ADO Den Haag,荷兰甲级联赛,左,188,70,0,0
Callum Morris,苏格兰,26,FB,64,66,70,35,39,52,63,60,3137574,Dundee United,苏格兰超级联赛,右,190,83,0,0
Manoel,葡萄牙,27,ST,64,68,68,67,49,60,24,63,4056145,Académica de Coimbra,葡萄牙超级联赛,右,183,77,0,0
Mickael Firmin,法国,26,CM,64,70,58,41,69,64,60,68,20178726,Toulouse FC,法国甲级联赛,右,185,72,0,0
Shelton Martis,英格兰,34,CB,64,64,50,40,53,52,64,72,3304026,West Bromwich Albion,英格兰超级联赛,右,185,76,0,0
Mariusz Pawelek,波兰,35,GK,64,64,28,14,28,8,12,59,7706631,Wisła Kraków,波兰甲级联赛,右,185,81,0,0
Taras Romanczuk,波兰,25,CM,64,68,64,61,62,56,64,68,4468301,Jagiellonia Białystok,波兰甲级联赛,右,185,73,0,0
Oliver Myny,比利时,22,ST,64,72,80,64,58,63,30,68,5000015,Waasland-Beveren,比利时甲级联赛,右,178,67,0,0
Tom Mickel,德国,27,GK,64,64,46,19,25,17,15,51,3742749,FC Augsburg,德国甲级联赛,右,183,85,0,0
Harm Zeinstra,荷兰,27,GK,64,66,30,21,27,20,19,53,3918124,SC Cambuur,荷兰甲级联赛,右,193,85,0,0
Aaron Taylor-Sinclair,苏格兰,25,FB,64,68,73,38,53,64,59,74,6370027,Partick Thistle F.C.,苏格兰超级联赛,左,183,80,0,0
Peter van der Heyden,比利时,40,CM,64,64,62,56,62,59,65,69,4213575,Beerschot AC,比利时甲级联赛,左,183,84,0,0
Matthias Henn,德国,31,FB,64,64,53,48,52,50,62,66,7477412,Eintracht Braunschweig,德国甲级联赛,右,188,82,0,0
Mitchell Pique,荷兰,37,FB,64,64,70,46,58,64,65,66,3785519,ADO Den Haag,荷兰甲级联赛,左,170,71,0,0
Ibrahima Sonko,英格兰,35,CB,64,64,52,37,44,44,65,69,3221759,Hull City,英格兰超级联赛,右,190,86,0,0
Benjamin Koehler,德国,36,CAM,64,64,68,66,68,69,50,55,5893820,Eintracht Frankfurt,德国甲级联赛,左,173,69,9,2
Bart Biemans,荷兰,28,CB,64,65,40,44,45,51,64,68,10434219,Roda JC Kerkrade,荷兰甲级联赛,右,183,85,0,0
Kevin Visser,荷兰,28,CM,64,67,54,57,63,62,61,72,1610547,ADO Den Haag,荷兰甲级联赛,右,183,74,0,0
Stefan Buck,德国,36,FB,64,64,58,46,53,56,62,74,3234086,Karlsruher SC,德国甲级联赛,左,188,81,1,0
Keith Andrews,英格兰,36,CM,64,64,48,64,62,59,67,77,3872004,Blackburn Rovers,英格兰超级联赛,右,183,78,7,1
Giorgi Popkhadze,波兰,30,FB,64,65,72,31,58,60,63,70,5610720,Jagiellonia Białystok,波兰甲级联赛,左,183,81,0,0
Jonas Ivens,荷兰,32,CM,64,64,41,42,57,46,64,61,3523725,FC Groningen,荷兰甲级联赛,右,188,86,0,0
Roni Porokara,比利时,33,ST,64,64,73,64,60,66,22,69,2234001,Beerschot AC,比利时甲级联赛,右,183,83,0,0
Uros Delic,比利时,29,CM,64,66,50,58,63,64,60,69,10772870,Beerschot AC,比利时甲级联赛,右,193,83,0,0
Leroy Lita,英格兰,32,ST,64,64,64,60,53,62,24,67,9020044,Swansea City,英格兰超级联赛,右,175,81,2,1
Dave Kitson,英格兰,36,ST,64,64,54,66,59,59,29,67,2801387,Stoke City,英格兰超级联赛,左,190,80,3,2
Boris Peskovic,葡萄牙,40,GK,64,64,40,16,21,14,14,56,4438812,Académica de Coimbra,葡萄牙超级联赛,右,188,86,0,0
Bartlomiej Konieczny,波兰,35,GK,64,64,34,43,43,38,66,63,3516562,Podbeskidzie Bielsko-Biała,波兰甲级联赛,左,193,92,0,0
Mariusz Magiera,波兰,32,FB,64,64,62,52,55,60,67,63,5663166,Polonia Bytom,波兰甲级联赛,左,175,74,0,0
Frank Adu Kwame,波兰,31,FB,64,64,91,40,51,64,60,69,3890509,Podbeskidzie Bielsko-Biała,波兰甲级联赛,左,180,79,0,0
Tim Janssen,荷兰,30,ST,64,64,72,62,61,62,24,73,8012283,N.E.C.,荷兰甲级联赛,右,188,76,0,0
David Degen,瑞士,33,W,64,64,80,58,58,66,46,66,4036006,BSC Young Boys,瑞士超级联赛,右,183,84,0,0
Adrian Sardinero Corpa,西班牙,26,ST,64,72,72,57,55,71,25,71,2969605,Getafe CF,西班牙甲级联赛,右,180,78,1,1
Vlad Munteanu,德国,35,ST,64,64,72,66,61,66,24,68,7691961,DSC Arminia Bielefeld,德国甲级联赛,左,183,78,2,0
Fousseni Diawara,法国,36,FB,64,64,65,51,62,52,60,70,4384402,AC Ajaccio,法国甲级联赛,右,183,71,6,0
Rory McArdle,苏格兰,29,CB,64,64,58,27,47,38,63,78,5675824,Aberdeen,苏格兰超级联赛,右,185,72,0,0
Jan Seda,荷兰,31,GK,64,64,46,25,26,25,24,42,3347429,RKC Waalwijk,荷兰甲级联赛,右,190,89,0,0
Craig Thomson,苏格兰,25,FB,64,74,65,41,59,65,64,63,5943840,Heart of Midlothian,苏格兰超级联赛,右,178,74,0,0
Jean-Joeel Perrier Doumbe,法国,38,FB,64,76,68,29,61,48,64,68,4023602,Toulouse FC,法国甲级联赛,右,180,74,0,0
Walter Fernandez,比利时,27,W,64,67,76,52,55,70,26,55,7766905,Sporting Lokeren,比利时甲级联赛,左,173,72,0,0
Carlos Fonseca,葡萄牙,29,ST,64,67,76,66,51,66,18,62,5941701,Feirense,葡萄牙超级联赛,右,180,74,0,0
Branislav Ninaj,比利时,22,CB,64,72,43,25,55,48,63,66,5996382,Sporting Lokeren,比利时甲级联赛,右,190,85,0,0
Jonatan Straus,波兰,22,FB,64,69,74,40,54,62,67,68,6437690,Jagiellonia Białystok,波兰甲级联赛,左,183,71,0,0
Giuseppe Colucci,意大利,36,CM,64,64,53,62,65,62,62,57,3081110,Cesena,意大利甲级联赛,右,180,79,2,1
Kamil Kuzera,波兰,33,FB,64,64,73,50,55,60,60,69,3784714,Korona Kielce,波兰甲级联赛,右,180,75,0,0
Doke Schmidt,荷兰,24,FB,64,68,66,53,57,58,70,61,5896488,Go Ahead Eagles,荷兰甲级联赛,右,175,73,0,0
Charles Takyi,德国,32,ST,64,64,70,63,64,64,25,64,2289603,FC St. Pauli,德国甲级联赛,右,178,73,4,1
David Templeton,苏格兰,27,W,64,67,86,60,57,66,44,60,9854832,Heart of Midlothian,苏格兰超级联赛,右,175,63,0,0
Jody Craddock,英格兰,41,CM,64,64,28,43,50,44,64,55,2526958,Wolverhampton Wanderers,英格兰超级联赛,左,185,78,7,2
Rabiu Afolabi,法国,36,CB,64,64,61,46,49,43,64,72,2931221,FC Sochaux-Montbéliard,法国甲级联赛,右,183,80,0,0
Vitor Vinha,葡萄牙,30,FB,64,67,67,55,60,63,64,66,6032287,Gil Vicente FC,葡萄牙超级联赛,左,183,71,0,0
Ronaldo,意大利,26,CM,64,64,64,54,67,64,57,60,4972753,Empoli,意大利甲级联赛,右,178,77,0,0
Rowin van Zaanen,荷兰,32,W,64,72,72,60,51,70,53,69,6084213,Willem II,荷兰甲级联赛,左,175,73,0,0
Arnaud Buhler,瑞士,31,FB,64,64,69,45,56,60,64,70,3477715,FC Sion,瑞士超级联赛,左,188,72,0,0
Martin Paterson,英格兰,29,ST,64,64,78,66,47,59,26,69,1824035,Burnley,英格兰超级联赛,右,178,64,4,2
David Fleurival,葡萄牙,32,CM,64,64,58,57,59,60,61,74,4350398,SC Beira Mar,葡萄牙超级联赛,右,183,84,0,0
Paul Heffernan,苏格兰,35,ST,64,64,71,61,39,62,26,74,4748756,Kilmarnock,苏格兰超级联赛,右,178,70,0,0
Wayne Brown,英格兰,39,CB,64,70,58,39,54,46,62,72,3518779,Hull City,英格兰超级联赛,左,183,79,0,0
Marius Gersbeck,德国,21,GK,64,75,42,18,32,22,16,49,4618269,Borussia Dortmund,德国甲级联赛,左,188,80,0,0
Abdoulaye Toure,法国,22,CM,64,74,60,51,65,58,60,69,2409680,FC Nantes,法国甲级联赛,右,188,77,0,0
Jean-Charles Castelletto,比利时,21,FB,64,72,80,31,47,50,64,76,5062406,Royal Excel Mouscron,比利时甲级联赛,右,185,78,0,0
Julian-Maurice Derstroff,德国,24,W,64,69,75,63,57,68,18,59,5259737,1. FC Kaiserslautern,德国甲级联赛,左,183,75,1,0
Djalmir,葡萄牙,40,ST,64,64,49,66,57,60,19,52,3342435,S.C. Olhanense,葡萄牙超级联赛,右,183,74,0,0
Joao Goncalves,葡萄牙,28,FB,64,72,76,53,60,60,64,66,5777040,S.C. Olhanense,葡萄牙超级联赛,右,180,66,0,0
Selim Bouadla,葡萄牙,28,W,64,65,73,53,57,69,27,54,3243287,Académica de Coimbra,葡萄牙超级联赛,左,173,70,0,0
Jean-Philippe Sabo,法国,29,FB,64,73,63,55,61,55,65,64,6876187,FC Sochaux-Montbéliard,法国甲级联赛,左,175,69,0,0
Khaled Adenon,法国,31,CB,64,69,59,36,55,48,60,78,6341432,Le Mans FC,法国甲级联赛,右,180,70,0,0
Anton Mitryushkin,瑞士,20,GK,64,78,36,18,30,20,17,51,3676563,FC Sion,瑞士超级联赛,右,188,82,0,0
Daylon Claasen,比利时,26,FB,64,66,78,48,59,67,59,64,5534155,Lierse SK,比利时甲级联赛,右,170,65,0,0
Geir Ludvig Fevang,比利时,36,CM,64,64,60,67,65,67,60,74,6066782,Sporting Lokeren,比利时甲级联赛,右,178,72,0,0
Manu Molina,西班牙,25,CAM,64,71,64,55,70,53,46,65,5100878,Real Madrid CF,西班牙甲级联赛,右,178,72,0,0
Rudy Haddad,法国,31,CAM,64,64,61,60,68,66,34,64,3194529,AJ Auxerre,法国甲级联赛,右,180,78,0,0
Jan Blazek,波兰,28,ST,64,69,78,64,57,64,33,69,2892292,Podbeskidzie Bielsko-Biała,波兰甲级联赛,右,180,75,0,0
Mamadou Djikine,葡萄牙,29,FB,64,70,62,45,61,58,62,73,3926649,Vitória Setúbal,葡萄牙超级联赛,左,188,82,0,0
Issouf Ouattara,葡萄牙,28,ST,64,66,84,61,47,62,18,74,4230959,SC Braga,葡萄牙超级联赛,左,175,72,0,0
Oumar Sissoko,法国,29,GK,64,66,54,28,25,23,24,52,5671220,Évian Thonon Gaillard FC,法国甲级联赛,右,188,84,0,0
Janek Sternberg,德国,24,FB,64,70,68,51,59,62,63,61,4656075,SV Werder Bremen,德国甲级联赛,左,183,77,0,0
Robert Klaasen,比利时,23,CM,64,70,64,63,69,64,61,66,9813651,KV Kortrijk,比利时甲级联赛,左,178,74,0,0
Baptiste Ulens,比利时,29,FB,64,64,74,44,62,64,62,64,4220202,KV Kortrijk,比利时甲级联赛,左,178,69,0,0
Alex Calderoni,意大利,40,GK,64,64,24,24,26,26,24,46,2720636,Torino,意大利甲级联赛,右,183,83,0,1
Lassina Toure,葡萄牙,24,CB,64,70,73,36,40,39,63,73,5273377,Moreirense FC,葡萄牙超级联赛,右,183,76,0,0
Marvin Schulz,德国,21,FB,64,76,59,46,59,58,65,60,9919678,Borussia Mönchengladbach,德国甲级联赛,右,185,77,0,0
Habib Bellaid,德国,30,CB,64,64,43,35,54,54,62,74,4642233,Eintracht Frankfurt,德国甲级联赛,右,188,80,1,0
Elias,葡萄牙,35,CM,64,68,69,60,66,62,62,72,2062382,Portimonense,葡萄牙超级联赛,右,178,76,0,0
Mika Vaeyrynen,荷兰,35,CAM,64,64,55,58,67,69,55,57,7930223,SC Heerenveen,荷兰甲级联赛,右,178,70,0,0
Michal Miskiewicz,波兰,27,GK,64,65,62,15,35,14,16,55,4354962,Wisła Kraków,波兰甲级联赛,右,193,92,0,0
Thanasis Karagounis,荷兰,25,W,64,69,72,59,62,69,26,47,6489043,PEC Zwolle,荷兰甲级联赛,右,178,69,0,0
Ayub Masika,比利时,24,W,64,70,80,55,55,70,26,56,5829193,Lierse SK,比利时甲级联赛,右,170,66,0,0
Bruno Monteiro,葡萄牙,32,CAM,64,64,60,59,66,68,50,61,3510824,Tondela,葡萄牙超级联赛,右,178,73,0,0
Liroy Zhairi,比利时,27,FB,64,70,62,45,59,56,61,73,5609524,KV Mechelen,比利时甲级联赛,右,178,75,0,0
Ismaila N'Diaye,比利时,28,CM,64,65,66,58,59,60,61,69,4129620,KV Kortrijk,比利时甲级联赛,右,188,72,0,0
Francois Marquet,比利时,21,CM,64,74,70,59,65,64,62,58,7735699,Royal Excel Mouscron,比利时甲级联赛,右,175,65,0,0
Benjamin Boulenger,法国,26,FB,64,66,66,34,59,62,64,68,11851284,RC Lens,法国甲级联赛,左,188,80,0,0
Sebastian Tyrala,德国,28,W,64,68,72,62,68,71,35,60,5788315,SpVgg Greuther Fürth,德国甲级联赛,右,173,77,0,0
Stefan Maierhofer,英格兰,34,ST,64,64,41,67,36,42,44,70,8089671,Manchester United,英格兰超级联赛,右,203,98,1,0
Marc Vucinovic,德国,28,CAM,64,65,70,61,57,68,53,63,5513267,SC Paderborn 07,德国甲级联赛,右,178,72,0,0
Deniz Naki,德国,27,W,64,71,78,61,62,68,25,61,4567900,FC St. Pauli,德国甲级联赛,右,175,70,1,0
Krzysztof Baran,波兰,26,GK,64,65,16,17,26,20,14,45,3244147,Jagiellonia Białystok,波兰甲级联赛,右,196,92,0,0
Srdjan Blazic,比利时,34,GK,64,68,56,25,27,12,16,64,2927234,Standard de Liège,比利时甲级联赛,右,198,93,0,0
Dominique Kivuvu,荷兰,29,CM,64,70,70,54,65,62,58,76,4503042,N.E.C.,荷兰甲级联赛,右,188,87,0,0
Milano Koenders,荷兰,30,FB,64,64,66,33,56,64,65,72,3499664,Heracles Almelo,荷兰甲级联赛,右,183,87,0,0
Darryl Westlake,苏格兰,25,FB,64,68,72,26,57,60,64,70,4486421,Kilmarnock,苏格兰超级联赛,右,175,70,0,0
Kristjan Gauti Emilsson,荷兰,23,ST,64,71,44,65,59,61,36,70,4485513,N.E.C.,荷兰甲级联赛,右,185,71,0,0
Pavol Stano,波兰,39,CM,64,64,32,55,48,50,60,61,5750203,Korona Kielce,波兰甲级联赛,右,190,84,0,0
Caleb Folan,英格兰,34,ST,64,64,72,64,39,62,27,71,2858859,Hull City,英格兰超级联赛,右,188,81,3,0
Gael Angoula,法国,34,CM,64,64,49,47,59,58,68,76,2529392,SC Bastia,法国甲级联赛,右,178,75,0,0
Andre Mijatovic,德国,37,GK,64,64,28,46,46,37,63,55,11021484,Hertha BSC Berlin,德国甲级联赛,右,190,80,2,1
"Jeffry Fortes,30",荷兰,27,FB,64,67,77,46,58,60,60,71,3210563,FC Dordrecht,荷兰甲级联赛,右,183,75,3,1
Maka Mary,法国,27,CB,64,68,51,41,50,48,61,69,7974941,SC Bastia,法国甲级联赛,右,183,88,0,0
David Carney,英格兰,33,CM,64,64,68,65,58,64,61,70,5207295,Blackpool,英格兰超级联赛,左,180,70,0,0
Christian Vander,德国,36,GK,64,65,28,19,19,14,16,44,6699500,SV Werder Bremen,德国甲级联赛,右,196,90,0,0
Damien Plessis,瑞士,28,CM,64,64,59,52,59,64,64,74,2830648,FC Lausanne-Sports,瑞士超级联赛,左,193,77,0,0
"Yohan Hautcoeur,17",法国,35,CM,64,64,58,61,69,66,61,68,7842793,AS Saint-Étienne,法国甲级联赛,右,178,67,0,0
Josimar Lima,荷兰,27,FB,64,66,62,50,51,41,60,76,6931015,FC Dordrecht,荷兰甲级联赛,右,190,85,1,1
Miguel Nieto,西班牙,30,W,64,64,81,57,56,68,33,63,5447539,UD Almería,西班牙甲级联赛,右,183,74,1,0
Diogo Ribeiro,葡萄牙,25,ST,64,67,67,64,44,60,24,65,2812350,Académica de Coimbra,葡萄牙超级联赛,右,183,70,0,0
Frank Nouble,英格兰,25,ST,64,67,79,63,48,62,27,68,3758494,West Ham United,英格兰超级联赛,右,190,82,0,0
Andreas Landgren,荷兰,27,CM,64,65,60,58,63,60,63,77,3801511,Willem II,荷兰甲级联赛,右,175,74,0,0
Ismo Vorstermans,荷兰,27,CB,64,69,53,41,60,45,63,68,10039997,VVV-Venlo,荷兰甲级联赛,右,183,72,0,0
Giles Coke,苏格兰,30,CM,64,64,74,65,63,64,58,74,7699965,Motherwell,苏格兰超级联赛,右,183,79,0,0
Rangelo Janga,荷兰,24,ST,64,73,72,62,40,61,19,72,3798472,Excelsior,荷兰甲级联赛,右,185,76,0,0
Alexander Iashvili,德国,39,ST,64,64,72,61,64,72,17,65,5197381,Karlsruher SC,德国甲级联赛,左,175,71,3,0
Dario Melnjak,比利时,24,FB,64,68,68,49,60,58,65,60,7648511,Sporting Lokeren,比利时甲级联赛,左,178,73,0,0
Mateusz Lewandowski,波兰,23,FB,64,69,76,54,58,60,59,66,6312404,Pogoń Szczecin,波兰甲级联赛,左,183,72,0,0
Pawel Oleksy,波兰,25,FB,64,68,71,41,51,54,68,57,6421129,Ruch Chorzów,波兰甲级联赛,左,183,76,0,0
Pablo Olivera,葡萄牙,29,ST,64,70,76,70,54,68,17,67,4334687,Moreirense FC,葡萄牙超级联赛,左,173,73,0,0
Tiago Cintra,葡萄牙,27,ST,64,69,70,63,61,62,25,61,6875707,Leixões SC,葡萄牙超级联赛,右,185,82,0,0
Borja Perez,苏格兰,34,ST,64,64,65,62,57,64,31,71,1532649,Kilmarnock,苏格兰超级联赛,右,183,80,0,0
Manuel Lucena,西班牙,34,CM,64,64,52,39,65,57,65,58,2781900,Granada CF,西班牙甲级联赛,右,185,84,0,0
Michel Breuer,荷兰,36,CB,64,64,36,44,54,41,63,70,1395380,SC Heerenveen,荷兰甲级联赛,右,183,72,0,0
Lasse Nilsson,荷兰,34,ST,64,64,76,63,60,61,30,60,1725993,Vitesse,荷兰甲级联赛,右,180,71,0,0
Marc Vidal,法国,25,GK,64,68,35,18,28,16,16,51,6499537,Toulouse FC,法国甲级联赛,右,183,83,0,0
Daniel Follonier,瑞士,22,ST,64,74,74,67,59,68,21,61,5933638,FC Sion,瑞士超级联赛,右,185,78,1,0
Kamil Mazek,波兰,22,W,64,72,92,53,57,64,23,61,14786324,Ruch Chorzów,波兰甲级联赛,左,175,65,0,0
Chris Killen,苏格兰,35,ST,64,64,61,63,47,60,28,72,4636303,Celtic,苏格兰超级联赛,右,183,71,0,0
Petri Pasanen,德国,36,CM,64,64,32,61,56,46,63,76,7263628,SV Werder Bremen,德国甲级联赛,右,188,86,0,1
Abasse Ba,法国,40,CB,64,71,60,40,54,37,60,70,4981284,Le Havre AC,法国甲级联赛,右,188,84,0,0
Cristian Cuevas,比利时,21,FB,64,74,85,61,55,62,61,61,7619077,Sint-Truidense VV,比利时甲级联赛,左,175,65,0,0
Karim Azamoum,法国,26,CAM,64,65,64,56,67,62,49,62,5741529,ES Troyes AC,法国甲级联赛,右,178,74,0,0
Cameron Bell,苏格兰,30,GK,64,64,36,25,29,24,24,55,5627866,Kilmarnock,苏格兰超级联赛,右,180,79,0,0
Gary Irvine,苏格兰,31,FB,64,64,70,33,58,63,63,68,3333191,Dundee FC,苏格兰超级联赛,右,180,76,0,0
Pierre Bourdin,比利时,22,CB,64,71,66,27,49,44,63,68,9504592,KSV Cercle Brugge,比利时甲级联赛,左,183,84,0,0
Faycal Rherras,比利时,23,FB,64,70,82,64,55,58,63,71,3767686,Sint-Truidense VV,比利时甲级联赛,左,183,77,0,0
Florent Stevance,比利时,28,ST,64,65,73,69,62,60,28,72,4030181,Sporting Charleroi,比利时甲级联赛,右,188,79,0,0
Jan Vlasko,波兰,26,CAM,64,66,64,46,66,67,33,66,8820035,Zagłębie Lubin,波兰甲级联赛,右,178,68,0,0
Etien Velikonja,比利时,28,ST,64,65,70,64,46,57,33,59,3990600,Lierse SK,比利时甲级联赛,左,178,72,0,0
Ion Velez,西班牙,31,ST,64,64,66,59,51,62,28,66,4346712,Athletic Club de Bilbao,西班牙甲级联赛,右,183,76,3,1
Marvin Friedrich,德国,21,CB,64,74,60,33,59,44,65,67,5922696,FC Schalke 04,德国甲级联赛,右,193,78,0,0
Radek Petr,比利时,29,GK,64,72,54,25,35,25,16,56,4113579,KAS Eupen,比利时甲级联赛,右,198,90,0,0
Eric Djemba-Djemba,苏格兰,35,FB,64,64,74,61,65,67,65,81,2631536,St. Mirren,苏格兰超级联赛,右,175,81,0,0
Fabrice Abriel,法国,37,CM,64,64,62,58,65,64,62,64,3377380,OGC Nice,法国甲级联赛,右,175,69,1,0
Jarno Molenberghs,比利时,27,W,64,65,68,58,64,64,36,66,6311502,KVC Westerlo,比利时甲级联赛,右,178,77,0,0
Denis Popovic,波兰,27,CM,64,66,70,52,68,66,58,65,3940370,Wisła Kraków,波兰甲级联赛,右,188,75,0,0
Sally Sarr,瑞士,30,FB,64,64,72,50,50,64,62,83,9801278,FC Luzern,瑞士超级联赛,右,180,78,0,0
Ricardo Pessoa,葡萄牙,34,FB,64,64,74,56,56,58,64,67,4106253,Portimonense,葡萄牙超级联赛,右,173,69,0,0
Tomas Kosicky,意大利,30,GK,64,64,30,29,24,22,25,46,3930652,Catania,意大利甲级联赛,右,198,93,0,0
Alvarinho,波兰,26,W,64,65,81,61,54,68,27,53,8355615,Zawisza Bydgoszcz,波兰甲级联赛,左,170,67,0,0
Keith Southern,英格兰,35,CM,64,64,51,57,60,60,64,68,3859641,Blackpool,英格兰超级联赛,右,178,79,0,0
Joao Victor,西班牙,28,CM,64,67,56,50,67,55,66,61,4915334,RCD Mallorca,西班牙甲级联赛,右,183,82,0,0
Andras Gosztonyi,波兰,26,W,64,67,80,63,58,66,33,60,1828153,Śląsk Wrocław,波兰甲级联赛,右,183,80,0,0
Kristopher Vida,荷兰,21,ST,64,72,70,67,60,66,15,65,6922742,De Graafschap,荷兰甲级联赛,右,178,76,0,0
Kevin Koffi,比利时,30,ST,64,64,78,63,49,64,26,69,10672174,KVC Westerlo,比利时甲级联赛,右,180,78,0,0
Piotr Stawarczyk,波兰,33,CB,64,64,49,31,50,32,68,67,6432303,Ruch Chorzów,波兰甲级联赛,右,193,87,1,0
David Goldar,西班牙,22,CB,64,75,52,41,62,48,65,65,5801909,Rayo Vallecano,西班牙甲级联赛,右,180,77,0,0
Nathan Doyle,英格兰,29,CM,64,64,70,61,66,61,65,78,10275656,Hull City,英格兰超级联赛,右,180,76,0,0
Eric Chelle,法国,39,GK,64,64,34,37,53,44,64,71,3181190,RC Lens,法国甲级联赛,左,180,80,0,0
Maxime Josse,法国,29,FB,64,74,71,46,55,48,64,67,7218482,FC Sochaux-Montbéliard,法国甲级联赛,右,183,81,0,0
Mustapha Dumbuya,苏格兰,29,FB,64,64,90,37,57,60,59,74,4277493,Partick Thistle F.C.,苏格兰超级联赛,右,170,71,0,0
Julien Cardy,法国,35,CM,64,64,46,53,73,68,57,57,5101116,En Avant de Guingamp,法国甲级联赛,右,175,71,0,0
Nyron Nosworthy,英格兰,36,CB,64,64,40,40,46,44,63,73,1937446,Sunderland,英格兰超级联赛,右,183,89,0,0
Maurizio Lauro,意大利,35,FB,64,64,59,47,47,55,64,72,4160926,Cesena,意大利甲级联赛,左,180,73,0,0
Stuart Bannigan,苏格兰,24,CM,64,69,73,56,65,68,58,72,4123243,Partick Thistle F.C.,苏格兰超级联赛,左,175,74,0,0
David De Freitas,法国,37,CM,64,64,54,62,66,64,59,71,4854616,FC Nantes,法国甲级联赛,右,180,70,0,0
Louis Laing,苏格兰,23,CB,64,71,68,36,50,43,62,72,13433912,Motherwell,苏格兰超级联赛,右,188,82,0,0
Nikita Rukavytsya,德国,29,W,64,64,90,62,55,66,27,65,6842736,Hertha BSC Berlin,德国甲级联赛,左,183,74,1,0
Jonathan Wilmet,比利时,30,ST,64,64,76,67,60,62,42,67,3735609,KV Mechelen,比利时甲级联赛,右,183,73,0,0
Dele Adeleye,荷兰,28,CB,64,72,70,41,49,38,60,79,4739139,Sparta Rotterdam,荷兰甲级联赛,左,188,76,0,0
Lukasz Sierpina,波兰,28,W,64,64,88,51,61,64,49,56,5195545,Korona Kielce,波兰甲级联赛,左,175,68,0,0
Pedro Pereira,葡萄牙,32,ST,64,64,73,61,55,67,28,67,5602360,Gil Vicente FC,葡萄牙超级联赛,右,170,71,0,0
Juan Quero,西班牙,32,W,64,65,91,54,51,68,21,53,4016143,CD Numancia,西班牙甲级联赛,右,157,53,0,0
Albian Ajeti,瑞士,19,ST,64,71,74,61,48,64,18,72,6821006,FC Basel,瑞士超级联赛,右,183,77,0,0
Jorge Baptista,葡萄牙,39,GK,64,64,32,15,29,17,14,62,4450743,Naval 1° de Maio,葡萄牙超级联赛,右,185,87,0,0
Kossi Prince Segbefia,法国,25,W,64,75,77,53,66,70,47,61,5548175,AJ Auxerre,法国甲级联赛,右,178,75,0,0
Vladlen Yurchenko,德国,22,CAM,64,72,66,59,66,71,52,56,3051712,Bayer 04 Leverkusen,德国甲级联赛,右,180,75,0,0
Alex Schalk,荷兰,24,ST,64,71,76,65,44,66,28,63,5170185,NAC Breda,荷兰甲级联赛,右,170,68,3,0
Briguel,葡萄牙,37,CM,64,64,52,50,60,58,72,57,9362925,CS Marítimo,葡萄牙超级联赛,右,175,73,0,0
David Clarkson,苏格兰,31,ST,64,64,66,65,58,60,41,66,5704368,Motherwell,苏格兰超级联赛,右,178,67,0,0
Nacho Novo,西班牙,37,ST,64,64,68,63,57,60,30,69,2932143,Real Sporting de Gijón,西班牙甲级联赛,右,175,70,7,0
Gavin Rae,苏格兰,39,CM,64,64,62,54,66,67,65,69,1847286,Aberdeen,苏格兰超级联赛,右,180,66,0,0
Gal Shish,比利时,27,FB,64,67,68,33,59,52,65,65,3636743,Waasland-Beveren,比利时甲级联赛,左,180,71,0,0
Wade Elliott,英格兰,38,CAM,64,64,54,68,67,66,50,69,7025120,Burnley,英格兰超级联赛,右,178,65,4,4
Gael Genevier,意大利,34,CAM,64,64,68,62,67,64,50,68,2679308,Siena,意大利甲级联赛,右,175,71,0,0
Mikael Forssell,德国,35,ST,64,64,52,63,55,68,24,63,2053557,Hannover 96,德国甲级联赛,右,183,88,7,0
Pierre de Wit,德国,29,CAM,64,64,72,66,65,69,50,67,4503137,1. FC Kaiserslautern,德国甲级联赛,右,170,70,3,1
Marcel Eger,德国,33,CM,64,66,46,54,50,46,60,66,2322728,FC St. Pauli,德国甲级联赛,右,190,78,1,0
Kenneth van Goethem,比利时,32,CM,64,64,64,52,65,57,61,67,3551929,Oud-Heverlee Leuven,比利时甲级联赛,右,178,63,0,0
Thomas Chatelle,比利时,35,CAM,64,64,60,65,65,67,32,50,4355884,RSC Anderlecht,比利时甲级联赛,右,175,72,0,0
Tomislav Mikulic,比利时,34,FB,64,64,56,46,54,52,64,70,2113333,Beerschot AC,比利时甲级联赛,左,185,82,0,0
Aleksandar Damcevski,荷兰,24,CB,64,68,42,31,41,52,61,74,3440497,NAC Breda,荷兰甲级联赛,左,193,88,0,0
Erik Cummins,荷兰,28,GK,64,68,50,29,30,26,24,56,3951368,Go Ahead Eagles,荷兰甲级联赛,右,185,80,0,0
Marc-Antoine Fortune,英格兰,35,ST,64,64,65,64,55,62,24,70,5927350,West Bromwich Albion,英格兰超级联赛,右,183,76,13,8
Giuseppe Rossini,比利时,30,ST,64,64,42,69,48,46,24,58,6503821,KV Kortrijk,比利时甲级联赛,右,193,84,0,0
Joost Terol,荷兰,36,GK,64,65,38,21,25,18,16,62,5281013,De Graafschap,荷兰甲级联赛,右,196,90,0,0
Leendert van Steensel,荷兰,32,GK,64,64,28,45,41,42,64,63,5806492,Excelsior,荷兰甲级联赛,右,188,85,0,0
Fabio Morena,德国,36,CM,64,64,54,48,55,50,62,73,5695937,FC St. Pauli,德国甲级联赛,右,180,76,0,0
Erixon Danso,荷兰,27,ST,64,67,80,61,44,70,30,72,3453169,FC Dordrecht,荷兰甲级联赛,右,175,75,0,0
Kennedy Ugoala,比利时,26,ST,64,68,82,62,56,62,21,82,9109266,KRC Genk,比利时甲级联赛,右,188,84,0,0
Dennis Soerensen,德国,35,ST,64,64,63,61,60,64,46,75,9173196,FC Energie Cottbus,德国甲级联赛,右,193,84,2,0
Nicolas Timmermans,比利时,34,FB,64,64,66,49,56,60,64,67,4274912,RAEC Mons,比利时甲级联赛,右,183,73,0,0
Lauri Dalla Valle,苏格兰,25,ST,64,70,78,63,52,64,28,62,7057107,Dundee United,苏格兰超级联赛,右,180,73,0,0
Richie Foran,苏格兰,36,CM,64,64,63,60,63,66,59,65,3226398,Inverness Caledonian Thistle,苏格兰超级联赛,左,185,78,0,0
Mario Carevic,比利时,34,CAM,64,64,35,63,68,68,48,60,6642478,Sporting Lokeren,比利时甲级联赛,左,185,84,0,0
Zana Allee,法国,22,W,64,72,84,58,61,63,30,54,5983129,Stade Rennais FC,法国甲级联赛,右,165,63,0,0
Marc Stein,德国,31,FB,64,75,74,56,62,67,62,66,5526743,Hertha BSC Berlin,德国甲级联赛,右,183,74,0,0
Daniel Brinkmann,德国,30,CM,64,64,64,60,64,60,60,70,5040778,FC Augsburg,德国甲级联赛,右,193,88,1,1
Lars Lambooij,荷兰,28,FB,64,65,70,48,71,62,59,58,4386355,Go Ahead Eagles,荷兰甲级联赛,右,178,74,0,1
Vojo Ubiparip,波兰,28,ST,64,65,72,66,59,59,31,72,2932501,Lech Poznań,波兰甲级联赛,右,180,72,0,0
Gonzague Vandooren,比利时,37,CM,64,64,61,59,60,60,61,67,4712803,Lierse SK,比利时甲级联赛,左,193,81,0,0
Armando Sadiku,瑞士,25,ST,64,68,76,67,42,60,30,66,5583001,FC Vaduz,瑞士超级联赛,右,185,80,7,0
Tyrone Loran,荷兰,35,CB,64,69,68,36,50,38,66,78,1532754,NAC Breda,荷兰甲级联赛,右,188,87,0,0
Martin Bergvold,意大利,32,ST,64,64,70,60,66,64,40,70,3471199,Livorno,意大利甲级联赛,左,183,70,2,0
Ryan Dow,苏格兰,25,ST,64,68,80,56,54,70,21,73,10575579,Dundee United,苏格兰超级联赛,右,175,65,0,0
Richard Hughes,英格兰,37,CM,64,64,53,55,57,58,64,60,3932673,Portsmouth,英格兰超级联赛,左,183,84,0,0
Marco Padalino,意大利,33,FB,64,64,76,46,58,60,58,70,4792224,Sampdoria,意大利甲级联赛,右,178,76,3,1
Mickael Leca,法国,22,CB,64,67,74,28,49,34,68,74,2833569,AC Ajaccio,法国甲级联赛,右,185,75,0,0
Damien Dussaut,比利时,22,FB,64,76,74,34,45,56,65,65,4120682,Standard de Liège,比利时甲级联赛,右,183,70,0,0
Claude Goncalves,法国,22,FB,64,71,70,42,61,61,65,68,5717147,AC Ajaccio,法国甲级联赛,右,173,62,0,0
Alvaro Garcia,西班牙,24,W,64,72,80,51,58,66,25,55,5126914,Real Betis Balompié,西班牙甲级联赛,左,168,59,0,0
Gerson Sheotahul,荷兰,29,ST,64,70,75,62,54,68,27,63,3392066,Willem II,荷兰甲级联赛,右,183,78,0,0
Vusumuzi Prince Nyoni,比利时,32,CM,64,64,72,63,63,64,63,65,5936381,Beerschot AC,比利时甲级联赛,左,178,76,0,0
Tomasz Holota,波兰,25,CM,64,66,60,58,62,61,62,67,8202458,Śląsk Wrocław,波兰甲级联赛,右,185,83,0,0
Erik Quekel,荷兰,29,ST,64,64,60,60,48,59,17,68,5770057,De Graafschap,荷兰甲级联赛,右,180,76,0,0
Stephen Pearson,苏格兰,34,CAM,64,64,68,56,66,64,55,62,9936510,Motherwell,苏格兰超级联赛,左,185,71,0,0
Wojciech Pawlowski,波兰,23,GK,64,68,36,25,26,24,25,44,6725352,Lechia Gdańsk,波兰甲级联赛,右,190,82,0,0
Ziri Hammar,法国,24,W,64,73,76,63,65,67,23,63,3234059,AS Nancy-Lorraine,法国甲级联赛,右,180,74,0,0
Mark Looms,荷兰,35,FB,64,64,54,37,57,58,65,65,4244416,Heracles Almelo,荷兰甲级联赛,左,193,73,0,0
Damian Hops Chmiel,波兰,29,W,64,64,68,62,61,67,42,63,2788869,Podbeskidzie Bielsko-Biała,波兰甲级联赛,右,175,73,0,0
Imanol Iriberri,葡萄牙,29,ST,64,64,58,65,41,61,21,66,3244214,Boavista FC,葡萄牙超级联赛,右,178,74,0,0
Lion Kaak,荷兰,25,CM,64,68,66,51,68,62,62,64,3019620,De Graafschap,荷兰甲级联赛,右,180,80,0,0
Mateusz Szczepaniak,波兰,25,ST,64,68,72,63,55,64,23,64,10758147,Podbeskidzie Bielsko-Biała,波兰甲级联赛,右,183,73,0,0
Florent Ghisolfi,法国,31,CM,64,65,60,50,65,62,62,66,5185521,Stade de Reims,法国甲级联赛,右,175,70,0,0
Javier Noblejas,西班牙,23,FB,64,72,64,37,54,54,65,64,4805877,Getafe CF,西班牙甲级联赛,左,188,77,0,0
Stephan Andrist,瑞士,29,W,64,64,82,62,54,65,43,56,4048020,FC Aarau,瑞士超级联赛,右,175,68,0,0
Milos Krstic,瑞士,29,W,64,64,62,55,61,64,26,58,4100001,FC Thun,瑞士超级联赛,右,183,73,0,0
Paulo Jorge,葡萄牙,35,CM,64,64,72,62,64,71,62,64,4134216,CS Marítimo,葡萄牙超级联赛,右,175,76,0,0
Ahmed El Messaoudi,比利时,21,FB,64,74,58,30,61,64,64,71,6346232,Lierse SK,比利时甲级联赛,右,183,78,0,0
Jessy Galvez Lopez,比利时,21,FB,64,74,76,53,61,66,58,61,7470447,Sporting Charleroi,比利时甲级联赛,左,178,65,0,0
Bartosz Slusarski,波兰,35,ST,64,64,60,62,58,59,34,65,5653794,Lech Poznań,波兰甲级联赛,左,185,84,0,0
Alain Nef,瑞士,34,GK,64,64,30,33,43,29,64,62,4304283,BSC Young Boys,瑞士超级联赛,右,190,88,0,0
Kevin Dupuis,比利时,29,ST,64,69,60,65,48,62,28,64,3434264,KV Kortrijk,比利时甲级联赛,右,188,82,0,0
Femi Balogun,葡萄牙,24,W,64,67,88,53,53,65,46,61,5116751,S.C. Olhanense,葡萄牙超级联赛,左,175,75,0,0
Ziggy Gordon,苏格兰,23,FB,64,69,79,32,44,60,63,68,4957458,Hamilton Academical FC,苏格兰超级联赛,右,180,77,0,0
Filippo Falco,意大利,24,W,64,68,80,62,59,67,23,62,2639696,Bologna,意大利甲级联赛,左,170,70,0,0
Abdelfettah Boukhriss,比利时,30,FB,64,69,64,41,55,50,62,65,2813487,RAEC Mons,比利时甲级联赛,左,185,73,0,0
Rory McKenzie,苏格兰,23,W,64,70,81,52,60,68,24,63,6508962,Kilmarnock,苏格兰超级联赛,右,175,75,0,0
Simon Mensing,苏格兰,34,CM,64,70,48,50,63,64,61,79,4585177,Hamilton Academical FC,苏格兰超级联赛,右,183,70,0,0
Zak Whitbread,英格兰,32,CB,64,64,42,37,49,49,65,63,3106831,Norwich City,英格兰超级联赛,左,188,78,0,1
Jorginho Sousa,葡萄牙,28,ST,64,68,74,63,60,65,26,61,6223745,Vitória Setúbal,葡萄牙超级联赛,右,175,72,0,0
Diogo Rosado,葡萄牙,26,ST,64,69,63,64,63,68,26,58,6525836,Feirense,葡萄牙超级联赛,左,185,82,0,0
Michael Almebaeck,比利时,28,CB,64,64,73,38,45,37,59,79,7268142,Club Brugge KV,比利时甲级联赛,右,183,83,0,0
Richard Strebinger,德国,23,GK,64,72,32,17,20,16,14,55,3567144,SV Werder Bremen,德国甲级联赛,右,193,90,0,0
Sam Gallagher,英格兰,21,ST,64,75,62,63,46,62,26,67,8548998,Southampton,英格兰超级联赛,右,193,75,1,0
Diego Rivas,西班牙,36,CM,64,64,33,54,58,48,67,63,7812881,Real Sociedad,西班牙甲级联赛,右,180,80,2,0
Mohammad Ghadir,比利时,25,ST,64,66,76,65,57,66,31,64,3700835,Sporting Lokeren,比利时甲级联赛,右,173,65,0,0
Antonio Guayre,西班牙,36,W,64,64,60,59,58,71,32,41,4003717,CD Numancia,西班牙甲级联赛,右,175,71,0,0
Ofir Marciano,比利时,27,GK,64,66,42,14,23,18,13,54,2450767,Royal Excel Mouscron,比利时甲级联赛,右,193,87,0,0
Christophe Gregoire,比利时,36,ST,64,70,61,67,65,68,33,60,6305282,Sporting Charleroi,比利时甲级联赛,左,188,74,0,0
Nils Roeseler,荷兰,24,FB,64,72,69,36,60,58,62,64,6278761,VVV-Venlo,荷兰甲级联赛,右,193,78,0,0
Ludcinio Marengo,荷兰,25,W,64,68,84,47,52,64,20,61,7733699,ADO Den Haag,荷兰甲级联赛,右,175,70,0,0
Gill Swerts,荷兰,34,CM,64,64,59,59,60,64,59,70,8291895,NAC Breda,荷兰甲级联赛,右,178,74,0,1
Danny Schenkel,荷兰,38,CB,64,69,60,31,57,44,62,72,3653884,Willem II,荷兰甲级联赛,右,193,85,0,0
Tom Trybull,德国,23,CM,64,70,60,50,65,64,60,72,6122826,SV Werder Bremen,德国甲级联赛,右,180,72,1,0
Tosin Dosunmu,比利时,36,ST,64,68,84,62,57,60,26,67,3910055,Beerschot AC,比利时甲级联赛,右,178,72,0,0
David Destorme,比利时,37,CAM,64,64,34,67,65,66,43,52,2395111,KV Mechelen,比利时甲级联赛,右,188,82,0,0
Arnor Angeli,比利时,25,CM,64,71,62,65,65,64,58,68,6281893,RAEC Mons,比利时甲级联赛,右,183,77,0,0
Sofian Bidaoui,比利时,26,W,64,67,76,59,57,68,24,54,5317840,Lierse SK,比利时甲级联赛,右,168,63,0,0
Charlton Vicento,荷兰,25,ST,64,68,87,60,50,65,23,66,4570360,ADO Den Haag,荷兰甲级联赛,左,180,75,0,1
Eugene Ansah,比利时,22,W,64,72,84,57,55,70,16,66,7113080,Sporting Lokeren,比利时甲级联赛,右,178,70,0,0
George Puscas,意大利,20,ST,64,74,68,64,44,62,20,65,8866219,Inter,意大利甲级联赛,右,183,70,0,0
Erik Grendel,波兰,28,FB,64,64,74,58,63,64,63,71,3197637,Polonia Bytom,波兰甲级联赛,右,175,71,0,0
Frank van Kouwen,荷兰,36,CM,64,67,64,60,62,48,62,69,6502395,VVV-Venlo,荷兰甲级联赛,右,178,74,0,0
Michiel Hemmen,荷兰,29,ST,64,64,42,66,49,56,20,73,3611478,SC Cambuur,荷兰甲级联赛,右,193,85,0,0
Paolo Acerbis,意大利,35,GK,64,65,50,19,32,14,16,62,5488457,Bologna,意大利甲级联赛,右,203,86,0,0
Thijs Bouma,荷兰,24,FB,64,69,71,43,54,62,63,68,6219774,De Graafschap,荷兰甲级联赛,右,178,71,0,0
Cristian Bustos,西班牙,33,CM,64,64,67,67,68,60,56,75,5134261,RC Celta de Vigo,西班牙甲级联赛,右,175,75,0,0
Filip Kiss,苏格兰,26,CM,64,67,48,59,66,66,60,67,3761688,Ross County FC,苏格兰超级联赛,右,185,82,0,0
Tom Lawrence,英格兰,22,W,64,69,68,63,61,70,31,61,2752472,Manchester United,英格兰超级联赛,右,175,75,0,0
Mady Saidou Panandetiguiri,葡萄牙,32,FB,64,71,76,54,58,63,62,67,2615246,"União de Leiria, SAD",葡萄牙超级联赛,右,175,75,0,0
Chemcedine El Araichi,比利时,35,FB,64,66,72,47,59,56,67,69,3024330,KV Kortrijk,比利时甲级联赛,右,178,75,0,0
Martijn Monteyne,荷兰,32,CM,64,64,54,56,58,62,66,68,4405851,Roda JC Kerkrade,荷兰甲级联赛,右,175,78,0,0
Youssouf Hersi,荷兰,34,W,64,64,81,57,60,66,38,61,3101057,De Graafschap,荷兰甲级联赛,右,173,74,0,0
Odise Roshi,德国,25,W,64,68,90,58,55,68,39,60,5950476,1. FC Köln,德国甲级联赛,右,188,79,1,0
Stipe Bacelic-Grgic,比利时,28,CAM,64,65,65,61,65,64,40,69,6543600,KSV Cercle Brugge,比利时甲级联赛,右,185,82,0,0
Nicolas Schindelholz,瑞士,28,CB,64,64,50,46,49,47,67,74,1670499,FC Thun,瑞士超级联赛,右,180,77,0,0
Jonas Heymans,比利时,23,FB,64,71,73,44,57,60,62,70,28096248,Lierse SK,比利时甲级联赛,左,180,79,0,0
Mario Martinez,西班牙,31,W,64,64,72,64,63,67,44,61,5400727,CD Numancia,西班牙甲级联赛,右,173,68,1,0
Kevin Kilbane,英格兰,39,CM,64,64,44,62,69,68,64,62,5202552,Hull City,英格兰超级联赛,左,183,89,1,1
Barnes Osei,葡萄牙,21,ST,64,71,78,64,51,66,22,63,9511515,FC Paços de Ferreira,葡萄牙超级联赛,右,178,66,0,0
Diney,葡萄牙,21,CB,64,75,46,34,37,38,64,67,5598678,Uniao da Madeira,葡萄牙超级联赛,右,185,82,0,0
Sebastian Ayala,葡萄牙,21,FB,64,75,69,49,64,64,57,74,5902814,CD Nacional,葡萄牙超级联赛,右,180,78,0,0
Stef Wils,比利时,34,CM,64,64,48,44,54,48,63,64,5365712,KAA Gent,比利时甲级联赛,右,188,81,0,0
Wouter Corstjens,比利时,29,FB,64,64,56,38,54,58,64,60,5212429,KVC Westerlo,比利时甲级联赛,左,188,79,0,0
Joseph Desire Job,比利时,39,ST,64,69,70,62,53,66,24,60,3482686,Lierse SK,比利时甲级联赛,右,178,75,0,0
Jean-Francois Kornetzky,德国,34,GK,64,67,55,24,36,25,18,68,3515333,DSC Arminia Bielefeld,德国甲级联赛,右,190,89,0,0
Boldiszar Bodor,荷兰,34,CM,64,64,66,59,62,58,59,69,3379658,Roda JC Kerkrade,荷兰甲级联赛,左,180,81,0,0
Sergio Romeo Marakis,葡萄牙,25,CM,64,69,64,54,64,61,62,72,6985733,CS Marítimo,葡萄牙超级联赛,右,178,78,0,0
George Long,苏格兰,23,GK,64,72,44,18,26,20,14,49,3226576,Motherwell,苏格兰超级联赛,左,193,94,0,0
Siebe Blondelle,比利时,30,CM,64,64,58,54,61,55,64,67,4710635,Waasland-Beveren,比利时甲级联赛,左,185,83,0,0
Felipe Augusto,葡萄牙,24,ST,64,70,67,59,50,70,17,60,7540365,Estoril Praia,葡萄牙超级联赛,左,183,79,0,0
Ciro Polito,意大利,37,GK,64,64,37,30,32,26,25,56,1647657,Atalanta,意大利甲级联赛,右,183,83,0,0
Raffaele De Vita,苏格兰,29,W,64,64,74,63,61,66,38,63,11155278,Ross County FC,苏格兰超级联赛,右,180,77,0,0
Rodgers Kola,比利时,27,ST,64,67,74,65,58,64,26,76,3910934,KAA Gent,比利时甲级联赛,右,188,80,0,0
Thiago Xavier,法国,33,CM,64,64,47,55,61,56,63,70,5775333,ES Troyes AC,法国甲级联赛,右,180,76,0,0
Fabionn Lopes Patrick,葡萄牙,36,FB,64,64,73,61,64,61,63,69,1780808,"União de Leiria, SAD",葡萄牙超级联赛,左,180,73,0,0
Ryota Morioka,波兰,25,W,64,68,72,55,65,67,33,48,4364737,Śląsk Wrocław,波兰甲级联赛,右,180,70,0,0
Dylan McGowan,苏格兰,25,CB,64,67,59,32,55,48,63,76,3371835,Heart of Midlothian,苏格兰超级联赛,右,185,74,0,0
Kayke,葡萄牙,28,ST,64,66,75,68,56,65,28,69,1882436,Gil Vicente FC,葡萄牙超级联赛,左,180,77,0,0
Richard Magyar,瑞士,25,FB,64,68,53,40,53,48,65,62,5927738,FC Aarau,瑞士超级联赛,右,190,84,0,0
Vincent Euvrard,比利时,34,CB,64,65,50,40,58,44,65,67,4295496,Sint-Truidense VV,比利时甲级联赛,右,183,75,0,0
Levi Garcia,荷兰,19,W,64,78,81,46,61,70,21,54,6391145,AZ,荷兰甲级联赛,左,175,72,0,0
Valdas Trakys,苏格兰,37,ST,63,66,67,63,43,60,12,70,4952828,Hibernian,苏格兰超级联赛,右,190,79,0,0
Arek Radomski,波兰,39,CM,63,63,58,54,65,50,64,59,3018995,Cracovia,波兰甲级联赛,右,178,77,0,0
Hector Sanchez,西班牙,31,CB,63,72,72,27,50,50,61,75,3415518,CD Tenerife,西班牙甲级联赛,左,175,75,0,0
Kew Jaliens,波兰,38,CB,63,63,52,37,56,50,65,71,3920050,Wisła Kraków,波兰甲级联赛,右,183,68,0,0
Purrel Fraenkel,荷兰,40,FB,63,63,72,36,56,66,63,65,3185739,De Graafschap,荷兰甲级联赛,左,170,72,0,0
David Wijns,比利时,29,CM,63,64,70,62,58,62,59,68,5203214,KV Kortrijk,比利时甲级联赛,右,180,77,0,0
Emmanuel Hackman,葡萄牙,21,CB,63,70,54,40,39,54,70,66,2694159,Boavista FC,葡萄牙超级联赛,右,188,71,0,0
Michel Renggli,瑞士,36,CM,63,63,51,64,61,59,58,69,3506608,FC Luzern,瑞士超级联赛,右,180,79,0,0
Caleb Patterson-Sewell,葡萄牙,29,GK,63,64,37,24,28,26,25,59,5451894,Vitória Setúbal,葡萄牙超级联赛,右,190,87,0,0
Hamdi Kasraoui,法国,33,GK,63,63,39,11,23,16,11,57,4784828,RC Lens,法国甲级联赛,右,193,87,0,0
Brett Emerton,英格兰,37,ST,63,63,64,63,60,64,48,73,7262673,Blackburn Rovers,英格兰超级联赛,右,185,85,5,8
Stipe Matic,瑞士,37,CB,63,63,30,37,49,52,63,59,3938128,FC Thun,瑞士超级联赛,右,188,70,0,0
Christian Supusepa,荷兰,27,FB,63,66,69,36,61,55,65,66,4522649,ADO Den Haag,荷兰甲级联赛,左,183,79,0,0
Michal Buchalik,波兰,27,GK,63,64,32,13,35,15,17,48,7372936,Wisła Kraków,波兰甲级联赛,右,190,83,0,0
Marco Zoro,葡萄牙,33,FB,63,65,59,42,54,52,60,72,3980019,Vitória Setúbal,葡萄牙超级联赛,右,183,75,0,0
Soufiane Dadda,荷兰,26,W,63,68,80,45,52,68,26,59,3804827,Ajax,荷兰甲级联赛,左,173,67,0,0
Kevin Brands,荷兰,28,ST,63,66,58,65,63,61,37,60,7318689,Willem II,荷兰甲级联赛,右,185,86,0,0
Tommaso Berni,意大利,33,GK,63,63,29,16,28,16,12,37,4881095,Lazio,意大利甲级联赛,右,185,80,0,0
Sebastien Grax,法国,32,ST,63,63,66,60,54,64,27,68,6837585,ES Troyes AC,法国甲级联赛,右,180,77,1,0
Marco Aratore,瑞士,25,CAM,63,67,68,58,60,66,46,60,3901867,FC St. Gallen,瑞士超级联赛,右,178,61,3,0
Geoffrey Castillion,荷兰,25,ST,63,69,74,62,38,60,23,62,7923725,RKC Waalwijk,荷兰甲级联赛,右,190,78,0,0
Melvyn Lorenzen,德国,22,W,63,74,86,65,52,68,32,64,4057446,SV Werder Bremen,德国甲级联赛,右,188,86,0,0
Beni Badibanga,比利时,20,W,63,73,82,52,57,66,20,49,8760698,Standard de Liège,比利时甲级联赛,右,175,70,0,0
Marco Mathys,瑞士,29,CAM,63,63,66,59,65,61,54,61,6479050,FC St. Gallen,瑞士超级联赛,右,185,77,0,0
Beg Ferati,瑞士,30,CM,63,63,44,42,61,54,62,57,4115215,FC Basel,瑞士超级联赛,右,188,81,0,0
Constantin Nica,意大利,23,FB,63,69,70,43,55,54,60,72,3434499,Cesena,意大利甲级联赛,右,185,75,0,0
Takahito Soma,葡萄牙,35,FB,63,70,80,54,64,66,62,63,6504485,CS Marítimo,葡萄牙超级联赛,左,175,75,0,0
Alexander Corryn,比利时,22,FB,63,69,68,32,52,62,64,57,4386058,Sporting Lokeren,比利时甲级联赛,左,178,70,0,0
Ferry de Regt,荷兰,28,CB,63,66,37,30,46,52,62,64,5665909,VVV-Venlo,荷兰甲级联赛,右,190,78,0,0
Andrej Rendla,荷兰,26,ST,63,68,53,64,54,63,23,52,8801172,Heracles Almelo,荷兰甲级联赛,右,190,77,0,0
Marcos Vinicius,葡萄牙,25,GK,63,67,33,31,35,32,65,66,4969589,Vitória Setúbal,葡萄牙超级联赛,右,190,81,0,0
Jose Miguel Josemi,西班牙,37,FB,63,63,65,45,59,52,65,70,1236933,RCD Mallorca,西班牙甲级联赛,右,183,82,1,0
Robert Milsom,苏格兰,29,CM,63,63,66,66,65,62,58,70,3735757,Aberdeen,苏格兰超级联赛,左,178,72,0,0
Ludovic Buysens,比利时,30,CM,63,63,47,45,54,45,63,62,7986530,Sint-Truidense VV,比利时甲级联赛,右,188,79,0,0
John Potter,苏格兰,37,ST,63,63,62,64,60,60,36,78,2560692,St. Mirren,苏格兰超级联赛,右,185,83,0,0
Javi Flores,西班牙,30,W,63,66,68,54,60,66,36,54,2179906,Sevilla FC,西班牙甲级联赛,右,170,68,0,0
Marco Ilaimaharitra,法国,21,FB,63,74,58,43,60,56,64,71,6201353,FC Sochaux-Montbéliard,法国甲级联赛,右,178,77,0,0
Oleksandr Shevelyukhin,波兰,34,CB,63,63,49,40,48,52,61,71,3219633,Polonia Bytom,波兰甲级联赛,左,193,88,0,0
Gary Deegan,苏格兰,29,FB,63,63,73,59,57,56,61,78,3888669,Hibernian,苏格兰超级联赛,右,175,75,0,0
Serrabasa Gerard,西班牙,38,FB,63,63,52,39,60,52,64,60,2648397,Real Sporting de Gijón,西班牙甲级联赛,右,183,76,1,0
Jesus Perez Francis,西班牙,35,FB,63,63,68,50,59,60,61,72,3084750,Racing Santander,西班牙甲级联赛,右,178,70,1,0
Osman Chavez,波兰,32,FB,63,63,66,46,36,44,58,73,4290357,Wisła Kraków,波兰甲级联赛,右,188,91,0,0
Daniel Lopar,瑞士,31,GK,63,63,40,14,23,18,14,49,4755933,FC St. Gallen,瑞士超级联赛,右,188,85,0,0
Philipp Ochs,德国,19,W,63,79,73,58,58,67,37,58,2991378,TSG 1899 Hoffenheim,德国甲级联赛,左,175,73,0,0
Thomas Agyepong,荷兰,21,W,63,75,77,51,63,68,34,65,7902961,FC Twente,荷兰甲级联赛,右,165,73,0,0
Carlos Servin,葡萄牙,29,GK,63,67,38,25,24,25,25,52,2094176,Vitória Setúbal,葡萄牙超级联赛,右,188,82,0,0
Jussi Kujala,荷兰,33,CM,63,65,53,56,66,60,63,66,3544545,De Graafschap,荷兰甲级联赛,右,178,73,0,0
Cameron Smith,苏格兰,21,ST,63,73,74,64,60,66,17,56,8010077,Aberdeen,苏格兰超级联赛,右,175,61,0,0
Benjamin-Kantie Karamoko,法国,21,CB,63,75,52,31,35,36,62,71,4545438,AS Saint-Étienne,法国甲级联赛,右,196,90,0,0
Maceo Rigters,荷兰,32,ST,63,63,50,72,53,60,28,66,3102786,Willem II,荷兰甲级联赛,右,178,83,0,0
Ahmed Samir Farag,比利时,30,CM,63,64,64,62,64,68,62,69,8021231,Lierse SK,比利时甲级联赛,左,183,86,0,0
Rafa Galvez,西班牙,23,CM,63,70,41,46,60,50,62,59,3655528,Atlético Madrid,西班牙甲级联赛,右,190,81,0,0
Davy De Beule,比利时,35,CM,63,63,61,60,65,62,59,68,2964774,KV Kortrijk,比利时甲级联赛,右,180,78,0,0
Nicholas Riley,苏格兰,30,W,63,63,80,49,58,64,41,65,3236043,Dundee FC,苏格兰超级联赛,右,178,65,0,0
Dor Malul,比利时,27,FB,63,70,73,50,63,68,61,62,4564100,Beerschot AC,比利时甲级联赛,右,175,72,0,0
Laurent Dos Santos,法国,23,FB,63,68,59,45,62,62,66,53,7239549,En Avant de Guingamp,法国甲级联赛,右,178,70,0,0
Gerard Aafjes,苏格兰,31,CM,63,63,38,51,61,57,61,71,4238949,Falkirk,苏格兰超级联赛,右,188,85,0,0
Dawid Kownacki,波兰,19,ST,63,78,74,60,61,64,22,64,10617790,Lech Poznań,波兰甲级联赛,右,185,80,0,0
Linus Hallenius,瑞士,27,ST,63,64,72,62,52,58,26,68,4800352,FC Aarau,瑞士超级联赛,右,185,75,0,0
Romain Sartre,法国,34,CM,63,63,49,47,55,48,62,65,3189210,RC Lens,法国甲级联赛,右,185,84,0,0
Moussa Kalisse,荷兰,33,ST,63,64,72,61,53,66,30,60,2955672,Excelsior,荷兰甲级联赛,右,175,70,0,0
Joshua Brillante,意大利,23,FB,63,70,68,57,63,58,64,73,3732674,Roma,意大利甲级联赛,右,178,73,0,0
Armiche Ortega,波兰,28,W,63,65,78,49,53,65,25,64,2122359,Cracovia,波兰甲级联赛,右,175,70,0,0
Matan Ohayon,比利时,30,FB,63,64,66,37,52,44,65,65,4269399,Sporting Charleroi,比利时甲级联赛,右,180,72,0,0
Jason Oost,荷兰,34,W,63,63,69,58,58,66,27,60,6292907,Excelsior,荷兰甲级联赛,右,183,74,0,0
Youssef El Jebli,荷兰,24,W,63,69,65,54,62,74,25,58,6614499,De Graafschap,荷兰甲级联赛,右,178,71,0,0
Kris De Wree,比利时,35,FB,63,63,54,45,55,51,64,65,3395228,Lierse SK,比利时甲级联赛,右,183,76,0,0
Yaw Yeboah,法国,19,W,63,76,79,62,48,64,17,51,10537711,LOSC Lille,法国甲级联赛,右,170,63,0,0
Bence Mervo,波兰,21,ST,63,74,73,66,59,62,24,65,6332907,Śląsk Wrocław,波兰甲级联赛,右,185,83,0,0
Honour Gombami,比利时,33,W,63,63,76,61,55,63,32,54,3966605,KSV Cercle Brugge,比利时甲级联赛,右,178,71,0,0
Dimitrije Injac,波兰,36,CM,63,63,65,72,59,62,64,71,2699229,Lech Poznań,波兰甲级联赛,右,183,77,0,0
Enrique Corrales,西班牙,34,FB,63,63,74,44,58,58,61,69,11144309,RCD Mallorca,西班牙甲级联赛,左,175,69,0,0
Gregory Beranger,西班牙,35,FB,63,63,72,56,56,63,63,67,1966940,RCD Espanyol,西班牙甲级联赛,左,173,74,0,0
Yuning Zhang,荷兰,19,ST,63,75,64,65,58,60,26,66,6261848,FC Twente,荷兰甲级联赛,右,183,74,0,0
Alessandro Piu,意大利,20,ST,63,73,61,63,57,68,17,56,6339938,Empoli,意大利甲级联赛,右,180,73,0,0
Jeanvion Yulu-Matondo,比利时,30,ST,63,65,80,65,53,65,29,72,2590946,KVC Westerlo,比利时甲级联赛,右,178,74,0,0
Antonio Marin Molina,西班牙,20,FB,63,73,66,29,55,57,63,63,5416639,FC Barcelona,西班牙甲级联赛,右,178,75,0,0
Matthew Pennington,英格兰,22,CB,63,73,58,33,42,48,62,71,4935655,Everton,英格兰超级联赛,右,185,77,0,0
Grilo,葡萄牙,25,FB,63,68,70,46,65,68,60,67,8903227,FC Penafiel,葡萄牙超级联赛,左,178,72,0,0
Junior Livramento,荷兰,29,FB,63,67,66,28,65,62,64,62,2350585,Willem II,荷兰甲级联赛,右,180,72,0,0
Ahmed Ammi,荷兰,35,FB,63,63,62,39,59,64,64,69,2452634,ADO Den Haag,荷兰甲级联赛,右,180,75,0,0
Wim Raymaekers,比利时,31,CB,63,64,52,37,47,40,62,71,2354047,Oud-Heverlee Leuven,比利时甲级联赛,左,185,78,0,0
Arthur,比利时,29,CAM,63,63,68,68,61,60,61,60,8837172,Sporting Lokeren,比利时甲级联赛,左,178,68,0,0
Koro Kone,法国,27,W,63,66,78,60,51,62,25,57,4479353,Dijon FCO,法国甲级联赛,右,178,75,2,0
Francisco Maldonado,西班牙,35,W,63,63,70,57,58,70,32,59,3766556,Real Sporting de Gijón,西班牙甲级联赛,右,178,73,2,0
Djavan Anderson,荷兰,21,FB,63,72,76,38,57,64,66,66,6895957,SC Cambuur,荷兰甲级联赛,右,175,70,0,0
Bruno Perone,英格兰,29,CM,63,69,32,37,59,51,62,64,8962620,Wigan Athletic,英格兰超级联赛,右,190,85,0,0
James Vincent,苏格兰,27,CAM,63,65,64,53,63,65,40,73,2759966,Inverness Caledonian Thistle,苏格兰超级联赛,右,180,70,0,0
Seweryn Gancarczyk,波兰,35,CM,63,63,58,49,56,56,61,69,6769541,Polonia Bytom,波兰甲级联赛,左,180,80,0,0
Ayoze Diaz Diaz,西班牙,34,FB,63,63,78,43,59,57,63,74,4713047,RCD Mallorca,西班牙甲级联赛,左,175,70,0,0
Matt Done,苏格兰,28,W,63,63,81,62,58,65,55,69,3623477,Hibernian,苏格兰超级联赛,左,178,65,0,0
Fabio Francesco Sciacca,意大利,27,CAM,63,66,68,65,65,65,52,70,3322910,Catania,意大利甲级联赛,右,183,77,0,0
Mamadou Ba,葡萄牙,31,GK,63,63,44,18,25,20,18,54,5912252,Boavista FC,葡萄牙超级联赛,右,198,86,0,0
Cofie Bekoe,比利时,28,W,63,66,72,61,58,66,26,55,7500275,Lierse SK,比利时甲级联赛,左,168,68,0,0
Dieter van Tornhout,苏格兰,31,ST,63,66,65,65,55,48,40,71,8122297,Kilmarnock,苏格兰超级联赛,右,190,86,0,0
Ibrahim Rabiu,苏格兰,25,W,63,73,81,49,57,65,27,60,6846192,Kilmarnock,苏格兰超级联赛,左,168,58,0,0
Stefan Nikolic,比利时,26,ST,63,65,58,58,50,60,26,71,9447633,KSV Roeselare,比利时甲级联赛,右,193,86,0,0
Jan-Paul Saeijs,荷兰,38,CM,63,63,42,54,53,47,62,61,2660388,Roda JC Kerkrade,荷兰甲级联赛,右,190,81,0,0
Peter Jungschlaeger,荷兰,32,CM,63,63,46,53,62,62,62,72,5704098,De Graafschap,荷兰甲级联赛,右,183,81,0,0
Youssef El Akchaoui,荷兰,35,CM,63,63,53,64,63,63,64,70,1551474,N.E.C.,荷兰甲级联赛,左,175,72,0,0
Marco Soares,葡萄牙,32,CM,63,65,67,59,66,62,59,65,2472199,"União de Leiria, SAD",葡萄牙超级联赛,右,180,75,0,0
Juan Calahorro,波兰,28,FB,63,65,64,46,55,48,60,74,4500384,Śląsk Wrocław,波兰甲级联赛,右,183,75,0,0
Hermann Hreidarsson,英格兰,42,CM,63,63,32,38,57,55,66,65,6222554,Portsmouth,英格兰超级联赛,左,190,82,3,0
Dean Kiely,英格兰,45,GK,63,72,56,12,20,12,16,67,1935060,West Bromwich Albion,英格兰超级联赛,左,185,78,0,0
Julio Regufe Alves,葡萄牙,25,CM,63,69,64,57,66,64,58,71,9146068,Rio Ave FC,葡萄牙超级联赛,右,180,71,0,0
Ruben Palazuelos,苏格兰,33,CM,63,63,64,54,63,64,62,68,4470773,Heart of Midlothian,苏格兰超级联赛,右,185,75,0,0
Kelvin Maynard,荷兰,29,FB,63,63,70,47,57,64,68,63,5253581,FC Volendam,荷兰甲级联赛,右,180,83,0,0
Tony Varela,荷兰,30,CAM,63,63,77,62,66,64,56,72,6178814,RKC Waalwijk,荷兰甲级联赛,右,170,69,0,0
Massamba Lo Sambou,法国,30,CB,63,63,56,44,55,41,57,80,2147345,Le Havre AC,法国甲级联赛,右,188,87,0,0
Adrian Rakowski,波兰,26,CM,63,67,70,51,65,66,55,69,5642143,Zagłębie Lubin,波兰甲级联赛,右,180,70,0,0
Nemanja Antonov,瑞士,21,FB,63,75,80,28,50,57,65,65,6808833,Grasshopper Club Zürich,瑞士超级联赛,左,183,75,0,0
Yanis Mbombo Lokwa,比利时,22,ST,63,72,80,64,51,64,16,67,3096923,Sint-Truidense VV,比利时甲级联赛,右,178,78,0,0
Kristof Lardenoit,比利时,33,CB,63,63,60,30,43,40,65,66,7077712,Waasland-Beveren,比利时甲级联赛,右,183,75,0,0
Cristian Benavente,比利时,22,W,63,71,76,48,58,70,30,55,3860390,Sporting Charleroi,比利时甲级联赛,右,173,68,0,0
Kevin Janssens,比利时,30,W,63,64,67,57,60,70,32,55,2876902,KSV Cercle Brugge,比利时甲级联赛,左,175,69,0,0
Pablo Alcolea Guerrero,西班牙,27,GK,63,64,60,19,34,18,8,56,8560177,Getafe CF,西班牙甲级联赛,右,183,78,0,0
Valtteri Moren,比利时,25,CB,63,66,51,28,43,40,63,64,5439400,Waasland-Beveren,比利时甲级联赛,右,188,76,0,0
Jeremy Serwy,比利时,25,W,63,73,67,58,61,66,20,49,5368512,SV Zulte-Waregem,比利时甲级联赛,右,173,60,0,0
Adam Banas,波兰,34,FB,63,63,61,52,50,50,61,72,2425577,Zagłębie Lubin,波兰甲级联赛,右,185,79,0,0
Mirko Pieri,意大利,38,FB,63,63,63,54,53,57,63,68,3148259,Sampdoria,意大利甲级联赛,左,183,76,0,0
Andrea Parola,意大利,37,CM,63,63,60,53,66,61,58,61,3770904,Cagliari,意大利甲级联赛,左,178,74,1,0
Michal Janota,波兰,26,W,63,65,72,60,61,63,36,60,3958133,Korona Kielce,波兰甲级联赛,左,170,74,0,0
Moses Lamidi,德国,28,W,63,67,81,61,52,67,16,56,3697221,Borussia Mönchengladbach,德国甲级联赛,右,180,71,0,0
Dariusz Trela,波兰,27,GK,63,65,42,17,27,20,18,52,1913981,Piast Gliwice,波兰甲级联赛,右,188,80,0,0
Bruno Turco,葡萄牙,25,FB,63,68,64,47,58,59,64,65,6587920,Vitória Setúbal,葡萄牙超级联赛,右,180,77,0,0
Stephen Jordan,英格兰,34,FB,63,63,60,51,55,56,62,75,3530215,Burnley,英格兰超级联赛,左,183,71,1,1
Stuart Parnaby,英格兰,34,FB,63,63,70,49,54,56,64,70,1508968,Birmingham City,英格兰超级联赛,右,180,77,0,0
Jimmy De Jonghe,比利时,24,FB,63,68,76,50,58,63,63,68,8391023,Club Brugge KV,比利时甲级联赛,左,170,67,0,0
Jamie Ashdown,英格兰,36,GK,63,63,52,25,24,22,24,57,3168317,Portsmouth,英格兰超级联赛,左,190,92,0,0
Simon Ramsden,苏格兰,35,FB,63,63,52,39,52,54,63,66,2265373,Motherwell,苏格兰超级联赛,右,183,79,0,0
Thierno Bah,瑞士,34,FB,63,63,73,58,58,62,60,80,3320699,Neuchâtel Xamax,瑞士超级联赛,右,175,68,0,0
Michael Gravgaard,法国,38,CM,63,80,56,47,62,46,58,72,3030022,FC Nantes,法国甲级联赛,右,188,88,0,0
Jeffrey Leiwakabessy,荷兰,35,CM,63,63,56,53,61,62,63,65,5766233,VVV-Venlo,荷兰甲级联赛,左,173,67,0,0
Yuri Rose,荷兰,37,CM,63,63,36,64,65,62,51,65,3671845,De Graafschap,荷兰甲级联赛,右,188,85,0,0
Wouter Gudde,荷兰,32,CB,63,67,66,31,58,42,58,71,5587930,RKC Waalwijk,荷兰甲级联赛,右,188,86,0,0
Abdourahman Dampha,瑞士,25,ST,63,73,77,64,59,60,44,68,7142130,Neuchâtel Xamax,瑞士超级联赛,右,183,76,0,0
Mario Bilate,苏格兰,25,ST,63,67,80,66,50,62,18,71,3786587,Dundee United,苏格兰超级联赛,右,190,86,0,0
Gregg Wylde,苏格兰,25,W,63,65,90,59,59,62,43,66,8371327,Rangers,苏格兰超级联赛,左,175,72,0,1
Ulisses Garcia,德国,20,FB,63,77,76,31,43,63,60,70,4460902,SV Werder Bremen,德国甲级联赛,左,185,78,0,0
Ilias Haddad,荷兰,27,FB,63,65,65,51,58,54,61,70,3179459,FC Dordrecht,荷兰甲级联赛,右,188,81,0,0
Damiano Schet,荷兰,26,W,63,65,78,62,57,64,29,45,5988373,RKC Waalwijk,荷兰甲级联赛,右,178,65,0,0
Sofian Akouili,荷兰,27,FB,63,66,70,33,49,50,62,69,2946492,Willem II,荷兰甲级联赛,右,185,81,0,0
David Holman,波兰,23,W,63,71,72,56,63,65,37,61,2295850,Lech Poznań,波兰甲级联赛,右,188,80,0,0
Nico Siegrist,瑞士,25,ST,63,74,76,64,56,62,32,66,3821082,FC Luzern,瑞士超级联赛,右,180,79,0,0
Gino Bosz,荷兰,23,FB,63,69,68,54,64,62,63,64,8513734,Heracles Almelo,荷兰甲级联赛,右,188,70,0,0
Ytalo,葡萄牙,28,ST,63,63,76,65,51,59,32,68,2013300,CS Marítimo,葡萄牙超级联赛,右,175,61,0,0
Nicolas Godemeche,葡萄牙,32,CM,63,63,54,55,62,60,62,62,5320437,Naval 1° de Maio,葡萄牙超级联赛,右,183,80,0,0
Cristian Florin Ianu,瑞士,33,ST,63,63,76,62,59,65,24,67,3289232,FC Luzern,瑞士超级联赛,右,178,72,0,0
Jeroen van der Lely,荷兰,20,FB,63,74,66,32,56,60,65,58,5200505,FC Twente,荷兰甲级联赛,右,175,63,0,0
"Emenike Alex Nkume,27",荷兰,27,FB,63,67,73,52,41,59,62,73,6567003,VVV-Venlo,荷兰甲级联赛,左,185,77,0,0
Romain Rocchi,法国,35,CAM,63,63,52,61,66,64,52,61,3261146,AC Arles-Avignon,法国甲级联赛,右,183,75,0,0
Felix Platte,德国,20,ST,63,77,65,63,52,59,20,67,4784468,FC Schalke 04,德国甲级联赛,右,190,88,0,0
Sidi Yaya Keita,西班牙,31,CM,63,63,56,55,61,53,60,67,4892194,Xerez Club Deportivo,西班牙甲级联赛,右,180,83,0,0
Giorgio Frezzolini,意大利,40,GK,63,63,30,26,28,23,25,55,1797219,Atalanta,意大利甲级联赛,右,188,81,0,0
Mickael Facchinetti,瑞士,25,FB,63,69,68,46,54,55,64,63,2218788,FC Lausanne-Sports,瑞士超级联赛,左,183,74,0,0
Jaime Poulson,葡萄牙,27,ST,63,66,67,64,47,62,24,63,3787670,FC Paços de Ferreira,葡萄牙超级联赛,右,183,75,0,0
Giel Deferm,比利时,28,FB,63,66,66,52,59,60,62,63,4658343,Sint-Truidense VV,比利时甲级联赛,左,178,69,0,0
Shefki Kuqi,苏格兰,40,ST,63,63,44,67,41,48,32,63,3399516,Aberdeen,苏格兰超级联赛,右,188,88,0,0
Joachim Eickmayer,法国,23,FB,63,69,68,33,48,61,70,66,5354215,FC Sochaux-Montbéliard,法国甲级联赛,右,178,70,0,0
Bob Schepers,荷兰,24,ST,63,67,72,61,56,64,33,66,4197654,SC Cambuur,荷兰甲级联赛,左,183,75,0,0
Thilo Leugers,荷兰,25,FB,63,67,69,56,60,64,64,69,2513738,FC Twente,荷兰甲级联赛,左,183,73,0,0
Stole Dimitrievski,西班牙,23,GK,63,73,46,19,27,18,19,56,4324907,Granada CF,西班牙甲级联赛,右,185,86,0,0
Jake Carroll,苏格兰,25,FB,63,69,74,47,58,59,60,65,3415841,Partick Thistle F.C.,苏格兰超级联赛,左,183,78,0,0
Pablo Alvarez,西班牙,36,CAM,63,63,58,59,60,67,48,62,5477278,RC Deportivo de La Coruña,西班牙甲级联赛,右,175,71,5,0
Benjamin Lambot,比利时,29,CM,63,63,50,60,61,48,60,71,5765324,Lierse SK,比利时甲级联赛,右,188,78,0,0
Yohan Brouckaert,比利时,29,CM,63,65,62,62,64,59,57,72,2181061,Tubize,比利时甲级联赛,右,185,80,0,0
Marley Watkins,苏格兰,26,W,63,67,84,56,63,66,16,71,6449527,Inverness Caledonian Thistle,苏格兰超级联赛,左,178,66,0,0
Abdullah Al Hafith,葡萄牙,24,CB,63,68,65,38,42,44,62,71,8718207,"União de Leiria, SAD",葡萄牙超级联赛,右,188,75,0,0
Jorn Vermeulen,比利时,29,CM,63,63,60,58,63,60,63,67,3812303,Oud-Heverlee Leuven,比利时甲级联赛,右,185,78,0,0
Fernando Russi,葡萄牙,27,ST,63,69,60,63,43,64,23,64,1843485,CF Os Belenenses,葡萄牙超级联赛,左,183,78,0,0
Nahuel Valentini,意大利,28,CB,63,64,66,16,36,60,62,66,2532898,Livorno,意大利甲级联赛,右,183,80,0,0
Rory Delap,英格兰,40,CM,63,63,44,59,66,64,59,68,2074170,Stoke City,英格兰超级联赛,右,183,75,7,6
Koen Weuts,比利时,26,FB,63,70,64,39,57,40,63,67,6219877,Oud-Heverlee Leuven,比利时甲级联赛,左,185,72,0,0
Edgar Bernhardt,波兰,30,W,63,67,82,62,63,62,32,62,5526114,Cracovia,波兰甲级联赛,右,175,68,0,0
Stuart Nelson,苏格兰,35,GK,63,63,60,15,25,20,16,59,5300539,Aberdeen,苏格兰超级联赛,右,188,84,0,0
Yohann Eudeline,法国,34,CAM,63,63,46,68,67,70,38,47,3474689,FC Nantes,法国甲级联赛,右,183,74,0,0
Alex Kakuba,葡萄牙,25,FB,63,67,74,40,43,57,67,61,5414561,Estoril Praia,葡萄牙超级联赛,左,178,72,0,0
Luis Olim,葡萄牙,35,FB,63,63,66,49,59,60,64,66,4452395,CS Marítimo,葡萄牙超级联赛,左,178,69,0,0
Pablo Caceres,西班牙,31,FB,63,63,72,48,54,52,62,70,6430159,RCD Mallorca,西班牙甲级联赛,左,178,75,0,1
Peter Grajciar,波兰,33,CAM,63,63,64,65,62,63,56,62,2108261,Śląsk Wrocław,波兰甲级联赛,右,183,80,0,0
Fernando Quesada,荷兰,22,CAM,63,72,60,56,67,69,48,53,4389039,RKC Waalwijk,荷兰甲级联赛,右,178,71,0,0
Valmir Berisha,荷兰,20,ST,63,72,72,59,51,60,25,60,7323792,SC Cambuur,荷兰甲级联赛,左,178,82,0,0
Lukas Haraslin,波兰,20,W,63,76,77,59,53,67,39,63,2499192,Lechia Gdańsk,波兰甲级联赛,左,183,71,0,0
Adrien Goni,西班牙,28,W,63,66,69,61,66,62,26,59,3942013,Real Sporting de Gijón,西班牙甲级联赛,右,173,66,0,0
Sebastian Ziajka,波兰,34,FB,63,63,68,63,55,57,62,71,3824805,Zawisza Bydgoszcz,波兰甲级联赛,左,183,75,0,0
Braulio,西班牙,31,ST,63,63,54,66,45,58,24,62,3377440,Real Zaragoza,西班牙甲级联赛,右,183,77,3,1
Miguel Pallardo,西班牙,30,CM,63,63,58,54,62,64,64,71,4627036,Levante UD,西班牙甲级联赛,右,173,73,0,0
Giuseppe Gemiti,意大利,35,FB,63,63,74,52,59,64,57,70,3105124,Novara,意大利甲级联赛,左,175,70,1,3
Jake Jervis,苏格兰,25,ST,63,67,78,59,50,62,24,66,2701392,Ross County FC,苏格兰超级联赛,右,190,82,0,0
Liliu,比利时,26,ST,63,70,74,62,52,67,26,59,4380294,KVC Westerlo,比利时甲级联赛,左,180,75,0,0
Zavon Hines,英格兰,28,W,63,64,90,59,52,65,26,62,3986149,West Ham United,英格兰超级联赛,右,178,78,1,0
Martin Canning,苏格兰,35,CB,63,63,52,29,44,37,61,74,3999238,Hamilton Academical FC,苏格兰超级联赛,右,188,75,0,0
Danny Collins,英格兰,36,CB,63,63,31,35,54,48,62,62,4411705,Stoke City,英格兰超级联赛,左,183,77,2,2
Ben Alnwick,英格兰,29,GK,63,63,39,12,20,15,13,50,5917212,Burnley,英格兰超级联赛,右,183,80,0,0
Nathan Rutjes,荷兰,33,CM,63,63,56,53,60,64,64,63,4456143,Sparta Rotterdam,荷兰甲级联赛,右,185,69,0,0
Sepp De Roover,荷兰,32,FB,63,63,70,52,45,62,64,69,2644557,NAC Breda,荷兰甲级联赛,右,180,75,0,2
Mirko Bigazzi,葡萄牙,27,W,63,65,84,57,55,64,39,63,4381835,S.C. Olhanense,葡萄牙超级联赛,右,183,72,0,0
Lewis Enoh,比利时,24,ST,63,68,70,63,45,58,21,76,3296852,Sporting Lokeren,比利时甲级联赛,右,188,78,0,0
Hassan El Mouataz,比利时,35,FB,63,63,73,52,59,60,62,65,2734039,Sporting Lokeren,比利时甲级联赛,左,178,76,0,0
Florian Lechner,德国,35,CM,63,63,68,62,58,62,62,65,3562167,FC St. Pauli,德国甲级联赛,右,178,78,0,0
Princewell Okachi,波兰,25,FB,63,69,86,58,62,62,62,64,3564021,Widzew Łódź,波兰甲级联赛,左,168,68,0,0
Niels Wellenberg,荷兰,34,FB,63,63,62,46,56,62,61,69,9994751,N.E.C.,荷兰甲级联赛,右,178,80,0,0
Nico Pellatz,荷兰,30,GK,63,66,48,24,25,24,25,59,5109042,Excelsior,荷兰甲级联赛,左,190,78,0,0
Felix Luz,比利时,34,ST,63,63,64,66,45,54,18,66,2457775,Sporting Lokeren,比利时甲级联赛,右,185,78,0,0
Danny Wilson,苏格兰,25,FB,63,71,68,37,50,58,60,73,4299303,Heart of Midlothian,苏格兰超级联赛,左,188,79,0,0
Eduards Visnakovs,波兰,26,ST,63,65,66,65,44,58,28,65,5304565,Widzew Łódź,波兰甲级联赛,右,188,70,0,0
Jakub Biskup,波兰,33,W,63,63,71,50,63,64,39,49,3382680,Piast Gliwice,波兰甲级联赛,左,170,71,0,0
Stephen Elliott,苏格兰,32,ST,63,63,68,63,61,60,26,78,5909502,Heart of Midlothian,苏格兰超级联赛,右,175,74,0,0
Hekuran Kryeziu,瑞士,23,FB,63,71,74,47,63,64,58,67,3226171,FC Luzern,瑞士超级联赛,右,178,68,0,0
Jerel Ifil,苏格兰,34,CB,63,67,63,27,39,44,61,74,4620169,Aberdeen,苏格兰超级联赛,右,185,81,0,0
Luis Moran,西班牙,29,W,63,68,73,56,57,69,37,53,6733145,Real Sporting de Gijón,西班牙甲级联赛,右,173,67,8,0
Chris Robertson,苏格兰,30,CB,63,63,47,41,48,42,62,71,2458301,Ross County FC,苏格兰超级联赛,右,190,74,0,0
Michael Gardyne,苏格兰,30,W,63,63,80,56,54,68,42,68,4235486,Ross County FC,苏格兰超级联赛,右,170,64,0,0
Kyle Letheren,苏格兰,29,GK,63,63,54,16,19,14,16,57,3586812,Dundee FC,苏格兰超级联赛,右,188,83,0,0
"Bartosz Lawa,25",波兰,37,CAM,63,63,74,60,65,60,57,63,4651890,Arka Gdynia,波兰甲级联赛,左,175,68,0,0
Christian Nade,苏格兰,32,ST,63,63,47,68,49,64,12,67,1601381,Heart of Midlothian,苏格兰超级联赛,右,185,80,0,0
Seid Khiter,法国,31,W,63,78,68,60,57,64,27,53,6924688,Valenciennes FC,法国甲级联赛,右,170,66,0,0
Jonathan Mensah,法国,26,CB,63,67,58,41,47,46,61,71,2584070,Évian Thonon Gaillard FC,法国甲级联赛,右,188,83,1,0
Benjamin Delacourt,比利时,31,CB,63,63,65,41,52,36,62,68,2134834,Royal Excel Mouscron,比利时甲级联赛,右,178,77,0,0
Fabian Yantorno,苏格兰,34,CAM,63,67,64,48,70,70,36,64,6495427,Hibernian,苏格兰超级联赛,右,173,72,0,0
Jordan Bowery,英格兰,25,ST,63,69,79,62,48,62,23,68,7115651,Aston Villa,英格兰超级联赛,右,188,76,1,1
Mikael Seoudi,比利时,30,CAM,63,64,52,62,62,64,47,65,9595878,Waasland-Beveren,比利时甲级联赛,右,183,78,0,0
Karim Belhocine,比利时,38,CM,63,63,42,51,59,50,64,60,2963605,KV Kortrijk,比利时甲级联赛,右,188,83,0,0
Elliot Grandin,英格兰,29,W,63,63,73,54,66,64,44,63,8778891,Blackpool,英格兰超级联赛,右,178,66,1,4
Oliver Schroeder,德国,36,CM,63,63,42,48,54,56,64,74,4777366,VfL Bochum,德国甲级联赛,右,183,87,0,0
Joe Cardle,苏格兰,29,ST,63,63,79,59,56,64,27,76,1585675,Dunfermline Athletic,苏格兰超级联赛,右,178,70,0,0
Miroslav Bozok,波兰,32,CM,63,63,61,57,62,66,53,72,3266832,Arka Gdynia,波兰甲级联赛,左,175,69,0,0
Sanel Jahic,瑞士,35,FB,63,63,61,52,53,60,62,70,2842594,Grasshopper Club Zürich,瑞士超级联赛,右,185,81,0,0
Jozef Piacek,波兰,33,CB,63,63,54,29,48,30,62,72,5011487,Podbeskidzie Bielsko-Biała,波兰甲级联赛,右,193,92,0,0
Gary Miller,苏格兰,29,FB,63,63,67,34,60,61,61,67,6830598,St. Johnstone FC,苏格兰超级联赛,左,183,71,0,0
Martin Amedick,德国,34,CM,63,63,35,44,53,44,62,48,7174254,1. FC Kaiserslautern,德国甲级联赛,右,193,85,2,0
Lee Miller,苏格兰,33,ST,63,63,62,64,60,60,36,78,3072160,Aberdeen,苏格兰超级联赛,右,188,77,0,0
Sheyi Ojo,英格兰,19,W,63,79,84,58,58,64,29,53,3859701,Liverpool,英格兰超级联赛,左,178,64,0,0
Luigi Pieroni,法国,36,ST,63,63,54,66,47,50,18,72,5486570,Valenciennes FC,法国甲级联赛,右,188,84,0,0
Christian Irobiso,葡萄牙,23,ST,63,70,64,66,47,59,24,69,3691627,FC Paços de Ferreira,葡萄牙超级联赛,右,190,77,0,0
Matthew Steenvoorden,荷兰,23,FB,63,70,64,46,63,62,62,69,5685792,FC Dordrecht,荷兰甲级联赛,右,188,79,0,0
Mart Lieder,荷兰,26,ST,63,66,65,63,48,60,24,68,2959361,FC Dordrecht,荷兰甲级联赛,右,180,75,2,0
Justin Hoyte,英格兰,32,FB,63,63,68,32,53,54,62,67,1497517,Middlesbrough,英格兰超级联赛,右,180,68,1,1
Julian Jenner,荷兰,32,W,63,63,72,63,55,68,25,55,2958641,Vitesse,荷兰甲级联赛,右,188,73,0,0
Koikili Campo,西班牙,36,FB,63,63,74,63,59,59,64,71,3130529,Athletic Club de Bilbao,西班牙甲级联赛,左,168,67,1,0
Sinan Kaloglu,德国,35,ST,63,63,33,68,56,54,21,53,3747912,VfL Bochum,德国甲级联赛,右,188,81,4,0
Uros Korun,波兰,29,CB,63,63,60,28,43,38,66,67,5137603,Piast Gliwice,波兰甲级联赛,右,188,79,0,0
Calum Elliot,苏格兰,29,ST,63,67,68,63,56,62,26,63,13029190,Heart of Midlothian,苏格兰超级联赛,右,183,79,0,0
Nicolas Amodio,意大利,33,FB,63,70,72,54,66,59,55,70,5375264,Napoli,意大利甲级联赛,右,180,80,0,0
Gael Germany,法国,33,FB,63,63,74,37,60,50,64,78,5378734,AC Arles-Avignon,法国甲级联赛,右,185,73,0,0
Aurelien Joachim,荷兰,30,ST,63,63,50,66,52,59,22,77,3570547,RKC Waalwijk,荷兰甲级联赛,右,185,82,0,0
Mody Traore,法国,36,FB,63,63,59,41,56,57,64,68,4319820,Valenciennes FC,法国甲级联赛,右,173,70,0,0
Dario Tanda,荷兰,21,CAM,63,70,72,55,69,66,51,57,11323876,FC Twente,荷兰甲级联赛,右,173,68,0,0
Abdelmalek El Hasnaoui,荷兰,22,W,63,72,76,51,61,70,32,60,6429588,PEC Zwolle,荷兰甲级联赛,左,180,72,0,0
Patrick Cregg,苏格兰,30,FB,63,63,62,44,61,64,61,68,3724944,St. Johnstone FC,苏格兰超级联赛,右,175,65,0,0
Ishmael Miller,英格兰,29,ST,63,63,72,60,46,56,24,60,3876871,West Bromwich Albion,英格兰超级联赛,左,193,102,3,2
James McPake,苏格兰,32,CM,63,63,54,43,56,50,56,67,3704412,Dundee FC,苏格兰超级联赛,右,188,80,0,0
"Manolo Gaspar,28",西班牙,35,FB,63,63,74,51,55,56,62,73,8325480,Málaga CF,西班牙甲级联赛,右,173,71,0,0
Vincenzo Camilleri,意大利,24,CB,63,67,58,46,48,50,70,71,7249003,Reggio Calabria,意大利甲级联赛,右,193,82,0,0
Andy Dorman,苏格兰,34,CM,63,63,64,59,59,62,64,67,11902329,St. Mirren,苏格兰超级联赛,右,185,68,0,0
Marco Pisano,意大利,35,FB,63,63,66,48,44,52,63,68,4627976,Torino,意大利甲级联赛,左,175,69,1,0
Gladstone,葡萄牙,31,FB,63,64,59,46,56,48,62,75,2821946,Gil Vicente FC,葡萄牙超级联赛,右,183,79,0,0
Umar Sadiq,意大利,19,ST,63,77,68,62,49,62,17,66,6810787,Roma,意大利甲级联赛,右,193,78,0,0
Khalil Chemmam,葡萄牙,29,FB,63,65,68,62,48,64,64,72,9016278,Vitória Guimarães,葡萄牙超级联赛,左,178,73,0,0
Hernani,波兰,32,FB,63,63,66,51,51,52,59,67,4866642,Korona Kielce,波兰甲级联赛,右,190,88,0,1
Francesco Parravicini,意大利,34,CM,63,63,60,55,64,56,60,59,2453509,Atalanta,意大利甲级联赛,右,175,70,0,0
Pajetat Douglas,葡萄牙,30,GK,63,64,22,21,34,12,14,57,2904230,Feirense,葡萄牙超级联赛,右,190,85,0,0
Edgar,葡萄牙,29,CM,63,64,66,60,59,66,62,71,5866179,Vitória Guimarães,葡萄牙超级联赛,左,173,74,0,0
Nicolas Delporte,比利时,23,FB,63,69,66,35,52,54,64,65,2879974,Oud-Heverlee Leuven,比利时甲级联赛,左,178,71,0,0
Nathan Sinkala,法国,26,FB,63,69,70,34,56,62,66,66,3626141,FC Sochaux-Montbéliard,法国甲级联赛,右,175,74,0,0
Lukasz Hanzel,波兰,30,CAM,63,63,74,58,66,66,56,68,3763356,Zagłębie Lubin,波兰甲级联赛,右,180,71,0,0
Maksymilian Rogalski,波兰,33,CM,63,63,70,65,60,59,62,60,3461719,Pogoń Szczecin,波兰甲级联赛,右,180,82,0,0
Lee Erwin,苏格兰,22,ST,63,73,68,62,55,62,18,67,8568982,Motherwell,苏格兰超级联赛,右,188,79,0,0
Darren McGregor,苏格兰,31,FB,63,63,74,35,53,56,61,71,3048734,St. Mirren,苏格兰超级联赛,右,183,87,0,0
Lee Ashcroft,苏格兰,23,CB,63,73,67,30,37,38,64,72,2030160,Kilmarnock,苏格兰超级联赛,右,180,70,0,0
Joey Godee,比利时,27,ST,63,64,74,61,59,65,37,68,4043855,KSV Cercle Brugge,比利时甲级联赛,右,178,79,0,0
Norichio Nieveld,荷兰,27,FB,63,65,66,42,51,42,61,71,3360996,Excelsior,荷兰甲级联赛,右,188,80,0,0
Soufian El Hassnaoui,荷兰,27,ST,63,64,78,61,57,66,25,67,3179024,De Graafschap,荷兰甲级联赛,右,183,79,0,0
Uche Henry Agbo,西班牙,21,FB,63,73,59,42,58,62,62,74,4472249,Granada CF,西班牙甲级联赛,右,185,73,0,0
Zizo,比利时,20,CAM,63,75,64,46,65,68,52,53,5925259,Lierse SK,比利时甲级联赛,右,175,67,0,0
Daniele Ficagna,意大利,35,CB,63,63,45,46,44,47,62,64,4537139,Siena,意大利甲级联赛,右,185,75,1,0
Josh Magennis,苏格兰,26,ST,63,66,80,61,58,62,50,79,7074241,Kilmarnock,苏格兰超级联赛,右,188,92,0,0
Cristian Trombetta,葡萄牙,30,CB,63,66,48,33,53,51,63,69,3750390,Leixões SC,葡萄牙超级联赛,左,188,79,0,0
Leroy Labylle,荷兰,25,CAM,63,68,73,57,62,66,54,55,8911002,PEC Zwolle,荷兰甲级联赛,左,175,72,0,0
Krisztian Adorjan,荷兰,23,CAM,63,71,56,58,69,66,24,50,4715089,FC Groningen,荷兰甲级联赛,右,183,72,0,0
Bruno Martignoni,瑞士,24,FB,63,67,72,49,56,58,62,68,5759564,FC Aarau,瑞士超级联赛,右,180,77,0,0
Tim Cornelisse,荷兰,38,CM,63,63,37,47,62,58,66,58,2048619,FC Utrecht,荷兰甲级联赛,右,183,73,0,0
Sandro Calabro,荷兰,33,ST,63,69,66,59,40,60,34,67,4956888,VVV-Venlo,荷兰甲级联赛,右,188,77,0,0
Dawid Kudla,波兰,24,GK,63,69,44,20,31,17,18,58,4205946,Pogoń Szczecin,波兰甲级联赛,右,188,84,0,0
Rick Verbeek,荷兰,28,CM,63,67,54,61,67,66,56,67,6720259,VVV-Venlo,荷兰甲级联赛,右,180,65,0,0
Bart van Brakel,荷兰,29,CM,63,63,65,56,61,64,62,65,2744250,SC Cambuur,荷兰甲级联赛,右,170,70,0,0
Antonio Busce,意大利,41,CM,63,63,53,58,65,60,60,67,7634419,Bologna,意大利甲级联赛,右,183,78,2,1
Julian Luque,西班牙,24,W,63,71,70,47,56,72,28,50,4495020,Racing Santander,西班牙甲级联赛,右,175,66,0,0
Mohamed El Gabbas,比利时,29,ST,63,65,78,60,58,63,28,66,3459349,Lierse SK,比利时甲级联赛,右,178,70,0,0
Nick Ross,苏格兰,25,CM,63,66,68,56,61,66,59,78,2342344,Inverness Caledonian Thistle,苏格兰超级联赛,右,175,64,0,0
Junior Lopes,葡萄牙,29,CB,63,67,43,30,32,39,65,63,3941749,Sporting CP,葡萄牙超级联赛,右,190,80,0,0
Tadeusz Socha,波兰,28,FB,63,67,79,45,45,58,69,66,3499930,Śląsk Wrocław,波兰甲级联赛,右,183,70,0,0
Massimiliano Benassi,意大利,35,GK,63,63,60,25,25,25,25,44,5123635,Lecce,意大利甲级联赛,左,180,77,0,0
Olivier Thomert,法国,36,CAM,63,63,60,64,60,64,52,60,3848599,Stade Rennais FC,法国甲级联赛,左,183,75,1,0
Fabien Laurenti,法国,33,CB,63,63,58,37,55,46,63,77,7227076,AC Arles-Avignon,法国甲级联赛,右,180,75,0,0
Yohan Demont,法国,38,CM,63,63,62,60,67,66,62,69,1977348,RC Lens,法国甲级联赛,右,180,73,1,0
Karol Danielak,波兰,25,W,63,69,82,55,58,61,41,66,3148375,Pogoń Szczecin,波兰甲级联赛,右,170,66,0,0
Salomon Nirisarike,比利时,23,CB,63,69,52,33,40,38,63,73,4315392,Sint-Truidense VV,比利时甲级联赛,右,185,82,0,0
Christian Kalvenes,英格兰,39,CB,63,63,53,41,56,36,66,72,4690151,Burnley,英格兰超级联赛,左,183,77,0,0
Diego Gomez,葡萄牙,32,W,63,63,68,50,67,64,22,53,3803451,Académica de Coimbra,葡萄牙超级联赛,右,165,68,0,0
Wannes van Tricht,比利时,23,CAM,63,71,72,62,65,63,50,65,3847414,KV Mechelen,比利时甲级联赛,右,173,64,0,0
Sunday Abalo,葡萄牙,21,CB,63,70,64,30,55,55,65,73,6366666,Rio Ave FC,葡萄牙超级联赛,右,180,72,0,0
Lukas Droppa,波兰,27,FB,63,65,68,55,60,54,62,66,9209031,Śląsk Wrocław,波兰甲级联赛,右,183,79,0,0
Christian Timm,德国,37,W,63,63,78,58,57,66,29,59,9409888,Karlsruher SC,德国甲级联赛,右,180,73,0,0
Federico Andrada,法国,22,ST,63,69,64,65,62,64,19,68,5873678,FC Metz,法国甲级联赛,右,180,75,0,0
Georgemy,葡萄牙,21,GK,63,72,44,19,33,20,16,50,6099508,Estoril Praia,葡萄牙超级联赛,右,196,89,0,0
Marko Suler,比利时,33,FB,63,63,75,37,60,43,61,72,3251644,KAA Gent,比利时甲级联赛,右,185,79,0,0
Jure Travner,苏格兰,31,FB,63,63,76,38,57,52,60,74,3134283,St. Mirren,苏格兰超级联赛,左,180,79,0,0
Krzysztof Kaminski,波兰,26,GK,63,70,37,25,24,25,25,48,4964059,Ruch Chorzów,波兰甲级联赛,右,190,81,0,0
Cristian Manea,比利时,19,FB,63,78,73,49,55,58,64,59,4022652,Royal Excel Mouscron,比利时甲级联赛,右,183,69,0,0
Onyekachi Okonkwo,瑞士,34,CM,63,63,72,58,66,65,56,69,2908784,FC Zürich,瑞士超级联赛,右,180,71,0,0
Jore Trompet,比利时,24,CM,63,67,68,57,63,66,58,67,4291946,Sporting Lokeren,比利时甲级联赛,右,180,70,0,0
Mart Dijkstra,荷兰,26,CM,63,65,48,60,53,58,63,71,3517315,SC Cambuur,荷兰甲级联赛,右,183,83,0,0
"Antony Lecointe,19",法国,36,FB,63,63,64,48,56,59,63,61,2519208,US Boulogne Cote D'Opale,法国甲级联赛,右,168,59,0,0
Florian Bague,法国,32,GK,63,70,30,12,23,15,15,40,4153506,US Boulogne Cote D'Opale,法国甲级联赛,右,180,79,0,0
Ettore Mendicino,意大利,26,ST,63,79,72,64,57,64,22,64,9024917,Palermo,意大利甲级联赛,右,183,78,0,0
Eneko Satrustegui,西班牙,26,FB,63,70,76,51,47,48,66,72,4144286,CA Osasuna,西班牙甲级联赛,左,183,75,0,0
Andrea Mei,荷兰,27,FB,63,67,66,38,41,52,64,71,1900076,VVV-Venlo,荷兰甲级联赛,右,185,78,0,0
Danny Wintjens,荷兰,33,GK,63,63,55,25,32,26,22,54,1933478,PEC Zwolle,荷兰甲级联赛,右,201,76,0,0
Ryan Flynn,苏格兰,28,ST,63,64,70,55,61,64,38,71,7361952,Falkirk,苏格兰超级联赛,右,170,60,0,0
Felice Natalino,意大利,24,CB,63,78,58,32,47,32,63,76,10494923,Lazio,意大利甲级联赛,右,185,74,0,0
Ahmed Apimah Barusso,意大利,32,CM,63,63,61,57,57,54,63,70,2715525,Siena,意大利甲级联赛,右,183,75,0,0
Arjan van Dijk,荷兰,29,GK,63,65,42,25,25,25,25,53,6533566,RKC Waalwijk,荷兰甲级联赛,右,188,78,0,0
Niels Vorthoren,荷兰,28,CAM,63,63,62,66,65,62,50,71,3397867,Excelsior,荷兰甲级联赛,右,188,81,0,0
Ian Black,苏格兰,31,FB,63,63,72,57,64,64,60,71,13438132,Heart of Midlothian,苏格兰超级联赛,右,173,67,0,0
Alan Smith,英格兰,36,CM,63,63,43,62,63,64,63,72,4221546,Newcastle United,英格兰超级联赛,右,180,81,0,0
"Fernandez Aitor Tornavaca,29",西班牙,40,CM,63,63,62,56,61,66,63,55,3381418,RC Recreativo,西班牙甲级联赛,左,175,70,2,0
Pawel Stolarski,波兰,20,FB,63,75,80,51,56,62,58,68,4724286,Wisła Kraków,波兰甲级联赛,右,180,74,0,0
Haris Hajradinovic,比利时,22,W,63,71,73,62,63,63,28,57,3222937,KAA Gent,比利时甲级联赛,左,178,74,0,0
Wojciech Kedziora,波兰,36,ST,63,63,48,59,60,61,29,66,5680810,Termalica Bruk-Bet Nieciecza,波兰甲级联赛,右,188,86,0,0
Hamed Namouchi,法国,32,CAM,63,72,66,57,66,66,45,61,3967036,FC Lorient,法国甲级联赛,右,183,74,0,0
Nenad Kovacevic,法国,36,CM,63,63,45,57,58,62,64,72,5736506,RC Lens,法国甲级联赛,右,175,79,0,0
Leandro Kappel,葡萄牙,27,ST,63,68,76,68,53,64,28,61,4829443,SC Braga,葡萄牙超级联赛,右,183,73,0,0
Sebastian Steblecki,波兰,24,W,63,66,70,61,58,69,47,54,5213217,Cracovia,波兰甲级联赛,右,185,70,2,0
Manuel Onwu,西班牙,28,ST,63,68,78,66,52,56,28,72,2369347,Levante UD,西班牙甲级联赛,右,185,75,1,0
John Rankin,苏格兰,33,CM,63,63,74,63,62,62,58,83,6220059,Dundee United,苏格兰超级联赛,左,173,78,0,0
Chris Herd,英格兰,27,FB,63,63,66,52,61,63,63,66,2901571,Aston Villa,英格兰超级联赛,右,173,76,1,0
Thomas Bosmel,法国,28,GK,63,65,33,26,29,25,25,35,3895058,SM Caen,法国甲级联赛,右,183,75,0,0
Dragan Jelic,荷兰,30,ST,63,71,70,61,50,58,32,67,4136783,Willem II,荷兰甲级联赛,右,183,77,0,0
Elvedin Dzinic,比利时,31,CM,63,64,41,52,51,42,61,63,3853055,Sporting Charleroi,比利时甲级联赛,右,185,80,0,0
Hugo Rodriguez,法国,25,FB,63,65,69,47,64,62,52,57,8039684,Stade de Reims,法国甲级联赛,右,178,70,0,0
Iban Javier Cuadrado,西班牙,37,CB,63,74,56,37,53,47,64,63,2527970,Málaga CF,西班牙甲级联赛,右,188,80,0,0
Jackson Mendy,德国,29,FB,63,72,65,34,47,58,63,73,4815630,SC Freiburg,德国甲级联赛,左,193,78,0,0
Luca Martinelli,意大利,28,CB,63,69,54,29,34,34,64,72,3088003,Empoli,意大利甲级联赛,右,185,74,0,0
Tim Keurntjes,荷兰,25,ST,63,70,77,68,59,68,28,64,7268836,FC Groningen,荷兰甲级联赛,左,175,70,0,0
Nicola Strambelli,意大利,28,FB,63,70,77,52,66,62,57,61,2665976,Roma,意大利甲级联赛,右,168,65,0,0
Alex Von Schwedler,葡萄牙,36,CM,63,63,36,54,58,46,58,72,7304021,CF Os Belenenses,葡萄牙超级联赛,右,183,76,0,0
Sebastien Piocelle,法国,38,CM,63,63,53,58,65,61,56,65,4065258,AC Arles-Avignon,法国甲级联赛,右,178,75,0,0
Luis Filipe,葡萄牙,37,FB,63,63,68,50,65,66,65,61,1889526,S.C. Olhanense,葡萄牙超级联赛,右,183,75,0,0
Baltasar Rigo,西班牙,31,CM,63,66,53,51,55,43,61,64,3549763,UD Almería,西班牙甲级联赛,左,185,79,0,0
Oliver,葡萄牙,24,ST,63,70,67,61,57,60,18,64,5795192,CD Nacional,葡萄牙超级联赛,右,178,74,0,0
Quentin Westberg,法国,30,GK,63,63,44,12,23,14,13,63,3968462,Évian Thonon Gaillard FC,法国甲级联赛,右,183,79,0,0
Lucien Aubey,法国,32,CM,63,64,43,43,57,50,58,77,2324406,Stade Rennais FC,法国甲级联赛,左,180,80,0,0
Airam Cabrera,波兰,29,ST,63,63,64,60,60,58,23,72,5988101,Korona Kielce,波兰甲级联赛,左,180,78,0,0
Ruud van de Rijt,荷兰,28,FB,63,65,62,31,51,43,64,59,2875223,Willem II,荷兰甲级联赛,右,180,81,0,0
Luwagga Kizito,葡萄牙,23,W,63,71,74,61,49,66,28,51,2916652,FC Porto,葡萄牙超级联赛,右,175,68,0,0
Blair Spittal,苏格兰,21,W,63,75,80,57,55,67,34,58,5222333,Dundee United,苏格兰超级联赛,右,183,72,0,0
Daniel Lopez,苏格兰,31,ST,63,63,62,61,56,64,26,66,5721708,Inverness Caledonian Thistle,苏格兰超级联赛,右,188,90,0,0
Salvatore Masiello,意大利,34,FB,63,63,69,58,60,60,74,69,4890402,Bari,意大利甲级联赛,左,175,71,1,0
James Wesolowski,苏格兰,29,FB,63,63,68,55,61,62,64,77,4608692,Hamilton Academical FC,苏格兰超级联赛,右,173,75,0,0
Eder Sciola,葡萄牙,31,FB,63,66,68,57,55,60,64,70,1900859,Gil Vicente FC,葡萄牙超级联赛,右,183,81,0,0
Michael Higdon,苏格兰,33,ST,63,63,48,58,54,60,26,79,6133710,Motherwell,苏格兰超级联赛,右,185,80,0,0
Ben Williams,苏格兰,34,GK,63,63,52,16,32,24,18,60,3949013,Hibernian,苏格兰超级联赛,右,188,86,0,0
Alain Wiss,瑞士,26,CM,63,65,65,62,64,60,62,64,3007812,FC Luzern,瑞士超级联赛,右,180,67,0,0
Rihairo Meulens,荷兰,28,ST,63,65,86,63,50,64,22,62,4746095,FC Dordrecht,荷兰甲级联赛,右,183,77,0,0
Zsolt Laczko,意大利,30,FB,63,67,68,35,58,59,60,71,4908154,Sampdoria,意大利甲级联赛,左,183,80,0,0
Zbigniew Malkowski,波兰,38,GK,63,63,22,15,30,13,15,48,2318112,Korona Kielce,波兰甲级联赛,右,188,82,0,0
Ivan Sproule,苏格兰,35,ST,63,63,88,56,58,61,31,75,5088978,Hibernian,苏格兰超级联赛,右,173,74,0,0
Antonio Filipe,葡萄牙,31,GK,63,63,34,25,25,25,25,53,1849465,FC Paços de Ferreira,葡萄牙超级联赛,右,185,84,0,0
Diogo Melo,葡萄牙,32,CM,63,66,54,55,64,65,57,72,4768977,Académica de Coimbra,葡萄牙超级联赛,右,183,84,0,0
Nathan Eccleston,苏格兰,26,ST,63,71,75,64,48,64,26,62,7453533,Kilmarnock,苏格兰超级联赛,右,178,75,0,0
Cees Paauwe,荷兰,39,GK,63,63,42,20,26,19,17,57,2218656,Excelsior,荷兰甲级联赛,右,198,92,0,0
Charles Diers,法国,35,CAM,63,63,59,54,65,69,39,66,3987238,Angers SCO,法国甲级联赛,右,185,79,0,0
Conor Grant,苏格兰,21,CM,63,71,64,62,70,68,58,66,4224099,Motherwell,苏格兰超级联赛,左,175,80,0,0
Jay Tabb,英格兰,32,FB,63,63,66,54,60,61,62,76,4036239,Reading,英格兰超级联赛,左,170,64,0,1
Franck Queudrue,法国,38,CM,63,63,33,54,52,52,60,69,7099343,RC Lens,法国甲级联赛,左,183,77,0,0
Curtis Good,苏格兰,23,FB,63,71,58,35,56,48,64,65,3233839,Dundee United,苏格兰超级联赛,左,188,85,0,0
Hachem Abbes,波兰,30,FB,63,64,62,34,56,52,63,63,3959652,Widzew Łódź,波兰甲级联赛,左,188,81,0,0
Lionel Zouma,法国,23,CB,63,69,72,29,40,32,62,63,4590604,FC Sochaux-Montbéliard,法国甲级联赛,右,190,80,1,0
Shaun Derry,英格兰,39,CM,63,63,28,48,67,53,70,71,3428791,Queens Park Rangers,英格兰超级联赛,右,183,82,1,0
Chaker Zouaghi,瑞士,31,CM,63,68,44,41,54,56,60,68,3772792,FC Zürich,瑞士超级联赛,右,190,82,0,0
Amadou Sidibe,法国,30,FB,63,68,76,53,54,54,61,58,1585553,AJ Auxerre,法国甲级联赛,左,173,72,0,0
Daniele Ragatzu,意大利,25,W,63,72,84,61,48,64,24,56,6510348,Cagliari,意大利甲级联赛,右,173,73,4,0
Aleksandar Stevanovic,德国,24,FB,63,70,70,52,60,62,63,61,3950777,SV Werder Bremen,德国甲级联赛,右,175,65,0,0
Joao Dias,葡萄牙,30,FB,63,65,68,41,54,56,64,74,6119115,Académica de Coimbra,葡萄牙超级联赛,右,180,70,0,0
Benedikt Saller,德国,24,CM,63,69,60,56,66,63,57,66,3397825,1. FSV Mainz 05,德国甲级联赛,右,180,70,2,0
David Kinsombi,德国,21,FB,63,73,66,34,46,55,64,71,4732383,Eintracht Frankfurt,德国甲级联赛,右,183,74,0,0
Kandia Traore,法国,36,ST,63,63,53,61,56,60,24,63,3006295,SM Caen,法国甲级联赛,左,180,86,4,0
Pascal Bosschaart,荷兰,36,CM,63,63,32,51,52,58,58,64,3672261,ADO Den Haag,荷兰甲级联赛,左,183,82,0,0
Rene Sterckx,比利时,25,CAM,63,69,70,62,62,66,56,61,2081675,SV Zulte-Waregem,比利时甲级联赛,右,178,72,0,0
Anthony Portier,比利时,34,FB,63,63,58,55,52,50,61,75,1852824,KSV Cercle Brugge,比利时甲级联赛,右,183,82,0,0
Moncef Zerka,法国,35,ST,63,63,68,61,60,63,38,67,5013375,AS Nancy-Lorraine,法国甲级联赛,右,183,80,0,0
Lars Hutten,荷兰,26,ST,63,72,73,65,63,64,34,64,9334990,Willem II,荷兰甲级联赛,右,180,72,0,0
Mavroudis Bougaidis,波兰,23,CB,63,73,61,42,53,32,65,65,5154407,Lechia Gdańsk,波兰甲级联赛,右,190,77,0,0
Jiri Bilek,波兰,33,CM,63,63,51,55,65,53,60,74,3687990,Zagłębie Lubin,波兰甲级联赛,右,185,80,0,0
Francesco Scardina,意大利,35,CB,63,64,65,32,46,35,64,67,4117189,Chievo Verona,意大利甲级联赛,左,180,78,0,0
Ibrahima Gueye,比利时,38,CB,63,63,33,39,51,44,60,62,3459100,Sporting Lokeren,比利时甲级联赛,右,190,84,0,0
Yves Lenaerts,比利时,33,GK,63,63,39,21,36,18,15,48,8813935,Oud-Heverlee Leuven,比利时甲级联赛,右,188,80,0,0
Miles Addison,苏格兰,27,CB,63,64,48,36,53,43,58,72,6771211,Kilmarnock,苏格兰超级联赛,右,190,93,0,0
Mickael Antoine-Curier,苏格兰,33,ST,63,63,64,64,49,65,25,66,3631540,Hamilton Academical FC,苏格兰超级联赛,右,183,76,0,0
Philipp Heerwagen,德国,33,GK,63,63,37,15,27,18,14,56,4011712,VfL Bochum,德国甲级联赛,右,193,89,0,0
Lens Annab,比利时,28,CAM,63,65,64,49,63,70,45,63,3472307,KVC Westerlo,比利时甲级联赛,右,183,77,0,0
Giovanni Gravenbeek,荷兰,28,FB,63,65,82,58,59,63,62,65,6400210,PEC Zwolle,荷兰甲级联赛,右,175,72,0,0
Fraser Fyvie,苏格兰,23,CM,63,67,68,54,64,63,54,68,5746888,Aberdeen,苏格兰超级联赛,右,173,60,0,0
Michael Lamey,德国,37,FB,63,63,66,56,60,60,62,63,3851466,DSC Arminia Bielefeld,德国甲级联赛,右,185,79,0,1
Kevin van Veen,荷兰,25,ST,63,67,54,67,47,60,17,69,2235317,SC Cambuur,荷兰甲级联赛,右,185,90,0,0
Darren Barr,苏格兰,31,FB,63,63,64,56,57,58,61,62,2594373,Falkirk,苏格兰超级联赛,右,180,65,0,0
Erlend Hanstveit,比利时,35,CM,63,63,46,55,62,57,64,69,5435118,KAA Gent,比利时甲级联赛,左,188,81,0,0
Marek Wasiluk,波兰,29,CB,63,63,54,53,46,44,69,66,4126050,Cracovia,波兰甲级联赛,左,196,83,0,0
Tomas Danilevicius,意大利,38,ST,63,63,54,60,51,55,24,71,3272580,Livorno,意大利甲级联赛,右,188,81,5,0
Anton Sloboda,波兰,29,CAM,63,63,72,60,68,64,53,60,5086473,Podbeskidzie Bielsko-Biała,波兰甲级联赛,左,178,70,0,0
Martin Juhar,波兰,28,CAM,63,63,66,66,67,62,60,63,5358990,Termalica Bruk-Bet Nieciecza,波兰甲级联赛,左,183,72,0,0
Emiliano Ariel Dudar,瑞士,35,CM,63,63,41,45,50,56,64,49,2786638,BSC Young Boys,瑞士超级联赛,左,190,90,0,0
Juan Angel Neira,西班牙,27,W,63,66,70,56,62,64,24,56,4632750,CA Osasuna,西班牙甲级联赛,右,178,69,0,0
John Paul Kissock,苏格兰,27,W,63,68,74,55,60,69,36,53,3807894,Hamilton Academical FC,苏格兰超级联赛,右,173,65,0,0
Paul Hanlon,苏格兰,26,CB,63,69,71,30,50,48,63,75,3314023,Hibernian,苏格兰超级联赛,左,185,64,0,0
Bernard Mendy,英格兰,35,FB,63,63,69,56,56,60,64,68,3772614,Hull City,英格兰超级联赛,右,180,77,3,3
Gjoko Zajkov,比利时,21,CB,63,71,51,26,52,43,63,65,3974104,Sporting Charleroi,比利时甲级联赛,右,185,78,0,0
Carl Dickinson,英格兰,29,CB,63,63,60,39,53,57,65,77,3107550,Stoke City,英格兰超级联赛,左,185,90,0,1
Stephane Dasse,葡萄牙,27,FB,63,67,70,50,51,60,62,71,6281673,S.C. Olhanense,葡萄牙超级联赛,左,180,70,0,0
Ricardo Campos,葡萄牙,31,GK,63,63,43,12,21,18,16,56,8052789,FC Porto,葡萄牙超级联赛,右,188,82,0,0
Josip Tadic,波兰,29,ST,63,63,68,65,55,61,28,76,4786998,Lechia Gdańsk,波兰甲级联赛,右,188,74,0,0
Zander Diamond,苏格兰,31,CB,63,63,53,42,39,43,60,73,2991582,Aberdeen,苏格兰超级联赛,右,188,73,0,0
Michael Modubi,比利时,31,FB,63,66,63,48,62,57,62,70,3913586,KVC Westerlo,比利时甲级联赛,右,175,72,0,0
Marc Wagemakers,比利时,38,CM,63,64,64,62,63,56,62,66,5898574,Sint-Truidense VV,比利时甲级联赛,右,183,74,0,0
Bernt Evens,比利时,38,CM,63,63,40,50,59,47,62,63,2475864,KSV Cercle Brugge,比利时甲级联赛,左,193,86,0,0
Jonathan Lacourt,法国,30,CM,63,63,56,41,65,62,60,64,3156649,Valenciennes FC,法国甲级联赛,左,180,71,0,0
Jimmy Kamghain,比利时,24,W,63,71,88,55,54,72,23,68,5365820,KV Kortrijk,比利时甲级联赛,右,178,72,0,0
Kevin Greg Wattamaleo,荷兰,27,CM,63,67,70,60,64,62,64,70,4290990,Excelsior,荷兰甲级联赛,右,175,78,0,0
Harlem-Eddy Gnohere,比利时,28,ST,63,65,66,65,49,56,24,74,3881608,Sporting Charleroi,比利时甲级联赛,右,185,82,0,0
Nikola Aksentijevic,比利时,23,FB,63,67,68,23,50,64,64,66,11445839,Royal Excel Mouscron,比利时甲级联赛,右,178,69,0,0
Raphael Augusto,波兰,25,W,63,66,65,58,58,68,42,54,7311744,Legia Warszawa,波兰甲级联赛,右,180,77,0,0
Christian Dailly,苏格兰,43,CB,63,76,49,33,53,51,61,78,2732504,Rangers,苏格兰超级联赛,右,183,81,0,0
"Michele Arcari,22",意大利,38,GK,63,63,40,12,26,14,14,52,6332830,Brescia,意大利甲级联赛,右,185,78,0,0
Mick van Buren,荷兰,24,ST,63,71,84,60,48,64,22,72,4514311,Excelsior,荷兰甲级联赛,左,185,75,0,0
Jens Podevijn,荷兰,27,CAM,63,66,69,59,60,64,54,56,6677486,Willem II,荷兰甲级联赛,右,175,72,0,0
Benedikt Pliquett,德国,32,GK,63,63,24,24,25,29,25,56,1957511,FC St. Pauli,德国甲级联赛,右,198,95,0,0
Giovanni Hiwat,荷兰,23,W,63,70,86,57,55,66,25,59,6275557,PEC Zwolle,荷兰甲级联赛,右,170,67,0,0
Gautier Lloris,法国,21,CB,63,72,52,31,42,38,66,66,3381530,FC Nantes,法国甲级联赛,左,190,83,0,0
Peter Luccin,西班牙,37,CM,63,63,54,60,61,60,60,57,2576749,Racing Santander,西班牙甲级联赛,右,180,75,2,0
Gaetano Masucci,意大利,32,W,63,63,64,57,57,63,21,51,2906661,Sassuolo,意大利甲级联赛,右,173,72,0,0
Tim Smolders,比利时,36,CM,63,63,28,63,66,60,54,53,4480379,KAA Gent,比利时甲级联赛,右,193,80,0,0
Lee Johnson,苏格兰,35,CAM,63,63,72,58,67,64,55,66,3577637,Kilmarnock,苏格兰超级联赛,右,168,67,0,0
Conor Newton,苏格兰,25,FB,63,68,74,57,62,64,58,65,3137638,St. Mirren,苏格兰超级联赛,右,180,70,0,0
Vaso Vasic,瑞士,26,GK,63,65,44,21,28,20,19,46,6767715,Grasshopper Club Zürich,瑞士超级联赛,右,185,80,0,0
Francesco Modesto,意大利,34,FB,63,63,60,50,54,54,64,62,2743421,Parma,意大利甲级联赛,左,178,73,4,1
Nicolas,意大利,28,GK,63,63,43,18,36,17,16,53,4762795,Napoli,意大利甲级联赛,右,190,85,0,0
Bruno Cheyrou,法国,38,CM,63,63,46,64,66,64,61,67,5776538,Stade Rennais FC,法国甲级联赛,左,185,80,0,0
Didier Crettenand,瑞士,30,CAM,63,68,68,50,69,66,54,53,4477284,FC Sion,瑞士超级联赛,右,180,75,0,0
Roland Baettig,瑞士,37,CM,63,63,61,56,62,56,63,54,1446906,FC Thun,瑞士超级联赛,右,180,70,0,0
Fabrice Ehret,德国,37,CM,63,63,62,53,62,62,66,52,2191123,1. FC Köln,德国甲级联赛,左,183,70,6,3
Vito Plut,比利时,28,ST,63,66,68,61,56,60,19,68,6977444,Waasland-Beveren,比利时甲级联赛,右,185,79,0,0
Matt Moussilou,瑞士,34,ST,63,63,70,58,53,58,32,69,2532634,FC Lausanne-Sports,瑞士超级联赛,右,183,76,0,0
Danny Webber,英格兰,35,W,63,63,68,57,53,63,30,59,3618278,Portsmouth,英格兰超级联赛,右,175,72,2,1
Filip Malbasic,波兰,24,W,63,71,68,59,54,71,23,51,2935618,Lechia Gdańsk,波兰甲级联赛,左,183,81,0,0
Andy Griffin,英格兰,37,CB,63,63,51,32,57,54,68,65,6347902,Stoke City,英格兰超级联赛,右,173,68,0,0
Steven Paulle,法国,30,CB,63,63,50,22,47,29,60,77,4184271,Dijon FCO,法国甲级联赛,右,188,82,1,0
Yves Makaba-Makalamby,苏格兰,30,GK,63,66,52,20,33,20,15,69,5017575,Hibernian,苏格兰超级联赛,右,198,96,0,0
David Graham,苏格兰,33,CM,63,63,56,61,58,67,54,66,4514243,Dunfermline Athletic,苏格兰超级联赛,右,175,70,0,0
Paolo Grossi,意大利,31,ST,63,63,66,60,66,64,38,71,8010317,Siena,意大利甲级联赛,左,180,78,1,0
Sammy Clingan,苏格兰,32,CM,63,63,66,64,63,61,60,65,4740657,Kilmarnock,苏格兰超级联赛,右,180,73,0,0
Fabrizio Zambrella,瑞士,30,CAM,63,65,70,58,62,67,48,63,4046529,FC Sion,瑞士超级联赛,右,183,72,0,0
Stjepan Kukuruzovic,瑞士,27,ST,63,64,67,63,64,62,42,69,5426699,FC Zürich,瑞士超级联赛,左,180,76,1,0
Rick ten Voorde,荷兰,25,ST,63,68,65,63,52,62,31,74,4553380,RKC Waalwijk,荷兰甲级联赛,左,188,83,0,1
Laurent Courtois,法国,38,W,63,63,73,61,60,66,47,51,7313037,Grenoble Foot 38,法国甲级联赛,左,173,69,0,0
Ian Harte,英格兰,39,CM,63,63,29,71,70,64,67,60,5132457,Reading,英格兰超级联赛,左,175,78,0,3
Gaetan Hendrickx,比利时,21,CAM,63,73,69,56,63,60,47,70,4032720,Sint-Truidense VV,比利时甲级联赛,右,175,66,0,0
Wessel Dammers,荷兰,21,FB,63,72,74,66,46,63,61,66,4778230,SC Cambuur,荷兰甲级联赛,右,185,70,0,0
Gael Bigirimana,英格兰,23,CM,63,71,70,55,68,65,59,62,5418560,Newcastle United,英格兰超级联赛,右,178,74,1,0
Roman Golobart,苏格兰,24,CB,63,71,52,32,33,32,64,66,4726970,Inverness Caledonian Thistle,苏格兰超级联赛,右,193,87,0,0
Kornel Osyra,波兰,23,CB,63,70,59,44,51,42,65,72,1434462,Piast Gliwice,波兰甲级联赛,右,190,76,0,0
Krzysztof Ostrowski,波兰,34,CM,63,63,59,57,56,63,62,68,5348255,Śląsk Wrocław,波兰甲级联赛,右,178,73,0,0
Mamady Sidibe,英格兰,37,ST,63,63,40,62,51,60,33,61,3985485,Stoke City,英格兰超级联赛,右,193,77,6,2
Tiziano Polenghi,意大利,38,FB,63,71,68,44,49,48,62,70,3350115,Lecce,意大利甲级联赛,右,183,78,0,1
Kevin Olimpa,法国,28,GK,63,65,34,25,25,25,24,50,5605518,Girondins de Bordeaux,法国甲级联赛,右,185,92,0,0
Francis Dickoh,苏格兰,34,CB,63,63,52,33,40,40,61,73,4569735,Hibernian,苏格兰超级联赛,右,188,85,0,0
Omar Daley,苏格兰,35,W,63,63,91,52,52,65,44,54,5434171,Motherwell,苏格兰超级联赛,右,175,73,0,0
Patrik Ingelsten,荷兰,34,ST,63,63,68,66,49,61,30,70,2799267,SC Heerenveen,荷兰甲级联赛,右,178,80,0,0
Marquitos,西班牙,29,ST,63,63,64,61,62,64,31,61,3801408,Real Valladolid,西班牙甲级联赛,左,178,73,2,1
Markus Schuler,德国,39,FB,63,73,66,45,64,61,60,71,2402212,DSC Arminia Bielefeld,德国甲级联赛,左,183,79,0,0
Alan Gow,苏格兰,34,ST,63,63,60,63,60,66,27,56,3690158,Motherwell,苏格兰超级联赛,左,183,70,0,0
Chavdar Yankov,德国,32,CM,63,66,62,64,64,64,62,68,2286407,Hannover 96,德国甲级联赛,右,175,72,0,0
Marc Pfertzel,德国,35,FB,63,63,64,48,53,60,62,75,5588984,VfL Bochum,德国甲级联赛,右,183,75,2,0
Stephen Hughes,苏格兰,34,CM,63,63,64,54,66,66,57,66,3575416,Motherwell,苏格兰超级联赛,右,180,60,0,0
Robbie Blake,英格兰,40,CAM,63,63,24,67,66,72,23,49,6053111,Burnley,英格兰超级联赛,右,175,76,3,4
Xandro Schenk,荷兰,23,FB,63,68,64,47,61,55,62,71,3210295,Go Ahead Eagles,荷兰甲级联赛,左,188,79,0,0
Joey Suk,荷兰,27,CM,63,67,45,69,59,59,57,81,2793667,NAC Breda,荷兰甲级联赛,右,185,82,0,0
Michael Harriman,英格兰,24,FB,63,68,76,26,48,58,62,77,4949475,Liverpool,英格兰超级联赛,右,168,74,0,0
Unai Alba,西班牙,38,GK,63,67,42,12,18,22,14,57,4511780,Hércules Club de Fútbol,西班牙甲级联赛,右,190,84,0,0
Ian McShane,苏格兰,24,CAM,63,68,74,61,65,63,50,71,4388883,Ross County FC,苏格兰超级联赛,右,175,66,0,0
Leandro,波兰,33,FB,63,63,70,35,57,59,64,75,3779496,Górnik Łęczna,波兰甲级联赛,左,183,77,0,0
David Fox,英格兰,33,CM,63,63,52,59,69,62,58,59,2928818,Norwich City,英格兰超级联赛,右,175,77,0,3
Gunnar Nielsen,苏格兰,30,GK,63,63,44,24,25,25,25,57,8702908,Motherwell,苏格兰超级联赛,右,190,86,0,0
Michael Cordier,比利时,32,GK,63,63,60,18,21,14,13,56,5731890,Club Brugge KV,比利时甲级联赛,右,183,75,0,0
Tyronne Ebuehi,荷兰,21,FB,63,72,78,33,46,64,64,62,4694348,ADO Den Haag,荷兰甲级联赛,右,188,72,0,0
Manuel Salz,德国,31,GK,63,67,48,13,28,16,14,50,3855459,SC Freiburg,德国甲级联赛,右,185,79,0,0
Dawid Kucharski,苏格兰,32,FB,63,69,65,51,52,50,64,66,2832817,Heart of Midlothian,苏格兰超级联赛,右,183,80,0,0
Mozes Adams,比利时,28,W,63,69,68,57,63,66,26,65,4485605,KVC Westerlo,比利时甲级联赛,右,183,70,0,0
Cauley Woodrow,英格兰,22,ST,63,75,76,58,51,62,22,68,8513047,Fulham,英格兰超级联赛,右,183,74,2,0
"Patrick Kenny,30",英格兰,38,GK,63,63,24,22,46,28,15,54,3093726,Queens Park Rangers,英格兰超级联赛,右,185,95,0,1
George Francomb,苏格兰,25,FB,63,68,68,54,63,60,60,58,6189631,Hibernian,苏格兰超级联赛,右,180,73,0,0
Kohei Kato,波兰,27,FB,63,64,80,48,58,55,66,50,4546178,Podbeskidzie Bielsko-Biała,波兰甲级联赛,右,173,70,0,0
Jelle van der Heyden,荷兰,21,CAM,63,73,65,58,65,62,53,64,4787995,FC Twente,荷兰甲级联赛,右,180,74,0,0
Shpetim Hasani,波兰,34,ST,63,63,70,61,50,60,30,78,3435963,Górnik Łęczna,波兰甲级联赛,右,183,78,0,0
Daniel Dziwniel,波兰,24,FB,63,71,74,53,51,64,63,65,2855733,Ruch Chorzów,波兰甲级联赛,左,178,72,0,0
Aleksandar Kovacevic,波兰,24,FB,63,66,68,43,62,56,62,69,4429207,Lechia Gdańsk,波兰甲级联赛,右,173,70,0,0
Abderrazak Jadid,比利时,33,CAM,63,63,66,60,67,62,42,59,3659944,KAS Eupen,比利时甲级联赛,右,178,71,0,0
Matthew Kennedy,苏格兰,22,W,63,75,76,53,57,66,48,70,6152960,Kilmarnock,苏格兰超级联赛,右,175,65,0,0
Collins John,比利时,31,ST,63,63,60,65,51,65,23,71,5244531,KSV Roeselare,比利时甲级联赛,右,180,78,0,0
Terry Dunfield,苏格兰,34,CM,63,63,52,62,65,62,55,72,3569841,Ross County FC,苏格兰超级联赛,右,178,75,0,0
Vincent Lachambre,荷兰,36,FB,63,66,64,47,57,50,62,66,3815350,Roda JC Kerkrade,荷兰甲级联赛,左,178,71,0,0
Alban Pnishi,瑞士,26,CB,63,67,68,32,41,50,64,70,7327913,Grasshopper Club Zürich,瑞士超级联赛,右,188,81,0,0
Emanuel Sarki,波兰,29,W,63,63,93,59,55,63,39,59,4992099,Wisła Kraków,波兰甲级联赛,右,175,68,0,0
Liam Miller,苏格兰,35,CAM,63,63,58,59,66,64,47,59,2791453,Hibernian,苏格兰超级联赛,右,173,73,0,0
Simon Lappin,苏格兰,33,CM,63,63,54,58,64,64,60,59,4253757,St. Johnstone FC,苏格兰超级联赛,左,180,60,0,0
Jean Francois Bedenik,瑞士,38,GK,63,65,38,19,26,15,14,59,2272554,Neuchâtel Xamax,瑞士超级联赛,右,180,75,0,0
Yanni Regaesel,德国,20,FB,63,73,68,30,53,64,63,58,4685910,Eintracht Frankfurt,德国甲级联赛,右,180,72,0,0
Karl,葡萄牙,23,FB,63,71,62,47,62,60,63,68,3768554,Tondela,葡萄牙超级联赛,右,183,74,0,0
Victor Braga,葡萄牙,24,GK,63,67,46,15,24,18,17,56,2790625,Moreirense FC,葡萄牙超级联赛,右,193,85,0,0
Jon Gudni Fjoluson,比利时,27,FB,63,64,56,52,47,38,62,63,6726073,Standard de Liège,比利时甲级联赛,左,190,86,0,0
Dennis Hediger,瑞士,30,CM,63,63,74,55,67,62,49,83,11603914,FC Thun,瑞士超级联赛,右,175,79,1,0
Jo Coppens,比利时,26,GK,63,67,42,28,32,24,25,53,7033017,KSV Cercle Brugge,比利时甲级联赛,左,190,80,0,0
Aly Ndom,法国,20,CM,63,72,60,56,61,66,62,67,7767582,Stade de Reims,法国甲级联赛,左,188,80,0,0
Bart Nieuwkoop,荷兰,20,FB,63,75,72,45,66,62,63,71,3590760,Feyenoord,荷兰甲级联赛,右,183,76,0,0
Ivan Kecojevic,瑞士,28,CB,63,63,54,32,41,40,61,72,4037882,FC Zürich,瑞士超级联赛,右,190,85,1,0
Nicolas Marazzi,瑞士,35,CM,63,63,60,64,65,66,60,74,4543668,FC Lausanne-Sports,瑞士超级联赛,右,178,69,0,0
Haruna Babangida,荷兰,34,W,63,63,76,61,61,60,44,65,6384266,Vitesse,荷兰甲级联赛,右,170,67,0,0
Dario Dumic,荷兰,24,FB,63,68,66,50,55,45,58,71,4852369,N.E.C.,荷兰甲级联赛,右,193,97,0,0
Mario Leitgeb,瑞士,28,CM,63,63,56,53,61,62,64,64,6980737,FC St. Gallen,瑞士超级联赛,右,183,76,1,0
Arkadiusz Wozniak,波兰,26,ST,63,65,72,59,58,64,25,70,5467039,Zagłębie Lubin,波兰甲级联赛,右,183,76,0,0
William Owusu,比利时,27,ST,63,70,63,62,58,66,32,76,6717753,KSV Cercle Brugge,比利时甲级联赛,右,188,71,0,0
David Rivas Rodriguez,西班牙,38,CM,62,62,28,48,48,42,59,67,3146919,Real Betis Balompié,西班牙甲级联赛,右,190,85,0,0
Matija Sirok,波兰,25,FB,62,66,66,50,46,60,64,59,7253084,Jagiellonia Białystok,波兰甲级联赛,右,178,77,0,0
Peter Sladek,比利时,27,ST,62,65,63,65,62,60,32,65,6097675,KV Oostende,比利时甲级联赛,右,183,79,0,0
Benjamin Luethi,瑞士,28,FB,62,63,72,55,59,58,61,64,7120025,FC Thun,瑞士超级联赛,右,175,71,0,0
Sanel Kuljic,瑞士,39,ST,62,62,50,64,59,61,19,55,3943210,Neuchâtel Xamax,瑞士超级联赛,右,178,73,0,0
Jamairo Monteiro,荷兰,23,FB,62,71,76,50,63,66,60,56,4588251,SC Cambuur,荷兰甲级联赛,右,175,72,0,0
Jason Scotland,英格兰,37,ST,62,62,33,64,47,64,28,64,3147584,Wigan Athletic,英格兰超级联赛,右,173,73,1,2
Haouliais Axel Cedric Konan,瑞士,33,W,62,73,68,59,56,68,35,62,4376043,AC Bellinzona,瑞士超级联赛,左,183,74,1,0
Mark Corcoran,苏格兰,36,W,62,62,71,55,59,62,27,51,3169252,Hamilton Academical FC,苏格兰超级联赛,左,178,71,0,0
Simon Ferry,苏格兰,28,CM,62,62,68,52,67,63,55,70,5750832,Dundee FC,苏格兰超级联赛,右,175,70,0,0
Luca Lezzerini,意大利,21,GK,62,74,45,17,26,19,16,51,3964720,Lazio,意大利甲级联赛,右,196,86,0,0
Alexander Mathisen,比利时,30,FB,62,62,74,61,54,64,54,72,5264494,Lierse SK,比利时甲级联赛,右,185,75,0,0
Gregory Wuethrich,瑞士,22,CB,62,74,54,27,36,30,63,72,3121858,BSC Young Boys,瑞士超级联赛,右,193,88,1,0
Mark McLaughlin,苏格兰,41,FB,62,67,58,32,53,56,56,70,1851349,Hamilton Academical FC,苏格兰超级联赛,左,188,84,0,0
Mory Kone,法国,22,CB,62,67,62,25,30,46,62,77,1108788,ES Troyes AC,法国甲级联赛,右,190,88,0,0
Niels Fleuren,荷兰,30,FB,62,63,62,43,48,52,61,68,3540448,VVV-Venlo,荷兰甲级联赛,左,175,70,0,0
Valmir Sulejmani,德国,20,W,62,75,69,62,52,68,25,52,4113526,Hannover 96,德国甲级联赛,左,183,74,0,0
Sean Clohessy,苏格兰,30,FB,62,62,76,41,52,56,59,76,1815443,Kilmarnock,苏格兰超级联赛,右,178,74,0,0
Mattia Bottani,瑞士,25,W,62,66,84,55,46,71,38,61,3443550,Lugano,瑞士超级联赛,右,170,63,5,0
Evaldas Razulis,波兰,30,ST,62,62,66,61,57,62,24,64,2020783,Górnik Łęczna,波兰甲级联赛,右,178,73,0,0
Janos Balogh,苏格兰,34,GK,62,62,25,25,25,23,25,30,4097646,Heart of Midlothian,苏格兰超级联赛,右,193,83,0,0
Philipp Muntwiler,瑞士,29,CM,62,62,62,63,60,60,61,69,4439843,FC Vaduz,瑞士超级联赛,右,183,80,1,0
Thomas Ouwejan,荷兰,20,CAM,62,75,66,55,65,63,54,60,5882797,AZ,荷兰甲级联赛,左,183,72,0,0
Pawel Baranowski,波兰,26,CB,62,66,64,34,33,28,64,69,4286946,GKS Bełchatów,波兰甲级联赛,右,190,85,0,0
Senad Karahmet,比利时,24,FB,62,67,66,37,54,63,62,60,12218265,KV Mechelen,比利时甲级联赛,左,185,80,0,0
Armin Cerimagic,波兰,22,ST,62,66,76,62,60,62,36,68,2146060,Polonia Bytom,波兰甲级联赛,左,180,75,0,0
Enzio Boldewijn,荷兰,24,ST,62,69,82,58,49,66,19,63,3565538,FC Utrecht,荷兰甲级联赛,右,183,76,0,0
Michal Przybyla,波兰,22,ST,62,71,74,58,53,61,31,66,7851297,Korona Kielce,波兰甲级联赛,右,178,67,0,0
Ronnie Reniers,荷兰,29,ST,62,64,76,62,54,65,25,64,4419334,Willem II,荷兰甲级联赛,右,178,79,0,0
Frank Olijve,荷兰,27,CAM,62,67,67,58,65,62,63,45,3272812,PEC Zwolle,荷兰甲级联赛,右,175,73,0,0
Adam Marciniak,波兰,28,FB,62,64,66,60,52,38,67,70,4679190,Cracovia,波兰甲级联赛,左,183,82,0,0
Sebastian Dudek,波兰,36,CM,62,62,56,53,66,65,61,63,2769763,Śląsk Wrocław,波兰甲级联赛,右,183,79,0,0
Krzysztof Chrapek,波兰,31,ST,62,62,81,60,42,58,26,71,1309481,Podbeskidzie Bielsko-Biała,波兰甲级联赛,右,170,62,0,0
Maciej Iwanski,波兰,35,CAM,62,62,54,62,65,63,52,58,2261293,Legia Warszawa,波兰甲级联赛,右,170,70,0,0
Jakub Swierczok,波兰,24,ST,62,68,70,61,46,61,21,62,2887153,Górnik Łęczna,波兰甲级联赛,右,178,75,0,0
Kevin McHattie,苏格兰,23,FB,62,69,74,44,51,62,61,64,3014912,Heart of Midlothian,苏格兰超级联赛,左,180,73,0,0
Marco Kurth,德国,38,CM,62,62,61,54,59,58,62,70,2181923,FC Energie Cottbus,德国甲级联赛,右,178,73,0,0
Youl Mawene,苏格兰,37,CB,62,62,52,30,49,50,62,66,917033,Aberdeen,苏格兰超级联赛,右,185,84,0,0
Augusto Da Silva,比利时,33,W,62,62,68,60,58,66,37,59,3974328,Waasland-Beveren,比利时甲级联赛,右,173,77,0,0
Manu Torres,西班牙,27,FB,62,68,72,40,54,56,61,70,2603662,Málaga CF,西班牙甲级联赛,左,185,76,1,0
Jamie Ness,苏格兰,25,CM,62,66,47,53,66,61,56,64,4065617,Rangers,苏格兰超级联赛,左,178,71,0,0
Aaron Muirhead,苏格兰,26,FB,62,70,68,28,48,47,58,69,3015057,Partick Thistle F.C.,苏格兰超级联赛,右,188,76,0,0
Stephen McGinn,苏格兰,28,CAM,62,63,54,64,63,62,46,73,7726139,St. Mirren,苏格兰超级联赛,右,180,80,0,0
Christian Gomez,西班牙,27,CAM,62,65,60,65,67,58,52,68,4967204,RCD Espanyol,西班牙甲级联赛,左,180,75,1,0
Steve Simonsen,苏格兰,37,GK,62,62,30,24,30,24,24,53,2608216,Dundee FC,苏格兰超级联赛,右,188,80,0,0
Tony Taylor,葡萄牙,27,ST,62,64,73,61,43,64,19,67,3332258,Estoril Praia,葡萄牙超级联赛,右,183,74,0,0
Richard Socrier,法国,37,ST,62,62,51,61,52,56,26,71,4430071,AC Ajaccio,法国甲级联赛,右,185,83,1,0
Thiago,葡萄牙,29,CM,62,69,57,57,52,50,63,67,1666575,Feirense,葡萄牙超级联赛,右,185,83,0,0
Anthony Forde,英格兰,23,W,62,66,75,56,61,62,29,64,4428187,Wolverhampton Wanderers,英格兰超级联赛,右,180,82,0,0
Salva Chamorro,葡萄牙,26,ST,62,64,54,62,44,56,27,64,3738361,Tondela,葡萄牙超级联赛,右,185,78,0,0
Joseba Garmendia,西班牙,31,CAM,62,67,62,57,68,70,53,59,1675566,Athletic Club de Bilbao,西班牙甲级联赛,右,183,72,1,0
Sascha Dum,德国,30,FB,62,62,73,58,57,62,62,66,4345660,Bayer 04 Leverkusen,德国甲级联赛,左,188,88,0,0
Vasil Shkurtaj,荷兰,24,ST,62,70,63,61,47,60,25,64,3452743,Roda JC Kerkrade,荷兰甲级联赛,右,190,84,0,0
Augusto Pereira Loureiro,葡萄牙,29,FB,62,62,70,40,61,62,66,64,3602881,Moreirense FC,葡萄牙超级联赛,左,180,76,0,0
Pedro Costa,葡萄牙,35,FB,62,62,66,44,54,59,64,65,5098373,Académica de Coimbra,葡萄牙超级联赛,右,168,70,0,0
David Healy,苏格兰,37,ST,62,62,52,68,55,60,21,57,3999193,Rangers,苏格兰超级联赛,右,173,68,1,2
Sean Dillon,苏格兰,33,FB,62,62,68,44,53,62,61,71,5006662,Dundee United,苏格兰超级联赛,右,183,79,0,0
Alhassane Keita,瑞士,33,ST,62,62,87,58,52,64,24,68,2133788,FC St. Gallen,瑞士超级联赛,右,170,68,8,1
Mamadou Diallo,法国,34,ST,62,62,66,58,51,66,28,71,3044744,Le Havre AC,法国甲级联赛,右,178,76,0,0
Ashour El Takky,比利时,36,W,62,62,60,58,66,64,24,52,3791144,Lierse SK,比利时甲级联赛,右,165,67,0,0
Colin Healy,苏格兰,36,CM,62,62,46,58,67,59,55,63,4666021,Falkirk,苏格兰超级联赛,右,180,82,0,0
Formose Mendy,西班牙,27,ST,62,67,82,58,50,62,27,77,4202587,Real Sporting de Gijón,西班牙甲级联赛,右,183,76,0,1
Sylwester Patejuk,波兰,34,ST,62,62,71,63,57,64,52,69,1697302,Podbeskidzie Bielsko-Biała,波兰甲级联赛,左,188,89,0,0
Sassa,葡萄牙,28,ST,62,64,80,58,50,64,16,67,2617817,Vitória Setúbal,葡萄牙超级联赛,右,178,73,0,0
Piotr Brozek,波兰,33,FB,62,62,72,50,60,60,60,72,1163603,Wisła Kraków,波兰甲级联赛,左,178,74,0,0
Andrew Barrowman,苏格兰,32,ST,62,62,63,62,52,62,12,63,5231006,Inverness Caledonian Thistle,苏格兰超级联赛,右,183,80,0,0
Adam Deja,波兰,23,FB,62,69,68,46,63,65,56,71,5274629,Podbeskidzie Bielsko-Biała,波兰甲级联赛,右,185,82,0,0
James Dunne,苏格兰,27,CM,62,64,56,59,62,59,60,79,4523450,St. Johnstone FC,苏格兰超级联赛,右,180,76,0,0
Gary Fraser,苏格兰,22,CAM,62,73,68,65,66,62,58,64,5777592,Partick Thistle F.C.,苏格兰超级联赛,右,178,70,0,0
Jorge Orti,西班牙,23,W,62,70,74,62,53,66,36,59,2314257,Real Zaragoza,西班牙甲级联赛,右,180,71,0,0
Michal Rabusic,意大利,27,ST,62,62,70,58,49,58,24,68,4693637,Hellas Verona,意大利甲级联赛,右,185,80,0,0
Vincent Pericard,英格兰,34,ST,62,65,70,60,50,57,28,72,4268455,Blackburn Rovers,英格兰超级联赛,右,185,86,0,0
Lukasz Mierzejewski,波兰,34,CM,62,62,60,59,55,59,64,74,4196244,Górnik Łęczna,波兰甲级联赛,右,183,80,0,0
Marcin Kikut,波兰,33,FB,62,62,68,53,60,58,60,68,1982665,Lech Poznań,波兰甲级联赛,右,178,75,0,0
Joe Riley,英格兰,25,FB,62,68,70,62,56,62,61,62,3327498,Bolton Wanderers,英格兰超级联赛,右,183,71,0,0
Paul Gallacher,苏格兰,37,GK,62,62,28,16,21,17,16,55,4617410,St. Mirren,苏格兰超级联赛,右,183,79,0,0
Anthony Sauthier,瑞士,25,CM,62,67,68,54,64,60,57,61,5127563,FC Sion,瑞士超级联赛,右,183,70,0,0
Emil Lyng,比利时,27,ST,62,64,70,59,51,66,27,68,5143449,SV Zulte-Waregem,比利时甲级联赛,右,188,88,0,0
David Obua,苏格兰,32,FB,62,62,74,58,60,62,56,71,2841703,Heart of Midlothian,苏格兰超级联赛,左,183,82,0,0
Mark Edusei,瑞士,40,CM,62,70,58,58,60,60,62,66,4442608,AC Bellinzona,瑞士超级联赛,右,178,70,0,0
Nicola Ventola,意大利,38,ST,62,80,74,59,61,52,24,67,1383481,Torino,意大利甲级联赛,右,185,80,2,0
Elroy Pappot,荷兰,23,W,62,69,70,59,63,66,43,63,3924503,FC Utrecht,荷兰甲级联赛,右,180,70,0,0
Blazej Telichowski,波兰,32,FB,62,62,70,54,59,60,59,73,6644099,Podbeskidzie Bielsko-Biała,波兰甲级联赛,左,188,81,0,0
Fabio Santos,葡萄牙,28,FB,62,64,60,34,58,54,63,73,3908268,CS Marítimo,葡萄牙超级联赛,右,183,75,0,0
Helio Pinto,波兰,32,CAM,62,62,60,60,72,66,49,62,1227277,Legia Warszawa,波兰甲级联赛,左,183,71,0,0
Benjamin Baltes,荷兰,32,ST,62,67,70,57,57,60,34,69,3299274,Excelsior,荷兰甲级联赛,右,178,70,0,0
Tom van Imschoot,比利时,35,CM,62,62,38,61,65,61,53,52,2269004,RAEC Mons,比利时甲级联赛,左,185,79,0,0
Jef Delen,比利时,40,CM,62,62,62,59,62,58,63,58,2838182,KVC Westerlo,比利时甲级联赛,左,175,63,0,0
Hubert Wolakiewicz,波兰,31,FB,62,62,74,36,63,48,61,78,3132260,Lech Poznań,波兰甲级联赛,右,183,79,0,0
Sven Nieuwpoort,荷兰,23,FB,62,70,74,25,51,63,65,57,5052442,Go Ahead Eagles,荷兰甲级联赛,右,180,72,0,0
Michael Hart,苏格兰,36,FB,62,62,72,43,58,56,62,70,1462949,Hibernian,苏格兰超级联赛,右,178,73,0,0
Kukula,葡萄牙,23,W,62,70,78,60,47,70,27,62,3890952,CS Marítimo,葡萄牙超级联赛,右,178,73,0,0
Samy Mmaee,比利时,20,FB,62,74,72,33,52,53,60,69,3623528,Standard de Liège,比利时甲级联赛,右,183,80,0,0
Hubert Matynia,波兰,21,FB,62,70,74,38,44,54,63,67,2946168,Pogoń Szczecin,波兰甲级联赛,右,180,70,0,0
Daniel Batz,德国,25,GK,62,67,34,28,25,24,25,49,3645010,Borussia Dortmund,德国甲级联赛,右,188,84,0,0
Jens Wissing,德国,28,FB,62,66,70,42,59,50,63,69,4846946,Borussia Mönchengladbach,德国甲级联赛,左,185,80,0,0
Andwele Slory,荷兰,34,W,62,62,74,58,49,65,32,41,3452709,Feyenoord,荷兰甲级联赛,右,170,70,0,0
Ronald Graafland,荷兰,37,GK,62,62,28,25,25,28,25,56,2954932,Vitesse,荷兰甲级联赛,左,190,78,0,0
Arvid Schenk,苏格兰,27,GK,62,65,56,27,27,25,24,65,9490252,Dundee United,苏格兰超级联赛,右,196,85,0,0
Steven Thomson,苏格兰,38,CM,62,62,54,58,64,66,60,73,5011655,St. Mirren,苏格兰超级联赛,右,173,68,0,0
Timothy Dreesen,苏格兰,29,CM,62,62,34,46,62,50,63,60,4066174,Ross County FC,苏格兰超级联赛,右,190,82,0,0
Kevin Tapoko,比利时,22,CM,62,70,52,59,62,64,56,68,3878312,Oud-Heverlee Leuven,比利时甲级联赛,右,198,89,0,0
Kristian Kolcak,波兰,26,CB,62,64,60,35,57,42,61,66,639675,Podbeskidzie Bielsko-Biała,波兰甲级联赛,右,180,73,0,0
Adam Morgan,苏格兰,22,W,62,68,78,61,50,61,18,53,3142509,Hamilton Academical FC,苏格兰超级联赛,左,178,71,0,0
Craig Slater,苏格兰,22,FB,62,72,72,52,66,68,56,64,9621879,Kilmarnock,苏格兰超级联赛,右,178,70,0,0
German,西班牙,23,GK,62,65,56,16,30,15,14,57,5443217,Sevilla FC,西班牙甲级联赛,右,188,78,0,0
Nick Bakker,荷兰,24,FB,62,68,72,34,53,54,62,53,5277333,FC Groningen,荷兰甲级联赛,左,188,79,0,0
Kevin Stewart,英格兰,23,FB,62,72,68,37,56,56,63,68,2984188,Liverpool,英格兰超级联赛,右,183,76,0,0
Brahim Ferradj,法国,29,FB,62,65,58,48,59,56,62,68,3179042,Stade Brestois 29,法国甲级联赛,右,173,82,2,0
Gregory Thil,法国,36,ST,62,62,48,64,59,63,28,61,2449464,Dijon FCO,法国甲级联赛,右,183,81,1,0
Frazer Richardson,英格兰,34,CM,62,62,54,53,59,60,64,66,2091467,Southampton,英格兰超级联赛,右,180,83,0,0
Helder Castro,葡萄牙,30,CAM,62,68,70,65,65,66,46,52,6734553,Feirense,葡萄牙超级联赛,右,175,73,0,0
Joao Camacho,葡萄牙,22,W,62,70,74,57,50,68,30,45,3509887,CD Nacional,葡萄牙超级联赛,右,175,70,0,0
Maciej Korzym,波兰,28,ST,62,62,74,62,53,58,43,78,3578381,Korona Kielce,波兰甲级联赛,左,180,77,0,0
Salim Arrache,法国,34,W,62,62,72,60,66,70,40,55,3570696,AC Ajaccio,法国甲级联赛,左,188,77,2,0
Ibrahim Tall,瑞士,35,FB,62,62,54,35,55,48,58,66,4146939,FC Lausanne-Sports,瑞士超级联赛,右,183,80,0,0
Luca Ariatti,意大利,38,CM,62,62,64,57,63,60,52,67,979719,Lecce,意大利甲级联赛,右,183,73,0,0
Alessio Manzoni,意大利,29,CAM,62,76,65,55,66,64,45,65,7347573,Atalanta,意大利甲级联赛,左,178,65,0,0
Genaro Snijders,荷兰,27,W,62,64,88,59,45,64,22,54,3607640,Willem II,荷兰甲级联赛,右,180,69,0,0
Alex MacDonald,苏格兰,26,ST,62,64,70,60,58,60,42,78,3743496,Falkirk,苏格兰超级联赛,右,170,72,0,0
Milosz Przybecki,波兰,25,W,62,66,94,57,51,60,44,68,3623351,P. Warszawa,波兰甲级联赛,右,175,70,0,0
Craig Eastmond,英格兰,26,CM,62,67,68,55,64,65,56,65,7895591,Arsenal,英格兰超级联赛,右,183,75,0,0
Richard Foster,苏格兰,31,FB,62,62,81,27,57,54,56,74,3905787,Aberdeen,苏格兰超级联赛,右,175,73,0,0
Karim Hafez,比利时,20,FB,62,74,68,26,54,64,62,54,4477872,Lierse SK,比利时甲级联赛,左,170,64,0,0
Tomasz Foszmanczyk,波兰,30,CAM,62,62,61,57,65,63,44,61,2779987,Termalica Bruk-Bet Nieciecza,波兰甲级联赛,左,170,65,0,0
Paulo Arantes,葡萄牙,30,FB,62,64,68,53,55,57,65,66,4428991,Gil Vicente FC,葡萄牙超级联赛,右,183,78,0,0
Albert Rafetraniaina,法国,20,FB,62,72,74,33,60,50,63,65,3925800,OGC Nice,法国甲级联赛,右,175,65,0,0
Alex Harris,苏格兰,22,W,62,73,88,51,56,63,41,54,4180970,Hibernian,苏格兰超级联赛,右,178,69,0,0
Predrag Stevanovic,德国,25,W,62,68,69,54,61,65,35,42,3559833,1. FC Kaiserslautern,德国甲级联赛,左,178,63,0,0
Marcus Andreasson,比利时,38,FB,62,62,78,52,49,40,60,68,4588568,Lierse SK,比利时甲级联赛,右,190,91,0,0
Adam Buksa,波兰,20,ST,62,75,69,56,55,60,22,69,6763231,Lechia Gdańsk,波兰甲级联赛,右,190,78,0,0
Francois Marque,法国,33,CB,62,62,62,43,48,48,63,73,1427451,Grenoble Foot 38,法国甲级联赛,左,188,85,1,0
Simone Sini,意大利,24,CB,62,67,59,40,49,52,70,68,3397356,Milan,意大利甲级联赛,左,183,75,0,0
Michael Brown,英格兰,39,CM,62,62,32,63,63,60,64,68,3326124,Portsmouth,英格兰超级联赛,右,175,77,2,4
Filip Twardzik,苏格兰,23,CM,62,69,62,54,66,60,58,62,6208244,Celtic,苏格兰超级联赛,左,180,68,0,0
Valdinho,葡萄牙,27,ST,62,69,72,62,49,64,16,65,3725735,Gil Vicente FC,葡萄牙超级联赛,右,178,78,0,0
Jimmy Mainfroi,法国,33,FB,62,65,65,31,56,45,64,61,7378039,Grenoble Foot 38,法国甲级联赛,右,173,73,0,0
Dragan Paljic,波兰,33,FB,62,62,74,56,57,66,62,72,1794442,Wisła Kraków,波兰甲级联赛,左,175,72,0,0
Issa Kallon,荷兰,20,W,62,74,84,55,51,62,16,51,5290701,Feyenoord,荷兰甲级联赛,右,170,66,0,0
Pelle van Amersfoort,荷兰,20,ST,62,74,62,61,48,62,25,64,4304707,SC Heerenveen,荷兰甲级联赛,右,193,77,0,1
Denis Streker,德国,25,CM,62,66,52,49,59,60,60,70,2869389,TSG 1899 Hoffenheim,德国甲级联赛,右,183,76,0,0
Simeon Jackson,英格兰,29,ST,62,62,77,62,48,62,26,69,3828286,Norwich City,英格兰超级联赛,右,173,72,4,3
Jonathan Greening,英格兰,37,CM,62,62,45,58,65,62,58,59,4860269,West Bromwich Albion,英格兰超级联赛,右,180,74,3,4
Rodrigo Silva,葡萄牙,33,ST,62,62,62,59,49,60,23,68,1260809,Leixões SC,葡萄牙超级联赛,右,183,71,0,0
Adrian Blad,波兰,25,W,62,65,88,60,47,62,49,63,4418747,Zagłębie Lubin,波兰甲级联赛,右,165,62,0,0
Bartosz Rymaniak,波兰,27,CB,62,64,52,47,54,51,63,76,4998744,Zagłębie Lubin,波兰甲级联赛,右,188,80,0,0
Nicolas Dieuze,法国,37,FB,62,72,64,58,55,49,65,72,1771129,Le Havre AC,法国甲级联赛,右,185,82,0,0
Leon Ter Wielen,荷兰,28,GK,62,65,42,23,24,24,25,51,5298110,PEC Zwolle,荷兰甲级联赛,左,196,90,0,0
Eder Baiano,葡萄牙,32,FB,62,66,69,49,39,56,62,76,2516052,S.C. Olhanense,葡萄牙超级联赛,右,188,83,0,0
Aboubacar Tandia,葡萄牙,33,ST,62,65,64,59,49,56,22,73,4206073,Naval 1° de Maio,葡萄牙超级联赛,右,193,84,0,0
Matej Izvolt,波兰,30,CM,62,62,62,51,57,59,46,67,8894562,Piast Gliwice,波兰甲级联赛,右,178,72,0,0
Jason Thomson,苏格兰,29,CB,62,64,62,18,56,49,61,66,2766324,Heart of Midlothian,苏格兰超级联赛,右,180,73,0,0
Gyliano van Velzen,荷兰,22,W,62,71,80,44,51,65,26,59,3817501,FC Utrecht,荷兰甲级联赛,左,185,85,0,0
Benjamin Kololli,瑞士,24,CAM,62,68,68,63,60,58,54,67,2740075,FC Sion,瑞士超级联赛,右,180,76,0,0
Branko Lazarevic,法国,32,CB,62,64,52,34,59,46,60,67,7527390,SM Caen,法国甲级联赛,右,185,77,0,0
Milan Smiljanic,西班牙,30,CAM,62,62,65,60,66,62,50,56,2159056,RCD Espanyol,西班牙甲级联赛,右,183,78,0,0
Melvin de Leeuw,苏格兰,28,W,62,65,70,58,60,62,29,57,2853836,Ross County FC,苏格兰超级联赛,左,183,76,0,0
Mohamed Abdel Wahed,比利时,35,ST,62,65,63,63,63,66,27,58,4221933,Lierse SK,比利时甲级联赛,左,175,76,0,0
Lorenzo Pique,荷兰,26,FB,62,69,73,41,58,60,64,65,6150955,ADO Den Haag,荷兰甲级联赛,右,180,78,0,0
Daniel Sikorski,波兰,29,ST,62,62,83,61,54,57,26,77,2851385,Polonia Bytom,波兰甲级联赛,右,183,76,0,0
Robbie Muirhead,苏格兰,20,ST,62,76,62,68,47,61,19,68,5005614,Kilmarnock,苏格兰超级联赛,左,190,80,0,0
Daryl Werker,荷兰,22,FB,62,71,62,38,49,44,62,67,2405080,Roda JC Kerkrade,荷兰甲级联赛,右,190,80,0,0
Jon Daly,苏格兰,33,ST,62,62,52,63,55,54,47,71,3313775,Dundee United,苏格兰超级联赛,右,188,83,0,0
Richard Garcia,英格兰,35,CAM,62,62,56,63,63,64,52,61,2160049,Hull City,英格兰超级联赛,右,180,72,2,3
George Elokobi,英格兰,30,CB,62,62,48,49,52,39,59,75,4005068,Wolverhampton Wanderers,英格兰超级联赛,左,180,96,2,2
Chris Iwelumo,英格兰,38,ST,62,62,33,63,53,59,26,64,2866466,Wolverhampton Wanderers,英格兰超级联赛,右,190,95,0,0
Jakob Haugaard,英格兰,24,GK,62,68,46,14,26,15,14,51,6619564,Stoke City,英格兰超级联赛,左,198,87,0,0
Gianvito Plasmati,意大利,33,ST,62,62,52,57,54,55,31,72,3820873,Atalanta,意大利甲级联赛,右,198,88,5,2
Fernando Lewis,荷兰,23,FB,62,69,81,59,61,66,59,64,3323667,Go Ahead Eagles,荷兰甲级联赛,右,180,68,0,0
Guillaume Rippert,法国,31,FB,62,62,58,40,55,50,64,63,4528384,Évian Thonon Gaillard FC,法国甲级联赛,左,180,76,0,0
Francisco Sutil,西班牙,32,CAM,62,62,59,62,66,60,38,48,2557389,Real Sociedad,西班牙甲级联赛,左,173,71,2,0
Jennison Myrie-Williams,苏格兰,28,W,62,63,82,56,56,66,33,62,2850034,Dundee United,苏格兰超级联赛,左,183,76,0,0
Marcin Mieciel,波兰,41,W,62,62,72,60,56,64,24,52,3589521,Legia Warszawa,波兰甲级联赛,右,185,76,2,0
Rhys McCabe,苏格兰,24,CAM,62,67,76,59,64,64,54,74,2948922,Rangers,苏格兰超级联赛,右,173,74,0,0
Brian Graham,苏格兰,28,ST,62,62,63,60,46,63,26,65,4373615,St. Johnstone FC,苏格兰超级联赛,右,188,74,0,0
Tshilola Tshinyama Tiko,比利时,36,FB,62,62,69,46,51,44,60,76,2139681,Sporting Lokeren,比利时甲级联赛,右,175,75,0,0
"Maciej Malkowski,24",波兰,31,FB,62,62,76,50,55,60,54,73,3749280,GKS Bełchatów,波兰甲级联赛,左,170,68,0,0
Samu,西班牙,22,W,62,69,72,53,54,70,33,52,10589520,Elche CF,西班牙甲级联赛,右,173,70,0,0
Vanja Milinkovic-Savic,波兰,19,GK,62,74,42,18,27,16,19,55,3367478,Lechia Gdańsk,波兰甲级联赛,右,203,92,0,0
Nicolo Barella,意大利,19,W,62,73,75,52,66,70,47,61,4255424,Cagliari,意大利甲级联赛,右,173,68,0,0
Tomasz Zajac,波兰,21,W,62,72,80,56,54,63,14,51,4841961,Korona Kielce,波兰甲级联赛,右,170,60,0,0
Dejan Kelhar,比利时,32,CB,62,62,50,32,54,37,60,68,4937426,KSV Cercle Brugge,比利时甲级联赛,右,188,85,0,0
Moritz Volz,德国,33,FB,62,62,62,47,56,61,61,68,5262360,FC St. Pauli,德国甲级联赛,右,178,75,0,0
Marco Ramos,法国,33,FB,62,62,64,37,58,56,61,70,3835263,RC Lens,法国甲级联赛,左,173,72,0,0
Chris Philipps,法国,22,CB,62,72,60,29,46,40,62,71,3772889,FC Metz,法国甲级联赛,右,183,80,0,0
Mathias Schils,比利时,23,CM,62,68,64,59,61,58,61,64,5045943,Sint-Truidense VV,比利时甲级联赛,右,188,74,0,0
Luigi Vaccaro,比利时,25,CM,62,65,62,50,61,62,58,61,2254275,Royal Excel Mouscron,比利时甲级联赛,右,183,75,0,0
Prince Buaben,苏格兰,28,CM,62,62,71,62,61,64,59,67,2816801,Dundee United,苏格兰超级联赛,右,183,75,0,0
Gorka Larrea Garcia,西班牙,32,CM,62,62,54,51,63,58,60,61,3581282,Levante UD,西班牙甲级联赛,右,180,74,0,0
Gwion Edwards,苏格兰,23,W,62,70,77,61,57,64,34,50,6672851,St. Johnstone FC,苏格兰超级联赛,右,175,76,0,0
Thomas Kleine,德国,39,CB,62,62,42,45,45,40,61,65,2919930,SpVgg Greuther Fürth,德国甲级联赛,右,190,82,1,0
Tortol Lumanza Lembi,比利时,22,CM,62,68,66,56,61,67,59,65,6861960,Standard de Liège,比利时甲级联赛,右,180,74,0,0
Scott Fox,苏格兰,29,GK,62,62,32,11,24,14,11,41,5198751,Partick Thistle F.C.,苏格兰超级联赛,右,183,79,0,0
Ibrahima Sory Camara,法国,31,FB,62,67,76,34,66,62,52,73,4331772,Le Mans FC,法国甲级联赛,左,170,69,0,0
Jasper Waalkens,荷兰,27,W,62,71,73,40,57,62,36,62,3144410,Sparta Rotterdam,荷兰甲级联赛,右,178,75,0,0
Bartosz Spiaczka,波兰,25,ST,62,68,75,64,53,60,18,61,6028562,Górnik Łęczna,波兰甲级联赛,右,183,70,0,0
Martin Kobylanski,德国,22,ST,62,72,74,63,56,66,23,63,6145501,Hamburger SV,德国甲级联赛,右,178,75,0,0
Marco Kehl-Gomez,瑞士,24,FB,62,64,67,44,52,49,64,64,5992152,Grasshopper Club Zürich,瑞士超级联赛,右,180,78,0,0
Joe Shaughnessy,苏格兰,24,FB,62,68,72,14,49,61,63,72,4062821,Aberdeen,苏格兰超级联赛,左,183,69,0,0
Niclas Heimann,荷兰,25,GK,62,68,41,28,24,26,25,54,5190371,VVV-Venlo,荷兰甲级联赛,右,193,84,0,0
Raffaele Rubino,意大利,38,ST,62,62,60,60,49,60,26,64,2920717,Novara,意大利甲级联赛,右,183,80,2,0
Anthony Obodai,荷兰,34,FB,62,70,74,52,57,60,55,69,1871567,RKC Waalwijk,荷兰甲级联赛,右,170,72,0,0
Mario Licka,法国,34,CM,62,62,56,60,68,54,56,57,3307894,Stade Brestois 29,法国甲级联赛,右,178,74,1,0
Lukasz Surma,波兰,39,CM,62,62,42,57,62,62,63,54,2847830,Lechia Gdańsk,波兰甲级联赛,右,178,70,0,0
Dani Sanchez,苏格兰,32,W,62,65,70,59,58,60,14,52,2165937,Inverness Caledonian Thistle,苏格兰超级联赛,右,178,76,0,0
Darren Dods,苏格兰,41,CB,62,71,49,31,52,40,62,64,1892429,Dundee United,苏格兰超级联赛,右,185,83,0,0
Fouad Rachid,法国,25,CM,62,69,64,54,61,66,60,60,6698814,AS Nancy-Lorraine,法国甲级联赛,右,163,57,0,0
Jonathan Benteke,比利时,21,ST,62,72,74,62,50,62,23,61,5995959,SV Zulte-Waregem,比利时甲级联赛,右,188,76,0,0
Naim Aarab,比利时,28,FB,62,67,64,39,54,54,60,67,3398006,Sporting Charleroi,比利时甲级联赛,右,188,81,0,0
Orlando Urbano,瑞士,32,CB,62,62,60,40,49,39,64,76,7355646,Lugano,瑞士超级联赛,右,183,79,0,0
Kwang-Ryong Pak,瑞士,24,ST,62,70,70,60,57,64,40,78,3235186,FC Vaduz,瑞士超级联赛,右,188,83,0,0
Bourama Ouattara,葡萄牙,32,W,62,70,68,50,57,63,28,61,3826331,Naval 1° de Maio,葡萄牙超级联赛,左,180,70,0,0
Craig Curran,苏格兰,27,ST,62,63,78,61,60,62,27,69,4650527,Ross County FC,苏格兰超级联赛,右,175,74,0,0
Pawel Moskwik,波兰,24,FB,62,66,75,61,53,60,62,59,3891858,Piast Gliwice,波兰甲级联赛,右,178,70,0,0
Grant Munro,苏格兰,36,CB,62,62,33,24,48,49,60,68,3345078,Inverness Caledonian Thistle,苏格兰超级联赛,右,183,79,0,0
Gian-Luca Waldschmidt,德国,20,ST,62,76,72,62,53,62,15,55,2160148,Eintracht Frankfurt,德国甲级联赛,左,180,73,0,0
Marcos De Paula,意大利,33,ST,62,62,62,61,49,62,38,68,4919846,Chievo Verona,意大利甲级联赛,右,185,80,2,0
Maciej Jankowski,波兰,26,ST,62,63,82,59,58,60,38,78,3367665,Ruch Chorzów,波兰甲级联赛,右,180,69,0,0
Roman Ferber,比利时,23,ST,62,68,56,63,56,60,16,62,6251896,Sporting Charleroi,比利时甲级联赛,右,190,82,0,0
Junior Negrao,比利时,30,ST,62,65,53,62,56,62,27,68,4415572,Beerschot AC,比利时甲级联赛,右,188,83,0,0
Matias Jones,荷兰,25,ST,62,67,74,61,58,64,31,72,3531945,FC Groningen,荷兰甲级联赛,左,175,75,0,0
Bartosz Kopacz,波兰,24,CB,62,65,46,38,38,37,61,68,3334887,Polonia Bytom,波兰甲级联赛,右,188,84,0,0
Orlando Dos Santos Costa,比利时,35,W,62,64,68,57,51,72,45,66,3062609,Sporting Charleroi,比利时甲级联赛,左,188,84,0,0
Jamie Mole,苏格兰,28,ST,62,75,66,60,49,59,14,65,4050053,Heart of Midlothian,苏格兰超级联赛,右,178,76,0,0
Sofyan Amrabat,荷兰,20,CM,62,76,68,45,67,64,53,63,3439362,FC Utrecht,荷兰甲级联赛,右,188,76,0,0
Jordy van Deelen,荷兰,23,FB,62,69,72,33,43,62,62,66,3296382,Excelsior,荷兰甲级联赛,右,173,66,0,1
Theo Robinson,苏格兰,27,W,62,63,90,61,53,58,35,62,3008061,Motherwell,苏格兰超级联赛,右,175,64,0,0
Igor Pita,葡萄牙,27,FB,62,69,56,47,51,54,66,63,2163399,CD Nacional,葡萄牙超级联赛,左,183,74,0,0
Stephan Keller,荷兰,37,CM,62,68,52,43,54,58,58,72,6057332,De Graafschap,荷兰甲级联赛,右,190,80,0,0
Filip Luksik,荷兰,31,FB,62,62,66,48,57,63,63,66,3073601,ADO Den Haag,荷兰甲级联赛,左,185,79,0,0
Krystian Nowak,波兰,22,FB,62,69,61,47,54,48,60,69,3091992,Widzew Łódź,波兰甲级联赛,右,188,83,0,0
Nicky Hayen,比利时,36,CB,62,62,39,41,46,34,64,60,3518618,Oud-Heverlee Leuven,比利时甲级联赛,右,188,84,0,0
Yacine Hima,瑞士,32,CAM,62,64,65,60,65,62,56,62,5182652,AC Bellinzona,瑞士超级联赛,右,178,79,0,0
Krzysztof Janus,波兰,30,ST,62,62,76,61,58,62,51,72,3724654,Zagłębie Lubin,波兰甲级联赛,右,175,73,0,0
Tobias Pachonik,德国,21,FB,62,73,73,49,56,64,60,68,3695771,FC Schalke 04,德国甲级联赛,右,183,87,0,0
Gustavo,葡萄牙,22,ST,62,72,62,62,43,60,24,63,2842053,CD Nacional,葡萄牙超级联赛,右,188,76,0,0
Alessio Da Cruz,荷兰,19,W,62,75,76,65,51,63,27,47,3195224,PEC Zwolle,荷兰甲级联赛,右,180,70,0,0
Goran Ljubojevic,比利时,33,ST,62,67,50,68,49,54,34,73,3362930,KRC Genk,比利时甲级联赛,右,190,88,0,0
Hermanni Vuorinen,比利时,31,ST,62,71,58,66,50,48,24,65,3972344,Sporting Charleroi,比利时甲级联赛,右,193,89,0,0
Dionisio Villalba,西班牙,27,ST,62,67,59,63,45,60,25,66,1976637,RC Deportivo de La Coruña,西班牙甲级联赛,右,183,82,0,0
Joao Inacio Pia,意大利,34,ST,62,70,75,61,56,63,30,67,3806700,Napoli,意大利甲级联赛,右,178,68,4,0
Calum Butcher,苏格兰,25,CB,62,66,66,30,50,57,64,75,1917531,Dundee United,苏格兰超级联赛,右,188,83,0,0
David Salomon Abwo,波兰,30,ST,62,63,91,62,51,60,33,79,2589796,Zagłębie Lubin,波兰甲级联赛,右,170,66,0,0
Szymon Drewniak,波兰,23,FB,62,66,70,52,62,58,61,64,3583267,Lech Poznań,波兰甲级联赛,右,178,70,0,0
Craig Reid,苏格兰,30,CB,62,62,71,31,44,43,63,70,4146827,Motherwell,苏格兰超级联赛,右,183,79,0,0
Colin Nish,苏格兰,35,ST,62,62,53,61,58,60,31,71,6699228,Hibernian,苏格兰超级联赛,右,190,80,0,0
Danny Invincibile,苏格兰,37,ST,62,66,64,60,54,65,22,66,1991952,Kilmarnock,苏格兰超级联赛,右,183,81,0,0
Sebastien Locigno,比利时,21,FB,62,72,76,44,56,64,60,66,3729814,KAA Gent,比利时甲级联赛,右,183,68,0,0
Isam Merdassi,瑞士,27,FB,62,63,70,41,47,54,61,65,4326352,BSC Young Boys,瑞士超级联赛,右,175,73,0,0
Jordy Deckers,荷兰,27,GK,62,63,50,28,26,25,25,54,6666042,Excelsior,荷兰甲级联赛,右,193,83,0,0
Leon Cort,英格兰,37,CB,62,62,42,37,47,41,62,69,2704920,Burnley,英格兰超级联赛,右,190,83,0,1
Esparza Jokin Arcaya,西班牙,28,W,62,68,79,57,52,69,38,61,3204628,CA Osasuna,西班牙甲级联赛,右,178,68,0,0
Nicolas Florentin,法国,38,W,62,62,73,50,56,56,33,52,3731934,SM Caen,法国甲级联赛,左,183,76,0,0
Danzell Gravenberch,荷兰,22,FB,62,73,76,62,44,64,60,68,5013040,N.E.C.,荷兰甲级联赛,左,185,84,0,0
Elso Brito,荷兰,22,FB,62,70,70,52,65,64,62,58,4163166,Excelsior,荷兰甲级联赛,左,183,69,0,0
Kevin Vermeulen,荷兰,26,CM,62,66,65,61,64,62,56,67,2827638,Excelsior,荷兰甲级联赛,右,185,77,2,0
"Marcel MBayo,25",比利时,38,W,62,67,73,60,59,70,37,56,1529527,Sporting Lokeren,比利时甲级联赛,右,168,62,0,0
Bira Dembele,法国,28,CB,62,62,66,31,46,42,62,70,3050250,US Boulogne Cote D'Opale,法国甲级联赛,左,190,87,0,0
Ismael Bouzid,苏格兰,33,FB,62,62,62,35,50,50,58,71,5414009,Heart of Midlothian,苏格兰超级联赛,右,190,86,0,0
Chris Millar,苏格兰,33,FB,62,62,71,38,63,64,60,75,3512109,St. Johnstone FC,苏格兰超级联赛,右,175,65,0,0
Jake Hesketh,英格兰,20,CAM,62,76,69,45,68,64,46,52,6904844,Burnley,英格兰超级联赛,右,168,70,0,0
Alain Cantareil,法国,33,FB,62,62,62,50,59,57,58,73,5299023,OGC Nice,法国甲级联赛,左,178,70,0,0
Pawel Golanski,波兰,34,CM,62,62,64,61,59,62,61,72,3752056,Korona Kielce,波兰甲级联赛,右,183,77,0,1
Paul Paton,苏格兰,29,CM,62,62,52,50,61,56,60,69,2430359,Dundee United,苏格兰超级联赛,右,178,74,0,0
Steffen Wohlfarth,苏格兰,33,ST,62,62,64,60,55,62,29,69,9261510,Ross County FC,苏格兰超级联赛,右,185,86,0,0
Frederik Boi,比利时,35,CM,62,62,62,66,66,59,61,69,2819493,KSV Cercle Brugge,比利时甲级联赛,右,183,69,0,0
Kenny van der Weg,荷兰,25,CB,62,66,60,30,45,53,64,67,5297037,NAC Breda,荷兰甲级联赛,左,188,79,1,1
Mats van Huijgevoort,荷兰,23,FB,62,70,64,56,58,48,62,58,7783452,VVV-Venlo,荷兰甲级联赛,左,183,78,0,0
Filipe Mendes,葡萄牙,31,GK,62,62,39,15,29,17,14,49,3475990,Amadora,葡萄牙超级联赛,右,193,88,0,0
William Tiero,葡萄牙,36,CAM,62,62,63,59,66,67,47,61,2798643,Académica de Coimbra,葡萄牙超级联赛,右,175,71,0,0
Valery Mezague,法国,33,ST,62,62,72,65,63,62,50,75,5483318,FC Sochaux-Montbéliard,法国甲级联赛,左,183,76,0,0
Jens Janse,荷兰,30,FB,62,62,75,29,57,66,56,71,2379573,NAC Breda,荷兰甲级联赛,右,185,74,0,0
Markus Mendler,德国,23,W,62,69,74,55,59,66,25,53,4067484,1. FC Nürnberg,德国甲级联赛,左,173,72,0,0
Vitalijs Maksimenko,苏格兰,26,FB,62,66,70,35,48,56,63,63,7102367,Kilmarnock,苏格兰超级联赛,左,185,76,0,0
Luca Veronese,法国,25,GK,62,67,32,27,25,24,24,35,3718104,OGC Nice,法国甲级联赛,右,188,72,0,0
Jake Kean,英格兰,25,GK,62,66,45,20,22,14,15,45,1754814,Chelsea,英格兰超级联赛,右,193,76,0,0
Stephen Hendrie,苏格兰,21,FB,62,73,70,36,42,60,64,62,2506280,Hamilton Academical FC,苏格兰超级联赛,左,178,70,0,0
Charlie I'Anson,西班牙,23,FB,62,71,64,47,48,45,65,60,3630904,Elche CF,西班牙甲级联赛,右,180,73,0,0
Berat Djimsiti,瑞士,23,FB,62,69,50,39,61,46,63,59,3934465,FC Zürich,瑞士超级联赛,右,190,83,0,0
Daniel Devine,苏格兰,24,FB,62,67,72,34,41,46,63,69,3317008,Inverness Caledonian Thistle,苏格兰超级联赛,右,183,70,0,0
Sean Welsh,苏格兰,26,FB,62,64,70,52,63,60,60,60,5243678,Partick Thistle F.C.,苏格兰超级联赛,右,175,70,0,0
Ricardo Ippel,荷兰,26,CM,62,66,66,63,63,62,58,67,3129916,Willem II,荷兰甲级联赛,右,175,74,0,0
Jimmy Hempte,荷兰,34,CM,62,62,62,60,61,59,64,63,3305248,Roda JC Kerkrade,荷兰甲级联赛,左,180,78,0,0
Joris van Hout,比利时,39,CM,62,62,37,58,55,55,57,63,4488970,KVC Westerlo,比利时甲级联赛,右,188,80,0,0
Kamil Wlodyka,波兰,22,CAM,62,65,68,58,63,64,51,63,2568443,Ruch Chorzów,波兰甲级联赛,右,180,70,0,0
Romero Regales,比利时,30,ST,62,62,36,65,42,65,15,51,1477726,Oud-Heverlee Leuven,比利时甲级联赛,左,188,93,0,0
Mark Gower,英格兰,38,CM,62,62,42,64,67,60,54,62,2360664,Swansea City,英格兰超级联赛,右,180,71,0,5
Erivaldo,葡萄牙,22,W,62,68,72,62,51,67,28,53,4150171,SC Braga,葡萄牙超级联赛,右,178,70,0,0
Ian Murray,苏格兰,35,FB,62,62,58,37,61,60,58,65,2440689,Hibernian,苏格兰超级联赛,左,183,70,0,0
de Oliveira Cleber Monteiro,葡萄牙,36,CM,62,62,60,56,62,52,61,66,3582515,CD Nacional,葡萄牙超级联赛,右,183,77,0,0
Garry de Graef,比利时,42,FB,62,68,62,47,59,62,64,62,1427470,Lierse SK,比利时甲级联赛,左,170,66,0,0
Aleksander Kwiek,波兰,33,CM,62,62,61,66,65,60,60,70,3891604,Polonia Bytom,波兰甲级联赛,右,175,79,0,0
Grzegorz Kasprzik,波兰,33,GK,62,62,31,15,32,12,16,48,3998901,Polonia Bytom,波兰甲级联赛,左,185,88,0,0
Matko Perdijic,波兰,34,GK,62,62,42,25,29,24,25,50,3630513,Ruch Chorzów,波兰甲级联赛,右,196,94,0,0
Luca Checchin,意大利,19,CM,62,74,67,55,66,63,57,67,4463133,Hellas Verona,意大利甲级联赛,右,183,78,0,0
Moussa Gueye,比利时,27,ST,62,67,73,62,42,52,24,74,4622876,Sporting Charleroi,比利时甲级联赛,右,185,78,0,0
Andrea Guatelli,瑞士,32,GK,62,68,32,21,31,15,15,64,6835358,FC Zürich,瑞士超级联赛,右,198,96,0,0
Floriano Vanzo,比利时,22,W,62,70,68,55,57,68,36,56,4128847,Waasland-Beveren,比利时甲级联赛,右,180,77,0,0
Merveille Goblet,比利时,22,GK,62,71,54,16,25,20,16,56,1822869,Waasland-Beveren,比利时甲级联赛,右,180,78,0,0
Joseba Del Olmo,西班牙,35,FB,62,62,74,55,58,63,51,70,2578474,Athletic Club de Bilbao,西班牙甲级联赛,右,173,65,1,0
Lucas Tousart,法国,19,FB,62,78,65,47,65,64,63,71,4127346,Olympique Lyonnais,法国甲级联赛,右,185,83,0,0
Dariusz Pietrasiak,波兰,36,GK,62,62,32,30,44,46,62,70,4932484,Podbeskidzie Bielsko-Biała,波兰甲级联赛,右,185,81,0,0
Edgar Abreu,葡萄牙,22,CAM,62,69,71,54,64,66,49,58,4111191,CD Nacional,葡萄牙超级联赛,右,175,70,0,0
Adrian Mrowiec,苏格兰,33,CM,62,62,58,55,61,62,60,71,1542849,Heart of Midlothian,苏格兰超级联赛,右,190,84,0,0
Paul Lawson,苏格兰,32,CM,62,62,34,61,66,64,56,50,5556600,Ross County FC,苏格兰超级联赛,右,170,73,0,0
Mathieu Debisschop,比利时,32,CB,62,62,60,42,58,48,64,76,2502448,RAEC Mons,比利时甲级联赛,右,178,72,0,0
Mathias Pogba,苏格兰,26,ST,62,65,74,61,46,58,16,70,3657278,Partick Thistle F.C.,苏格兰超级联赛,右,190,87,0,0
Owain Tudor Jones,苏格兰,32,CM,62,64,52,59,64,61,58,66,3875696,Inverness Caledonian Thistle,苏格兰超级联赛,右,190,74,0,0
Denis Prychynenko,苏格兰,24,FB,62,67,64,52,54,51,58,61,4371620,St. Mirren,苏格兰超级联赛,右,188,85,0,0
Jamie Reckord,苏格兰,24,FB,62,66,72,41,51,57,60,71,4261740,Ross County FC,苏格兰超级联赛,左,178,83,0,0
Hugo Gomes,葡萄牙,37,FB,62,62,64,43,61,60,62,64,2809013,"União de Leiria, SAD",葡萄牙超级联赛,右,175,71,0,0
Dimitri Daeselaire,比利时,26,FB,62,69,68,39,58,58,61,63,2753137,KRC Genk,比利时甲级联赛,右,170,61,0,0
Geoffrey Tulasne,法国,28,CAM,62,74,58,57,66,68,44,54,3906760,FC Sochaux-Montbéliard,法国甲级联赛,右,178,74,0,0
Dougie Imrie,苏格兰,33,ST,62,62,77,59,54,62,22,70,3312701,Hamilton Academical FC,苏格兰超级联赛,左,178,74,0,0
Alberto Regazzoni,瑞士,33,W,62,62,80,52,54,64,42,56,2176246,BSC Young Boys,瑞士超级联赛,右,170,65,0,0
Lance Davids,比利时,31,FB,62,63,78,53,62,60,58,70,3273424,Lierse SK,比利时甲级联赛,右,175,76,0,0
Felix Passlack,德国,18,FB,62,81,72,57,56,66,55,69,7635056,Borussia Dortmund,德国甲级联赛,右,170,74,0,0
Mauro Arambarri,法国,21,CM,62,70,60,50,64,60,63,58,2756228,Girondins de Bordeaux,法国甲级联赛,右,175,74,0,0
Lee Croft,苏格兰,31,CM,62,62,60,51,60,66,53,68,5051714,St. Johnstone FC,苏格兰超级联赛,右,175,80,0,0
Connor Ripley,苏格兰,23,GK,62,69,16,17,20,17,15,36,4312124,Motherwell,苏格兰超级联赛,右,190,96,0,0
Faton Toski,德国,29,CM,62,64,60,49,64,68,51,58,4686036,Eintracht Frankfurt,德国甲级联赛,左,188,82,1,0
Owain Fon Williams,苏格兰,29,GK,62,62,56,12,23,16,14,58,4450813,Inverness Caledonian Thistle,苏格兰超级联赛,右,193,77,0,0
Jakub Bak,波兰,23,ST,62,69,82,62,57,61,35,65,7462790,Pogoń Szczecin,波兰甲级联赛,右,175,68,0,0
Evgeny Levchenko,荷兰,38,CM,62,62,64,64,63,62,61,66,1290647,Willem II,荷兰甲级联赛,左,188,77,0,0
Bruno Bertucci,瑞士,26,FB,62,66,84,64,46,62,58,69,5108128,Grasshopper Club Zürich,瑞士超级联赛,左,175,65,0,0
Roland Bergkamp,荷兰,25,ST,62,68,58,60,45,52,26,61,5122436,Excelsior,荷兰甲级联赛,右,193,84,0,0
Peter Jehle,瑞士,34,GK,62,62,31,17,34,18,15,45,4365318,FC Vaduz,瑞士超级联赛,右,188,80,0,0
Stephane Besle,瑞士,32,FB,62,62,52,50,46,50,59,67,1424171,Neuchâtel Xamax,瑞士超级联赛,右,188,85,0,0
Maurizio Pugliesi,意大利,40,GK,62,62,36,18,18,20,19,54,2263342,Empoli,意大利甲级联赛,右,188,79,0,0
Callum Ball,苏格兰,24,ST,62,68,60,59,54,60,40,71,4422057,St. Mirren,苏格兰超级联赛,左,190,74,0,0
Karim Rossi,比利时,22,ST,62,72,77,63,55,62,19,65,8371579,SV Zulte-Waregem,比利时甲级联赛,右,188,78,0,0
Mattia Notari,比利时,37,CB,62,62,40,39,44,50,60,66,1667184,Lierse SK,比利时甲级联赛,右,190,81,0,0
Fernando Neto,葡萄牙,23,CAM,62,72,71,60,56,67,54,54,3461397,FC Paços de Ferreira,葡萄牙超级联赛,左,178,68,0,0
Peter Reekers,荷兰,35,FB,62,65,58,40,58,50,61,67,3520037,Heracles Almelo,荷兰甲级联赛,右,183,76,0,0
Jason Adesanya,比利时,23,ST,62,70,67,61,51,64,25,60,4055977,KV Mechelen,比利时甲级联赛,右,185,78,0,0
Ryan Conroy,苏格兰,29,CM,62,64,68,65,51,66,60,68,2142974,Dundee FC,苏格兰超级联赛,左,178,68,0,0
Kevin Moon,苏格兰,29,FB,62,67,72,33,67,66,58,69,4118297,St. Johnstone FC,苏格兰超级联赛,右,178,66,0,0
Charles Telfer,苏格兰,21,W,62,76,74,64,62,66,50,62,4562557,Dundee United,苏格兰超级联赛,右,175,74,0,0
Csaba Horvath,波兰,34,CB,62,62,42,44,46,46,62,68,2264624,Zagłębie Lubin,波兰甲级联赛,右,193,82,0,0
Giannis Papadopoulos,波兰,27,FB,62,71,74,59,60,62,62,70,2559151,Cracovia,波兰甲级联赛,左,180,79,0,0
Andi Lila,意大利,30,CB,62,62,67,39,49,33,65,73,1000323,Parma,意大利甲级联赛,右,183,79,0,0
Jerge Hoefdraad,荷兰,30,ST,62,62,86,57,47,65,23,68,7669086,SC Cambuur,荷兰甲级联赛,左,170,67,0,0
Sandro Lima,葡萄牙,26,ST,62,68,65,58,44,58,26,66,5598587,Rio Ave FC,葡萄牙超级联赛,右,185,82,0,0
Mbaye Diagne,比利时,25,ST,62,67,55,62,46,55,26,69,2639135,Lierse SK,比利时甲级联赛,右,190,82,0,0
Pavel Vidanov,波兰,28,FB,62,62,68,34,50,50,64,67,13345137,Zagłębie Lubin,波兰甲级联赛,右,185,79,0,0
Maciej Urbanczyk,波兰,21,FB,62,70,68,51,59,62,62,64,11886822,Ruch Chorzów,波兰甲级联赛,右,175,67,0,0
Matt Grimes,英格兰,21,CAM,62,76,64,59,66,62,38,66,5840932,Crystal Palace,英格兰超级联赛,左,178,70,0,0
Darren Rosheuvel,荷兰,22,FB,62,71,70,49,62,60,62,70,3203170,FC Twente,荷兰甲级联赛,左,178,72,0,0
Jonathan Correia,法国,22,FB,62,70,64,33,46,59,67,52,5794516,OGC Nice,法国甲级联赛,右,175,65,0,0
Sergio Ortega,西班牙,36,FB,62,63,50,40,57,49,62,59,7288128,CD Numancia,西班牙甲级联赛,右,183,74,0,0
Grant Gillespie,苏格兰,25,FB,62,67,66,31,58,62,60,71,6496520,Hamilton Academical FC,苏格兰超级联赛,左,175,75,0,0
Jason Naismith,苏格兰,22,FB,62,70,75,48,54,62,58,79,4957613,St. Mirren,苏格兰超级联赛,右,185,83,0,0
Kristian Nushi,瑞士,34,W,62,62,68,52,54,62,47,64,4508383,FC St. Gallen,瑞士超级联赛,左,175,72,0,0
Carlos Fernandez,西班牙,20,ST,62,68,50,66,42,64,20,55,4084012,Sevilla FC,西班牙甲级联赛,右,185,72,0,0
Tamir Kahlon,比利时,29,W,62,67,68,58,61,62,24,59,7840009,Sporting Charleroi,比利时甲级联赛,右,178,71,0,0
Ylli Sallahi,德国,22,FB,62,71,70,58,54,67,60,62,6012863,FC Augsburg,德国甲级联赛,左,178,81,0,0
Hipolito Poli,西班牙,39,FB,62,72,58,38,57,53,60,65,3111749,RC Recreativo,西班牙甲级联赛,左,185,73,0,0
Quique Rivero,西班牙,24,CM,62,70,64,42,67,60,49,62,5719223,Racing Santander,西班牙甲级联赛,右,175,70,0,0
Lewis Longridge,苏格兰,25,W,62,67,84,55,56,64,24,53,7122676,Hamilton Academical FC,苏格兰超级联赛,左,175,72,0,0
David Meul,荷兰,35,GK,62,62,31,21,37,24,12,47,3607930,Willem II,荷兰甲级联赛,右,193,83,0,0
Romulo Togni,意大利,34,CM,62,62,56,56,71,61,54,55,3104746,Pescara,意大利甲级联赛,右,183,76,2,0
Robin Previtali,葡萄牙,29,ST,62,66,70,62,51,53,20,65,3772828,Naval 1° de Maio,葡萄牙超级联赛,右,185,84,0,0
Jean-Ecudes Maurice,法国,30,ST,62,62,76,64,55,60,27,64,6321594,Paris Saint-Germain,法国甲级联赛,右,180,73,0,0
Gareth Wardlaw,苏格兰,37,ST,62,65,58,60,53,58,14,68,6014560,St. Mirren,苏格兰超级联赛,右,183,75,0,0
Paul McCallum,苏格兰,23,ST,62,69,68,61,43,56,18,64,3056301,Heart of Midlothian,苏格兰超级联赛,右,190,75,0,0
Manuel Pascali,苏格兰,35,CM,62,62,34,52,51,51,56,72,4015033,Kilmarnock,苏格兰超级联赛,右,185,79,0,0
Billy Mehmet,苏格兰,32,ST,62,62,52,64,53,62,16,62,2829573,St. Mirren,苏格兰超级联赛,右,188,84,0,0
Filip Bednarek,荷兰,24,GK,62,68,44,18,23,20,18,57,7375297,FC Utrecht,荷兰甲级联赛,右,188,81,0,0
Nicholas Law,苏格兰,28,CAM,62,67,72,54,61,64,46,74,3983444,Motherwell,苏格兰超级联赛,右,178,73,0,0
Robert van Boxel,荷兰,33,FB,62,62,60,35,54,57,62,65,3949956,SC Cambuur,荷兰甲级联赛,左,188,84,0,0
Sebastian Rajalakso,波兰,28,ST,62,62,75,65,56,62,33,72,3204036,Jagiellonia Białystok,波兰甲级联赛,右,188,82,0,0
Gaby Jallo,荷兰,27,FB,62,65,71,52,58,63,62,70,3094368,Willem II,荷兰甲级联赛,左,178,74,0,0
Houdret,比利时,23,CM,62,68,66,49,62,63,52,67,1721115,Oud-Heverlee Leuven,比利时甲级联赛,左,190,76,0,0
Chiro N'Toko,荷兰,28,FB,62,64,58,51,51,55,60,66,3006070,ADO Den Haag,荷兰甲级联赛,右,190,81,0,0
Moussa Traore,比利时,26,ST,62,70,78,62,46,56,36,72,3926852,Standard de Liège,比利时甲级联赛,右,183,79,0,0
David Buchanan,苏格兰,30,FB,62,62,65,45,55,56,64,70,3962154,Hamilton Academical FC,苏格兰超级联赛,左,173,67,0,0
Pelle Jensen,德国,24,FB,62,68,54,40,42,43,61,53,6215749,TSG 1899 Hoffenheim,德国甲级联赛,右,193,85,0,0
Mike Zonneveld,荷兰,36,CAM,62,62,48,67,67,62,60,49,6274984,FC Groningen,荷兰甲级联赛,左,180,76,0,0
Benjamin Tetteh,比利时,19,ST,62,76,78,57,54,64,16,72,2215326,Standard de Liège,比利时甲级联赛,右,193,83,0,0
Caleb Gomina,葡萄牙,20,W,62,72,72,62,50,66,28,49,3335954,FC Arouca,葡萄牙超级联赛,左,178,73,0,0
Presnel Kimpembe,法国,21,CB,62,75,54,33,45,46,65,64,4918054,Paris Saint-Germain,法国甲级联赛,左,183,67,0,0
Bernardo Dominguez,苏格兰,37,GK,62,62,54,26,28,22,24,60,4449500,Dunfermline Athletic,苏格兰超级联赛,右,185,86,0,0
Christopher Nkunku,法国,19,FB,62,77,79,51,63,64,61,55,3052485,Paris Saint-Germain,法国甲级联赛,右,175,64,0,0
Ivica Iliev,波兰,37,ST,62,62,58,65,55,72,30,56,3315801,Wisła Kraków,波兰甲级联赛,右,183,80,3,0
Cesar,意大利,37,GK,62,62,33,32,41,38,66,54,6263280,Chievo Verona,意大利甲级联赛,右,183,78,0,0
Abdelmalek Cherrad,葡萄牙,35,ST,62,73,62,62,49,61,32,64,2204962,Sporting CP,葡萄牙超级联赛,右,185,75,0,0
Florian Stahel,瑞士,31,FB,62,62,60,48,50,56,60,67,3437550,FC Luzern,瑞士超级联赛,右,183,78,2,0
Pavol Cicman,波兰,31,W,62,62,72,66,56,69,32,53,3805193,Piast Gliwice,波兰甲级联赛,右,175,71,0,0
Scott Chipperfield,瑞士,41,CM,62,62,38,66,62,64,60,45,1953459,FC Basel,瑞士超级联赛,左,180,80,0,0
Geoffrey Treand,瑞士,30,W,62,62,67,52,61,61,36,64,4025555,FC St. Gallen,瑞士超级联赛,右,178,74,1,0
Mohamed Coulibaly,瑞士,28,ST,62,62,73,60,55,64,31,62,3622527,FC Luzern,瑞士超级联赛,右,178,70,0,0
Matti Lund Nielsen,意大利,28,CM,62,62,68,64,59,58,56,76,5567096,Pescara,意大利甲级联赛,右,183,74,0,0
Robbert Te Loeke,荷兰,28,GK,62,65,38,25,24,22,24,56,6449035,FC Dordrecht,荷兰甲级联赛,右,193,87,0,0
Younes Kaabouni,法国,21,CAM,62,72,72,52,66,63,49,55,5127537,Girondins de Bordeaux,法国甲级联赛,右,180,72,0,1
Craig Beattie,苏格兰,32,ST,62,62,48,65,55,62,20,69,3928252,Heart of Midlothian,苏格兰超级联赛,右,183,72,2,0
Abdullah Omar,瑞士,29,CAM,62,66,66,55,60,64,51,59,3091027,Neuchâtel Xamax,瑞士超级联赛,右,175,71,0,0
Samuel Afum,瑞士,26,ST,62,66,82,60,43,58,18,66,9345665,BSC Young Boys,瑞士超级联赛,右,180,73,0,0
Fakhreddine Ben Youssef,法国,25,ST,62,70,62,69,39,48,22,74,4773690,FC Metz,法国甲级联赛,右,193,86,0,0
Sylvan Ebanks-Blake,英格兰,30,ST,62,62,50,64,44,60,21,56,7073298,Wolverhampton Wanderers,英格兰超级联赛,右,173,92,10,6
Daniel Redmond,苏格兰,25,W,62,66,77,58,61,62,46,56,4315220,Hamilton Academical FC,苏格兰超级联赛,左,175,67,0,0
Conrad Balatoni,苏格兰,25,CB,62,66,68,27,47,44,58,74,3994334,Partick Thistle F.C.,苏格兰超级联赛,右,183,85,0,0
Kelvin Etuhu,英格兰,28,FB,62,62,78,59,64,59,58,65,3809236,Manchester City,英格兰超级联赛,右,180,71,0,0
Brian Jensen,英格兰,41,GK,62,62,22,19,30,20,21,56,3200197,Burnley,英格兰超级联赛,左,185,78,0,1
Barry Ferguson,英格兰,38,CM,62,62,46,59,65,60,66,63,3107447,Birmingham City,英格兰超级联赛,右,178,74,0,0
Sergej Karimov,德国,30,FB,62,68,68,26,54,59,62,69,1856630,VfL Wolfsburg,德国甲级联赛,左,178,73,0,0
Esteban Casagolda,苏格兰,29,ST,62,65,67,61,46,63,18,59,2627281,Motherwell,苏格兰超级联赛,右,180,79,0,0
Kevin McCann,苏格兰,29,FB,62,69,60,43,55,59,64,60,8963971,Inverness Caledonian Thistle,苏格兰超级联赛,右,178,71,0,0
Maciej Mielcarz,波兰,36,GK,62,62,20,25,23,28,24,58,1370784,Widzew Łódź,波兰甲级联赛,右,198,95,0,0
Wahan Gevorgyan,波兰,35,W,62,62,80,61,58,60,24,57,4283501,Zawisza Bydgoszcz,波兰甲级联赛,右,173,71,0,0
Christie Elliot,苏格兰,25,W,62,66,77,56,62,64,51,70,9768477,Partick Thistle F.C.,苏格兰超级联赛,右,185,81,0,0
Mostafa Shebeita,比利时,30,FB,62,65,62,38,62,56,61,61,3407943,Lierse SK,比利时甲级联赛,右,178,75,0,0
Anthony Walongwa,法国,23,CB,62,69,61,29,37,34,62,63,3417499,FC Nantes,法国甲级联赛,右,188,80,0,0
Stephane Bahoken,法国,24,ST,61,74,76,57,41,62,23,62,2775143,OGC Nice,法国甲级联赛,右,185,78,2,0
Dominik Masek,荷兰,21,W,61,75,70,53,59,67,17,46,2962196,SC Cambuur,荷兰甲级联赛,左,173,65,0,0
Ryan O'Leary,苏格兰,29,CB,61,66,69,10,41,51,62,61,3068197,Kilmarnock,苏格兰超级联赛,右,183,75,0,0
Jari Vandeputte,比利时,20,FB,61,73,70,36,65,66,50,51,2882133,KAA Gent,比利时甲级联赛,右,175,64,0,0
Oswal Alvarez,比利时,21,W,61,71,84,58,51,68,15,49,3441622,RSC Anderlecht,比利时甲级联赛,右,175,89,0,0
Yanick Brecher,瑞士,23,GK,61,69,40,18,32,19,18,52,1780691,FC Zürich,瑞士超级联赛,右,193,83,0,0
Samuel Fabris,比利时,25,FB,61,68,74,45,55,56,59,65,4898045,Sporting Charleroi,比利时甲级联赛,右,175,68,0,0
Guillaume Moullec,法国,36,CM,61,61,62,55,58,60,60,67,2206484,FC Nantes,法国甲级联赛,右,175,70,0,0
Stefan Ristovski,意大利,24,FB,61,68,78,25,49,62,60,69,3725731,Parma,意大利甲级联赛,右,180,73,0,0
Oebele Schokker,荷兰,32,CAM,61,61,42,64,69,66,31,51,1603814,SC Cambuur,荷兰甲级联赛,左,178,76,0,0
Mirko Salvi,瑞士,22,GK,61,71,40,18,29,18,13,51,3010438,Lugano,瑞士超级联赛,右,188,80,0,0
Odirlei De Souza Gaspar,瑞士,35,ST,61,65,61,62,55,66,12,59,3432336,FC Vaduz,瑞士超级联赛,右,178,72,0,0
Joel,西班牙,24,FB,61,73,72,50,50,57,60,72,2415013,Valencia CF,西班牙甲级联赛,右,180,79,0,0
Igor Rocha,葡萄牙,32,FB,61,61,66,43,54,55,64,64,3592440,Vitória Setúbal,葡萄牙超级联赛,左,185,72,0,0
Helder Rosario,西班牙,36,CM,61,61,35,44,46,50,58,56,3805441,Málaga CF,西班牙甲级联赛,右,180,78,2,0
Roy O'Donovan,苏格兰,31,ST,61,61,82,59,53,60,20,70,2609327,Dundee United,苏格兰超级联赛,右,178,64,0,0
Ivan Bolado,西班牙,27,ST,61,71,62,58,45,66,23,71,4096626,Racing Santander,西班牙甲级联赛,右,180,75,3,2
Simone Rapp,瑞士,24,ST,61,68,70,54,47,62,24,76,2863042,FC Thun,瑞士超级联赛,右,193,83,4,0
Tobias Haitz,荷兰,24,CB,61,67,55,33,39,40,64,66,5761582,N.E.C.,荷兰甲级联赛,左,188,81,0,0
Jorge Kadu,波兰,25,ST,61,66,75,57,53,62,22,64,1764021,Zawisza Bydgoszcz,波兰甲级联赛,右,175,71,0,0
Benjamin Psaume,法国,31,W,61,61,66,56,59,64,31,59,2623594,AC Arles-Avignon,法国甲级联赛,右,173,75,0,0
Luca Valzania,意大利,20,CAM,61,73,64,57,64,62,48,57,2755960,Cesena,意大利甲级联赛,右,183,72,0,0
Lucas Akins,苏格兰,27,ST,61,62,68,63,52,62,25,74,2940336,Hamilton Academical FC,苏格兰超级联赛,右,185,84,0,0
Suat Serdar,德国,19,FB,61,77,64,46,64,62,60,68,8111922,1. FSV Mainz 05,德国甲级联赛,右,183,75,0,0
Marlon Frey,德国,20,CM,61,74,60,53,59,61,61,63,2580261,Bayer 04 Leverkusen,德国甲级联赛,右,180,78,0,0
Denzel Slager,荷兰,23,ST,61,67,79,64,51,63,23,62,3789699,FC Utrecht,荷兰甲级联赛,左,183,81,0,0
Dante Adrian Senger,瑞士,33,ST,61,61,52,66,53,70,29,67,2424988,FC Aarau,瑞士超级联赛,左,188,85,0,0
Henri Anier,苏格兰,26,ST,61,64,79,65,46,59,20,64,1742481,Motherwell,苏格兰超级联赛,右,183,83,0,0
Benoit Ladriere,比利时,29,FB,61,64,71,61,60,60,59,72,5007721,Waasland-Beveren,比利时甲级联赛,右,173,71,0,0
Mohamed Daf,比利时,22,CM,61,69,64,58,61,65,56,66,4664071,Sporting Charleroi,比利时甲级联赛,左,185,78,0,0
Russell Duncan,苏格兰,36,CM,61,61,62,48,61,59,58,67,3448467,Inverness Caledonian Thistle,苏格兰超级联赛,右,175,70,0,0
Mark Brown,苏格兰,35,GK,61,61,32,26,24,28,24,49,2092093,Ross County FC,苏格兰超级联赛,右,185,78,0,0
Aliou Dia,比利时,26,FB,61,66,67,40,50,42,58,69,2576710,RAEC Mons,比利时甲级联赛,右,180,78,0,0
Gennaro Bracigliano,法国,36,GK,61,61,43,24,24,23,24,51,4481443,AS Nancy-Lorraine,法国甲级联赛,右,183,82,0,0
Mateusz Prus,荷兰,26,GK,61,64,50,25,31,25,25,52,2911998,Roda JC Kerkrade,荷兰甲级联赛,右,188,80,0,0
Tim Eekman,荷兰,25,FB,61,71,74,46,56,60,63,61,5627108,Excelsior,荷兰甲级联赛,右,183,73,0,0
Przemyslaw Trytko,波兰,29,ST,61,61,55,59,49,58,37,65,1964384,Korona Kielce,波兰甲级联赛,左,188,83,0,0
Ricardinho,葡萄牙,22,FB,61,71,74,49,58,57,60,58,2467854,Gil Vicente FC,葡萄牙超级联赛,右,178,66,0,0
Enrico Schirinzi,瑞士,32,ST,61,61,69,68,59,61,54,79,2268050,FC Thun,瑞士超级联赛,左,178,73,2,0
Sandro Lombardi,瑞士,30,W,61,61,76,43,66,60,39,63,2820698,Lugano,瑞士超级联赛,右,168,64,0,0
Robert McHugh,苏格兰,25,ST,61,67,65,61,56,62,24,75,1576642,Motherwell,苏格兰超级联赛,右,178,74,0,0
Erik Edman,英格兰,38,CM,61,61,44,59,52,58,64,54,2072954,Wigan Athletic,英格兰超级联赛,左,180,81,0,0
Antonio Reguero Chapinal,苏格兰,34,GK,61,61,38,25,26,27,25,54,2246507,Inverness Caledonian Thistle,苏格兰超级联赛,右,183,80,0,0
Matteo Lignani,意大利,26,W,61,65,70,48,56,60,42,59,2789785,Parma,意大利甲级联赛,右,180,68,0,0
Stefan Glarner,瑞士,29,FB,61,61,65,50,56,59,60,61,3390456,FC Thun,瑞士超级联赛,右,178,74,0,0
Patrick Ada,苏格兰,31,CB,61,65,64,16,35,52,60,72,3542601,Kilmarnock,苏格兰超级联赛,右,183,90,0,0
Adnan Mravac,比利时,34,CB,61,61,52,41,48,46,56,72,7307900,KVC Westerlo,比利时甲级联赛,右,193,84,0,0
Carl Tremarco,苏格兰,31,FB,61,61,55,34,55,55,64,66,3508863,Inverness Caledonian Thistle,苏格兰超级联赛,左,180,78,0,0
Rafal Grzelak,波兰,28,CM,61,62,62,58,53,61,58,81,7414763,Korona Kielce,波兰甲级联赛,左,188,83,0,0
Sergei Mosnikov,波兰,28,W,61,66,70,55,62,65,30,59,2316513,Polonia Bytom,波兰甲级联赛,右,178,71,0,0
Marc McAusland,苏格兰,28,FB,61,65,60,31,51,50,59,53,2051580,St. Mirren,苏格兰超级联赛,右,190,77,0,0
Craig Dargo,苏格兰,38,ST,61,69,68,61,50,66,22,59,1682162,St. Mirren,苏格兰超级联赛,右,168,64,0,0
Benjamin Genton,法国,36,CM,61,61,36,36,59,46,59,63,2760554,FC Lorient,法国甲级联赛,右,188,72,0,0
Gabriele Aldegani,意大利,40,GK,61,61,34,17,38,17,17,46,3230832,Napoli,意大利甲级联赛,右,196,91,0,0
Charles Nwaogu Uchenna,波兰,26,ST,61,66,83,62,44,64,24,74,3205837,Podbeskidzie Bielsko-Biała,波兰甲级联赛,右,178,70,0,0
Julian Lelieveld,荷兰,19,FB,61,75,70,41,55,60,61,57,3803315,Vitesse,荷兰甲级联赛,右,178,68,0,0
Achille Vaarnold,荷兰,20,W,61,71,80,43,52,65,23,58,4347867,AZ,荷兰甲级联赛,左,175,71,0,0
Pantelis Hatzidiakos,荷兰,19,FB,61,74,66,47,47,54,61,60,4506284,AZ,荷兰甲级联赛,右,180,80,0,0
Tobias Waisapy,荷兰,28,FB,61,72,74,41,50,62,60,70,8851257,Vitesse,荷兰甲级联赛,左,168,58,0,0
Edivandio,葡萄牙,25,ST,61,67,68,62,49,64,27,67,3596141,CS Marítimo,葡萄牙超级联赛,右,183,76,0,0
Mamadou N'Diaye,法国,21,CM,61,73,66,62,61,60,62,57,1901164,Montpellier Hérault SC,法国甲级联赛,左,175,62,0,0
Ivan Benito,瑞士,40,FB,61,61,50,17,31,20,15,57,4242222,FC Aarau,瑞士超级联赛,左,183,80,0,0
Youri Loen,荷兰,25,ST,61,67,52,64,60,62,30,67,4900915,N.E.C.,荷兰甲级联赛,左,178,73,0,0
Badara Sene,法国,32,FB,61,68,65,32,58,46,57,71,1394879,LOSC Lille,法国甲级联赛,右,190,77,0,0
Jaquite,葡萄牙,20,FB,61,71,66,40,56,53,62,67,2780969,Tondela,葡萄牙超级联赛,右,173,67,0,0
Antoine Rey,瑞士,30,CM,61,61,54,42,63,62,58,68,4174517,Lugano,瑞士超级联赛,右,168,67,0,0
Daniel Ziebig,德国,33,FB,61,61,69,51,52,62,58,70,3862770,FC Energie Cottbus,德国甲级联赛,左,183,76,0,0
Thomas Reinmann,瑞士,33,CM,61,61,54,50,59,60,63,68,3188869,FC Thun,瑞士超级联赛,右,175,74,1,0
Kevin Vandenbergh,比利时,33,ST,61,61,49,57,49,60,25,43,2055003,KAS Eupen,比利时甲级联赛,右,178,73,0,0
Juho Maekelae,瑞士,33,ST,61,61,61,58,48,52,22,65,4365158,FC St. Gallen,瑞士超级联赛,右,190,82,0,0
Jerome Colinet,比利时,33,CM,61,64,68,51,60,60,51,64,4102293,KAS Eupen,比利时甲级联赛,左,183,79,0,0
Anthony Seric,葡萄牙,37,FB,61,61,54,39,59,58,63,59,1067499,S.C. Olhanense,葡萄牙超级联赛,左,183,77,0,0
Cassio Magalhaes,瑞士,26,ST,61,64,66,56,45,64,26,69,6261864,FC Thun,瑞士超级联赛,右,173,68,0,0
Donovan Slijngard,荷兰,29,FB,61,62,72,49,57,64,62,62,2777411,Sparta Rotterdam,荷兰甲级联赛,左,175,67,0,0
Zdenek Kroca,苏格兰,36,FB,61,61,50,36,52,56,62,58,5536862,Kilmarnock,苏格兰超级联赛,右,193,89,0,0
Mathieu Manset,瑞士,27,ST,61,61,64,63,47,60,25,61,4312761,FC Sion,瑞士超级联赛,左,185,86,0,0
Jonas Sakuwaha,法国,33,ST,61,71,66,56,64,58,20,69,2250065,Girondins de Bordeaux,法国甲级联赛,右,183,72,0,0
Scott Vernon,苏格兰,33,ST,61,61,52,61,60,60,27,73,3494796,Aberdeen,苏格兰超级联赛,右,185,73,0,0
Everon Pisas,荷兰,22,FB,61,69,76,46,49,66,53,66,3985691,FC Dordrecht,荷兰甲级联赛,左,178,73,2,1
Jinty Caenepeel,比利时,20,W,61,75,84,52,48,64,25,47,2343082,Lierse SK,比利时甲级联赛,右,175,72,0,0
Gaetan Karlen,瑞士,23,ST,61,66,65,61,53,56,30,62,4417124,FC Thun,瑞士超级联赛,右,188,80,0,0
N'Diaye Djiby,意大利,22,CM,61,66,62,49,64,62,55,67,3503325,Atalanta,意大利甲级联赛,右,185,82,0,0
Laurent Macquet,法国,37,CM,61,67,62,50,64,60,57,67,2321529,Grenoble Foot 38,法国甲级联赛,右,178,77,0,0
Patryk Fryc,波兰,23,FB,61,66,77,50,53,56,57,71,2186035,Termalica Bruk-Bet Nieciecza,波兰甲级联赛,右,175,71,0,0
Scott Robinson,苏格兰,24,W,61,67,80,54,61,64,48,75,3672038,Heart of Midlothian,苏格兰超级联赛,右,168,68,0,0
Alan Uryga,波兰,22,CM,61,70,49,49,55,56,62,77,1440216,Wisła Kraków,波兰甲级联赛,右,190,85,0,0
Rafal Pietrzak,波兰,24,FB,61,65,76,38,54,54,60,62,3491942,Wisła Kraków,波兰甲级联赛,右,175,69,0,0
Tim Linthorst,荷兰,22,CB,61,66,52,25,45,48,60,68,5009952,De Graafschap,荷兰甲级联赛,左,190,77,0,0
Cayfano Latupeirissa,荷兰,25,W,61,67,92,42,45,66,21,57,2776593,N.E.C.,荷兰甲级联赛,右,173,67,0,0
Charni Ekangamene,比利时,22,FB,61,68,71,49,63,64,58,66,3945942,SV Zulte-Waregem,比利时甲级联赛,左,178,76,0,0
Dimitri Mohamed,比利时,27,FB,61,62,76,56,57,62,57,62,4630020,Royal Excel Mouscron,比利时甲级联赛,左,183,70,0,0
Michal Koj,波兰,23,CB,61,68,61,38,40,41,62,68,3417255,Ruch Chorzów,波兰甲级联赛,右,188,81,0,0
Patryk Mikita,波兰,23,ST,61,74,72,63,46,62,30,61,2012288,Legia Warszawa,波兰甲级联赛,右,185,73,0,0
Kees van Buuren,荷兰,30,FB,61,63,67,29,51,51,62,65,2402188,Willem II,荷兰甲级联赛,右,170,71,0,0
Yoann Folly,苏格兰,31,FB,61,64,73,46,65,63,59,77,1732036,Aberdeen,苏格兰超级联赛,右,175,74,0,0
Khalid Sekkat,法国,32,FB,61,65,68,38,61,57,59,77,3791983,SC Bastia,法国甲级联赛,左,178,73,0,0
Scott Robertson,苏格兰,31,FB,61,61,72,59,62,60,58,76,5837439,Dundee United,苏格兰超级联赛,右,183,72,0,0
Scott Boyd,苏格兰,30,FB,61,61,56,39,53,50,61,62,4561653,Ross County FC,苏格兰超级联赛,右,188,75,0,0
Nathan Thomas,苏格兰,22,ST,61,70,84,59,51,62,34,68,7138700,Ross County FC,苏格兰超级联赛,左,178,80,0,0
Milos Veljkovic,德国,21,CB,61,74,56,29,47,46,65,62,2891497,FC Bayern Munich,德国甲级联赛,右,183,77,0,0
Moi,西班牙,22,FB,61,69,66,31,39,54,66,59,2929976,Getafe CF,西班牙甲级联赛,左,180,75,0,0
Francois D'Onofrio,葡萄牙,26,FB,61,66,66,40,59,58,59,64,4722453,S.C. Olhanense,葡萄牙超级联赛,右,180,70,0,0
Achille Coser,意大利,34,GK,61,61,42,30,27,24,25,54,2819711,Novara,意大利甲级联赛,左,185,79,0,0
Alex Perez,西班牙,25,CB,61,67,44,30,49,38,58,65,2733375,Athletic Club de Bilbao,西班牙甲级联赛,右,188,80,0,0
Emir Dautovic,比利时,21,CB,61,70,48,25,35,36,59,71,4519018,Royal Excel Mouscron,比利时甲级联赛,右,193,89,0,0
Krystian Bielik,波兰,18,CM,61,78,56,46,65,66,57,56,4393333,Legia Warszawa,波兰甲级联赛,右,188,78,0,0
Steven Jennings,苏格兰,32,FB,61,61,68,49,58,55,60,71,2273675,Motherwell,苏格兰超级联赛,右,175,71,0,0
Clark Robertson,苏格兰,23,FB,61,65,68,28,53,62,58,72,3303698,Aberdeen,苏格兰超级联赛,左,188,76,0,0
Vladislavs Gabovs,波兰,29,FB,61,61,72,45,64,62,62,68,5420953,Korona Kielce,波兰甲级联赛,右,175,73,0,0
Sander Puri,波兰,28,W,61,61,70,54,57,60,46,64,2211882,Korona Kielce,波兰甲级联赛,右,178,65,0,0
Massimo Moia,比利时,29,FB,61,67,71,59,60,62,58,61,3817739,Sporting Charleroi,比利时甲级联赛,左,178,75,0,0
Freddy Mombongo-Dues,比利时,31,ST,61,64,58,59,40,48,18,66,2388957,KAS Eupen,比利时甲级联赛,右,188,87,0,0
Kevin Thomson,苏格兰,32,CM,61,61,58,54,63,60,58,73,4043032,Rangers,苏格兰超级联赛,左,180,75,0,0
Benjamin Huggel,瑞士,39,CM,61,61,48,65,60,55,64,56,2147559,FC Basel,瑞士超级联赛,右,190,90,0,0
Quentin Pottiez,比利时,25,W,61,68,82,53,49,70,19,63,3754707,RAEC Mons,比利时甲级联赛,右,175,75,0,0
Danny Williams,苏格兰,28,W,61,61,70,59,62,64,44,57,1178838,Inverness Caledonian Thistle,苏格兰超级联赛,右,185,77,0,0
Dawid Janczyk,比利时,29,ST,61,65,54,61,56,62,27,55,3779682,Sporting Lokeren,比利时甲级联赛,右,180,81,0,0
Aleksander Jagiello,波兰,21,W,61,73,75,53,54,62,34,50,4749316,Podbeskidzie Bielsko-Biała,波兰甲级联赛,左,165,60,0,0
Aleksei Kangaskolkka,荷兰,28,ST,61,65,54,64,57,62,32,62,2650410,Vitesse,荷兰甲级联赛,右,188,84,0,0
Stuart Kettlewell,苏格兰,32,CM,61,61,58,50,63,61,60,59,2954530,Ross County FC,苏格兰超级联赛,右,183,70,0,0
Rafael Veloso,葡萄牙,23,GK,61,73,44,24,23,25,25,55,3562805,Académica de Coimbra,葡萄牙超级联赛,右,193,80,0,0
Jordy Croux,比利时,22,W,61,71,77,51,53,67,37,53,2847998,KRC Genk,比利时甲级联赛,右,170,70,0,0
Carlos Ponck,葡萄牙,21,FB,61,70,60,40,55,54,63,64,3071659,FC Paços de Ferreira,葡萄牙超级联赛,右,183,84,0,0
Aaron Kuhl,苏格兰,20,FB,61,74,68,41,63,58,55,66,3634849,Dundee United,苏格兰超级联赛,右,173,66,0,0
Valentin Belon,法国,21,GK,61,68,46,14,26,22,20,46,5762662,RC Lens,法国甲级联赛,右,180,77,0,0
Joao Alves Faria Daniel,葡萄牙,29,CB,61,61,63,36,45,47,64,71,2939512,Gil Vicente FC,葡萄牙超级联赛,右,185,78,0,0
Yoann Arquin,苏格兰,28,ST,61,61,78,59,52,60,22,69,2703897,Ross County FC,苏格兰超级联赛,右,188,85,0,0
Cedric Berthelin,比利时,40,CB,61,61,25,25,25,24,25,47,2948225,RAEC Mons,比利时甲级联赛,右,193,97,0,0
Krzysztof Kiercz,波兰,27,CB,61,63,67,40,44,34,62,74,3797861,Korona Kielce,波兰甲级联赛,右,188,81,0,0
Arnaud De Greef,比利时,24,FB,61,72,67,54,51,51,62,72,1944946,KVC Westerlo,比利时甲级联赛,右,183,80,0,0
Francesco Grandolfo,意大利,24,ST,61,73,76,54,42,54,26,64,3755951,Bologna,意大利甲级联赛,左,180,81,3,0
Craig Easton,苏格兰,37,CM,61,61,60,42,63,58,51,76,2512325,Dunfermline Athletic,苏格兰超级联赛,右,178,71,0,0
Alvaro Santos,法国,36,ST,61,61,42,60,58,56,24,53,4239054,FC Sochaux-Montbéliard,法国甲级联赛,右,180,88,0,0
Mateusz Szwoch,波兰,23,W,61,69,77,59,64,58,39,46,2221612,Legia Warszawa,波兰甲级联赛,右,175,68,0,0
Curro Sanchez,西班牙,20,CAM,61,73,64,52,65,60,46,51,4985900,Sevilla FC,西班牙甲级联赛,左,178,68,0,0
Aboubakar Kamara,比利时,21,ST,61,70,64,60,50,62,20,62,6419405,KV Kortrijk,比利时甲级联赛,右,178,76,0,0
Iacopo La Rocca,瑞士,32,CM,61,61,46,56,56,58,60,65,4110940,AC Bellinzona,瑞士超级联赛,左,188,78,0,0
Kamil Pozniak,波兰,27,ST,61,63,75,63,61,57,32,73,4310566,GKS Bełchatów,波兰甲级联赛,右,183,70,0,0
Jean-Christophe Coubronne,葡萄牙,27,FB,61,65,64,36,52,56,62,66,3947382,S.C. Olhanense,葡萄牙超级联赛,右,180,68,0,0
Santy Hulst,荷兰,29,ST,61,66,72,59,52,60,26,63,3527756,ADO Den Haag,荷兰甲级联赛,右,183,79,0,0
Patrick Boyle,苏格兰,29,FB,61,64,72,54,56,50,58,67,4153016,Dunfermline Athletic,苏格兰超级联赛,左,178,75,0,0
Alassane Diallo,比利时,21,FB,61,71,66,49,64,64,59,52,2432444,RSC Anderlecht,比利时甲级联赛,右,175,60,0,0
Robbie Neilson,苏格兰,36,FB,61,61,54,30,59,56,62,61,3686239,Heart of Midlothian,苏格兰超级联赛,右,183,83,0,0
Daan Smith,荷兰,24,FB,61,67,54,43,50,47,61,66,5067580,Excelsior,荷兰甲级联赛,右,193,79,0,0
Manuel Curto,葡萄牙,30,CM,61,61,59,60,64,61,56,60,2243569,"União de Leiria, SAD",葡萄牙超级联赛,右,188,83,0,0
Rafa Garcia,西班牙,30,CB,61,61,42,41,57,44,62,66,4694951,Rayo Vallecano,西班牙甲级联赛,右,188,84,0,0
Andy Jackson,苏格兰,28,ST,61,67,66,60,61,62,23,60,5132026,St. Johnstone FC,苏格兰超级联赛,右,178,60,0,0
Abel Khaled,法国,24,W,61,70,72,56,54,68,28,49,3238998,Stade Brestois 29,法国甲级联赛,右,180,67,0,0
Nicky Low,苏格兰,24,FB,61,66,70,49,61,64,54,56,1867930,Dundee FC,苏格兰超级联赛,左,168,65,0,0
Jiri Koubsky,瑞士,34,CM,61,70,52,54,60,50,60,63,3580596,FC St. Gallen,瑞士超级联赛,右,196,88,0,0
Guilherme Afonso,瑞士,31,W,61,64,82,57,58,67,19,58,5343878,FC Sion,瑞士超级联赛,右,188,84,0,0
Steve Jones,苏格兰,40,ST,61,68,74,59,54,66,30,68,2044146,Motherwell,苏格兰超级联赛,右,178,66,0,0
Aitor Nunez,西班牙,29,FB,61,68,71,40,56,52,61,63,3612548,CD Tenerife,西班牙甲级联赛,右,178,70,0,0
Chris Kirkland,英格兰,35,CB,61,61,28,19,29,18,17,55,1074001,Wigan Athletic,英格兰超级联赛,右,190,74,0,1
Danny Buijs,荷兰,34,FB,61,63,72,55,63,60,58,72,3791450,ADO Den Haag,荷兰甲级联赛,右,183,76,0,0
Marko Muslin,瑞士,31,CM,61,67,66,59,64,59,52,70,3066942,FC Lausanne-Sports,瑞士超级联赛,右,185,78,0,0
Julian Wiessmeier,德国,24,W,61,71,74,54,60,65,28,60,8726312,1. FC Nürnberg,德国甲级联赛,右,170,66,1,0
Jordan Forster,苏格兰,23,CB,61,70,54,30,43,45,62,64,3916040,Hibernian,苏格兰超级联赛,右,188,76,0,0
Mateusz Staporski,波兰,28,W,61,63,76,59,48,60,44,54,1676278,Korona Kielce,波兰甲级联赛,右,183,75,0,0
Jakub Szumski,波兰,24,GK,61,66,22,13,18,12,13,46,3922224,Piast Gliwice,波兰甲级联赛,右,193,78,0,0
Martin Stocklasa,瑞士,37,CM,61,61,32,52,58,56,58,48,2400506,FC St. Gallen,瑞士超级联赛,右,190,90,0,0
Dani,葡萄牙,26,FB,61,65,76,36,47,60,62,62,5428963,FC Penafiel,葡萄牙超级联赛,右,178,67,0,0
Ramon Arcas,西班牙,25,CM,61,71,64,50,65,54,55,64,5775438,Racing Santander,西班牙甲级联赛,右,178,71,0,0
Tomasz Porebski,波兰,24,CB,61,64,52,39,43,39,63,82,8001221,Jagiellonia Białystok,波兰甲级联赛,右,196,84,0,0
Farid El Alagui,苏格兰,31,ST,61,61,70,58,43,57,24,68,2479254,Dundee United,苏格兰超级联赛,右,185,83,0,0
Fabian Pawela,波兰,31,ST,61,61,58,60,57,58,26,69,3447378,Podbeskidzie Bielsko-Biała,波兰甲级联赛,右,188,82,0,0
Michael Kovacevic,苏格兰,28,FB,61,66,67,33,48,57,61,65,3479338,Dundee United,苏格兰超级联赛,右,193,88,0,0
Stopira,葡萄牙,28,FB,61,65,78,35,49,51,63,77,5754265,Feirense,葡萄牙超级联赛,左,180,74,0,0
Paul Marshall,苏格兰,27,ST,61,64,72,66,63,60,25,66,3420523,Aberdeen,苏格兰超级联赛,左,185,79,0,0
Adrian Klepczynski,波兰,35,CB,61,61,56,47,43,41,62,67,2604703,Piast Gliwice,波兰甲级联赛,右,188,75,0,0
Nicola Dal Monte,意大利,19,ST,61,78,64,61,51,61,19,60,2996706,Cesena,意大利甲级联赛,左,168,62,0,0
Nikola Gjorgjev,瑞士,19,W,61,74,82,52,53,63,28,50,9809698,Grasshopper Club Zürich,瑞士超级联赛,右,175,70,0,0
Florian Jarjat,法国,36,CM,61,61,34,42,52,48,56,70,3522224,ES Troyes AC,法国甲级联赛,左,180,74,3,0
Adnan Alisic,荷兰,32,CAM,61,61,64,56,62,64,44,63,3594947,Excelsior,荷兰甲级联赛,右,180,71,0,0
Josh Law,苏格兰,27,FB,61,62,71,43,54,57,62,50,3831971,Motherwell,苏格兰超级联赛,右,173,70,0,0
Franck Honorat,法国,20,ST,61,72,74,63,46,62,15,55,6258376,OGC Nice,法国甲级联赛,右,180,70,0,0
Julian Esteban,瑞士,30,ST,61,68,67,61,60,62,40,63,2417894,Servette FC,瑞士超级联赛,右,175,74,0,0
Andres Lamas,西班牙,32,CB,61,61,45,35,45,42,60,56,4224367,RC Recreativo,西班牙甲级联赛,左,188,81,0,0
Peter MacDonald,苏格兰,36,ST,61,61,62,59,54,59,24,70,3864178,St. Johnstone FC,苏格兰超级联赛,右,178,73,0,0
Will Atkinson,英格兰,28,FB,61,62,71,54,55,61,54,73,4795081,Hull City,英格兰超级联赛,右,178,67,1,0
Bavon Tshibuabua,比利时,25,ST,61,71,72,60,50,62,30,65,3426454,Beerschot AC,比利时甲级联赛,右,178,71,0,0
Javier Fernandez Annunziata,西班牙,29,W,61,68,67,50,56,70,37,56,2186976,CA Osasuna,西班牙甲级联赛,右,178,66,0,0
Denis Thomalla,波兰,24,ST,61,65,70,62,54,60,28,58,1283845,Lech Poznań,波兰甲级联赛,右,185,75,0,0
Dino Islamovic,荷兰,22,ST,61,68,44,62,52,56,23,69,4101643,FC Groningen,荷兰甲级联赛,左,190,88,0,0
Frank Feltscher,瑞士,28,W,61,62,76,55,57,59,37,63,3912539,AC Bellinzona,瑞士超级联赛,右,180,76,0,0
Jurgen Prutsch,意大利,27,CM,61,67,54,39,61,58,60,54,3826221,Livorno,意大利甲级联赛,右,180,75,0,0
Gavin Skelton,苏格兰,35,W,61,66,68,52,56,60,45,56,2870881,Kilmarnock,苏格兰超级联赛,左,178,70,0,0
Edson Eli Montano,比利时,25,ST,61,65,71,64,51,60,26,65,3653446,KAA Gent,比利时甲级联赛,右,188,78,0,0
Frano Mlinar,瑞士,24,CAM,61,68,65,52,65,67,48,57,3131210,FC Aarau,瑞士超级联赛,右,183,74,0,0
Gary Teale,苏格兰,38,W,61,61,62,46,58,62,36,62,2713720,St. Mirren,苏格兰超级联赛,右,175,72,0,0
Johann Durand,法国,35,GK,61,61,32,16,27,18,15,37,2294655,Girondins de Bordeaux,法国甲级联赛,右,183,71,0,0
Grzegorz Baran,波兰,34,CB,61,61,52,35,58,52,58,74,2177585,GKS Bełchatów,波兰甲级联赛,右,185,79,0,0
Claudio Pani,意大利,30,CAM,61,70,73,53,65,60,48,66,1343411,Siena,意大利甲级联赛,右,178,76,0,0
Mateusz Cichocki,波兰,24,CB,61,65,62,25,41,42,63,66,3452379,Ruch Chorzów,波兰甲级联赛,右,188,79,0,0
Timo Plattel,荷兰,22,GK,61,70,32,18,29,21,13,42,4762614,Heracles Almelo,荷兰甲级联赛,右,185,70,0,0
Nicky Shorey,英格兰,35,CM,61,61,43,53,67,64,64,59,3311587,West Bromwich Albion,英格兰超级联赛,左,175,67,1,9
Clarke Carlisle,英格兰,37,CB,61,61,54,34,30,36,59,78,2276452,Burnley,英格兰超级联赛,右,190,79,1,0
Michael Lallemand,比利时,23,ST,61,67,66,62,56,58,28,61,6571887,Club Brugge KV,比利时甲级联赛,右,180,75,0,0
Aleksandrs Fertovs,波兰,29,CM,61,61,54,49,56,56,59,65,3703541,Korona Kielce,波兰甲级联赛,右,178,78,0,0
Bojan Bozovic,比利时,31,ST,61,61,53,61,60,60,30,67,3284096,KSV Cercle Brugge,比利时甲级联赛,右,190,84,0,0
Sinan Bytyqi,荷兰,21,W,61,73,68,58,59,66,36,57,5268374,SC Cambuur,荷兰甲级联赛,右,185,82,0,0
Divine Naah,荷兰,20,W,61,70,74,55,57,66,38,55,3278957,NAC Breda,荷兰甲级联赛,右,180,68,0,0
Scott Flinders,苏格兰,30,GK,61,61,34,17,36,14,14,56,4336334,Falkirk,苏格兰超级联赛,右,193,87,0,0
Mohamed Chakouri,比利时,30,FB,61,67,63,56,55,58,62,60,11447631,Sporting Charleroi,比利时甲级联赛,右,180,74,0,0
Nermin Zolotic,比利时,23,CM,61,69,46,48,61,56,60,66,5243967,KAA Gent,比利时甲级联赛,右,188,77,0,0
Burim Kukeli,瑞士,32,CM,61,61,60,51,62,54,64,71,2283309,FC Luzern,瑞士超级联赛,左,180,72,1,0
Derek Asamoah,苏格兰,35,W,61,61,90,59,53,60,34,53,6095016,Inverness Caledonian Thistle,苏格兰超级联赛,右,168,62,0,0
Ryan McLaughlin,苏格兰,22,FB,61,73,77,35,58,62,59,63,1677557,Aberdeen,苏格兰超级联赛,右,175,69,0,0
Mikhail Sivakov,比利时,28,CM,61,72,41,63,63,62,53,63,4655012,SV Zulte-Waregem,比利时甲级联赛,右,188,80,0,0
Kai van Hese,荷兰,27,FB,61,66,66,37,56,62,62,64,5220646,ADO Den Haag,荷兰甲级联赛,左,173,68,0,0
Marc Hendrikx,比利时,42,CM,61,70,58,64,63,58,57,66,5470507,KAS Eupen,比利时甲级联赛,右,183,81,0,0
Ross Barbour,苏格兰,23,FB,61,68,70,34,55,49,61,64,4712907,Kilmarnock,苏格兰超级联赛,右,178,71,0,0
Admir Aganovic,比利时,30,ST,61,66,68,60,48,60,33,62,4000537,FCV Dender EH,比利时甲级联赛,左,183,80,0,0
Karl Svensson,法国,32,CB,61,63,47,40,46,40,62,60,2110384,SM Caen,法国甲级联赛,右,190,83,0,0
Sekou Baradji,葡萄牙,32,CB,61,61,52,47,49,49,63,79,2150932,Naval 1° de Maio,葡萄牙超级联赛,左,185,77,0,0
Jose Mari,西班牙,38,CAM,61,61,45,52,55,68,23,50,4695107,Real Betis Balompié,西班牙甲级联赛,右,183,78,1,0
Matias Concha,德国,36,CM,61,61,50,52,59,58,60,66,2898330,VfL Bochum,德国甲级联赛,右,180,83,0,0
Rory Loy,苏格兰,28,ST,61,61,79,54,52,57,22,72,4122889,Dundee FC,苏格兰超级联赛,右,178,67,0,0
Marc Schneider,瑞士,36,CM,61,61,54,56,64,61,59,63,1851732,FC Thun,瑞士超级联赛,左,180,73,0,0
Ken Leemans,荷兰,33,FB,61,61,56,51,48,56,64,68,4180614,VVV-Venlo,荷兰甲级联赛,右,185,73,0,0
Enes Sipovic,比利时,26,CB,61,64,58,30,37,38,61,69,2153339,KVC Westerlo,比利时甲级联赛,右,198,92,0,0
Lee Naylor,苏格兰,36,FB,61,61,50,38,51,60,62,70,2329742,Celtic,苏格兰超级联赛,左,175,71,1,1
Artur Lenartowski,波兰,28,CM,61,61,33,61,62,62,49,73,3388882,Korona Kielce,波兰甲级联赛,右,193,79,0,0
Saleh Al-Shehri,葡萄牙,23,ST,61,69,63,61,44,58,15,66,2733748,SC Beira Mar,葡萄牙超级联赛,右,183,75,0,0
Jackson Irvine,苏格兰,23,CM,61,68,62,52,62,64,53,66,4870651,Ross County FC,苏格兰超级联赛,右,188,70,0,0
Nolan Mbemba,比利时,21,CAM,61,71,70,60,62,64,50,66,3667802,Royal Excel Mouscron,比利时甲级联赛,右,180,72,0,0
Pavol Bajza,意大利,25,GK,61,66,33,24,23,23,25,44,4558083,Parma,意大利甲级联赛,右,196,89,0,0
Danny Grainger,苏格兰,30,FB,61,61,62,50,57,56,61,67,2868522,St. Johnstone FC,苏格兰超级联赛,左,178,76,0,0
Eke Uzoma,德国,27,FB,61,65,71,51,60,67,60,66,6233599,SC Freiburg,德国甲级联赛,左,168,65,0,0
Jeremy Labor,比利时,24,CB,61,67,69,31,48,44,60,74,6811628,SV Zulte-Waregem,比利时甲级联赛,右,180,72,0,0
Anastasios Donis,瑞士,20,ST,61,75,76,59,47,70,21,66,2184287,Lugano,瑞士超级联赛,右,178,74,5,0
Davide Bertoncini,意大利,25,CB,61,65,60,39,34,50,62,70,3143511,Frosinone,意大利甲级联赛,右,183,81,0,0
Moussa Koita,比利时,34,ST,61,67,66,57,58,48,22,78,2878607,KRC Genk,比利时甲级联赛,左,193,94,0,0
"Kenny Anderson,18",荷兰,24,FB,61,65,75,59,58,62,56,73,4928985,RKC Waalwijk,荷兰甲级联赛,右,180,79,0,0
Arne Naudts,比利时,23,ST,61,71,68,59,52,58,26,68,3950486,KSV Cercle Brugge,比利时甲级联赛,右,185,80,0,0
Cleveland Taylor,苏格兰,33,W,61,61,84,45,52,61,14,74,3761869,St. Johnstone FC,苏格兰超级联赛,右,173,74,0,0
Donald Dering Djousse,波兰,26,ST,61,63,80,60,40,62,16,73,3479662,Pogoń Szczecin,波兰甲级联赛,右,183,81,0,0
Oliver Feldballe,荷兰,26,W,61,66,76,55,53,62,30,56,3123772,SC Cambuur,荷兰甲级联赛,左,183,77,0,0
Jose Picon,西班牙,28,GK,61,72,54,12,26,28,64,69,3662509,Racing Santander,西班牙甲级联赛,右,183,74,0,0
Stephen Kingsley,英格兰,22,FB,61,69,70,28,45,54,60,71,4430022,Swansea City,英格兰超级联赛,左,178,68,0,0
Thiago Veras,葡萄牙,26,CB,61,64,55,31,32,32,65,65,3905834,Vitória Setúbal,葡萄牙超级联赛,右,185,79,0,0
Jamie Sendles-White,苏格兰,22,FB,61,71,67,34,50,52,60,65,3461593,Hamilton Academical FC,苏格兰超级联赛,右,188,85,0,0
Tomas Vestenicky,波兰,20,ST,61,71,72,59,52,56,14,58,2016803,Śląsk Wrocław,波兰甲级联赛,右,175,74,0,0
Jason Euell,英格兰,39,CAM,61,61,56,59,60,63,40,62,4240619,Aston Villa,英格兰超级联赛,右,180,77,0,0
Pascal Chimbonda,英格兰,37,FB,61,61,64,49,60,63,60,70,4251474,Blackburn Rovers,英格兰超级联赛,右,180,75,1,3
Patrik Baumann,瑞士,30,CM,61,67,53,51,53,51,58,64,3544719,Servette FC,瑞士超级联赛,右,185,75,0,0
Garry Brady,苏格兰,40,CM,61,67,58,49,61,62,62,66,2287329,St. Mirren,苏格兰超级联赛,右,178,70,0,0
Ryan McGivern,苏格兰,26,FB,61,63,62,43,52,54,60,68,2947081,Hibernian,苏格兰超级联赛,左,188,79,0,0
Jens Streutker,荷兰,23,FB,61,68,62,42,57,55,58,59,1535560,Heracles Almelo,荷兰甲级联赛,右,196,75,0,0
Andrew Little,苏格兰,27,ST,61,62,70,60,54,52,43,64,8311256,Rangers,苏格兰超级联赛,右,183,76,1,0
Steven Saunders,苏格兰,25,FB,61,67,72,28,45,55,61,75,3100525,Motherwell,苏格兰超级联赛,右,188,74,0,0
Hector Hevel,荷兰,20,W,61,70,69,57,56,66,32,43,4910518,ADO Den Haag,荷兰甲级联赛,左,173,64,0,0
Garry Kenneth,苏格兰,29,FB,61,64,57,50,50,52,59,69,2645161,Dundee United,苏格兰超级联赛,右,193,84,0,0
Stuart Duff,苏格兰,34,FB,61,67,69,38,59,56,64,64,3331891,Inverness Caledonian Thistle,苏格兰超级联赛,右,180,65,0,0
Adrian Daniel Calello,意大利,29,CM,61,61,56,40,60,62,61,65,2001138,Siena,意大利甲级联赛,右,178,82,0,0
Dietmar Hamann,英格兰,43,CM,61,82,42,57,73,50,68,64,2713838,Manchester City,英格兰超级联赛,右,188,76,0,0
Rodolfo Bodipo Diaz,西班牙,39,ST,61,61,42,62,49,54,22,56,5354314,RC Deportivo de La Coruña,西班牙甲级联赛,右,183,79,8,1
Nathan Goris,比利时,26,GK,61,64,39,29,29,22,25,45,1733521,Waasland-Beveren,比利时甲级联赛,左,185,73,0,0
Georgi Makaridze,法国,26,GK,61,70,28,17,16,16,13,57,3033780,Le Mans FC,法国甲级联赛,右,190,85,0,0
Kenny Gillet,苏格兰,30,FB,61,63,72,27,49,54,63,73,3064677,Inverness Caledonian Thistle,苏格兰超级联赛,左,178,78,0,0
Markus Bollmann,德国,35,CB,61,61,50,25,41,41,60,67,3718375,DSC Arminia Bielefeld,德国甲级联赛,右,190,80,0,0
Mateusz Piatkowski,波兰,32,ST,61,61,72,62,47,62,25,68,2950587,Jagiellonia Białystok,波兰甲级联赛,右,185,75,0,0
Mark Durnan,苏格兰,24,CB,61,67,60,31,37,30,61,72,4869357,Dundee United,苏格兰超级联赛,右,185,70,0,0
Marcin Kus,波兰,35,CM,61,61,62,54,62,58,61,58,4183221,Cracovia,波兰甲级联赛,右,188,82,0,0
David McNamee,苏格兰,36,FB,61,68,70,32,58,52,61,65,5667423,Aberdeen,苏格兰超级联赛,右,180,70,0,0
Steven Smith,苏格兰,31,CM,61,61,62,58,62,60,61,62,2854630,Kilmarnock,苏格兰超级联赛,左,178,70,0,0
Keith Watson,苏格兰,27,FB,61,65,68,55,56,58,58,69,3304514,Dundee United,苏格兰超级联赛,右,183,78,0,0
Andy Dowie,苏格兰,33,FB,61,61,59,31,50,51,59,62,2749514,Dunfermline Athletic,苏格兰超级联赛,右,185,83,0,0
Frederic Veseli,瑞士,24,FB,61,65,72,24,50,56,62,65,2633972,Lugano,瑞士超级联赛,右,183,80,0,0
David Witteveen,苏格兰,31,ST,61,61,60,62,53,60,33,74,4504267,Heart of Midlothian,苏格兰超级联赛,右,190,95,0,0
Alexandre Pasche,瑞士,25,CAM,61,70,68,50,65,61,49,64,4262272,Servette FC,瑞士超级联赛,左,175,70,0,0
Damian Leandro Casalinuovo,苏格兰,29,ST,61,67,66,59,51,57,20,68,3528146,Dundee United,苏格兰超级联赛,左,183,79,0,0
Gary Mason,苏格兰,37,FB,61,61,54,35,61,59,59,76,1531572,Dunfermline Athletic,苏格兰超级联赛,右,173,64,0,0
Rab Douglas,苏格兰,44,GK,61,61,38,22,24,8,17,65,2968519,Dundee FC,苏格兰超级联赛,右,190,94,0,0
David Prieto,西班牙,33,FB,61,61,56,41,44,48,63,66,3280169,Xerez Club Deportivo,西班牙甲级联赛,右,185,79,1,0
Alexander Cristovao,荷兰,23,ST,61,66,73,59,48,62,26,71,2808103,SC Cambuur,荷兰甲级联赛,右,185,85,0,0
Dawid Soldecki,波兰,29,FB,61,61,62,42,59,51,61,68,2102859,Termalica Bruk-Bet Nieciecza,波兰甲级联赛,右,185,78,0,0
Vejlko Nikitovic,波兰,36,CM,61,61,48,50,57,54,60,67,2556851,Górnik Łęczna,波兰甲级联赛,右,185,80,0,0
Szymon Sawala,波兰,34,CM,61,61,58,53,58,64,61,68,2975183,GKS Bełchatów,波兰甲级联赛,右,185,81,0,0
Igor Gjuzelov,比利时,40,CB,61,68,47,38,56,42,64,58,4361457,KSV Cercle Brugge,比利时甲级联赛,右,185,82,0,0
Avi Rikan,瑞士,28,CAM,61,65,70,54,64,64,50,56,7328283,FC Zürich,瑞士超级联赛,左,170,64,0,0
Kafoumba Coulibaly,法国,31,CM,61,63,52,49,67,61,60,57,2435134,OGC Nice,法国甲级联赛,右,178,74,2,0
Jules Stephane Goda,法国,27,GK,61,62,52,14,24,16,12,56,5463898,GFC Ajaccio,法国甲级联赛,右,190,88,0,0
Willie Gibson,苏格兰,32,W,61,62,72,45,56,64,22,63,3778694,Kilmarnock,苏格兰超级联赛,左,180,66,0,0
Geoffry Hairemans,比利时,25,W,61,73,72,54,60,60,40,67,6523239,Lierse SK,比利时甲级联赛,左,183,64,0,0
David Bellion,法国,34,ST,61,61,53,60,61,62,32,61,2030134,Girondins de Bordeaux,法国甲级联赛,右,180,78,1,0
Matija Skarabot,比利时,28,FB,61,67,72,54,59,64,60,65,6331255,KAA Gent,比利时甲级联赛,左,180,78,0,0
"Dariusz Latka,27",波兰,38,FB,61,61,72,47,59,60,68,69,3048226,Podbeskidzie Bielsko-Biała,波兰甲级联赛,右,173,65,0,0
Tomasz Gorkiewicz,波兰,31,CB,61,61,66,34,49,42,61,71,6217118,Podbeskidzie Bielsko-Biała,波兰甲级联赛,右,185,76,0,0
Timothy van der Meulen,苏格兰,26,CB,61,69,65,15,38,54,57,67,2220155,Dundee United,苏格兰超级联赛,右,183,77,0,0
Colin McMenamin,苏格兰,35,ST,61,61,58,64,57,62,35,70,2146258,Ross County FC,苏格兰超级联赛,右,178,69,0,0
Emmerson Boyce,英格兰,37,CM,61,61,46,56,57,62,64,74,3843766,Wigan Athletic,英格兰超级联赛,右,183,71,12,4
Craig Fagan,英格兰,34,ST,61,61,74,61,52,62,28,60,2611046,Hull City,英格兰超级联赛,右,180,75,5,5
Nick Barmby,英格兰,42,CAM,61,61,42,64,66,70,44,54,1639924,Hull City,英格兰超级联赛,右,170,71,1,1
Neves Soares Hermes,波兰,42,FB,61,61,64,44,65,59,58,49,2788214,Jagiellonia Białystok,波兰甲级联赛,右,168,65,0,0
Marcin Kaczmarek,波兰,37,FB,61,61,64,55,58,56,64,71,1628332,Widzew Łódź,波兰甲级联赛,左,170,65,0,0
Peter van der Vlag,荷兰,39,GK,61,61,29,15,31,20,17,49,3324544,FC Groningen,荷兰甲级联赛,右,188,75,0,0
Rocco Quinn,苏格兰,30,CM,61,61,62,60,61,62,55,66,3329209,Ross County FC,苏格兰超级联赛,右,180,76,0,0
Danny Guyt,荷兰,35,CM,61,61,51,58,61,62,60,69,2587030,Willem II,荷兰甲级联赛,左,185,77,0,0
Frank van Mosselveld,荷兰,32,CB,61,61,48,38,53,40,58,69,4204302,RKC Waalwijk,荷兰甲级联赛,左,183,70,0,0
Vladimir Boljevic,波兰,28,CAM,61,66,56,67,64,48,50,68,2229426,Cracovia,波兰甲级联赛,右,175,73,0,0
Tom Aldred,苏格兰,26,CB,61,65,52,31,38,32,59,67,3669717,Inverness Caledonian Thistle,苏格兰超级联赛,右,188,84,0,0
Sebastian Sorsa,苏格兰,32,CAM,61,61,76,56,68,66,55,58,4595049,Hamilton Academical FC,苏格兰超级联赛,右,175,70,0,0
Mikel Alonso,西班牙,36,CM,61,61,56,55,66,60,57,60,3125617,CD Tenerife,西班牙甲级联赛,右,180,78,1,0
Rob Wielaert,荷兰,38,CB,61,61,43,43,53,45,60,68,2361533,Roda JC Kerkrade,荷兰甲级联赛,右,180,79,0,0
Chris Humphrey,苏格兰,29,W,61,61,86,53,50,62,32,71,2543242,Motherwell,苏格兰超级联赛,右,180,73,0,0
Rowan Vine,苏格兰,34,ST,61,61,68,62,57,57,34,72,2064065,St. Johnstone FC,苏格兰超级联赛,右,185,75,0,0
Barry Nicholson,苏格兰,38,CM,61,61,57,58,60,60,54,65,3280653,Kilmarnock,苏格兰超级联赛,右,170,58,0,0
Wes Fletcher,苏格兰,25,ST,61,64,76,59,41,56,17,71,4514555,Motherwell,苏格兰超级联赛,右,180,85,0,0
Michael Tidser,苏格兰,26,CM,61,65,62,58,67,56,49,70,3566465,Ross County FC,苏格兰超级联赛,左,183,76,0,0
Mergim Brahimi,瑞士,24,W,61,68,77,48,56,62,41,57,3017869,Grasshopper Club Zürich,瑞士超级联赛,右,173,65,0,0
Tom Elliott,苏格兰,26,ST,61,64,82,54,39,54,20,72,2823163,St. Mirren,苏格兰超级联赛,右,193,83,0,0
Miguel da Silva Jorge Bruno,葡萄牙,32,GK,61,65,32,15,21,15,17,56,1327014,"União de Leiria, SAD",葡萄牙超级联赛,右,196,82,0,0
Amine Linganzi,英格兰,27,CM,61,65,64,53,62,62,56,67,3020202,Aston Villa,英格兰超级联赛,右,185,81,0,0
Benjamin Kibebe,瑞士,35,FB,61,61,58,42,44,50,55,73,3132221,FC Luzern,瑞士超级联赛,右,188,83,0,0
Darren Mackie,苏格兰,34,ST,61,61,82,59,48,62,32,70,2605088,Aberdeen,苏格兰超级联赛,右,175,64,0,0
Aidan Connolly,苏格兰,21,W,61,73,80,50,50,72,29,43,4183125,Dundee United,苏格兰超级联赛,左,165,65,0,0
Isaac Donkor,意大利,21,FB,61,70,78,33,40,44,64,73,4199566,Sassuolo,意大利甲级联赛,右,180,70,0,0
Scott Severin,苏格兰,37,CM,61,61,56,59,61,56,57,61,5266413,Aberdeen,苏格兰超级联赛,右,180,79,0,0
Silvio Rodic,波兰,29,GK,61,61,45,21,24,18,19,44,2321458,Górnik Łęczna,波兰甲级联赛,右,198,94,0,0
Pawel Wojciechowski,荷兰,26,W,61,65,74,58,55,60,32,57,2357239,SC Heerenveen,荷兰甲级联赛,右,180,67,0,0
Benjamin Morel,法国,29,ST,61,66,67,63,58,62,19,64,5602010,SM Caen,法国甲级联赛,右,180,70,0,0
Gary Naysmith,苏格兰,38,CM,61,61,60,54,53,60,60,71,1442139,Aberdeen,苏格兰超级联赛,左,178,73,0,0
Bjarni Vidarsson,比利时,28,CM,61,64,58,60,63,62,54,65,4288654,KSV Roeselare,比利时甲级联赛,右,188,76,0,0
Austin McCann,苏格兰,36,FB,61,61,59,44,56,56,62,66,2504571,Dunfermline Athletic,苏格兰超级联赛,左,180,82,0,0
Coll Donaldson,苏格兰,21,CB,61,70,62,29,41,54,60,72,2661802,Dundee United,苏格兰超级联赛,右,188,83,0,0
Jocelyn Roux,瑞士,30,ST,61,66,58,60,43,52,20,70,6532347,FC Lausanne-Sports,瑞士超级联赛,右,185,79,0,0
Ricardo Cabanas,瑞士,37,CAM,61,61,53,61,63,66,48,62,1823833,Grasshopper Club Zürich,瑞士超级联赛,右,173,70,0,0
Antoine Rabillard,法国,21,ST,61,75,57,63,47,65,17,58,2981119,Montpellier Hérault SC,法国甲级联赛,右,178,67,0,0
"Patryk Rachwal,18",波兰,35,FB,61,61,65,56,57,56,61,65,3257235,GKS Bełchatów,波兰甲级联赛,右,175,70,0,0
Ibrahima Diallo,比利时,31,FB,61,61,70,39,52,58,62,68,4493951,Sporting Charleroi,比利时甲级联赛,左,180,78,0,0
Marco Malago,意大利,38,FB,61,70,69,44,55,45,60,70,4383192,Chievo Verona,意大利甲级联赛,右,183,79,0,0
Liam Lawrence,英格兰,35,CM,61,61,44,59,64,62,48,64,1466976,Stoke City,英格兰超级联赛,右,180,72,4,5
Rocco Sabato,意大利,34,FB,61,73,73,57,54,45,63,72,3431780,Catania,意大利甲级联赛,左,183,79,1,0
Mobulu M'Futi,瑞士,35,ST,61,61,70,59,56,54,44,66,1896932,FC Aarau,瑞士超级联赛,右,175,75,0,0
Kim Jaggy,瑞士,34,FB,61,61,70,41,45,53,61,76,2612743,FC Aarau,瑞士超级联赛,左,175,75,0,0
Kassim Doumbia,比利时,26,CB,61,67,58,36,33,32,58,73,2737129,Waasland-Beveren,比利时甲级联赛,左,183,75,0,0
Shane Sutherland,苏格兰,26,ST,61,68,72,57,55,62,20,65,3062311,Inverness Caledonian Thistle,苏格兰超级联赛,右,185,81,0,0
Kevin Toner,英格兰,20,FB,61,73,64,36,39,40,63,61,3968021,Aston Villa,英格兰超级联赛,左,180,74,0,0
Gerard Gohou,瑞士,28,ST,61,67,67,61,55,56,31,63,966165,Neuchâtel Xamax,瑞士超级联赛,右,183,80,0,0
Mark Millar,苏格兰,28,CAM,61,67,69,65,63,66,53,71,4389266,Dundee United,苏格兰超级联赛,右,173,70,0,0
Louis Moult,苏格兰,24,ST,61,66,72,58,47,52,34,73,3720107,Motherwell,苏格兰超级联赛,右,183,85,0,0
Wilko de Vogt,荷兰,41,CB,61,61,42,17,28,17,13,60,2112736,VVV-Venlo,荷兰甲级联赛,右,188,88,0,0
Giuseppe Pezzella,意大利,19,FB,60,73,58,32,46,66,62,55,3121756,Palermo,意大利甲级联赛,左,185,81,0,0
Noah-Joel Sarenren-Bazee,德国,20,W,60,73,78,53,48,64,26,57,2853997,Hannover 96,德国甲级联赛,右,183,70,0,0
Dennis van der Heijden,荷兰,19,ST,60,75,69,58,47,54,22,65,1319521,Heracles Almelo,荷兰甲级联赛,右,193,75,0,0
Hassan,葡萄牙,22,ST,60,70,59,66,42,60,17,58,2051445,Vitória Setúbal,葡萄牙超级联赛,右,183,74,0,0
Derek Lyle,苏格兰,35,ST,60,68,66,62,58,57,24,67,5139671,Hamilton Academical FC,苏格兰超级联赛,右,173,66,0,0
Luca-Milan Zander,德国,21,FB,60,74,68,38,49,54,62,61,2663305,VfL Wolfsburg,德国甲级联赛,右,183,73,0,0
Manuel Benson,比利时,19,FB,60,74,76,31,57,70,46,54,3582485,Lierse SK,比利时甲级联赛,左,170,60,0,0
Hemza Mihoubi,瑞士,30,FB,60,66,69,40,53,49,60,57,2297648,AC Bellinzona,瑞士超级联赛,左,170,74,0,0
Alessandro Ciarrocchi,瑞士,28,ST,60,68,56,64,43,56,22,61,2421926,AC Bellinzona,瑞士超级联赛,右,190,82,0,0
Fazli Kocabas,比利时,26,CB,60,68,57,38,48,40,59,67,1923918,KAS Eupen,比利时甲级联赛,右,185,80,0,0
Mickael Tirpan,比利时,23,FB,60,69,70,54,55,58,59,59,3826269,Royal Excel Mouscron,比利时甲级联赛,右,178,72,0,0
Willy Aubameyang,苏格兰,29,ST,60,68,74,55,46,60,15,59,2835041,Kilmarnock,苏格兰超级联赛,右,180,75,0,0
Romain Inez,法国,28,CB,60,66,58,32,56,46,59,73,6355558,SM Caen,法国甲级联赛,右,183,80,0,0
Marcel Stutter,荷兰,28,CM,60,61,65,51,60,63,58,63,5394375,N.E.C.,荷兰甲级联赛,右,185,84,0,0
Roy McBain,苏格兰,42,CM,60,67,57,43,61,54,57,67,2811122,Inverness Caledonian Thistle,苏格兰超级联赛,左,180,72,0,0
Calvin Zola Makongo,苏格兰,32,ST,60,60,62,57,49,56,31,78,2616758,Aberdeen,苏格兰超级联赛,右,190,91,0,0
Moritz Bauer,瑞士,24,FB,60,65,80,51,49,64,55,59,2912172,Grasshopper Club Zürich,瑞士超级联赛,右,180,73,0,0
Mohamed Chalali,苏格兰,27,ST,60,68,73,60,59,63,21,66,1565504,Aberdeen,苏格兰超级联赛,右,178,75,0,0
Andrea Fileccia,荷兰,25,ST,60,68,59,59,40,52,21,59,2443632,Excelsior,荷兰甲级联赛,右,193,89,0,0
Nayib Lagouireh,荷兰,25,W,60,64,75,44,46,66,23,59,3959408,Excelsior,荷兰甲级联赛,右,170,66,0,0
Reece Burke,英格兰,20,FB,60,74,64,30,43,48,59,62,3101532,West Ham United,英格兰超级联赛,右,188,81,0,0
Guillaume Katz,瑞士,27,CB,60,64,58,39,42,45,56,74,3831632,FC Lausanne-Sports,瑞士超级联赛,右,183,78,0,0
Matteo Tosetti,瑞士,24,W,60,66,78,46,54,64,31,56,5921198,Lugano,瑞士超级联赛,右,178,70,2,0
Sean Kelly,苏格兰,23,FB,60,70,69,34,56,63,58,69,1991447,St. Mirren,苏格兰超级联赛,左,190,79,0,0
Fabien Boyer,比利时,25,CB,60,63,70,31,42,43,63,69,4866382,KV Kortrijk,比利时甲级联赛,左,188,80,0,0
Mathias Abero,意大利,26,FB,60,62,70,54,57,60,56,71,1227451,Lazio,意大利甲级联赛,左,183,81,0,0
Jason Brown,苏格兰,34,GK,60,60,42,18,31,19,14,55,957172,Aberdeen,苏格兰超级联赛,右,180,96,0,0
Jimmy Juan,法国,33,CM,60,60,46,55,60,60,54,62,3399780,Grenoble Foot 38,法国甲级联赛,右,188,81,0,0
Ryan France,英格兰,36,CAM,60,69,66,54,54,60,46,63,2650688,Hull City,英格兰超级联赛,右,180,75,0,0
Matt Duke,英格兰,39,GK,60,60,46,28,30,23,25,56,2645986,Hull City,英格兰超级联赛,右,190,84,0,0
Pawel Sobolewski,波兰,37,CAM,60,60,63,56,62,61,49,52,3130311,Korona Kielce,波兰甲级联赛,左,175,65,0,0
Marek Szyndrowski,波兰,36,CB,60,60,41,37,56,41,67,73,686838,Ruch Chorzów,波兰甲级联赛,左,183,75,0,0
Tomasz Nowak,波兰,31,CM,60,60,71,53,63,64,52,77,3823577,Górnik Łęczna,波兰甲级联赛,左,170,72,0,0
Babacar Gueye,法国,22,ST,60,64,58,60,42,54,14,65,5091658,ES Troyes AC,法国甲级联赛,右,190,84,0,0
Paul McGinn,苏格兰,26,FB,60,64,70,30,50,62,59,65,1701601,Dundee FC,苏格兰超级联赛,右,175,68,0,0
Adriano Jose de Lara,葡萄牙,29,CAM,60,66,68,62,60,68,57,57,2082786,Rio Ave FC,葡萄牙超级联赛,右,185,86,0,0
Nabil Baha,西班牙,35,ST,60,60,56,60,48,61,26,61,2350430,Málaga CF,西班牙甲级联赛,右,180,79,15,0
David Proctor,苏格兰,32,FB,60,65,59,21,50,58,62,58,2026655,Inverness Caledonian Thistle,苏格兰超级联赛,右,183,71,0,0
Steve Lovell,苏格兰,36,ST,60,60,56,66,51,51,28,67,2634587,Falkirk,苏格兰超级联赛,右,180,74,0,0
Reece Grego-Cox,英格兰,20,ST,60,74,78,59,48,56,21,59,1907256,Leicester City,英格兰超级联赛,右,170,65,0,0
Paul Andre Guerin,法国,19,GK,60,73,44,11,18,8,8,54,4337940,GFC Ajaccio,法国甲级联赛,右,183,75,0,0
Carreno Enrique Javier,葡萄牙,30,ST,60,67,62,58,43,56,22,65,1801674,Sporting CP,葡萄牙超级联赛,右,183,80,0,0
Mark Ridgers,苏格兰,26,GK,60,64,42,20,29,18,18,50,1324898,St. Mirren,苏格兰超级联赛,右,185,82,0,0
Isaac Osbourne,苏格兰,30,FB,60,60,72,48,60,61,63,78,6326773,Aberdeen,苏格兰超级联赛,右,178,76,0,0
Simon Murray,苏格兰,24,ST,60,66,83,60,47,60,14,59,1466243,Dundee United,苏格兰超级联赛,右,183,75,0,0
Patrick J. ter Mate,荷兰,24,GK,60,65,28,25,25,25,24,53,3629941,N.E.C.,荷兰甲级联赛,右,180,76,0,0
Jan Bednarek,波兰,20,CB,60,72,69,22,37,43,62,67,2686273,Górnik Łęczna,波兰甲级联赛,右,188,77,0,0
Thomas Piermayr,苏格兰,27,FB,60,62,64,25,51,55,58,67,2868270,Inverness Caledonian Thistle,苏格兰超级联赛,右,180,77,0,0
David McCracken,苏格兰,35,CB,60,60,54,30,49,44,64,55,1906084,St. Johnstone FC,苏格兰超级联赛,左,188,87,0,0
Mateusz Zytko,波兰,34,FB,60,60,64,45,47,52,63,64,2243979,Cracovia,波兰甲级联赛,右,188,82,0,0
Filipp Rudik,波兰,29,W,60,62,70,47,56,64,38,63,4701980,Górnik Łęczna,波兰甲级联赛,右,183,71,0,0
Fraser Kerr,苏格兰,23,FB,60,70,70,30,44,53,63,66,3064242,Motherwell,苏格兰超级联赛,右,188,81,0,0
Kevin Rutkiewicz,苏格兰,36,CB,60,60,54,22,45,46,60,57,2204664,St. Johnstone FC,苏格兰超级联赛,右,185,80,0,0
Roberto Gagliardini,意大利,22,CAM,60,67,64,52,58,66,48,58,2607154,Genoa,意大利甲级联赛,右,188,77,0,0
Pawel Jaroszynski,波兰,22,FB,60,67,69,45,52,54,60,68,3488039,Cracovia,波兰甲级联赛,左,183,77,0,0
Jerome Thiesson,瑞士,29,FB,60,60,64,51,57,52,60,64,3171773,FC Luzern,瑞士超级联赛,右,178,72,0,0
Abdoulaye Keita,法国,22,CM,60,68,60,50,62,58,59,59,7254833,SC Bastia,法国甲级联赛,右,175,75,0,0
Sebino Plaku,波兰,31,W,60,60,84,55,55,64,37,58,4062934,Śląsk Wrocław,波兰甲级联赛,左,175,70,0,0
Kevin Boli,比利时,25,FB,60,64,66,36,46,43,61,68,2451303,Royal Excel Mouscron,比利时甲级联赛,右,183,76,0,0
Mark Kerr,苏格兰,34,CM,60,60,58,55,61,62,59,67,2665730,Aberdeen,苏格兰超级联赛,右,180,71,0,0
Anthony Biekman,荷兰,22,ST,60,68,60,58,45,60,24,64,2855889,FC Dordrecht,荷兰甲级联赛,右,180,78,1,1
Gavin Hoyte,英格兰,26,FB,60,60,81,30,42,56,57,67,3047233,Manchester City,英格兰超级联赛,右,178,70,0,0
Kevin Davies,英格兰,39,CM,60,60,32,61,59,52,42,80,2321557,Bolton Wanderers,英格兰超级联赛,右,183,80,39,18
Alexander Stephan,德国,30,CB,60,60,25,14,25,14,16,51,4251488,1. FC Nürnberg,德国甲级联赛,右,188,84,0,0
Damien Tiberi,法国,31,CAM,60,60,57,49,61,58,40,68,2687937,AC Ajaccio,法国甲级联赛,左,180,74,0,0
Denis Zakaria,瑞士,20,FB,60,76,70,36,62,60,58,70,4121102,BSC Young Boys,瑞士超级联赛,右,190,76,1,0
Joao Rodriguez,比利时,20,W,60,71,69,58,57,66,31,52,2552919,Sint-Truidense VV,比利时甲级联赛,右,180,69,0,0
Ryan Edwards,苏格兰,23,W,60,68,76,48,58,64,38,62,3329356,Partick Thistle F.C.,苏格兰超级联赛,右,170,73,0,0
Alexander Djiku,法国,22,FB,60,67,63,32,46,48,65,58,4339965,SC Bastia,法国甲级联赛,右,180,75,0,0
Kevin Soni,法国,18,W,60,77,75,50,55,69,39,61,1389975,LOSC Lille,法国甲级联赛,左,183,76,0,0
Milaim Rama,瑞士,40,ST,60,60,32,61,46,58,22,48,2453847,FC Thun,瑞士超级联赛,右,185,78,0,0
Emanuel Boakye,荷兰,31,FB,60,60,78,42,50,64,58,68,5007430,Sparta Rotterdam,荷兰甲级联赛,右,173,73,0,0
Pavel Komolov,波兰,27,CM,60,61,60,52,60,60,58,72,2295660,GKS Bełchatów,波兰甲级联赛,右,175,67,0,0
Kieran MacDonald,苏格兰,23,FB,60,69,69,40,59,61,47,60,2649182,Hamilton Academical FC,苏格兰超级联赛,右,180,75,0,0
Marcel Seip,荷兰,34,FB,60,60,58,38,59,52,57,70,3050145,VVV-Venlo,荷兰甲级联赛,右,180,78,0,0
Roel van Hemert,比利时,32,CB,60,61,63,37,43,38,63,70,2214792,Lierse SK,比利时甲级联赛,右,183,81,0,0
Oliver Vinamont,比利时,31,FB,60,63,67,47,55,48,61,66,2412455,KAS Eupen,比利时甲级联赛,右,175,75,0,0
Denis Dessaer,比利时,33,FB,60,60,56,34,52,54,61,65,1437845,Waasland-Beveren,比利时甲级联赛,右,190,89,0,0
Deniz Hummet,法国,20,ST,60,70,54,65,44,48,22,65,3434267,ES Troyes AC,法国甲级联赛,右,188,80,0,0
Alberto Cifuentes,波兰,37,FB,60,60,46,25,24,26,24,56,2667894,Piast Gliwice,波兰甲级联赛,右,188,67,0,0
Andrea Mutombo,比利时,26,ST,60,63,69,63,50,68,28,68,2937501,Sint-Truidense VV,比利时甲级联赛,左,183,79,0,0
Daniel Potts,英格兰,22,FB,60,70,63,29,48,58,60,59,2588299,Sunderland,英格兰超级联赛,左,173,70,0,0
Chris Turner,苏格兰,29,FB,60,60,72,60,59,58,60,75,1814976,Hamilton Academical FC,苏格兰超级联赛,右,180,79,0,0
Vanja Markovic,波兰,22,CM,60,67,52,49,56,54,57,68,2059112,Korona Kielce,波兰甲级联赛,右,185,80,0,0
Sebastian Przyrowski,波兰,35,CB,60,60,38,15,29,17,14,56,4501391,P. Warszawa,波兰甲级联赛,右,193,79,0,0
Andrea Conti,瑞士,39,W,60,66,66,54,59,64,32,58,1266748,AC Bellinzona,瑞士超级联赛,右,178,72,0,0
Chris Innes,苏格兰,40,CB,60,65,52,18,46,37,58,67,1856303,St. Mirren,苏格兰超级联赛,右,183,77,0,0
Matthew Hill,英格兰,35,FB,60,60,60,48,53,46,62,75,6849750,Wolverhampton Wanderers,英格兰超级联赛,左,170,79,0,0
Ibrahim Obayomi,葡萄牙,24,ST,60,65,66,61,47,58,19,57,5195543,CS Marítimo,葡萄牙超级联赛,右,190,80,0,0
Daan Disveld,荷兰,22,FB,60,72,62,36,54,58,62,65,3215179,FC Groningen,荷兰甲级联赛,右,178,80,0,0
Fahd Aktaou,荷兰,23,FB,60,67,78,44,50,64,57,65,1391644,Heracles Almelo,荷兰甲级联赛,左,183,71,0,0
Jonathan Sabbatini,瑞士,28,CAM,60,60,65,46,61,67,49,56,4231301,Lugano,瑞士超级联赛,右,175,71,4,0
Garcia Tena,苏格兰,26,CB,60,62,64,35,38,32,62,68,4047322,Hamilton Academical FC,苏格兰超级联赛,左,188,78,0,0
Sam Valcke,比利时,24,ST,60,66,73,60,56,56,24,60,4255662,KSV Cercle Brugge,比利时甲级联赛,右,188,83,0,0
Jason Koumas,英格兰,37,CAM,60,60,50,65,67,62,41,55,3624318,Wigan Athletic,英格兰超级联赛,右,178,74,1,1
Daniel Galbraith,苏格兰,26,W,60,62,76,49,58,62,30,59,2584806,Hibernian,苏格兰超级联赛,左,175,65,0,0
Hugh Murray,苏格兰,37,CM,60,60,64,43,69,66,50,69,5986522,St. Mirren,苏格兰超级联赛,右,178,67,0,0
Rok Straus,波兰,29,FB,60,61,74,49,62,66,50,71,2588048,Cracovia,波兰甲级联赛,右,175,68,0,0
Goncalo Reyes,葡萄牙,23,CM,60,73,66,52,62,61,53,62,1517717,Vitória Setúbal,葡萄牙超级联赛,右,178,71,0,0
Michael Duberry,苏格兰,41,CB,60,60,40,35,35,38,58,65,3998602,St. Johnstone FC,苏格兰超级联赛,右,190,86,0,0
Kevin Fickentscher,瑞士,28,GK,60,61,50,16,26,16,18,48,1852059,FC Lausanne-Sports,瑞士超级联赛,右,180,78,0,0
Liam Caddis,苏格兰,23,FB,60,70,73,46,58,62,50,65,3774725,St. Johnstone FC,苏格兰超级联赛,右,173,64,0,0
Joeri Schroyen,荷兰,25,FB,60,68,70,41,54,63,62,58,2842483,Go Ahead Eagles,荷兰甲级联赛,左,178,74,0,0
Loris Brogno,比利时,24,W,60,70,65,52,61,62,23,46,5256804,Oud-Heverlee Leuven,比利时甲级联赛,左,178,65,0,0
Bas Sibum,荷兰,34,CM,60,60,30,52,60,51,62,52,1675593,N.E.C.,荷兰甲级联赛,右,183,77,0,0
Arnar Vidarsson,比利时,38,CM,60,60,42,41,59,50,62,51,7209982,KSV Cercle Brugge,比利时甲级联赛,左,178,77,0,0
Rodney Strasser,意大利,26,FB,60,64,66,55,55,62,65,72,2933251,Lecce,意大利甲级联赛,右,185,79,2,0
Daniel De Silva,荷兰,19,W,60,75,71,49,60,64,30,56,1829815,SC Heerenveen,荷兰甲级联赛,右,178,60,0,0
Richie Ryan,苏格兰,31,CM,60,63,64,57,62,62,54,73,2205826,Dundee United,苏格兰超级联赛,左,178,67,0,0
Brad McKay,苏格兰,23,CB,60,66,68,27,37,44,61,68,1483169,Heart of Midlothian,苏格兰超级联赛,右,183,75,0,0
Alvaro Ampuero,意大利,24,FB,60,69,69,31,54,58,61,65,2707648,Parma,意大利甲级联赛,左,183,77,0,0
Marcin Wodecki,波兰,28,ST,60,65,78,64,50,66,50,66,2732054,Polonia Bytom,波兰甲级联赛,左,175,65,0,0
Przemyslaw Pitry,波兰,35,ST,60,60,55,61,57,63,42,65,2914093,Polonia Bytom,波兰甲级联赛,左,183,81,0,0
Mark Cullen,英格兰,24,ST,60,66,68,57,52,58,34,67,3455477,Hull City,英格兰超级联赛,右,175,75,1,0
Dany Maury,法国,22,FB,60,72,72,44,47,59,58,65,3706709,Toulouse FC,法国甲级联赛,右,175,70,0,0
Nils Fischer,德国,29,FB,60,69,68,35,52,46,58,66,4751288,DSC Arminia Bielefeld,德国甲级联赛,右,183,74,0,0
James Beattie,英格兰,38,ST,60,60,28,64,53,57,26,63,5488874,Stoke City,英格兰超级联赛,右,185,84,11,6
Jugoslav Lazic,比利时,37,CM,60,60,25,30,31,25,25,45,2235251,Sporting Lokeren,比利时甲级联赛,右,198,86,0,0
Mark Wilson,苏格兰,32,CM,60,60,53,41,60,64,61,64,2848520,Celtic,苏格兰超级联赛,右,173,67,0,0
Rutger Worm,荷兰,30,ST,60,64,71,60,46,61,30,53,5362143,N.E.C.,荷兰甲级联赛,右,180,70,0,0
Mark O'Hara,苏格兰,21,FB,60,72,68,26,43,52,59,68,3129704,Kilmarnock,苏格兰超级联赛,右,183,72,0,0
Hanan Maman,比利时,27,ST,60,64,68,59,57,64,25,60,4664620,Waasland-Beveren,比利时甲级联赛,右,178,70,0,0
Asier Goiria,西班牙,36,ST,60,60,50,58,43,50,26,75,5728860,CD Numancia,西班牙甲级联赛,右,183,77,5,0
Iain Turner,苏格兰,32,CB,60,60,35,26,24,22,25,53,3596296,Dunfermline Athletic,苏格兰超级联赛,右,190,81,0,0
Jeremy Dumesnil,比利时,30,GK,60,61,48,25,23,23,25,58,2385407,KV Oostende,比利时甲级联赛,右,183,76,0,0
Evangelos Ikonomou,苏格兰,29,FB,60,63,69,26,53,63,60,67,8511351,Ross County FC,苏格兰超级联赛,左,185,80,0,0
Mitchell Megginson,苏格兰,24,ST,60,66,69,59,45,61,26,60,6265541,Aberdeen,苏格兰超级联赛,右,180,75,0,0
Diacko Fofana,法国,22,FB,60,74,77,35,40,45,58,74,1910774,OGC Nice,法国甲级联赛,右,175,71,0,0
Steven McGarry,苏格兰,37,CAM,60,60,52,70,62,62,47,65,2600870,Motherwell,苏格兰超级联赛,右,175,78,0,0
Joao Novais,葡萄牙,23,CAM,60,65,66,54,67,66,48,59,2371858,Rio Ave FC,葡萄牙超级联赛,右,178,70,0,0
Oded Gavish,波兰,27,CB,60,62,52,30,40,31,64,64,4824874,Śląsk Wrocław,波兰甲级联赛,右,185,76,0,0
Jamie Masson,苏格兰,23,CAM,60,66,68,54,59,61,53,50,1132003,Aberdeen,苏格兰超级联赛,右,170,64,0,0
Sanaa Altama,法国,26,FB,60,66,65,43,55,58,59,75,3436033,Dijon FCO,法国甲级联赛,右,180,66,0,0
Graeme Smith,苏格兰,34,GK,60,66,46,20,26,16,15,54,2472898,St. Johnstone FC,苏格兰超级联赛,右,188,82,0,0
Gary McDonald,苏格兰,34,FB,60,60,65,50,60,62,56,71,2055340,Aberdeen,苏格兰超级联赛,右,185,73,0,0
Jeremy Huyghebaert,比利时,27,FB,60,69,68,42,55,56,61,62,1682377,KSV Roeselare,比利时甲级联赛,左,180,72,0,0
Tomislav Bozic,波兰,29,CB,60,60,67,27,37,45,63,67,2057067,Górnik Łęczna,波兰甲级联赛,右,183,77,0,0
Cedric Collet,比利时,32,CM,60,60,63,53,61,62,54,64,1401862,RAEC Mons,比利时甲级联赛,左,183,76,0,0
Xhelil Abdulla,荷兰,25,FB,60,68,50,41,52,48,63,59,3064271,De Graafschap,荷兰甲级联赛,左,190,85,0,0
Lewis Guy,苏格兰,31,ST,60,60,82,56,47,62,26,66,1955594,St. Mirren,苏格兰超级联赛,右,175,67,0,0
James Fanchone,法国,36,ST,60,60,72,59,59,61,28,77,1467182,FC Lorient,法国甲级联赛,右,183,76,0,0
Lukasz Budzilek,波兰,25,GK,60,64,38,12,35,16,14,45,3025596,GKS Bełchatów,波兰甲级联赛,右,185,80,0,0
Sidy Kone,法国,24,FB,60,65,68,46,56,60,60,65,5743715,Stade Brestois 29,法国甲级联赛,右,185,73,0,0
Pawel Sasin,波兰,33,FB,60,60,70,44,54,60,58,56,3141783,Cracovia,波兰甲级联赛,右,178,67,0,0
Boubacar Mansaly,法国,28,FB,60,66,66,45,60,48,61,64,1558141,Toulouse FC,法国甲级联赛,右,175,68,0,0
Kevin McBride,苏格兰,35,FB,60,60,66,46,61,62,56,62,3260564,Hibernian,苏格兰超级联赛,右,178,64,0,0
Matthew Briggs,英格兰,25,FB,60,63,76,48,60,67,54,71,7025594,Fulham,英格兰超级联赛,左,183,76,0,0
Luis Maria Zwick,苏格兰,22,GK,60,70,48,21,23,16,17,50,4655082,Dundee United,苏格兰超级联赛,左,190,75,0,0
Mucana Martinho Paito,瑞士,34,FB,60,60,92,49,53,61,56,69,3583631,Neuchâtel Xamax,瑞士超级联赛,左,173,70,0,0
Gracjan Horoszkiewicz,波兰,21,CB,60,67,52,25,39,38,60,70,4509449,Podbeskidzie Bielsko-Biała,波兰甲级联赛,右,190,81,0,0
Floribert Ngalula,比利时,29,FB,60,64,60,46,56,60,58,65,3432685,Oud-Heverlee Leuven,比利时甲级联赛,右,183,78,0,0
Roald van Hout,荷兰,28,W,60,64,74,50,42,68,24,66,2678561,RKC Waalwijk,荷兰甲级联赛,右,180,71,0,0
Milan Gajic,瑞士,30,CAM,60,60,67,63,66,62,53,70,3922013,BSC Young Boys,瑞士超级联赛,左,183,76,1,0
Patrick Agyemang,英格兰,36,ST,60,60,64,55,42,60,30,59,3925402,Queens Park Rangers,英格兰超级联赛,右,185,89,0,0
Giuseppe Aquaro,瑞士,33,CB,60,66,52,39,45,38,57,66,1985694,FC Aarau,瑞士超级联赛,右,188,82,0,0
Rafik Saifi,法国,41,W,60,60,54,57,66,71,21,52,2506077,FC Lorient,法国甲级联赛,右,178,72,0,0
Geoffrey Cabeke,比利时,28,FB,60,64,66,36,52,50,60,60,4244530,KVC Westerlo,比利时甲级联赛,左,175,67,0,0
Khassa Camara,法国,24,FB,60,70,67,47,61,60,54,69,6731109,ES Troyes AC,法国甲级联赛,右,175,66,0,0
Krzysztof Nykiel,波兰,34,FB,60,60,64,48,54,52,59,78,4652280,Ruch Chorzów,波兰甲级联赛,右,185,79,0,0
Adam Duda,波兰,25,ST,60,65,58,59,39,54,33,65,4868786,Lechia Gdańsk,波兰甲级联赛,右,188,77,0,0
Gramoz Kurtaj,苏格兰,25,CAM,60,64,65,48,66,61,42,63,3203731,Hamilton Academical FC,苏格兰超级联赛,右,183,77,0,0
Max Veloso,瑞士,24,ST,60,71,68,61,55,62,48,65,2747510,FC Sion,瑞士超级联赛,左,178,75,0,0
Philippe Montandon,瑞士,34,CM,60,60,34,50,55,53,58,54,1913470,FC St. Gallen,瑞士超级联赛,左,190,78,0,0
Marcel Herzog,瑞士,36,CB,60,60,36,15,24,18,15,49,541110,FC St. Gallen,瑞士超级联赛,右,185,79,0,0
Miles Storey,苏格兰,22,ST,60,65,80,55,41,60,28,67,4140536,Inverness Caledonian Thistle,苏格兰超级联赛,右,180,70,0,0
Alessandro Mangiarrati,瑞士,38,CB,60,63,58,19,49,32,61,69,3050192,AC Bellinzona,瑞士超级联赛,右,183,78,0,0
Pavle Popara,波兰,29,FB,60,65,66,43,70,55,56,50,3032657,Pogoń Szczecin,波兰甲级联赛,右,178,72,0,0
Alan Martin,苏格兰,27,GK,60,61,62,16,25,17,15,56,4180652,Partick Thistle F.C.,苏格兰超级联赛,左,183,75,0,0
Jaap van Duijn,荷兰,26,W,60,65,69,54,50,62,28,50,1657028,FC Utrecht,荷兰甲级联赛,右,180,75,0,0
Martijn de Swart,荷兰,26,GK,60,65,43,25,25,24,25,56,3294196,ADO Den Haag,荷兰甲级联赛,右,188,91,0,0
Lukas Bielak,波兰,30,CB,60,60,62,36,50,45,60,70,2079882,Górnik Łęczna,波兰甲级联赛,右,183,77,0,0
Gino Felixdaal,荷兰,26,FB,60,68,68,31,57,62,58,61,3175560,Vitesse,荷兰甲级联赛,右,185,83,0,0
Artur Gieraga,波兰,28,CM,60,63,50,47,54,60,60,66,2789228,Widzew Łódź,波兰甲级联赛,右,183,80,0,0
Emmerik de Vriese,比利时,31,W,60,62,70,59,60,60,38,58,1718831,Oud-Heverlee Leuven,比利时甲级联赛,左,180,75,0,0
Eric Odhiambo,苏格兰,27,ST,60,64,76,65,45,64,25,66,2945394,Inverness Caledonian Thistle,苏格兰超级联赛,右,180,68,0,0
Michal Walski,波兰,19,FB,60,70,79,52,60,62,60,40,3117890,Pogoń Szczecin,波兰甲级联赛,右,170,62,0,0
Tomasz Mokwa,波兰,23,FB,60,66,70,43,49,56,59,64,3113862,Piast Gliwice,波兰甲级联赛,右,180,77,0,0
Matthew Lockwood,苏格兰,40,FB,60,60,62,46,57,60,61,60,2227536,Dundee FC,苏格兰超级联赛,左,180,74,0,0
Alfonso Artabe,比利时,28,FB,60,61,56,36,58,50,61,64,4838169,Sint-Truidense VV,比利时甲级联赛,右,185,78,0,0
Roy Gelmi,瑞士,21,CB,60,72,75,39,33,32,62,69,1245024,FC St. Gallen,瑞士超级联赛,右,188,78,0,0
Eli Babalj,荷兰,24,ST,60,65,59,59,34,62,23,63,6357656,ADO Den Haag,荷兰甲级联赛,右,193,86,0,0
Gordon Smith,苏格兰,25,ST,60,69,68,58,56,48,18,66,1679848,Heart of Midlothian,苏格兰超级联赛,左,190,80,0,0
Jakub Bartkowski,波兰,25,FB,60,73,76,38,58,54,62,65,5127512,Widzew Łódź,波兰甲级联赛,左,183,74,0,0
Michal Efir,波兰,24,ST,60,65,82,58,47,60,19,67,3127959,Ruch Chorzów,波兰甲级联赛,右,180,73,0,0
Robin Szarka,德国,25,FB,60,68,70,32,53,58,60,60,3149462,VfL Wolfsburg,德国甲级联赛,左,175,72,0,0
Hugo Valdir,葡萄牙,32,FB,60,64,70,42,50,59,62,59,2921475,Rio Ave FC,葡萄牙超级联赛,左,173,69,0,0
Martin Bukata,波兰,23,FB,60,69,71,45,63,64,58,54,2701668,Piast Gliwice,波兰甲级联赛,右,175,69,0,0
Cedric Badjeck,荷兰,21,ST,60,69,76,58,46,54,18,65,2500682,FC Utrecht,荷兰甲级联赛,右,180,76,0,0
Emil Drozdowicz,波兰,30,ST,60,60,74,62,49,60,26,65,1563467,Termalica Bruk-Bet Nieciecza,波兰甲级联赛,右,178,76,0,0
Victor Nikiema,波兰,23,FB,60,73,64,45,60,60,60,61,5296068,Piast Gliwice,波兰甲级联赛,右,175,70,0,0
Adam Dzwigala,波兰,21,FB,60,68,68,50,57,52,59,73,5399641,Jagiellonia Białystok,波兰甲级联赛,右,185,80,0,0
Anthony Favre,瑞士,32,GK,60,60,56,14,28,16,13,52,3739405,FC Lausanne-Sports,瑞士超级联赛,右,193,90,0,0
Brad Smith,英格兰,22,FB,60,69,78,44,49,50,55,66,3109049,Liverpool,英格兰超级联赛,左,175,70,0,0
Artis Lazdins,波兰,30,FB,60,64,60,40,61,56,58,59,1263339,Piast Gliwice,波兰甲级联赛,右,180,74,0,0
Stephen O'Donnell,苏格兰,33,CAM,60,60,65,54,62,66,47,58,2147064,St. Mirren,苏格兰超级联赛,右,183,71,0,0
Jean Chopin,比利时,22,GK,60,69,46,20,30,18,19,45,2982630,KSV Cercle Brugge,比利时甲级联赛,右,196,90,0,0
Rodney Antwi,荷兰,21,W,60,70,89,50,48,64,48,52,2962462,FC Twente,荷兰甲级联赛,左,175,72,0,0
Cameron Brannagan,英格兰,20,CAM,60,74,68,46,69,60,45,53,4869555,West Bromwich Albion,英格兰超级联赛,右,180,71,0,0
Romeo van Dessel,比利时,27,FB,60,65,63,42,49,47,58,64,4521403,KV Mechelen,比利时甲级联赛,右,190,83,0,0
"Slawomir Szeliga,26",波兰,34,CM,60,60,42,52,65,53,59,64,4878220,Cracovia,波兰甲级联赛,右,180,71,0,0
Damian Kugiel,波兰,21,ST,60,68,65,61,39,58,26,65,3993901,Ruch Chorzów,波兰甲级联赛,右,188,82,0,0
Yannick Cortie,荷兰,23,FB,60,66,68,32,53,52,63,61,4840982,FC Utrecht,荷兰甲级联赛,左,183,74,0,0
Zakaria M'Sila,比利时,24,W,60,64,64,52,57,68,30,54,2481217,Waasland-Beveren,比利时甲级联赛,左,178,75,0,0
Patrick De Vlamynck,比利时,39,CB,60,60,26,24,24,25,25,47,2826110,Royal Excel Mouscron,比利时甲级联赛,右,185,84,0,0
Joao Pedro,葡萄牙,36,FB,60,60,64,43,52,54,61,61,2395130,Gil Vicente FC,葡萄牙超级联赛,左,175,71,0,0
Maciej Szmatiuk,波兰,36,CB,60,60,40,24,44,40,61,65,2377174,Arka Gdynia,波兰甲级联赛,右,190,83,0,0
Piotr Malinowski,波兰,32,W,60,60,82,47,60,56,34,61,2412152,Podbeskidzie Bielsko-Biała,波兰甲级联赛,右,170,66,0,0
Yannick N'Djeng,瑞士,26,ST,60,69,66,59,49,65,24,62,3585884,FC Sion,瑞士超级联赛,左,185,80,0,0
Mehmet Akguen,荷兰,30,CAM,60,63,69,62,61,69,52,69,1928199,Willem II,荷兰甲级联赛,右,178,70,0,0
Lewis Stevenson,苏格兰,28,CM,60,64,54,45,61,63,59,66,4460462,Hibernian,苏格兰超级联赛,左,170,67,0,0
Chris Hogg,苏格兰,31,FB,60,60,62,30,50,54,58,64,2887185,Hibernian,苏格兰超级联赛,右,183,79,0,0
Dylan De Belder,比利时,24,ST,60,68,73,61,61,57,25,68,7045507,Lierse SK,比利时甲级联赛,右,183,68,0,0
Ingo van Weert,荷兰,22,CB,60,68,54,32,47,38,60,64,2825726,RKC Waalwijk,荷兰甲级联赛,右,180,76,0,0
Cihat Celik,荷兰,20,W,60,69,72,54,55,69,21,57,2034463,N.E.C.,荷兰甲级联赛,右,183,72,0,0
Leon Guwara,德国,20,FB,60,70,68,34,46,60,58,63,4563486,Borussia Mönchengladbach,德国甲级联赛,左,185,83,0,0
Jon Bautista,西班牙,21,ST,60,74,66,60,42,58,15,61,3467920,Valencia CF,西班牙甲级联赛,右,178,72,0,0
Joey Belterman,荷兰,23,CAM,60,67,62,52,62,64,55,51,2747676,Heracles Almelo,荷兰甲级联赛,左,170,66,0,0
Jeroen Vanthournout,比利时,27,FB,60,65,64,48,57,50,59,66,2841784,KVC Westerlo,比利时甲级联赛,左,183,74,0,0
Christopher Kane,苏格兰,22,W,60,71,79,64,41,65,35,48,2650305,St. Johnstone FC,苏格兰超级联赛,右,180,76,0,0
Jerome Sonnerat,瑞士,31,FB,60,62,67,38,57,58,58,70,3007326,FC Lausanne-Sports,瑞士超级联赛,左,183,70,0,0
Joel Untersee,瑞士,22,FB,60,70,65,44,48,51,64,65,3876381,FC Vaduz,瑞士超级联赛,右,178,74,0,0
Akwetey Mensah,比利时,33,FB,60,65,67,46,58,56,58,65,2823013,Lierse SK,比利时甲级联赛,右,173,74,0,0
Dominik Kun,波兰,23,W,60,68,82,55,53,67,29,52,3250715,Pogoń Szczecin,波兰甲级联赛,左,173,63,0,0
Marcin Listkowski,波兰,18,W,60,72,76,55,55,65,16,51,2090296,Pogoń Szczecin,波兰甲级联赛,右,178,66,0,0
Jurgen Cavens,比利时,38,CAM,60,60,36,63,68,64,33,55,2866393,Lierse SK,比利时甲级联赛,左,188,85,0,0
Thomas Vincensini,法国,23,GK,60,69,56,15,22,18,16,42,4198096,Stade de Reims,法国甲级联赛,右,183,79,0,0
Kevin Bua,瑞士,23,W,60,70,74,57,49,65,26,56,5247079,FC Zürich,瑞士超级联赛,右,180,76,4,0
Michael Nelson,苏格兰,34,CB,60,60,42,24,39,40,58,71,5974660,Kilmarnock,苏格兰超级联赛,右,188,76,0,0
Paul Rachubka,英格兰,35,GK,60,60,45,16,32,20,14,53,3305825,Everton,英格兰超级联赛,右,185,85,0,0
Rory McKeown,苏格兰,23,FB,60,71,70,49,58,56,58,71,5401934,Kilmarnock,苏格兰超级联赛,左,180,80,0,0
Graham Cummins,苏格兰,29,ST,60,60,72,56,49,52,33,80,4186601,St. Johnstone FC,苏格兰超级联赛,右,178,75,0,0
Dalibor Pleva,波兰,32,FB,60,60,69,57,61,61,59,58,1992780,Termalica Bruk-Bet Nieciecza,波兰甲级联赛,右,180,69,0,0
Tomas Docekal,波兰,27,ST,60,63,50,56,55,61,30,76,3543621,Piast Gliwice,波兰甲级联赛,右,193,85,0,0
Sacha Bastien,法国,21,GK,60,72,46,24,32,25,25,54,4429152,FC Metz,法国甲级联赛,右,196,91,0,0
Fran Serrano,西班牙,21,CB,60,68,55,34,35,36,61,71,4697268,SD Eibar,西班牙甲级联赛,右,188,84,0,0
Francis Jeffers,苏格兰,35,ST,60,60,62,59,54,60,22,60,4638930,Motherwell,苏格兰超级联赛,右,178,75,0,0
Michele Polverino,瑞士,32,CM,60,60,53,46,57,65,64,66,1682706,FC Aarau,瑞士超级联赛,右,175,73,0,0
Kaye Coppoolse,荷兰,25,ST,60,65,64,56,57,59,32,67,3301222,SC Heerenveen,荷兰甲级联赛,右,183,79,0,0
Nicky Weaver,苏格兰,37,GK,60,60,44,23,27,23,24,53,1608959,Dundee United,苏格兰超级联赛,右,190,83,0,0
Mark Carrington,苏格兰,29,CM,60,64,64,54,66,58,52,64,3438465,Hamilton Academical FC,苏格兰超级联赛,右,188,76,0,0
Paul Cairney,苏格兰,29,CM,60,60,64,52,56,64,52,69,1845047,Hibernian,苏格兰超级联赛,右,175,64,0,0
Jamal Alioui,瑞士,34,FB,60,69,64,43,57,53,56,60,2170201,FC Sion,瑞士超级联赛,右,178,75,0,0
Marco van Duin,荷兰,29,GK,60,60,30,19,21,18,15,49,4290738,N.E.C.,荷兰甲级联赛,右,190,79,0,0
Gianmarco Ingrosso,意大利,27,CB,60,69,59,23,37,29,61,62,5420135,Genoa,意大利甲级联赛,右,185,82,0,0
Carlos Daniel,葡萄牙,22,ST,60,68,58,61,50,54,24,58,5414847,"União de Leiria, SAD",葡萄牙超级联赛,右,178,72,0,0
Seydina Diarra,荷兰,22,CAM,60,71,70,52,62,66,50,63,1721437,N.E.C.,荷兰甲级联赛,右,178,72,0,0
Piotr Mrozinski,波兰,24,FB,60,66,62,39,61,56,58,70,4031302,Widzew Łódź,波兰甲级联赛,右,180,74,0,0
Jonathan Tuffey,苏格兰,29,GK,60,63,50,20,15,16,14,44,1208211,Inverness Caledonian Thistle,苏格兰超级联赛,右,185,84,0,0
Ken Kallaste,波兰,28,FB,60,61,68,36,52,60,64,68,1243641,Polonia Bytom,波兰甲级联赛,左,183,80,0,0
Yang Wang,比利时,27,ST,60,65,66,58,58,68,25,68,2614944,KSV Cercle Brugge,比利时甲级联赛,右,190,83,0,0
Ben Gordon,苏格兰,25,FB,60,62,72,41,54,57,60,66,4451438,Kilmarnock,苏格兰超级联赛,左,180,66,0,0
Gary McSheffrey,英格兰,34,ST,60,60,50,64,57,64,24,58,2178117,Hull City,英格兰超级联赛,左,173,66,0,0
Joao Paulo Di Fabio,葡萄牙,37,FB,60,68,60,41,50,56,60,63,2914412,Portimonense,葡萄牙超级联赛,左,185,75,0,0
James Gibson,苏格兰,27,FB,60,68,66,18,58,54,57,67,2289044,Hamilton Academical FC,苏格兰超级联赛,左,178,76,0,0
Pape M'Bow,比利时,28,FB,60,72,58,39,58,46,62,63,4804225,RAEC Mons,比利时甲级联赛,右,190,74,0,0
Loic Abenzoar,法国,27,FB,60,68,66,38,40,54,59,66,2047921,AC Arles-Avignon,法国甲级联赛,右,183,76,0,0
Jochem Jansen,荷兰,26,FB,60,64,56,39,49,52,60,67,2154297,De Graafschap,荷兰甲级联赛,右,175,75,0,0
Niels Coussement,比利时,25,FB,60,63,76,46,58,58,59,64,3113480,KV Oostende,比利时甲级联赛,右,178,66,0,0
Dean Shiels,苏格兰,31,W,60,60,72,58,57,62,42,56,1941396,Kilmarnock,苏格兰超级联赛,右,180,66,0,0
Landry Bonnefoi,法国,33,FB,60,60,42,24,25,23,25,54,1751476,SC Bastia,法国甲级联赛,右,183,72,0,0
Steven Deana,瑞士,26,GK,60,66,54,28,30,24,24,61,4799657,FC Sion,瑞士超级联赛,右,188,83,0,0
Nico Abegglen,瑞士,26,ST,60,65,70,61,54,58,28,64,4038188,FC St. Gallen,瑞士超级联赛,右,175,68,0,0
Viktor Bopp,比利时,27,CM,60,70,64,65,61,60,64,57,2266859,Sporting Charleroi,比利时甲级联赛,右,180,73,0,0
Richard Stolte,荷兰,26,ST,60,65,69,62,55,59,38,65,3069453,N.E.C.,荷兰甲级联赛,左,183,75,0,0
Joel Gerezgiher,德国,21,W,60,72,70,53,60,65,35,52,4560712,Eintracht Frankfurt,德国甲级联赛,右,175,71,0,0
Przemyslaw Mystkowski,波兰,18,W,60,70,79,57,53,61,22,61,4966065,Jagiellonia Białystok,波兰甲级联赛,左,175,62,0,0
Ludovic Blas,法国,19,CAM,60,73,70,60,63,62,58,56,2026862,En Avant de Guingamp,法国甲级联赛,左,180,64,0,0
Salim Kerkar,苏格兰,29,W,60,64,71,52,52,63,20,53,3153275,Rangers,苏格兰超级联赛,右,180,62,0,0
Jan Washausen,德国,28,CB,60,64,64,32,55,40,60,68,1636560,Eintracht Braunschweig,德国甲级联赛,右,185,79,0,0
Martin Scott,苏格兰,30,FB,60,64,73,54,58,61,53,69,3511761,Hibernian,苏格兰超级联赛,右,180,70,0,0
Brice Maubleu,法国,27,GK,60,64,44,28,34,25,25,56,1789446,Grenoble Foot 38,法国甲级联赛,右,193,83,0,0
Luka Maric,波兰,29,FB,60,61,60,33,52,56,60,62,2450796,Zawisza Bydgoszcz,波兰甲级联赛,右,183,79,0,0
Artur Krysiak,苏格兰,27,GK,60,61,60,18,26,17,16,50,2269436,Motherwell,苏格兰超级联赛,右,193,83,0,0
Chris Porter,苏格兰,33,ST,60,60,54,60,53,56,31,72,4576290,Motherwell,苏格兰超级联赛,右,185,83,0,0
Florin Bejan,波兰,25,CB,60,64,60,32,36,44,60,68,2564760,Cracovia,波兰甲级联赛,右,185,81,0,0
Dylan Gissi,法国,25,CM,60,64,54,50,56,53,58,69,6043874,Montpellier Hérault SC,法国甲级联赛,右,190,86,0,0
Mattia Maggio,德国,22,ST,60,69,70,61,46,56,26,65,3258190,FC Augsburg,德国甲级联赛,右,185,80,0,0
Radoslav Kovac,英格兰,37,FB,60,60,54,47,53,40,56,62,1572908,West Ham United,英格兰超级联赛,右,188,78,3,2
Domen Crnigoj,瑞士,21,W,60,74,70,52,58,66,38,60,1643166,Lugano,瑞士超级联赛,右,185,80,3,0
Marcus Haber,苏格兰,27,ST,60,61,53,60,45,52,44,76,2533098,St. Johnstone FC,苏格兰超级联赛,右,190,87,0,0
Matteo Gritti,瑞士,36,GK,60,63,36,16,20,22,16,48,2574735,AC Bellinzona,瑞士超级联赛,右,185,80,0,0
Jhonder Cadiz,葡萄牙,21,ST,60,72,60,63,44,59,24,61,3031297,Uniao da Madeira,葡萄牙超级联赛,右,190,73,0,0
Henk Bos,荷兰,24,W,60,65,70,55,57,62,25,49,5439914,FC Groningen,荷兰甲级联赛,右,173,71,0,0
Carl Finnigan,苏格兰,30,ST,60,66,68,59,49,58,16,67,1977437,Falkirk,苏格兰超级联赛,右,180,74,0,0
Timothee Dieng,法国,24,FB,60,64,62,42,56,49,58,64,3829209,Stade Brestois 29,法国甲级联赛,左,188,79,0,0
Jack Compton,苏格兰,28,W,60,61,78,53,55,58,17,52,3490947,Falkirk,苏格兰超级联赛,左,178,79,0,0
Kyle Benedictus,苏格兰,25,FB,60,66,58,24,48,52,58,64,1657867,Dundee FC,苏格兰超级联赛,右,180,78,0,0
Gabri,瑞士,37,CAM,60,60,60,56,65,59,59,47,3700115,FC Lausanne-Sports,瑞士超级联赛,右,175,75,0,0
James Marwood,苏格兰,26,ST,60,66,68,65,53,62,26,51,2015603,St. Mirren,苏格兰超级联赛,右,175,71,0,0
George Mourad,荷兰,34,ST,60,60,64,58,52,60,31,71,6249143,Willem II,荷兰甲级联赛,右,188,86,0,0
Menno Heerkes,荷兰,23,FB,60,65,68,53,61,58,59,60,3402682,Heracles Almelo,荷兰甲级联赛,右,175,67,0,0
Aristote N'Dongala,法国,22,FB,60,65,74,56,57,64,62,48,3488813,SC Bastia,法国甲级联赛,左,175,69,0,0
Jung-Bin Park,德国,22,W,60,68,71,60,59,68,36,49,2307081,SpVgg Greuther Fürth,德国甲级联赛,右,178,74,0,0
Dejan Stojanovic,意大利,23,GK,60,67,38,17,25,18,16,48,2852240,Bologna,意大利甲级联赛,左,196,89,0,0
Krzysztof Krol,波兰,29,FB,60,60,69,54,50,51,60,76,4066006,Podbeskidzie Bielsko-Biała,波兰甲级联赛,左,185,73,0,0
Ryan Esson,苏格兰,36,CB,60,60,32,16,21,16,15,53,4750334,Inverness Caledonian Thistle,苏格兰超级联赛,右,185,79,0,0
Derek Young,苏格兰,36,ST,60,67,70,56,50,62,37,68,1907730,Aberdeen,苏格兰超级联赛,右,175,68,0,0
Rees Greenwood,英格兰,20,W,60,74,78,55,57,61,18,54,5724007,Watford,英格兰超级联赛,右,173,68,0,0
Omar El Baad,荷兰,20,FB,59,69,65,43,50,59,63,63,5336920,SC Cambuur,荷兰甲级联赛,右,178,68,0,0
Matar Coly,瑞士,32,ST,59,59,75,60,50,58,32,69,1985086,FC Lausanne-Sports,瑞士超级联赛,左,188,80,0,0
Szymon Matuszek,波兰,27,FB,59,60,65,44,57,39,57,64,6049117,Polonia Bytom,波兰甲级联赛,右,185,79,0,0
Chafik Najih,法国,33,ST,59,59,70,59,53,58,17,62,1760076,AC Arles-Avignon,法国甲级联赛,左,183,83,0,0
Aissa Laidouni,法国,20,FB,59,65,70,29,45,56,60,64,2578060,ES Troyes AC,法国甲级联赛,右,183,73,0,0
Steven McDougall,苏格兰,30,ST,59,64,62,58,57,58,18,68,3395763,Dunfermline Athletic,苏格兰超级联赛,右,180,66,0,0
Mario Piccinocchi,瑞士,21,CAM,59,70,68,50,64,61,52,56,2757638,Lugano,瑞士超级联赛,右,173,67,0,0
Mateusz Bak,波兰,33,FB,59,59,42,15,20,14,12,50,2908358,Lechia Gdańsk,波兰甲级联赛,右,185,85,0,0
Francisco Afonso,葡萄牙,19,FB,59,66,76,28,37,61,60,55,1641847,FC Paços de Ferreira,葡萄牙超级联赛,右,175,69,0,0
Sean O'Hanlon,苏格兰,33,CB,59,59,58,32,44,39,56,74,2194522,Hibernian,苏格兰超级联赛,右,185,79,0,0
Dan Twardzik,苏格兰,25,GK,59,62,45,20,24,20,20,46,3631470,Motherwell,苏格兰超级联赛,右,183,77,0,0
Maximilian Mittelstaedt,德国,19,FB,59,75,67,42,44,53,60,60,3013779,Hertha BSC Berlin,德国甲级联赛,左,178,69,0,0
Martial Robin,法国,39,CB,59,59,51,40,53,46,65,63,1789398,Grenoble Foot 38,法国甲级联赛,左,175,77,0,0
Ibrahima Niasse,瑞士,28,FB,59,61,65,53,53,57,50,75,3278631,Neuchâtel Xamax,瑞士超级联赛,右,188,75,0,0
Amadou Soukouna,法国,24,ST,59,66,70,58,52,57,26,60,7166690,Toulouse FC,法国甲级联赛,右,178,74,0,0
Alan O'Brien,苏格兰,31,FB,59,60,78,39,56,58,45,61,1525200,Hibernian,苏格兰超级联赛,左,178,71,0,0
Chris Smith,苏格兰,30,ST,59,66,26,23,17,18,13,63,2538753,Dunfermline Athletic,苏格兰超级联赛,左,188,86,0,0
Danijel Marceta,苏格兰,27,W,59,67,72,51,55,60,26,56,6986054,Falkirk,苏格兰超级联赛,左,175,70,0,0
Mark Janssen,荷兰,24,ST,59,66,62,56,56,60,33,65,2422088,Ajax,荷兰甲级联赛,右,183,75,0,0
Paulin Puel,法国,19,ST,59,68,68,59,54,50,19,54,4712119,OGC Nice,法国甲级联赛,右,178,73,0,0
Dammyano Grootfaam,荷兰,25,FB,59,66,78,53,50,64,60,60,1883761,N.E.C.,荷兰甲级联赛,右,183,69,0,0
Kevin Kyle,苏格兰,35,ST,59,59,62,57,51,56,43,58,3365500,Kilmarnock,苏格兰超级联赛,右,190,83,0,0
Rafael Barber,西班牙,36,CM,59,59,51,56,56,49,56,55,1106647,RC Recreativo,西班牙甲级联赛,右,183,77,0,0
Brice Owona,瑞士,27,ST,59,70,65,58,57,58,42,62,4431357,FC St. Gallen,瑞士超级联赛,右,183,77,0,0
Joris Gnagnon,法国,19,CB,59,75,64,32,34,32,59,69,4827917,Stade Rennais FC,法国甲级联赛,右,183,89,0,0
Adam Campbell,苏格兰,21,ST,59,69,86,58,49,61,17,62,2819086,St. Mirren,苏格兰超级联赛,右,170,73,0,0
Guerkan Sermeter,瑞士,42,CAM,59,68,58,58,60,61,42,56,1899182,AC Bellinzona,瑞士超级联赛,右,180,71,0,0
Miguel Munoz,西班牙,21,CB,59,69,64,24,34,48,62,60,1984930,Getafe CF,西班牙甲级联赛,右,178,72,0,0
Carlo Zotti,瑞士,34,FB,59,68,50,17,29,16,14,59,1907449,AC Bellinzona,瑞士超级联赛,右,190,86,0,0
Lesly Malouda,法国,33,FB,59,59,72,44,55,62,55,60,2047564,Dijon FCO,法国甲级联赛,左,173,68,0,0
Simone Farelli,意大利,33,GK,59,59,41,17,35,16,16,46,1626553,Napoli,意大利甲级联赛,右,185,78,0,0
Franck Hery,法国,23,FB,59,67,54,38,46,46,58,64,3846727,En Avant de Guingamp,法国甲级联赛,右,185,77,0,0
Tom Taiwo,苏格兰,26,FB,59,67,72,52,58,56,60,74,1995485,Hibernian,苏格兰超级联赛,右,170,70,0,0
Thomas Konrad,苏格兰,27,CB,59,61,71,31,33,24,57,68,5659710,Dundee FC,苏格兰超级联赛,右,183,76,0,0
Gavin Reilly,苏格兰,23,ST,59,66,80,56,50,62,17,69,1523008,Heart of Midlothian,苏格兰超级联赛,右,180,73,0,0
Youssef Sekour,比利时,28,CAM,59,66,66,55,60,61,46,57,2103663,Lierse SK,比利时甲级联赛,右,188,83,0,0
Steven Milne,苏格兰,36,ST,59,59,68,56,53,56,23,63,2703499,St. Johnstone FC,苏格兰超级联赛,右,170,66,0,0
Liam Buchanan,苏格兰,31,ST,59,64,62,62,43,54,21,67,2747698,Dunfermline Athletic,苏格兰超级联赛,右,173,67,0,0
Sousa,葡萄牙,20,FB,59,71,67,43,54,55,58,58,3686953,FC Paços de Ferreira,葡萄牙超级联赛,右,173,62,0,0
Lukas Froede,德国,21,CM,59,71,52,50,57,60,57,64,2147262,FC Ingolstadt 04,德国甲级联赛,右,193,85,0,0
Josh Parker,苏格兰,26,W,59,63,78,47,55,58,32,54,4703899,Inverness Caledonian Thistle,苏格兰超级联赛,右,180,76,0,0
Zakaria Gueye,比利时,30,ST,59,61,78,54,49,57,27,67,1526570,KSV Cercle Brugge,比利时甲级联赛,右,185,67,0,0
Leonardo Fontanesi,意大利,20,CB,59,70,55,35,34,37,62,64,2719343,Sassuolo,意大利甲级联赛,右,188,82,0,0
Lotem Zino,瑞士,24,FB,59,64,58,39,59,58,57,60,3621171,FC Thun,瑞士超级联赛,右,183,79,0,0
Alessandro Riedle,瑞士,25,ST,59,72,68,58,56,60,42,62,2487603,Grasshopper Club Zürich,瑞士超级联赛,右,178,76,0,0
Jason Holt,苏格兰,23,W,59,68,74,52,67,64,42,69,2610287,Heart of Midlothian,苏格兰超级联赛,右,165,70,0,0
James Fowler,苏格兰,36,FB,59,59,66,27,60,62,60,78,1750996,Kilmarnock,苏格兰超级联赛,右,175,78,0,0
Chris Chantler,苏格兰,26,FB,59,64,81,52,53,54,57,69,5195032,Kilmarnock,苏格兰超级联赛,左,173,70,0,0
Adriano De Pierro,瑞士,25,FB,59,65,64,39,54,44,56,66,4175928,FC Lausanne-Sports,瑞士超级联赛,右,185,77,0,0
Tomas Majtan,波兰,29,ST,59,63,66,62,41,52,25,59,3212879,Polonia Bytom,波兰甲级联赛,右,180,79,0,0
Serkan Sahin,瑞士,28,FB,59,67,64,44,57,62,54,60,3380477,FC Basel,瑞士超级联赛,右,175,67,0,0
Mario Mutsch,瑞士,32,CM,59,59,54,57,58,56,60,68,4303415,FC St. Gallen,瑞士超级联赛,左,175,74,0,0
Cedric Brunner,瑞士,22,CM,59,69,64,63,58,65,58,69,5458127,FC Zürich,瑞士超级联赛,右,180,74,0,0
Haxhi Neziraj,瑞士,23,CAM,59,63,65,51,63,56,38,62,1593004,FC Luzern,瑞士超级联赛,右,180,73,0,0
Omar Jarun,比利时,33,CB,59,60,52,36,47,40,55,63,3611401,Sporting Charleroi,比利时甲级联赛,右,196,87,0,0
Darnell Fisher,苏格兰,22,FB,59,69,65,26,43,62,63,58,3395565,St. Johnstone FC,苏格兰超级联赛,右,175,70,0,0
Scott Dobie,苏格兰,38,ST,59,59,62,58,45,57,25,64,1991946,Motherwell,苏格兰超级联赛,右,185,85,0,0
Francesco Ruberto,瑞士,23,GK,59,65,43,18,17,21,16,42,2158737,FC Thun,瑞士超级联赛,右,183,75,0,0
Pawel Abbott,波兰,34,ST,59,59,52,64,55,56,30,62,2638195,Ruch Chorzów,波兰甲级联赛,右,188,87,0,0
Enoch Showunmi,苏格兰,34,ST,59,59,73,57,45,57,36,73,2648273,Falkirk,苏格兰超级联赛,左,196,99,0,0
Donovan Deekman,比利时,28,W,59,69,82,49,47,61,22,52,3155486,Sporting Lokeren,比利时甲级联赛,右,183,65,0,0
Michael Devlin,苏格兰,23,CB,59,67,53,29,37,35,59,73,4880164,Hamilton Academical FC,苏格兰超级联赛,右,188,79,0,0
David Barron,苏格兰,29,CB,59,66,63,24,52,58,56,79,2004662,St. Mirren,苏格兰超级联赛,右,178,79,0,0
Nicolas Rabuel,法国,38,FB,59,67,60,35,53,52,60,71,2279396,US Boulogne Cote D'Opale,法国甲级联赛,左,178,81,0,0
Patrick Rossini,瑞士,28,ST,59,60,58,55,47,60,21,64,1830765,Lugano,瑞士超级联赛,左,178,75,0,0
Anthony Loustallot,法国,24,ST,59,68,34,20,21,22,16,54,1784096,Toulouse FC,法国甲级联赛,右,183,77,0,0
Jason Buaillon,瑞士,25,FB,59,64,64,46,56,54,59,64,2139369,FC Zürich,瑞士超级联赛,右,170,65,0,0
Sven van der Jeugt,比利时,36,FB,59,62,52,18,37,22,15,60,2387343,Sint-Truidense VV,比利时甲级联赛,右,190,86,0,0
Tijane Reis,葡萄牙,25,W,59,63,71,55,52,64,24,58,4172437,Estoril Praia,葡萄牙超级联赛,左,180,76,0,0
Simone Pasa,意大利,22,CM,59,75,55,55,52,56,58,62,2999696,Inter,意大利甲级联赛,左,185,78,0,0
Carlton Morris,苏格兰,21,ST,59,69,72,57,48,57,30,70,3572684,Hamilton Academical FC,苏格兰超级联赛,右,185,85,0,0
Jannes Vansteenkiste,比利时,23,FB,59,67,75,38,52,49,59,64,3427567,Sint-Truidense VV,比利时甲级联赛,左,175,70,0,0
Liam Lindsay,苏格兰,21,CB,59,73,57,27,48,42,58,73,1414686,Partick Thistle F.C.,苏格兰超级联赛,左,193,89,0,0
Egoitz Jaio,西班牙,36,CB,59,59,38,36,46,36,58,61,1243296,CD Numancia,西班牙甲级联赛,右,188,75,0,0
Christopher Routis,瑞士,26,FB,59,61,58,48,49,58,54,66,2104226,Servette FC,瑞士超级联赛,右,185,84,0,0
Drissa Diarra,瑞士,31,CAM,59,66,62,52,64,66,41,49,2077576,AC Bellinzona,瑞士超级联赛,右,183,66,0,0
Janick Kamber,瑞士,24,FB,59,68,82,58,53,65,58,71,1521263,FC Lausanne-Sports,瑞士超级联赛,左,170,65,0,0
Mateusz Kupczak,波兰,24,CM,59,64,66,53,61,58,54,65,1905243,Termalica Bruk-Bet Nieciecza,波兰甲级联赛,右,175,76,0,0
Jonas Elmer,瑞士,28,FB,59,65,70,45,61,63,52,66,2118021,FC Aarau,瑞士超级联赛,左,175,68,0,0
Martijn de Vries,荷兰,24,FB,59,69,71,44,53,61,60,61,2313281,Excelsior,荷兰甲级联赛,左,183,74,0,0
Jordan McMillan,苏格兰,28,FB,59,63,70,31,45,52,58,70,1446840,Partick Thistle F.C.,苏格兰超级联赛,右,178,75,0,0
Oriol,西班牙,35,FB,59,59,56,44,51,44,56,69,3753058,Racing Santander,西班牙甲级联赛,右,183,70,0,0
Henrique Miranda,波兰,23,FB,59,68,78,51,44,48,58,65,2857780,Zawisza Bydgoszcz,波兰甲级联赛,左,178,73,0,0
Marc Fitzpatrick,苏格兰,30,CM,59,68,68,56,60,60,54,63,3462402,Motherwell,苏格兰超级联赛,左,178,79,0,0
Boris Radunovic,意大利,20,GK,59,70,42,19,26,19,16,56,2783728,Genoa,意大利甲级联赛,右,193,84,0,0
Jakub Kowalski,波兰,29,W,59,59,76,51,56,58,29,50,2928921,Ruch Chorzów,波兰甲级联赛,右,175,68,0,0
Wojciech Szymanek,波兰,34,CB,59,59,52,42,44,44,58,69,4458277,Widzew Łódź,波兰甲级联赛,左,185,81,0,0
Wojciech Lisowski,波兰,24,FB,59,66,70,28,49,56,59,66,4062918,Pogoń Szczecin,波兰甲级联赛,右,185,74,0,0
Akpo Sodje,苏格兰,35,ST,59,59,64,56,51,52,27,73,2840789,Hibernian,苏格兰超级联赛,右,188,80,0,0
Patrik Misak,波兰,25,CAM,59,63,66,46,63,60,46,59,929261,Termalica Bruk-Bet Nieciecza,波兰甲级联赛,右,183,75,0,0
David Robertson,苏格兰,30,CM,59,60,66,60,60,60,54,68,1805859,Dundee United,苏格兰超级联赛,右,178,65,0,0
Joao Paiva,瑞士,33,ST,59,59,70,55,50,61,14,59,3064082,FC Luzern,瑞士超级联赛,右,173,72,0,0
Carsten Rothenbach,德国,36,FB,59,59,57,46,49,50,61,62,2642177,FC St. Pauli,德国甲级联赛,右,185,84,0,0
Rui Vieira,葡萄牙,25,GK,59,65,47,17,30,20,16,57,3838102,Rio Ave FC,葡萄牙超级联赛,右,188,80,0,0
Saidu Alade Adeshina,瑞士,33,W,59,67,80,47,41,56,26,65,2028261,FC Sion,瑞士超级联赛,右,183,74,0,0
Adam Cummins,苏格兰,23,CB,59,69,54,35,39,49,57,67,2783945,Motherwell,苏格兰超级联赛,右,188,78,0,0
Pedro Lemos,葡萄牙,23,FB,59,68,69,32,42,50,60,64,1888387,Vitória Guimarães,葡萄牙超级联赛,右,180,70,0,0
Declan McDaid,苏格兰,21,W,59,72,76,46,60,64,37,56,6618707,Partick Thistle F.C.,苏格兰超级联赛,右,178,73,0,0
Daniel Unal,瑞士,26,CAM,59,65,68,53,61,62,50,60,2042065,FC Basel,瑞士超级联赛,右,175,70,0,0
Andy Webster,苏格兰,34,CB,59,59,34,24,43,38,59,59,1905682,Heart of Midlothian,苏格兰超级联赛,右,183,64,0,0
Numa Lavanchy,瑞士,23,W,59,68,74,57,48,62,49,61,5036745,FC Lausanne-Sports,瑞士超级联赛,右,175,65,0,0
Maciej Krakowiak,波兰,24,GK,59,65,43,23,24,25,25,48,1725874,Widzew Łódź,波兰甲级联赛,左,188,76,0,0
Alex Henshall,苏格兰,22,W,59,66,84,47,47,61,28,53,4138174,Kilmarnock,苏格兰超级联赛,左,178,66,0,0
Stenio,葡萄牙,28,W,59,68,74,62,69,64,42,61,1919220,Feirense,葡萄牙超级联赛,右,178,72,0,0
Joel Perovuo,波兰,31,FB,59,63,62,44,61,58,58,63,1176975,Jagiellonia Białystok,波兰甲级联赛,右,188,81,0,0
Jonas Mendes,葡萄牙,27,GK,59,65,40,19,20,19,19,55,1823112,SC Beira Mar,葡萄牙超级联赛,右,190,82,0,0
Sandro Gotal,瑞士,25,ST,59,65,62,57,52,59,17,63,1961108,FC St. Gallen,瑞士超级联赛,右,185,82,0,0
Lee Cox,苏格兰,26,FB,59,61,70,41,59,60,60,75,3446362,Inverness Caledonian Thistle,苏格兰超级联赛,右,183,77,0,0
Gyrano Kerk,荷兰,21,W,59,71,84,50,41,61,22,60,2649812,FC Utrecht,荷兰甲级联赛,右,175,68,0,0
Dziugas Bartkus,波兰,27,GK,59,61,26,13,21,12,10,41,3123095,Górnik Łęczna,波兰甲级联赛,右,190,88,0,0
Josip Colina,瑞士,36,CM,59,69,52,49,56,56,58,55,1984108,Grasshopper Club Zürich,瑞士超级联赛,右,188,89,0,0
Vincent Plante,法国,36,CB,59,59,38,13,33,11,13,51,2213010,SM Caen,法国甲级联赛,右,190,85,0,0
Kevin Piere Lafrance,波兰,26,FB,59,62,72,55,48,48,60,69,1482720,Widzew Łódź,波兰甲级联赛,右,185,82,0,0
Richard Almeida,葡萄牙,27,W,59,69,70,57,62,62,43,62,2677388,Gil Vicente FC,葡萄牙超级联赛,右,178,68,0,0
Wojciech Skaba,波兰,32,GK,59,59,34,16,29,16,14,51,2009214,Legia Warszawa,波兰甲级联赛,右,190,81,0,0
Ugo Gabrieli,意大利,27,GK,59,73,47,18,19,20,15,59,2462821,Inter,意大利甲级联赛,右,190,80,0,0
Thomas Kotte,荷兰,20,CM,59,69,62,57,64,48,62,63,2651048,Vitesse,荷兰甲级联赛,左,183,77,0,0
Levi Opdam,荷兰,20,FB,59,70,72,30,42,56,58,65,8681728,AZ,荷兰甲级联赛,右,173,71,0,0
Rory Fallon,苏格兰,34,ST,59,59,53,59,47,52,30,70,1031469,Aberdeen,苏格兰超级联赛,左,190,90,0,0
Sherko Gubari,瑞士,20,W,59,73,82,58,49,67,18,55,3301036,FC Zürich,瑞士超级联赛,右,178,67,0,0
Luca Ferro,瑞士,38,ST,59,66,54,24,24,13,14,54,1615710,Neuchâtel Xamax,瑞士超级联赛,右,193,90,0,0
Callum Davidson,苏格兰,40,CM,59,59,32,47,56,62,60,68,1050871,St. Johnstone FC,苏格兰超级联赛,左,178,84,0,0
Abdellah Zoubir,苏格兰,25,W,59,69,70,55,52,68,32,52,2249550,Hibernian,苏格兰超级联赛,右,180,73,0,0
Lee Mair,苏格兰,36,FB,59,59,54,26,52,52,56,64,2067868,St. Mirren,苏格兰超级联赛,右,183,72,0,0
Gianluca Hossmann,瑞士,25,FB,59,62,69,51,53,58,56,75,1220286,Grasshopper Club Zürich,瑞士超级联赛,右,175,73,0,0
Janko Pacar,瑞士,26,ST,59,66,67,58,47,60,29,66,2595248,FC Luzern,瑞士超级联赛,右,180,73,0,0
Aimo Stefano Diana,瑞士,38,CM,59,75,61,56,58,64,53,65,1707875,AC Bellinzona,瑞士超级联赛,右,175,74,0,0
Niels Vandenbroucke,比利时,25,FB,59,63,67,39,49,53,60,52,3351743,SV Zulte-Waregem,比利时甲级联赛,左,175,60,0,0
Nicolas Marin,瑞士,36,W,59,59,69,58,58,60,35,43,1375299,FC Sion,瑞士超级联赛,右,170,70,0,0
Jordy van der Winden,荷兰,22,FB,59,68,67,42,53,58,60,59,2523698,FC Utrecht,荷兰甲级联赛,左,180,75,0,0
Paul Seguin,德国,21,CM,59,70,54,46,58,59,58,65,1770630,VfL Wolfsburg,德国甲级联赛,右,185,79,0,0
David Gonzalez,瑞士,30,GK,59,63,54,19,26,18,15,59,2478863,Servette FC,瑞士超级联赛,右,180,75,0,0
Thomas Robson,英格兰,21,FB,59,70,63,32,46,57,59,61,1598974,Watford,英格兰超级联赛,左,178,75,0,0
Jesse van Bezooijen,荷兰,22,CB,59,67,61,32,37,37,58,68,3881942,NAC Breda,荷兰甲级联赛,右,183,78,0,0
Rocky Visconte,苏格兰,26,W,59,64,77,59,49,58,36,58,1729295,St. Johnstone FC,苏格兰超级联赛,左,178,69,0,0
Jonathon Routledge,苏格兰,27,FB,59,64,71,51,57,52,58,59,2388066,Hamilton Academical FC,苏格兰超级联赛,右,183,70,0,0
Christian Leite,瑞士,31,GK,59,59,45,24,24,24,25,53,1847639,FC Thun,瑞士超级联赛,右,183,85,0,0
Joel Tillema,荷兰,27,FB,59,63,66,48,52,57,63,57,1273131,ADO Den Haag,荷兰甲级联赛,右,178,75,0,0
Samuel Atrous,法国,26,GK,59,65,32,24,28,25,24,47,6303067,RC Lens,法国甲级联赛,右,190,85,0,0
Alberto Giuliatto,意大利,33,FB,59,62,65,53,52,58,63,59,1744613,Lecce,意大利甲级联赛,左,180,77,0,0
"Manuel Sutter,19",瑞士,25,ST,59,63,66,56,57,53,42,59,1765810,FC Vaduz,瑞士超级联赛,左,178,76,0,0
Maximilian Eggestein,德国,20,W,59,74,54,52,61,60,26,51,3045366,SV Werder Bremen,德国甲级联赛,右,180,75,0,0
Almeida Borges Leandro,比利时,31,CM,59,61,54,40,57,54,56,56,2776543,KV Mechelen,比利时甲级联赛,右,178,82,0,0
Justin Hoogma,荷兰,18,CB,59,74,59,31,34,38,63,60,6421807,FC Groningen,荷兰甲级联赛,左,183,65,0,0
Peter Enckelman,苏格兰,39,FB,59,59,54,12,21,14,14,55,2411782,St. Johnstone FC,苏格兰超级联赛,右,188,89,0,0
Petar Brlek,波兰,22,FB,59,66,70,48,66,58,54,62,2901955,Wisła Kraków,波兰甲级联赛,右,180,74,0,0
Stefan Deloose,比利时,26,GK,59,64,50,20,33,18,16,61,2195718,Beerschot AC,比利时甲级联赛,右,190,85,0,0
Marlon Harewood,英格兰,37,ST,59,59,56,57,43,55,28,67,1617887,Blackpool,英格兰超级联赛,右,185,85,6,1
Luis Dias,葡萄牙,29,FB,59,63,69,46,48,56,60,64,2124278,FC Arouca,葡萄牙超级联赛,右,180,78,0,0
David Crespo,葡萄牙,22,FB,59,74,65,47,55,58,59,68,1643941,CD Nacional,葡萄牙超级联赛,左,180,86,0,0
Andrzej Witan,波兰,26,GK,59,59,30,18,26,18,14,41,4332250,Zawisza Bydgoszcz,波兰甲级联赛,右,183,76,0,0
Jack Hamilton,苏格兰,22,GK,59,66,45,16,24,18,15,45,4596793,Heart of Midlothian,苏格兰超级联赛,右,188,74,0,0
Bartlomiej Smuczynski,波兰,21,W,59,68,74,46,56,63,29,62,2099265,Termalica Bruk-Bet Nieciecza,波兰甲级联赛,右,175,69,0,0
Dean Holden,苏格兰,37,CB,59,59,36,28,51,48,59,57,2456238,Falkirk,苏格兰超级联赛,右,185,78,0,0
Carlos Tomas,西班牙,28,FB,59,66,60,34,55,46,60,66,2534401,CA Osasuna,西班牙甲级联赛,左,183,83,0,0
Davide Grassi,苏格兰,30,FB,59,62,65,35,41,45,59,67,1433486,Aberdeen,苏格兰超级联赛,左,188,73,0,0
Liam Polworth,苏格兰,22,CAM,59,68,68,52,60,63,46,52,1988396,Inverness Caledonian Thistle,苏格兰超级联赛,右,178,64,0,0
Bryan Hughes,英格兰,40,CM,59,59,50,45,66,56,42,58,1570285,Manchester United,英格兰超级联赛,右,175,70,0,0
Lewis Toshney,苏格兰,24,FB,59,67,68,28,39,54,59,62,2436759,Dundee FC,苏格兰超级联赛,右,188,76,0,0
Carlos Fortes,葡萄牙,22,ST,59,68,52,61,47,52,26,66,2828114,CF Os Belenenses,葡萄牙超级联赛,右,188,84,0,0
Roman Prokoph,德国,31,W,59,64,80,60,54,60,14,53,3413937,VfL Bochum,德国甲级联赛,右,183,75,0,0
Derek Riordan,苏格兰,33,ST,59,59,66,60,56,54,26,57,3239581,Hibernian,苏格兰超级联赛,右,183,65,0,0
Michael Paton,苏格兰,27,ST,59,64,66,59,47,61,18,64,1232008,Aberdeen,苏格兰超级联赛,右,178,78,0,0
Juwon Oshaniwa,苏格兰,26,FB,59,63,90,32,46,52,54,77,3987595,Heart of Midlothian,苏格兰超级联赛,左,183,75,0,0
Karol Angielski,波兰,20,ST,59,65,71,60,48,57,18,63,1395630,Korona Kielce,波兰甲级联赛,右,178,70,0,0
Martin Polacek,波兰,26,GK,59,61,44,20,23,16,19,52,2863671,Zagłębie Lubin,波兰甲级联赛,右,198,95,0,0
Sebastien Pennacchio,比利时,33,FB,59,59,60,46,59,54,57,64,5590221,Royal Excel Mouscron,比利时甲级联赛,右,170,70,0,0
Taylor Moore,法国,19,FB,59,75,55,37,51,46,59,65,4310117,RC Lens,法国甲级联赛,右,183,80,0,0
Aristote Madiani,法国,21,ST,59,65,62,60,49,56,21,62,4647513,RC Lens,法国甲级联赛,左,183,73,0,0
Sebastiaan Brebels,比利时,21,FB,59,67,64,43,58,60,58,63,4052103,SV Zulte-Waregem,比利时甲级联赛,右,183,75,0,0
Dennes de Kegel,比利时,22,FB,59,67,70,33,49,53,61,58,3580248,KSV Cercle Brugge,比利时甲级联赛,右,175,69,0,0
Nick von Niederhausern,瑞士,27,FB,59,61,68,38,49,58,61,66,2301641,FC Vaduz,瑞士超级联赛,右,178,71,1,0
Chema,西班牙,36,ST,59,60,47,24,32,20,14,55,1213226,Xerez Club Deportivo,西班牙甲级联赛,右,188,82,0,0
Daniel Mojsov,比利时,29,CB,59,60,58,24,38,30,59,69,3187218,Lierse SK,比利时甲级联赛,右,190,80,0,0
Povilas Leimonas,波兰,29,FB,59,62,58,33,55,62,60,70,4159080,Widzew Łódź,波兰甲级联赛,右,185,78,0,0
Danny Pugh,英格兰,34,CM,59,59,52,57,61,55,62,63,2260003,Stoke City,英格兰超级联赛,左,183,76,1,2
Amir Spahic,波兰,33,FB,59,59,70,60,50,62,60,76,945122,Śląsk Wrocław,波兰甲级联赛,左,188,84,0,0
Willie Dyer,苏格兰,29,FB,59,59,73,35,54,62,56,66,3090930,Dundee FC,苏格兰超级联赛,右,178,64,0,0
Alex Neil,苏格兰,35,CM,59,59,34,55,61,61,52,65,2399107,Hamilton Academical FC,苏格兰超级联赛,右,175,70,0,0
Andis Shala,苏格兰,28,W,59,70,62,59,52,62,34,52,2543271,Dundee United,苏格兰超级联赛,右,188,80,0,0
Akoete Eninful,比利时,24,FB,59,72,66,52,59,59,56,67,2433838,Standard de Liège,比利时甲级联赛,左,183,70,0,0
Bartosz Kaniecki,波兰,28,GK,59,64,46,25,24,23,25,58,2470029,Widzew Łódź,波兰甲级联赛,右,196,91,0,0
Javan Vidal,苏格兰,27,FB,59,65,70,37,42,56,61,64,2134874,Aberdeen,苏格兰超级联赛,右,183,76,0,0
Tony Dingwall,苏格兰,22,CAM,59,70,74,54,60,64,51,66,5596745,Ross County FC,苏格兰超级联赛,右,180,69,0,0
Haris Tabakovic,瑞士,22,ST,59,69,66,56,42,58,18,72,1553197,FC Zürich,瑞士超级联赛,右,193,90,1,0
Richard Offiong,苏格兰,33,ST,59,65,72,56,53,58,14,66,3212762,Hamilton Academical FC,苏格兰超级联赛,右,180,77,0,0
Rory Boulding,苏格兰,29,ST,59,64,71,57,54,56,22,63,1966695,Dundee United,苏格兰超级联赛,右,185,72,0,0
Richard Cresswell,英格兰,39,ST,59,59,39,59,56,54,36,65,5882762,Stoke City,英格兰超级联赛,右,183,83,0,0
Darryl Duffy,苏格兰,32,ST,59,59,70,57,50,54,16,68,2104937,Hibernian,苏格兰超级联赛,右,180,77,0,0
Tom Soares,苏格兰,30,CM,59,59,59,62,59,60,56,64,1745796,Hibernian,苏格兰超级联赛,右,183,72,0,0
Axel Borgmann,瑞士,22,CM,59,68,54,50,56,62,62,58,2143299,FC Vaduz,瑞士超级联赛,左,178,75,0,0
Mark Fotheringham,苏格兰,33,CM,59,59,55,52,59,58,52,72,2008031,Ross County FC,苏格兰超级联赛,右,178,76,0,0
Sandro Burki,瑞士,31,CAM,59,59,66,63,63,62,52,62,2347060,FC Aarau,瑞士超级联赛,右,188,74,0,0
Alex Keddie,苏格兰,35,CB,59,59,32,29,48,52,56,59,2599542,Dunfermline Athletic,苏格兰超级联赛,左,188,83,0,0
Sean Murdoch,苏格兰,30,FB,59,60,40,25,28,28,24,53,6164748,Hamilton Academical FC,苏格兰超级联赛,右,188,74,0,0
Josh Walker,英格兰,27,CM,59,64,64,58,58,60,54,62,2031111,Middlesbrough,英格兰超级联赛,右,180,81,0,0
Marcus Fraser,苏格兰,22,FB,59,65,70,25,39,50,64,64,2949126,Ross County FC,苏格兰超级联赛,右,180,70,0,0
Phillip Roberts,苏格兰,22,W,59,63,91,52,59,65,18,65,1990671,Inverness Caledonian Thistle,苏格兰超级联赛,右,178,71,0,0
Oscar Zawada,荷兰,20,ST,59,73,54,61,45,54,20,64,1980047,FC Twente,荷兰甲级联赛,右,193,87,0,0
Jordan Lyden,英格兰,19,CM,58,72,61,51,56,64,57,62,2975796,Aston Villa,英格兰超级联赛,右,178,70,0,0
Damien Lahaye,比利时,32,ST,58,59,39,24,29,19,16,46,1007944,KV Kortrijk,比利时甲级联赛,右,180,82,0,0
Fynn Arkenberg,德国,20,CB,58,68,66,32,42,42,64,62,2138363,Hannover 96,德国甲级联赛,右,188,80,0,0
Matt Thornhill,苏格兰,28,W,58,62,74,45,66,62,40,79,2790388,Hibernian,苏格兰超级联赛,右,185,87,0,0
Damian Tixier,法国,36,FB,58,58,59,49,50,56,56,65,2625799,Le Havre AC,法国甲级联赛,左,180,68,0,0
Daniel Boateng,苏格兰,24,CB,58,64,62,29,45,46,53,73,2667287,St. Johnstone FC,苏格兰超级联赛,右,183,79,0,0
Guillaume Faivre,瑞士,29,GK,58,58,36,12,21,14,13,39,1782410,FC Thun,瑞士超级联赛,右,188,83,0,0
Jakub Bartosz,波兰,20,FB,58,68,77,46,44,47,58,60,2603720,Wisła Kraków,波兰甲级联赛,右,183,76,0,0
Scott Fraser,苏格兰,21,W,58,70,69,46,57,62,34,46,1434745,Dundee United,苏格兰超级联赛,左,183,69,0,0
"Issaga Diallo,28",瑞士,29,FB,58,58,68,49,57,54,51,73,4017740,Servette FC,瑞士超级联赛,右,193,82,0,0
Franz Burgmeier,瑞士,34,CM,58,58,50,61,59,60,56,60,1665325,FC Vaduz,瑞士超级联赛,左,175,73,1,0
Joao Barroca,瑞士,30,GK,58,63,48,28,32,24,25,64,1399716,Servette FC,瑞士超级联赛,右,185,82,0,0
Benjamin Henrichs,德国,19,CAM,58,72,68,52,59,66,50,57,1626595,Bayer 04 Leverkusen,德国甲级联赛,右,183,78,0,0
Alexandre Azevedo,葡萄牙,19,FB,58,66,62,45,54,55,60,57,3296688,FC Arouca,葡萄牙超级联赛,右,175,68,0,0
Lennart Hartmann,德国,25,FB,58,62,71,58,59,64,59,66,2559552,TSG 1899 Hoffenheim,德国甲级联赛,右,173,68,0,0
Pa Saikou Kujabi,苏格兰,30,W,58,64,80,58,53,56,56,47,1652387,Hibernian,苏格兰超级联赛,左,173,72,0,0
Boubacar Sylla,法国,25,FB,58,65,72,26,38,48,60,64,1279951,RC Lens,法国甲级联赛,左,178,76,0,0
Souleymane Baba Diomande,比利时,24,CM,58,62,62,45,58,60,47,61,3024462,Lierse SK,比利时甲级联赛,右,168,61,0,0
Xhevdet Gela,波兰,27,W,58,62,70,55,63,64,41,55,740951,Widzew Łódź,波兰甲级联赛,右,180,71,0,0
William Edjenguele,瑞士,29,CB,58,63,52,24,46,32,56,62,3451009,Neuchâtel Xamax,瑞士超级联赛,左,188,83,0,0
Michael Fraser,苏格兰,33,CB,58,58,29,25,25,25,24,50,3255449,Ross County FC,苏格兰超级联赛,右,188,79,0,0
Kristof Maes,比利时,28,CM,58,61,32,26,30,29,25,46,3413613,KRC Genk,比利时甲级联赛,右,188,85,0,0
Filipe Brigues,葡萄牙,26,FB,58,70,68,48,54,58,55,63,4434566,SC Braga,葡萄牙超级联赛,右,178,72,0,0
Silva de Souza Eudis,瑞士,33,ST,58,58,64,56,55,62,23,60,1873798,Servette FC,瑞士超级联赛,右,178,72,0,0
Alan Combe,苏格兰,42,CB,58,58,20,13,27,16,13,53,2084296,Kilmarnock,苏格兰超级联赛,右,185,78,0,0
David Cornell,苏格兰,25,FB,58,62,44,14,27,17,17,47,1422787,St. Mirren,苏格兰超级联赛,右,188,79,0,0
Nicolas Rommens,比利时,22,FB,58,68,58,38,59,63,56,58,790373,KVC Westerlo,比利时甲级联赛,右,183,74,0,0
Steve Banks,苏格兰,44,FB,58,58,40,24,26,25,25,52,2095236,St. Johnstone FC,苏格兰超级联赛,右,183,83,0,0
Rik Sebens,荷兰,28,CAM,58,63,65,51,61,60,43,60,1708297,De Graafschap,荷兰甲级联赛,右,180,70,0,0
Greg Kiltie,苏格兰,19,CAM,58,66,66,51,58,60,48,57,2111297,Kilmarnock,苏格兰超级联赛,右,178,70,0,0
Graham Stack,苏格兰,35,CB,58,58,26,16,25,18,18,49,1233150,Hibernian,苏格兰超级联赛,右,188,79,0,0
Jordan McGhee,苏格兰,20,CB,58,71,65,28,45,45,60,71,2123423,Heart of Midlothian,苏格兰超级联赛,右,185,70,0,0
Yancoub Meite,瑞士,26,FB,58,66,55,40,50,48,59,67,3842697,FC Sion,瑞士超级联赛,右,175,70,0,0
Eamonn Brophy,苏格兰,20,ST,58,68,70,56,53,56,23,65,4891632,Hamilton Academical FC,苏格兰超级联赛,右,175,68,0,0
Luka Tankulic,苏格兰,25,W,58,66,70,52,45,56,25,53,2227343,Dundee FC,苏格兰超级联赛,右,185,75,0,0
Julian Dudda,德国,23,CB,58,73,51,39,36,38,54,63,2899555,Eintracht Frankfurt,德国甲级联赛,左,193,88,0,0
Romain Achilli,法国,23,FB,58,64,66,61,48,56,56,59,3046744,SC Bastia,法国甲级联赛,右,180,75,0,0
Antoni Lukasiewicz,波兰,33,CM,58,58,52,49,53,52,54,66,1142172,Śląsk Wrocław,波兰甲级联赛,右,188,86,0,0
Ze Mario,葡萄牙,27,FB,58,65,67,26,43,50,60,64,3864123,Naval 1° de Maio,葡萄牙超级联赛,右,180,70,0,0
Kevin Smith,苏格兰,29,ST,58,64,70,56,46,59,22,69,2602951,Dundee United,苏格兰超级联赛,右,180,71,0,0
"Ildefons Lima,31",瑞士,37,CM,58,60,54,47,54,51,54,68,1041848,AC Bellinzona,瑞士超级联赛,右,190,88,0,0
Michel Antunes Lugo,葡萄牙,29,ST,58,65,70,56,43,56,19,64,2392717,FC Paços de Ferreira,葡萄牙超级联赛,左,183,80,0,0
Michael Siegfried,瑞士,28,FB,58,58,54,41,54,51,58,67,1259530,FC Thun,瑞士超级联赛,右,188,82,0,0
Liam Henderson,苏格兰,20,CAM,58,74,66,54,63,62,50,54,1307936,Celtic,苏格兰超级联赛,右,173,67,0,0
Sam Parkin,苏格兰,35,ST,58,58,44,56,56,55,29,67,1509645,St. Johnstone FC,苏格兰超级联赛,右,188,83,0,0
Stephan Raheriharimanana,法国,23,CM,58,63,53,46,60,59,58,52,4631632,FC Lorient,法国甲级联赛,右,168,64,0,0
Dariusz Kolodziej,波兰,34,CAM,58,58,42,64,61,58,40,63,3033951,Podbeskidzie Bielsko-Biała,波兰甲级联赛,左,178,73,0,0
Josh Thompson,苏格兰,25,CB,58,62,54,27,45,47,55,68,2085325,Celtic,苏格兰超级联赛,右,193,76,0,0
Mario Buehler,瑞士,24,CM,58,64,54,46,52,48,52,60,1532060,FC Vaduz,瑞士超级联赛,右,190,78,3,0
John Baird,苏格兰,31,ST,58,58,68,58,54,62,24,68,1929819,Dundee FC,苏格兰超级联赛,右,173,75,0,0
Artem Putivtsev,波兰,28,CB,58,58,60,29,38,36,61,68,1817699,Termalica Bruk-Bet Nieciecza,波兰甲级联赛,右,185,79,0,0
Konrad Forenc,波兰,24,GK,58,63,42,16,21,16,14,58,2235376,Zagłębie Lubin,波兰甲级联赛,左,190,91,0,0
Stephen Mallan,苏格兰,20,FB,58,71,67,51,57,65,55,65,1472013,St. Mirren,苏格兰超级联赛,右,178,69,0,0
Jeferson Maciel,葡萄牙,30,CB,58,61,58,30,34,32,64,60,1533556,Feirense,葡萄牙超级联赛,右,180,71,0,0
Pascal Schuerpf,瑞士,27,ST,58,60,68,60,50,59,35,60,1398950,FC Vaduz,瑞士超级联赛,左,190,81,0,0
Danny Racchi,苏格兰,28,ST,58,66,74,54,51,54,46,66,2241729,Kilmarnock,苏格兰超级联赛,右,173,66,0,0
Sidney Schmeltz,荷兰,27,W,58,65,82,40,49,60,22,64,1716286,Willem II,荷兰甲级联赛,右,178,72,0,0
Lukasz Zejdler,波兰,24,FB,58,63,81,49,59,52,53,66,1317912,Cracovia,波兰甲级联赛,左,173,64,0,0
Fejsal Mulic,比利时,22,ST,58,66,71,62,37,60,19,45,1863253,KV Oostende,比利时甲级联赛,右,203,84,0,0
Filip Burkhardt,波兰,29,W,58,61,66,51,55,60,36,52,3227472,Arka Gdynia,波兰甲级联赛,右,175,69,0,0
David Gigliotti,法国,31,ST,58,58,54,59,46,56,28,63,2402450,AS Saint-Étienne,法国甲级联赛,右,175,74,0,0
"Cyprien Baguette,23",比利时,27,GK,58,64,58,11,32,10,14,62,2725958,Sporting Charleroi,比利时甲级联赛,右,188,84,0,0
Francesco Lunardini,意大利,32,CM,58,68,66,51,62,55,50,61,1617953,Parma,意大利甲级联赛,右,173,67,0,0
Anthony Straker,苏格兰,28,FB,58,59,80,53,50,56,52,72,1922361,Motherwell,苏格兰超级联赛,左,175,75,0,0
Chris Clark,苏格兰,36,CM,58,58,64,50,59,60,54,69,1489770,Aberdeen,苏格兰超级联赛,左,173,71,0,0
Andre Auras,法国,25,FB,58,65,68,47,62,58,51,65,1276591,Stade Brestois 29,法国甲级联赛,右,183,77,0,0
Alan Maybury,苏格兰,38,FB,58,58,62,33,58,52,57,67,1752988,St. Johnstone FC,苏格兰超级联赛,右,180,73,0,0
Kodjo Kasse Alphonse,葡萄牙,23,FB,58,66,67,43,60,58,55,69,1813934,Vitória Guimarães,葡萄牙超级联赛,右,178,70,0,0
Mark Engberink,荷兰,24,FB,58,62,62,33,50,60,63,63,1465542,Heracles Almelo,荷兰甲级联赛,左,180,75,0,0
Leon van Dijk,荷兰,24,FB,58,64,60,48,53,57,60,54,2738440,Heracles Almelo,荷兰甲级联赛,右,178,68,0,0
Endogan Adili,瑞士,22,W,58,68,77,57,51,66,34,53,2429157,Grasshopper Club Zürich,瑞士超级联赛,左,170,61,0,0
Hamadou Karamoko,法国,21,CB,58,68,52,32,36,28,58,59,1879334,FC Lorient,法国甲级联赛,右,193,80,0,0
Lukas Schenkel,瑞士,32,CB,58,58,50,37,31,38,60,69,1884035,FC St. Gallen,瑞士超级联赛,右,183,81,0,0
Davor Landeka,瑞士,32,CM,58,61,64,42,64,61,46,67,1926283,Grasshopper Club Zürich,瑞士超级联赛,右,178,74,0,0
Graham Barrett,苏格兰,35,ST,58,69,60,58,51,59,16,59,1693235,Falkirk,苏格兰超级联赛,右,178,66,0,0
Charlie Trafford,波兰,24,CM,58,64,64,48,62,50,48,67,1164845,Korona Kielce,波兰甲级联赛,右,193,82,0,0
Andreas Hirzel,瑞士,23,CB,58,65,45,14,30,16,16,53,1725397,BSC Young Boys,瑞士超级联赛,右,190,89,0,0
Evan Melo,瑞士,23,ST,58,66,60,54,42,62,20,70,1742243,FC Sion,瑞士超级联赛,右,173,66,0,0
Oleg Veretilo,波兰,28,FB,58,59,62,34,50,58,57,60,2529066,Podbeskidzie Bielsko-Biała,波兰甲级联赛,右,180,72,0,0
Justin Johnson,苏格兰,20,W,58,72,80,59,46,62,26,51,1879878,Kilmarnock,苏格兰超级联赛,右,170,70,0,0
Jelle de Lange,荷兰,18,CB,58,75,52,31,43,32,59,61,1722913,Vitesse,荷兰甲级联赛,左,190,82,0,0
Sebastian Murawski,波兰,22,CB,58,67,58,25,37,29,61,62,1198935,Pogoń Szczecin,波兰甲级联赛,右,183,71,0,0
Olivier Jaeckle,瑞士,23,FB,58,65,68,48,43,38,62,59,1509917,FC Aarau,瑞士超级联赛,右,180,68,0,0
Lukasz Tyminski,波兰,26,CM,58,61,56,55,53,62,56,55,2713354,Jagiellonia Białystok,波兰甲级联赛,右,173,67,0,0
Tommaso Arrigoni,意大利,22,CM,58,68,67,57,59,59,54,66,2378770,Cesena,意大利甲级联赛,右,170,69,0,0
Dobrivoj Rusov,波兰,23,FB,58,63,44,20,25,17,20,49,1358004,Piast Gliwice,波兰甲级联赛,右,190,77,0,0
Alban Joinel,法国,37,ST,58,66,32,18,22,14,10,42,1740333,FC Lorient,法国甲级联赛,右,188,82,0,0
Frederic Page,瑞士,38,CM,58,58,52,54,55,54,52,59,2091930,Neuchâtel Xamax,瑞士超级联赛,右,185,81,0,0
Rodrigo Lacerda,瑞士,36,CM,58,58,50,53,62,56,60,58,2429665,FC Sion,瑞士超级联赛,右,183,80,0,0
Timothy Durwael,比利时,25,FB,58,68,72,34,47,44,58,57,3849874,KRC Genk,比利时甲级联赛,右,173,66,0,0
Yacine Bezzaz,法国,35,ST,58,69,58,53,59,57,27,60,1786354,Valenciennes FC,法国甲级联赛,左,178,70,0,0
Danijel Stojanovic,葡萄牙,32,CM,58,63,57,57,58,55,58,55,2952924,CD Nacional,葡萄牙超级联赛,左,185,79,0,0
Nicholas Tamsin,比利时,27,FB,58,68,71,46,55,50,57,59,4639330,SV Zulte-Waregem,比利时甲级联赛,右,178,71,0,0
Fredric Loehe,德国,28,GK,58,65,62,11,19,16,12,61,1491076,VfL Wolfsburg,德国甲级联赛,右,193,88,0,0
Dragan Djukic,瑞士,29,FB,58,67,42,17,35,16,14,52,2017056,FC Thun,瑞士超级联赛,右,183,75,0,0
Veljko Batrovic,波兰,22,W,58,66,70,54,56,60,38,61,1537251,Widzew Łódź,波兰甲级联赛,右,178,73,0,0
Florent Zitte,法国,23,ST,58,63,72,60,46,54,24,59,3671408,AS Nancy-Lorraine,法国甲级联赛,右,183,75,1,0
Andre Costa,葡萄牙,24,CAM,58,66,72,63,52,62,57,57,997127,Rio Ave FC,葡萄牙超级联赛,右,183,73,0,0
Steven Meechan,苏格兰,25,W,58,68,68,53,63,59,32,61,1222532,Motherwell,苏格兰超级联赛,右,180,74,0,0
Dariusz Zjawinski,波兰,30,ST,58,58,64,62,49,58,34,66,2622731,Cracovia,波兰甲级联赛,右,185,73,0,0
Jim Fenlon,苏格兰,22,FB,58,69,75,48,53,58,57,73,3414974,Ross County FC,苏格兰超级联赛,右,180,76,0,0
Franco Zennaro,比利时,23,FB,58,68,59,38,53,50,58,59,4522995,Waasland-Beveren,比利时甲级联赛,右,183,69,0,0
Jean Acosta Soares,比利时,24,W,58,70,66,53,56,66,33,59,1242607,KRC Genk,比利时甲级联赛,右,173,72,0,0
Arno Verschueren,比利时,19,FB,58,70,68,37,58,56,57,57,2430019,Club Brugge KV,比利时甲级联赛,右,175,66,0,0
Jordan Roberts,苏格兰,22,FB,58,63,81,50,51,53,48,64,2013901,Inverness Caledonian Thistle,苏格兰超级联赛,左,180,71,0,0
Christopher Verbist,比利时,25,FB,58,68,66,44,54,58,58,56,1297804,SV Zulte-Waregem,比利时甲级联赛,右,175,71,0,0
Stefan Nater,瑞士,32,FB,58,58,66,52,58,56,55,59,2532147,FC St. Gallen,瑞士超级联赛,右,185,75,0,0
Hakim Borahsasar,荷兰,21,ST,58,66,70,60,47,57,25,55,4860584,NAC Breda,荷兰甲级联赛,右,180,73,0,0
Matthew Bates,英格兰,30,CB,58,58,61,34,43,41,58,68,3201619,Middlesbrough,英格兰超级联赛,右,178,77,1,0
Christopher Dilo,苏格兰,22,FB,58,67,44,17,23,22,18,46,4151556,St. Mirren,苏格兰超级联赛,右,188,84,0,0
Lucas Cueto,瑞士,20,W,58,72,72,56,51,64,30,46,2761610,FC St. Gallen,瑞士超级联赛,左,170,64,0,0
Igor N'Ganga,瑞士,29,FB,58,58,65,47,55,51,56,62,2239718,FC Aarau,瑞士超级联赛,右,183,78,0,0
Alain Pierre Mendy,比利时,27,FB,58,64,64,47,50,45,59,70,942901,Waasland-Beveren,比利时甲级联赛,右,183,72,0,0
William Gross,苏格兰,24,ST,58,68,80,59,47,54,28,67,2894475,Kilmarnock,苏格兰超级联赛,右,183,82,0,0
Zoran Josipovic,瑞士,21,ST,58,71,67,53,40,54,48,69,2451848,Grasshopper Club Zürich,瑞士超级联赛,右,188,75,0,0
Guillaume Borne,法国,28,FB,58,68,60,31,48,55,53,65,1746421,US Boulogne Cote D'Opale,法国甲级联赛,右,183,84,0,0
Mathieu Maertens,比利时,21,FB,58,68,60,38,60,60,58,52,1327975,KSV Cercle Brugge,比利时甲级联赛,右,183,71,0,0
Tim Bakens,瑞士,34,ST,58,69,54,57,48,56,48,74,2938420,FC St. Gallen,瑞士超级联赛,右,196,87,0,0
David van Zanten,苏格兰,34,FB,58,58,62,32,57,59,56,69,2023862,St. Mirren,苏格兰超级联赛,右,178,72,0,0
Andrija Kaludjerovic,瑞士,29,ST,58,58,62,62,41,52,22,59,2014896,FC Thun,瑞士超级联赛,右,180,79,0,0
Mateusz Wdowiak,波兰,20,W,58,66,77,47,58,62,39,51,818352,Cracovia,波兰甲级联赛,右,175,60,0,0
"Marco Haemmerli,24",瑞士,31,FB,58,62,68,51,59,54,58,67,3466980,FC St. Gallen,瑞士超级联赛,左,173,72,0,0
Mickael Malsa,法国,21,CM,58,62,64,47,63,56,51,59,2254893,FC Sochaux-Montbéliard,法国甲级联赛,右,178,69,0,1
Jay-Roy Grot,荷兰,18,ST,58,72,70,55,48,59,20,68,2599318,N.E.C.,荷兰甲级联赛,右,193,93,0,0
Waldemar Anton,德国,20,CB,58,73,51,36,49,48,62,68,2895871,Hannover 96,德国甲级联赛,右,188,75,0,0
Lassana Coulibaly,法国,20,W,58,71,76,56,59,60,49,59,5140655,SC Bastia,法国甲级联赛,右,175,67,0,0
Michael Perrier,瑞士,27,CAM,58,62,66,50,57,62,46,63,1745408,FC Sion,瑞士超级联赛,左,173,67,0,0
Jon Robertson,苏格兰,27,CM,58,65,66,49,61,59,49,65,3043538,St. Mirren,苏格兰超级联赛,右,180,75,0,0
Joseph Barbato,法国,22,ST,58,68,67,61,47,63,25,54,3205964,SC Bastia,法国甲级联赛,左,178,80,0,0
Michel Avanzini,瑞士,27,FB,58,65,70,51,51,56,47,61,4794226,FC Lausanne-Sports,瑞士超级联赛,右,175,75,0,0
Luca Radice,瑞士,29,CAM,58,58,64,48,65,55,40,48,4455310,FC Aarau,瑞士超级联赛,左,180,70,0,0
Piotr Petasz,波兰,32,CAM,58,58,66,63,56,58,56,62,2470479,Zawisza Bydgoszcz,波兰甲级联赛,左,188,83,0,0
Nicola Mingazzini,意大利,36,CM,58,58,64,52,61,57,56,54,1419354,Bologna,意大利甲级联赛,右,173,72,2,1
Martin Steuble,瑞士,28,ST,58,62,60,55,54,57,38,58,2704447,FC Luzern,瑞士超级联赛,右,173,72,0,0
Trent McClenahan,苏格兰,31,FB,58,60,59,31,56,56,55,69,3604390,Hamilton Academical FC,苏格兰超级联赛,右,175,74,0,0
Jose Matos,西班牙,21,FB,58,66,76,25,37,44,58,66,4250010,RCD Espanyol,西班牙甲级联赛,左,170,68,0,0
Neil McGregor,苏格兰,31,FB,58,60,52,32,49,52,56,66,1705411,Dundee FC,苏格兰超级联赛,右,183,75,0,0
Jamie Adams,苏格兰,29,FB,58,65,70,36,63,58,52,65,1942567,St. Johnstone FC,苏格兰超级联赛,右,185,68,0,0
Simon Ford,苏格兰,35,CB,58,59,60,14,42,46,58,62,1497996,Kilmarnock,苏格兰超级联赛,右,185,79,0,0
Claude Gnakpa,苏格兰,33,FB,58,61,83,53,50,57,54,84,1824436,Inverness Caledonian Thistle,苏格兰超级联赛,右,183,87,0,0
Pieter Nys,比利时,27,FB,58,64,64,34,51,40,58,63,1189762,Oud-Heverlee Leuven,比利时甲级联赛,右,180,64,0,0
Minor Escoe,比利时,25,ST,58,67,73,59,49,62,21,62,1504793,Sporting Charleroi,比利时甲级联赛,右,175,70,0,0
Yassin Moutaouakil,苏格兰,30,FB,58,58,74,33,53,60,54,70,3591522,Motherwell,苏格兰超级联赛,右,183,72,0,0
Anderson Melo,葡萄牙,26,W,58,63,74,63,47,66,26,52,2825089,Sporting CP,葡萄牙超级联赛,左,178,69,0,0
Jakub Lukowski,波兰,20,W,58,65,82,52,52,54,34,58,3282743,Zawisza Bydgoszcz,波兰甲级联赛,左,173,67,0,0
Ross Tokely,苏格兰,37,CB,58,58,32,27,51,50,58,66,1036939,Inverness Caledonian Thistle,苏格兰超级联赛,右,190,86,0,0
Michal Markowski,波兰,26,CB,58,59,62,29,31,28,60,64,2260691,Termalica Bruk-Bet Nieciecza,波兰甲级联赛,右,185,80,0,0
Anestis Argyriou,波兰,28,FB,58,61,74,54,51,54,55,66,4181462,Zawisza Bydgoszcz,波兰甲级联赛,右,183,77,0,0
Dariusz Jarecki,波兰,35,FB,58,58,80,58,56,57,57,66,1316376,Jagiellonia Białystok,波兰甲级联赛,左,183,73,0,0
Branko Jelic,德国,39,ST,58,64,58,60,45,52,18,57,3240873,FC Energie Cottbus,德国甲级联赛,右,183,77,3,0
Mario Raimondi,瑞士,36,CAM,58,58,63,58,59,58,58,51,1983981,BSC Young Boys,瑞士超级联赛,左,183,75,0,0
James Craigen,苏格兰,25,CM,58,65,66,43,62,60,45,62,1508792,Partick Thistle F.C.,苏格兰超级联赛,右,183,72,0,0
Juan Pablo Garat,瑞士,33,FB,58,58,66,57,54,50,58,62,2428390,FC Aarau,瑞士超级联赛,右,188,75,0,0
Cesar Fernando,瑞士,36,FB,58,60,70,56,57,52,59,54,919976,FC St. Gallen,瑞士超级联赛,右,175,66,0,0
Olivier Kemen,法国,20,FB,58,74,69,55,58,60,54,74,2656958,Stade de Reims,法国甲级联赛,右,178,78,0,0
Declan Gallagher,苏格兰,25,CB,58,68,54,26,32,35,57,66,2654902,Dundee FC,苏格兰超级联赛,右,196,86,0,0
Leandro Di Gregorio,瑞士,24,FB,58,64,74,33,47,55,56,68,1770498,Lugano,瑞士超级联赛,右,173,68,0,0
David Anon,西班牙,27,ST,58,65,72,59,41,62,20,60,1931568,CA Osasuna,西班牙甲级联赛,右,173,73,0,0
Thomas Reilly,苏格兰,22,ST,58,69,70,56,56,62,32,64,2441727,St. Mirren,苏格兰超级联赛,右,170,62,0,0
Emmanuel Correze,法国,34,CM,58,58,60,55,57,61,46,71,4425757,AC Arles-Avignon,法国甲级联赛,右,180,77,0,0
Asmir Kajevic,瑞士,26,FB,58,63,70,38,61,56,55,69,2402193,FC Zürich,瑞士超级联赛,左,188,82,0,0
Guillaume Ducatel,法国,37,CM,58,58,57,56,59,54,48,68,3435747,US Boulogne Cote D'Opale,法国甲级联赛,左,175,75,0,0
Antons Kurakins,苏格兰,26,FB,58,60,68,35,35,54,63,66,1797400,Hamilton Academical FC,苏格兰超级联赛,左,183,73,0,0
Boris Godal,波兰,29,CB,58,60,72,31,34,34,57,66,2311173,Zagłębie Lubin,波兰甲级联赛,右,188,78,0,0
Konrad Kaczmarek,波兰,25,ST,58,60,62,60,39,55,13,57,856224,Ruch Chorzów,波兰甲级联赛,右,180,75,0,0
Ronael Pierre-Gabriel,法国,18,FB,58,74,74,31,36,59,58,61,3693569,AS Saint-Étienne,法国甲级联赛,右,175,68,0,0
Michael Odibe,意大利,28,FB,57,62,67,41,47,46,55,70,2077921,Siena,意大利甲级联赛,右,190,87,0,0
Tim Clancy,苏格兰,32,CB,57,57,66,17,50,48,56,69,2097877,Kilmarnock,苏格兰超级联赛,右,180,80,0,0
Sebastian Olszar,波兰,35,ST,57,57,61,54,45,55,24,68,1996604,Piast Gliwice,波兰甲级联赛,右,183,74,0,0
Alexis Alegue Elandi,法国,20,W,57,65,70,57,49,66,28,44,2355338,OGC Nice,法国甲级联赛,左,175,67,0,0
Lynneeker,葡萄牙,22,ST,57,63,68,60,49,68,17,54,2727415,CS Marítimo,葡萄牙超级联赛,右,170,72,0,0
Mauro Cerqueira,葡萄牙,24,CB,57,62,60,29,32,54,66,69,1706269,CD Nacional,葡萄牙超级联赛,左,180,74,0,0
Muhamed Demiri,瑞士,31,CAM,57,57,64,58,60,60,52,57,1428709,FC Thun,瑞士超级联赛,左,180,75,0,0
Sergey Khizhnichenko,波兰,25,ST,57,64,62,62,45,58,26,72,2776767,Korona Kielce,波兰甲级联赛,右,188,81,0,0
Hassan Lingani,瑞士,29,CB,57,58,62,17,41,32,55,75,2654724,BSC Young Boys,瑞士超级联赛,右,183,72,0,0
Andre Blackman,苏格兰,26,FB,57,62,78,49,51,57,52,72,1040102,Aberdeen,苏格兰超级联赛,左,180,75,0,0
Artem Simonyan,瑞士,21,CAM,57,68,66,40,60,64,43,47,997804,FC Zürich,瑞士超级联赛,右,178,70,0,0
Nicolas Hasler,瑞士,25,CM,57,61,58,42,62,57,55,55,5182392,FC Vaduz,瑞士超级联赛,右,180,73,0,0
Stewart Carswell,苏格兰,23,FB,57,68,71,44,62,60,51,68,838191,Motherwell,苏格兰超级联赛,右,175,71,0,0
Fulvio Sulmoni,瑞士,30,CM,57,57,46,43,49,48,57,66,2334894,FC Thun,瑞士超级联赛,右,180,71,2,0
Lawrence Shankland,苏格兰,21,ST,57,69,71,56,46,60,24,61,4062676,Aberdeen,苏格兰超级联赛,右,185,80,0,0
Gary Glen,苏格兰,26,ST,57,66,77,57,50,62,30,63,1145120,Heart of Midlothian,苏格兰超级联赛,右,178,79,0,0
Zaine Francis-Angol,苏格兰,23,FB,57,67,80,32,48,60,58,63,1749844,Motherwell,苏格兰超级联赛,左,173,77,0,0
Dale Carrick,苏格兰,22,FB,57,67,78,47,54,64,52,63,2736932,Heart of Midlothian,苏格兰超级联赛,右,180,70,0,0
Darian MacKinnon,苏格兰,30,CM,57,57,61,55,55,58,54,75,1242594,Hamilton Academical FC,苏格兰超级联赛,右,178,74,0,0
Remo Arnold,瑞士,19,FB,57,73,54,38,52,50,59,60,2101927,FC Luzern,瑞士超级联赛,右,183,75,0,0
Kyle Knoyle,苏格兰,20,FB,57,69,75,23,42,56,56,56,2075437,Dundee United,苏格兰超级联赛,右,178,63,0,0
Orhan Mustafi,瑞士,26,ST,57,66,64,56,44,53,24,70,1386200,Grasshopper Club Zürich,瑞士超级联赛,右,190,85,0,0
Sefa Isci,比利时,20,FB,57,69,64,36,51,56,56,56,1489285,Sporting Lokeren,比利时甲级联赛,右,183,68,0,0
Scott McKenna,苏格兰,20,CB,57,71,60,28,37,36,61,55,1296071,Aberdeen,苏格兰超级联赛,左,188,73,0,0
Jaroslaw Jach,波兰,22,CB,57,62,63,26,35,48,60,65,1533443,Zagłębie Lubin,波兰甲级联赛,左,188,78,0,0
Anas Tahiri,比利时,21,W,57,69,70,38,53,66,24,41,2510200,Lierse SK,比利时甲级联赛,右,178,61,0,0
Jordan Slew,苏格兰,24,ST,57,65,72,55,40,56,24,61,1373613,Ross County FC,苏格兰超级联赛,右,190,81,0,0
Andrew Mitchell,苏格兰,24,W,57,67,66,43,55,56,40,49,1701775,Dundee United,苏格兰超级联赛,右,180,70,0,0
El-Hadji Ba,法国,23,CAM,57,64,71,51,63,62,48,68,3311589,SC Bastia,法国甲级联赛,右,183,74,0,0
Krzysztof Danielewicz,波兰,25,CAM,57,62,70,54,59,68,54,62,2312500,Śląsk Wrocław,波兰甲级联赛,右,183,76,0,0
Sai van Wermeskerken,荷兰,22,FB,57,65,72,33,48,59,57,59,2738092,FC Twente,荷兰甲级联赛,右,170,68,0,0
Alex Cooper,苏格兰,25,CAM,57,69,67,56,56,54,50,53,1191222,Ross County FC,苏格兰超级联赛,左,180,70,0,0
Norbert Witkowski,波兰,35,CB,57,57,30,24,24,24,24,47,1735749,Arka Gdynia,波兰甲级联赛,右,190,85,0,0
Diogo Coelho,葡萄牙,23,CB,57,65,66,30,32,32,60,68,1687850,Gil Vicente FC,葡萄牙超级联赛,右,183,82,0,0
Noah Loosli,瑞士,19,FB,57,72,72,37,35,34,60,63,1211513,Grasshopper Club Zürich,瑞士超级联赛,右,185,75,0,0
Tiago Rosa,葡萄牙,30,FB,57,63,68,35,49,46,56,67,3273283,Naval 1° de Maio,葡萄牙超级联赛,右,185,72,0,0
Radoslaw Pruchnik,波兰,30,CM,57,57,65,46,61,62,42,81,2078157,Górnik Łęczna,波兰甲级联赛,右,185,80,0,0
Lorenzo Bucchi,瑞士,33,ST,57,57,39,22,24,23,13,50,1130953,AC Bellinzona,瑞士超级联赛,右,185,83,0,0
Diego Ciccone,瑞士,29,FB,57,57,63,47,58,58,54,56,1826722,FC Vaduz,瑞士超级联赛,右,173,74,1,0
Kristian Kuzmanovic,瑞士,28,W,57,57,64,53,54,60,27,49,1840543,FC Vaduz,瑞士超级联赛,右,180,77,0,0
Lukasz Moneta,波兰,22,W,57,66,70,45,57,56,42,61,1970801,Legia Warszawa,波兰甲级联赛,左,173,70,0,0
Nabil Aankour,波兰,23,FB,57,65,67,49,53,61,56,68,2936118,Korona Kielce,波兰甲级联赛,右,173,70,0,0
Angelo Raso,瑞士,35,FB,57,59,60,49,56,36,58,57,2240203,AC Bellinzona,瑞士超级联赛,右,173,72,0,0
Ramon Cecchini,瑞士,26,W,57,61,70,48,56,63,37,59,1611875,FC Vaduz,瑞士超级联赛,右,175,70,0,0
Henri Siqueira-Barras,瑞士,31,FB,57,64,56,33,53,49,57,61,1843548,AC Bellinzona,瑞士超级联赛,右,180,70,0,0
Andre Anguissa,法国,21,FB,57,69,68,46,58,55,58,67,1002305,Angers SCO,法国甲级联赛,右,183,75,0,0
Brian McLean,苏格兰,31,FB,57,57,65,30,55,54,54,68,2045523,Falkirk,苏格兰超级联赛,右,188,79,0,0
Marcin Cebula,波兰,21,CAM,57,67,69,57,62,60,51,60,1972966,Korona Kielce,波兰甲级联赛,右,175,60,0,0
Nauris Bulvitis,瑞士,29,FB,57,57,66,40,59,47,56,62,2319768,FC Aarau,瑞士超级联赛,右,190,82,0,0
Joey Dujardin,比利时,20,FB,57,67,70,37,41,50,58,64,4706545,SV Zulte-Waregem,比利时甲级联赛,右,180,76,0,0
Martin Boyle,苏格兰,23,W,57,67,78,53,50,60,25,60,1173698,Dundee FC,苏格兰超级联赛,右,178,70,0,0
Marek Sokolowski,波兰,38,CM,57,57,47,54,61,60,64,50,1649144,Podbeskidzie Bielsko-Biała,波兰甲级联赛,右,180,75,0,0
Daniel Soares Brites,瑞士,24,ST,57,67,68,55,57,58,30,61,3006789,FC Luzern,瑞士超级联赛,右,185,76,0,0
Yann Songo'o,苏格兰,25,CB,57,61,60,36,38,31,52,68,5205650,Ross County FC,苏格兰超级联赛,右,185,79,0,0
Callum Tapping,苏格兰,23,FB,57,68,66,42,57,63,56,61,2057176,Heart of Midlothian,苏格兰超级联赛,右,178,70,0,0
Adam King,苏格兰,21,CAM,57,69,66,52,61,58,44,60,1761103,Heart of Midlothian,苏格兰超级联赛,右,180,75,0,0
Simon King,苏格兰,33,CB,57,57,64,23,45,39,55,64,2011370,Inverness Caledonian Thistle,苏格兰超级联赛,左,183,79,0,0
Karol Swiderski,波兰,19,ST,57,67,59,60,52,60,21,60,2214980,Jagiellonia Białystok,波兰甲级联赛,左,183,74,0,0
Sergiusz Prusak,波兰,37,FB,57,57,44,18,21,18,19,48,883804,Górnik Łęczna,波兰甲级联赛,右,193,93,0,0
Kevin Bigler,瑞士,24,FB,57,64,67,42,50,56,53,70,2916054,FC Thun,瑞士超级联赛,右,173,70,0,0
Grzegorz Piesio,波兰,28,CAM,57,58,60,52,59,60,46,64,1818844,Górnik Łęczna,波兰甲级联赛,右,185,81,0,0
Ali Yasar,比利时,21,FB,57,70,68,26,47,56,58,60,1292620,KV Kortrijk,比利时甲级联赛,左,180,70,0,0
Filip Jagiello,波兰,19,W,57,71,68,50,61,58,40,58,1118353,Zagłębie Lubin,波兰甲级联赛,右,180,70,0,0
Tibert Pont,瑞士,32,FB,57,61,62,45,54,54,50,69,1488595,Servette FC,瑞士超级联赛,右,178,70,0,0
Andrew Dawson,英格兰,38,CM,57,57,41,51,52,58,59,58,3505110,Hull City,英格兰超级联赛,左,175,71,3,3
Goran Jozinovic,瑞士,26,FB,57,61,65,25,46,50,62,55,1058067,Lugano,瑞士超级联赛,左,178,74,0,0
Marc McCallum,苏格兰,23,GK,57,66,18,14,17,12,15,52,2911084,Dundee United,苏格兰超级联赛,右,190,78,0,0
Kevin Neurohr,瑞士,25,CAM,57,65,66,52,55,59,48,46,3213615,FC Sion,瑞士超级联赛,右,170,59,0,0
Ryan Scully,苏格兰,24,FB,57,65,44,16,24,17,18,51,1870698,Partick Thistle F.C.,苏格兰超级联赛,右,185,76,0,0
Jonathan Franks,苏格兰,26,ST,57,59,74,52,47,58,34,68,1344720,Ross County FC,苏格兰超级联赛,右,175,73,0,0
Liam Smith,苏格兰,20,FB,57,64,69,27,50,53,57,60,1279618,Heart of Midlothian,苏格兰超级联赛,右,178,68,0,0
Petrus Boumal Mayega,法国,23,FB,57,70,66,47,60,56,53,60,1815016,FC Sochaux-Montbéliard,法国甲级联赛,左,175,75,0,0
Charles-Elie Leprevotte,德国,24,W,57,68,66,55,54,62,37,51,2358496,SC Freiburg,德国甲级联赛,右,178,73,0,0
Simone Grippo,瑞士,28,CM,57,58,57,55,63,59,48,72,2179476,FC Vaduz,瑞士超级联赛,右,188,82,2,0
Daimy Deflem,比利时,22,W,57,65,76,53,52,55,48,61,1587695,Waasland-Beveren,比利时甲级联赛,左,178,68,0,0
Abdulla Fatadi,瑞士,31,W,57,58,77,52,57,66,36,68,3464329,Neuchâtel Xamax,瑞士超级联赛,右,175,78,0,0
Collin van Eijk,荷兰,25,FB,57,61,53,13,24,16,12,42,2677330,Roda JC Kerkrade,荷兰甲级联赛,右,183,73,0,0
Yorick Antheunis,比利时,25,W,57,67,64,44,52,58,25,51,1182785,Sint-Truidense VV,比利时甲级联赛,右,168,60,0,0
Wojciech Malecki,波兰,26,GK,57,61,44,25,24,24,25,53,1332702,Korona Kielce,波兰甲级联赛,右,188,81,0,0
Nathaniel Wedderburn,苏格兰,25,CM,57,61,65,55,58,50,53,70,3159471,Inverness Caledonian Thistle,苏格兰超级联赛,左,185,85,0,0
Maciej Manka,波兰,27,FB,57,59,66,52,41,52,54,74,3299087,Polonia Bytom,波兰甲级联赛,右,183,76,0,0
Vladimirs Kamess,波兰,28,W,57,60,71,61,49,67,28,52,2958712,Pogoń Szczecin,波兰甲级联赛,左,178,72,0,0
Marcin Flis,波兰,22,FB,57,63,71,29,42,44,58,62,2229371,GKS Bełchatów,波兰甲级联赛,左,183,75,0,0
Mark Stewart,苏格兰,28,ST,57,61,72,55,44,60,28,63,2255484,Falkirk,苏格兰超级联赛,右,170,66,0,0
Matias Malvino,瑞士,24,CB,57,63,60,25,31,30,58,67,2451145,Lugano,瑞士超级联赛,右,188,79,0,0
Kamil Dankowski,波兰,20,W,57,67,73,52,51,58,41,52,1938543,Śląsk Wrocław,波兰甲级联赛,右,178,67,0,0
Simon van Zeelst,荷兰,22,FB,57,63,61,44,59,60,57,62,1271000,Willem II,荷兰甲级联赛,右,185,70,0,0
Raul Dominguez,西班牙,30,GK,57,62,56,12,21,14,15,46,1626204,Hércules Club de Fútbol,西班牙甲级联赛,右,180,75,0,0
David Stephens,苏格兰,25,CB,57,63,54,31,36,29,59,62,3381795,Hibernian,苏格兰超级联赛,右,193,92,0,0
Joshua Nadeau,法国,22,CB,57,66,62,28,32,38,64,63,2700448,AC Ajaccio,法国甲级联赛,右,183,85,0,0
Alen Melunovic,波兰,26,ST,57,62,62,50,35,47,29,66,1905834,Widzew Łódź,波兰甲级联赛,右,190,79,0,0
Paul Burns,苏格兰,32,CM,57,60,54,47,62,62,55,62,2119737,Dunfermline Athletic,苏格兰超级联赛,右,178,64,0,0
Dominik Sadzawicki,波兰,22,CB,57,60,64,29,39,46,61,67,1696463,Polonia Bytom,波兰甲级联赛,右,185,78,0,0
Mark Twaddle,苏格兰,30,FB,57,62,68,28,45,42,56,65,2446930,Falkirk,苏格兰超级联赛,左,185,68,0,0
Darren Maatsen,荷兰,26,ST,57,63,91,54,45,56,26,69,888293,Excelsior,荷兰甲级联赛,右,183,71,0,0
Connor Laerenbergh,比利时,23,ST,57,69,72,60,42,56,17,64,3876359,Beerschot AC,比利时甲级联赛,左,180,78,0,0
Jose Espinal,比利时,34,ST,57,60,69,54,51,52,25,63,1197342,KV Kortrijk,比利时甲级联赛,右,178,68,0,0
Pascal Doubai,瑞士,24,W,57,62,66,52,58,58,41,66,812168,BSC Young Boys,瑞士超级联赛,右,183,72,0,0
Volodymyr Koval,波兰,24,ST,57,62,69,58,40,54,15,60,2263653,Termalica Bruk-Bet Nieciecza,波兰甲级联赛,右,175,69,0,0
Elvis Bratanovic,波兰,24,ST,57,63,64,60,49,60,18,57,2448164,Lechia Gdańsk,波兰甲级联赛,右,183,83,0,0
Alexis De Sart,比利时,20,FB,57,69,62,42,55,60,54,59,2866868,Sint-Truidense VV,比利时甲级联赛,右,180,75,0,0
David Elebert,苏格兰,30,FB,57,57,67,28,41,42,53,67,1161569,Hamilton Academical FC,苏格兰超级联赛,右,185,85,0,0
Daniel Panizzolo,比利时,30,FB,57,62,61,35,48,40,54,68,2900641,KAS Eupen,比利时甲级联赛,右,183,75,0,0
Jack Leitch,苏格兰,21,W,57,69,72,51,59,61,47,56,2013614,Motherwell,苏格兰超级联赛,右,175,65,0,0
Yani Urdinov,波兰,25,FB,57,62,66,43,53,52,55,67,1277640,Widzew Łódź,波兰甲级联赛,左,175,76,0,0
Anssi Jaakkola,苏格兰,29,CB,57,61,58,16,16,10,14,64,2066786,Kilmarnock,苏格兰超级联赛,右,193,88,0,0
Craig Wighton,苏格兰,19,W,57,68,69,55,57,62,15,52,1066372,Dundee FC,苏格兰超级联赛,右,185,72,0,0
Gary Fisher,苏格兰,24,FB,57,66,68,37,57,48,57,76,6333502,Kilmarnock,苏格兰超级联赛,右,180,75,0,0
Daniel Kaufmann,瑞士,26,CB,57,61,56,28,43,38,58,61,2469259,FC Vaduz,瑞士超级联赛,右,185,81,0,0
Niels Mestdagh,比利时,23,FB,57,60,68,48,54,62,56,55,1275524,KSV Cercle Brugge,比利时甲级联赛,左,178,68,0,0
Patrick Dytko,波兰,22,W,57,62,85,50,47,58,24,49,3435716,Piast Gliwice,波兰甲级联赛,右,170,64,0,0
Kyle Hutton,苏格兰,25,FB,57,62,69,41,60,56,51,69,2558257,Dunfermline Athletic,苏格兰超级联赛,右,188,78,0,0
Nicolas Haas,瑞士,20,FB,57,71,73,51,59,56,54,54,2150944,FC Luzern,瑞士超级联赛,右,170,60,1,0
Jordan Robertson,苏格兰,28,ST,57,60,62,53,41,52,33,67,4436342,St. Johnstone FC,苏格兰超级联赛,右,183,79,0,0
Christ Mbondi,瑞士,24,ST,57,67,70,53,38,61,20,62,2905650,FC Sion,瑞士超级联赛,右,180,75,0,0
Gilles Dewaele,比利时,20,FB,57,69,66,37,49,42,56,59,1354162,KSV Cercle Brugge,比利时甲级联赛,右,180,72,0,0
Marko Obradovic,比利时,25,ST,57,71,59,58,42,48,18,61,2747959,KAS Eupen,比利时甲级联赛,右,188,84,0,0
Sebastian Bonecki,波兰,21,FB,57,64,64,47,51,52,57,63,1007750,Zagłębie Lubin,波兰甲级联赛,右,180,72,0,0
Alec Luyckx,比利时,21,CAM,57,67,63,53,59,62,43,48,3505570,Waasland-Beveren,比利时甲级联赛,右,175,66,0,0
Rudolf Urban,波兰,36,CM,57,57,55,52,60,58,51,60,1006260,Podbeskidzie Bielsko-Biała,波兰甲级联赛,右,180,80,0,0
David Mitchell,苏格兰,26,GK,57,59,48,21,27,21,16,50,2054897,Dundee FC,苏格兰超级联赛,右,183,83,0,0
James Chambers,苏格兰,29,CM,57,57,58,54,58,54,52,77,1983806,Hamilton Academical FC,苏格兰超级联赛,右,180,77,0,0
Daniel Oprita,瑞士,35,ST,57,57,65,56,55,59,28,63,2185466,FC Aarau,瑞士超级联赛,右,183,82,0,0
Ben Richards-Everton,苏格兰,25,CB,57,62,60,28,31,34,58,67,2039873,Motherwell,苏格兰超级联赛,右,190,82,0,0
Miha Mevlja,瑞士,26,FB,57,65,54,37,55,52,52,65,1594030,FC Lausanne-Sports,瑞士超级联赛,右,190,85,0,0
Pedro Chirivella,英格兰,19,CM,57,66,54,44,61,56,58,56,1211995,Swansea City,英格兰超级联赛,右,178,66,0,0
Harry Souttar,苏格兰,18,FB,57,77,57,28,45,55,55,68,3148674,Dundee United,苏格兰超级联赛,右,198,80,0,0
Jorge Intima,葡萄牙,21,W,57,69,78,53,45,64,18,61,2902544,FC Arouca,葡萄牙超级联赛,右,175,72,0,0
Steven Ross,苏格兰,23,W,56,67,68,52,51,60,44,57,1589261,Ross County FC,苏格兰超级联赛,右,183,71,0,0
Daniele Russo,瑞士,31,CM,56,56,44,42,43,46,54,63,3383855,FC St. Gallen,瑞士超级联赛,右,193,84,0,0
Marco Da Silva,法国,24,CM,56,63,58,45,59,60,53,65,1491246,Valenciennes FC,法国甲级联赛,右,183,72,1,0
Chadrac Akolo,瑞士,21,W,56,70,73,53,46,60,26,47,1256799,FC Sion,瑞士超级联赛,右,173,72,0,0
Sebastien Lamonge,法国,20,CAM,56,70,57,46,64,59,44,42,1347559,Stade Rennais FC,法国甲级联赛,右,170,65,0,0
Fabrizio Alastra,意大利,19,FB,56,68,48,18,21,18,18,54,2502049,Roma,意大利甲级联赛,右,185,79,0,0
Kyle Jacobs,苏格兰,25,FB,56,65,66,41,61,62,44,60,2100578,Kilmarnock,苏格兰超级联赛,右,170,60,0,0
Yannick Rymenants,比利时,27,FB,56,65,74,55,57,64,54,60,1227393,Sint-Truidense VV,比利时甲级联赛,左,178,73,0,0
Marin Jakolis,比利时,20,ST,56,71,64,56,44,60,14,52,1851262,Royal Excel Mouscron,比利时甲级联赛,右,183,67,0,0
Remo Staubli,瑞士,28,ST,56,65,67,55,44,60,30,58,1115892,FC Aarau,瑞士超级联赛,右,188,75,0,0
Garry Hay,苏格兰,39,CB,56,56,50,11,58,50,60,78,634106,Kilmarnock,苏格兰超级联赛,左,173,64,0,0
Marc Klok,苏格兰,23,FB,56,63,64,45,56,58,50,59,2669389,Ross County FC,苏格兰超级联赛,右,175,72,0,0
Steven Old,苏格兰,30,CB,56,66,56,20,47,48,55,69,1574631,Kilmarnock,苏格兰超级联赛,右,190,85,0,0
Krystian Kujawa,波兰,20,CB,56,67,61,29,30,26,58,67,2660798,Wisła Kraków,波兰甲级联赛,右,193,80,0,0
Harun Alpsoy,瑞士,19,FB,56,70,68,42,55,52,52,64,1449041,Grasshopper Club Zürich,瑞士超级联赛,右,185,78,0,0
Marco Buerki,瑞士,23,CB,56,64,60,27,41,37,55,72,1440187,BSC Young Boys,瑞士超级联赛,左,183,80,0,0
David Moser,瑞士,27,ST,56,63,37,31,25,24,25,45,3451137,FC Thun,瑞士超级联赛,右,185,75,0,0
Kamil Jozwiak,波兰,18,W,56,75,80,45,51,59,30,57,1286971,Lech Poznań,波兰甲级联赛,右,175,70,0,0
Pawel Strak,波兰,33,CM,56,56,37,49,47,44,55,64,2336127,Zawisza Bydgoszcz,波兰甲级联赛,右,188,84,0,0
Viktor Genev,苏格兰,28,CB,56,61,62,28,35,36,59,62,1415025,St. Mirren,苏格兰超级联赛,右,188,72,0,0
Dylan Ragolle,比利时,22,CM,56,64,52,41,56,55,54,65,1617243,KV Kortrijk,比利时甲级联赛,右,185,80,0,0
Mathieu Debonnaire,瑞士,29,FB,56,56,32,25,23,23,24,46,1226944,FC Lausanne-Sports,瑞士超级联赛,左,188,81,0,0
Giuseppe Morello,瑞士,31,W,56,62,70,54,51,58,37,56,2018039,FC Thun,瑞士超级联赛,右,175,73,0,0
Vincent Sierro,瑞士,21,FB,56,66,68,42,60,52,43,59,2179222,FC Sion,瑞士超级联赛,右,183,74,2,0
Joel Thomas,苏格兰,29,ST,56,59,73,63,39,44,16,58,1986851,Hamilton Academical FC,苏格兰超级联赛,右,185,78,0,0
"Chistopher Mfuyi,25",瑞士,27,FB,56,64,60,46,54,52,53,53,2123965,Servette FC,瑞士超级联赛,右,183,75,0,0
Stewart Murdoch,苏格兰,26,W,56,58,67,38,55,56,37,62,1595362,Ross County FC,苏格兰超级联赛,右,183,69,0,0
Vytautas Cerniauskas,波兰,27,FB,56,60,42,23,27,22,25,48,2109339,Korona Kielce,波兰甲级联赛,左,190,75,0,0
Aiden Chippendale,苏格兰,24,W,56,63,76,42,51,56,34,61,949447,Celtic,苏格兰超级联赛,左,173,68,0,0
Brian McQueen,苏格兰,25,FB,56,64,64,33,48,40,50,61,2171033,Hamilton Academical FC,苏格兰超级联赛,右,185,74,0,0
Krzystof Piatek,波兰,21,ST,56,62,60,57,47,51,17,64,1570905,Zagłębie Lubin,波兰甲级联赛,右,183,73,0,0
Graeme Owens,苏格兰,28,FB,56,64,64,44,46,58,50,61,2054828,Kilmarnock,苏格兰超级联赛,右,178,72,0,0
Gregory Lazitch,比利时,24,FB,56,64,62,43,48,40,56,60,1521121,Sporting Charleroi,比利时甲级联赛,左,178,67,0,0
Gavin Morrison,苏格兰,26,CM,56,69,62,53,59,55,48,64,4874590,Inverness Caledonian Thistle,苏格兰超级联赛,右,180,76,0,0
Mirson Volina,瑞士,26,ST,56,64,56,57,57,58,37,67,2107717,FC Thun,瑞士超级联赛,右,180,71,0,0
Alois Confais,法国,20,CAM,56,69,63,51,65,61,52,44,3028986,ES Troyes AC,法国甲级联赛,右,175,61,0,0
Lennard Sowah,英格兰,24,FB,56,62,69,54,59,57,53,67,2595719,Portsmouth,英格兰超级联赛,左,188,82,0,0
David Marazzi,瑞士,32,FB,56,56,64,51,56,54,52,65,3996922,FC Aarau,瑞士超级联赛,左,178,70,0,0
Vincent Bikana,瑞士,24,FB,56,66,58,44,49,42,50,69,1284715,Neuchâtel Xamax,瑞士超级联赛,右,185,85,0,0
Gabriel,苏格兰,27,CM,56,64,34,48,42,42,54,59,2283202,Partick Thistle F.C.,苏格兰超级联赛,右,185,84,0,0
Ferid Matri,瑞士,22,CB,56,68,33,31,40,42,56,55,3127232,FC Luzern,瑞士超级联赛,左,190,88,0,0
Lex van Haeften,荷兰,29,FB,56,64,52,13,23,24,12,55,1272843,Excelsior,荷兰甲级联赛,右,198,84,0,0
Eduardo Jumisse,葡萄牙,32,FB,56,63,73,45,54,49,60,76,840443,Portimonense,葡萄牙超级联赛,右,180,72,0,0
Christopher Teichmann,瑞士,21,FB,56,75,68,49,55,56,48,61,3033157,FC Aarau,瑞士超级联赛,右,178,58,0,0
Jack Hendry,苏格兰,21,FB,56,68,64,37,49,49,54,67,2016210,Partick Thistle F.C.,苏格兰超级联赛,右,188,76,0,0
Abdelouahed Chakhsi,瑞士,30,FB,56,62,66,48,58,57,54,71,1094391,FC Lausanne-Sports,瑞士超级联赛,右,183,77,0,0
Mario Matos,比利时,28,ST,56,60,36,15,13,14,12,48,2373564,Tubize,比利时甲级联赛,左,185,82,0,0
Marcis Oss,波兰,25,CB,56,60,58,28,28,26,58,70,2142980,Polonia Bytom,波兰甲级联赛,右,193,82,0,0
Sam Morrow,苏格兰,31,ST,56,56,61,57,48,54,18,59,1369479,Ross County FC,苏格兰超级联赛,右,183,78,0,0
Josu,波兰,23,W,56,64,64,50,57,56,32,46,2736368,Górnik Łęczna,波兰甲级联赛,左,175,66,0,0
Daniel Fanger,瑞士,28,FB,56,72,71,46,51,53,54,66,2454461,FC Luzern,瑞士超级联赛,左,190,77,0,0
John Sullivan,苏格兰,25,CM,56,58,53,52,55,54,56,58,2418267,Motherwell,苏格兰超级联赛,右,183,74,0,0
Kevin Luckassen,苏格兰,23,ST,56,69,81,54,43,54,22,73,2540645,Ross County FC,苏格兰超级联赛,右,185,76,0,0
Iain Davidson,苏格兰,32,CM,56,56,58,47,58,60,56,64,1918125,Dundee FC,苏格兰超级联赛,右,180,75,0,0
Mariusz Rybicki,波兰,23,W,56,68,80,61,44,66,23,54,1818660,Widzew Łódź,波兰甲级联赛,右,175,55,0,0
Cornel Predescu,波兰,29,FB,56,57,66,40,63,60,43,62,2675358,Zawisza Bydgoszcz,波兰甲级联赛,右,178,76,0,0
Boliguibia Ouattara,波兰,28,CB,56,60,73,29,43,34,60,67,1875426,Korona Kielce,波兰甲级联赛,右,185,77,0,0
Matthew Cooper,苏格兰,22,FB,56,67,54,36,52,49,55,63,2273257,Inverness Caledonian Thistle,苏格兰超级联赛,右,188,77,0,0
Kevin Holt,苏格兰,23,FB,56,62,64,34,37,52,58,63,2228643,Dundee FC,苏格兰超级联赛,左,185,70,0,0
Graham Gartland,苏格兰,33,CM,56,56,32,38,45,52,55,49,1036473,St. Johnstone FC,苏格兰超级联赛,左,188,82,0,0
Lewis McLear,苏格兰,20,W,56,68,68,48,54,60,30,51,2094956,St. Mirren,苏格兰超级联赛,右,175,69,0,0
Seweryn Michalski,波兰,22,CB,56,62,53,29,34,36,56,65,5424326,GKS Bełchatów,波兰甲级联赛,右,193,80,0,0
Gael Nlundulu,瑞士,24,W,56,64,80,53,43,62,26,59,2635615,FC Lausanne-Sports,瑞士超级联赛,右,183,78,0,0
Diego Gonzalez,西班牙,21,FB,56,68,64,28,37,50,57,63,2325362,Athletic Club de Bilbao,西班牙甲级联赛,左,183,86,0,0
Dermot McCaffrey,苏格兰,30,CB,56,62,54,26,45,38,58,63,1615867,Heart of Midlothian,苏格兰超级联赛,左,180,69,0,0
Bartosz Jaroch,波兰,21,FB,56,61,61,34,47,48,60,60,1668957,Podbeskidzie Bielsko-Biała,波兰甲级联赛,右,183,72,0,0
Jasper van der Heyden,比利时,21,W,56,69,76,52,48,61,26,55,2857938,KAA Gent,比利时甲级联赛,右,178,70,0,0
Darren Lyon,苏格兰,21,FB,56,68,68,43,55,56,53,57,1889629,Hamilton Academical FC,苏格兰超级联赛,右,185,76,0,0
Oumar Diaby,苏格兰,26,ST,56,58,53,55,47,50,22,67,766718,Aberdeen,苏格兰超级联赛,右,188,80,0,0
Craig Storie,苏格兰,20,FB,56,70,64,42,55,60,50,65,1475309,Aberdeen,苏格兰超级联赛,右,175,71,0,0
Mateusz Wieteska,波兰,19,CB,56,68,64,29,34,36,57,64,1692144,Legia Warszawa,波兰甲级联赛,右,188,77,0,0
Ming Yang Yang,瑞士,21,CAM,56,65,62,46,57,62,48,55,2293043,FC Lausanne-Sports,瑞士超级联赛,右,175,65,0,0
Joshua Silva,波兰,26,FB,56,60,66,50,60,53,52,68,1876710,Śląsk Wrocław,波兰甲级联赛,左,193,78,0,0
Maciej Kostrzewa,波兰,25,CM,56,66,64,43,62,61,45,59,1918516,Lechia Gdańsk,波兰甲级联赛,右,190,80,0,0
Thomas Welnicki,波兰,26,FB,56,60,60,45,41,48,55,63,2856797,Polonia Bytom,波兰甲级联赛,右,185,77,0,0
Ben Hutchinson,苏格兰,29,ST,56,61,64,56,46,58,22,59,1119270,Kilmarnock,苏格兰超级联赛,右,180,81,0,0
Domagoj Pusic,瑞士,25,FB,56,61,54,35,56,53,50,64,1938150,Lugano,瑞士超级联赛,右,188,84,0,0
Adam Ryczkowski,波兰,19,ST,56,66,69,56,44,60,22,56,1587384,Legia Warszawa,波兰甲级联赛,右,178,71,0,0
Filipe,意大利,29,CAM,55,55,52,60,63,67,39,65,3380626,Roma,意大利甲级联赛,右,178,72,0,0
"Swen Koenig,24",瑞士,31,ST,55,55,58,31,31,23,24,53,971344,Grasshopper Club Zürich,瑞士超级联赛,右,188,90,0,0
Paul Willis,苏格兰,25,CAM,55,67,64,44,57,55,42,42,1966451,Dunfermline Athletic,苏格兰超级联赛,右,185,73,0,0
Dominic Thomas,苏格兰,20,CAM,55,65,64,48,58,56,49,50,1936486,Motherwell,苏格兰超级联赛,左,170,65,0,0
Luciano Dompig,比利时,29,ST,55,62,70,50,47,58,26,66,1542536,KSV Cercle Brugge,比利时甲级联赛,右,183,78,0,0
Mathieu Salamand,瑞士,25,CM,55,62,58,56,53,50,49,67,1414542,FC Thun,瑞士超级联赛,右,178,70,0,0
Pascal Thrier,瑞士,32,CB,55,55,60,26,39,44,59,62,893150,FC St. Gallen,瑞士超级联赛,右,180,75,0,0
Christophe Lambert,瑞士,29,FB,55,65,66,49,48,56,52,59,2469842,FC Luzern,瑞士超级联赛,右,173,68,0,0
Bastien Geiger,瑞士,31,FB,55,63,66,51,51,54,51,68,1697799,Neuchâtel Xamax,瑞士超级联赛,右,178,72,0,0
Freddy Mveng,瑞士,24,FB,55,64,74,49,57,56,45,70,1399226,Neuchâtel Xamax,瑞士超级联赛,右,175,80,0,0
Cameron Kerr,苏格兰,21,FB,55,67,70,28,40,48,55,62,947770,Dundee FC,苏格兰超级联赛,右,180,75,0,0
Davide Mariani,瑞士,25,FB,55,58,68,41,51,56,41,67,3037369,FC Zürich,瑞士超级联赛,右,175,73,0,0
Mateusz Kwiatkowski,波兰,24,W,55,62,83,52,44,50,25,52,2061870,Ruch Chorzów,波兰甲级联赛,右,168,60,0,0
Sangone Sarr,瑞士,24,CAM,55,63,64,42,62,51,42,59,2665281,FC Zürich,瑞士超级联赛,右,180,70,0,0
Volodymyr Tanchyk,波兰,25,FB,55,58,86,38,54,58,53,52,1123514,Cracovia,波兰甲级联赛,右,165,67,0,0
Lorenzo Davids,荷兰,30,FB,55,57,64,55,53,55,54,72,1679292,N.E.C.,荷兰甲级联赛,左,180,77,0,0
Sean Lynch,苏格兰,29,CM,55,69,58,53,54,60,46,65,1671193,St. Mirren,苏格兰超级联赛,右,178,68,0,0
Enes Fermino,瑞士,29,CAM,55,68,66,50,57,55,48,60,1732624,FC Sion,瑞士超级联赛,右,183,75,0,0
Warren Feeney,苏格兰,35,ST,55,55,65,52,58,52,28,74,1731502,Dundee United,苏格兰超级联赛,右,178,66,0,0
Dzikamai Andre Gwaze,波兰,27,W,55,57,82,60,53,64,44,65,4658281,Polonia Bytom,波兰甲级联赛,右,178,71,0,0
Daniel Dunst,瑞士,32,FB,55,55,66,38,51,63,53,64,529885,FC St. Gallen,瑞士超级联赛,右,180,78,0,0
Manuel Rivera,瑞士,38,CAM,55,57,54,53,56,57,44,50,1075962,AC Bellinzona,瑞士超级联赛,左,170,68,0,0
Rafal Makowski,波兰,20,CB,55,67,62,28,28,28,56,70,1398840,Legia Warszawa,波兰甲级联赛,右,190,79,0,0
Maxime Dominguez,瑞士,20,W,55,66,64,45,51,67,33,52,2056992,FC Zürich,瑞士超级联赛,左,173,63,0,0
Conor Pepper,苏格兰,22,CAM,55,72,70,53,64,57,43,56,1568176,Inverness Caledonian Thistle,苏格兰超级联赛,右,173,76,0,0
Imran Bunjaku,瑞士,24,CAM,55,65,65,53,52,60,51,55,2148389,FC Sion,瑞士超级联赛,右,178,67,0,0
Samir Ramizi,瑞士,25,ST,55,62,54,55,37,48,16,63,860477,Servette FC,瑞士超级联赛,右,183,75,0,0
Mike Tullberg,苏格兰,31,ST,55,68,57,53,43,50,27,74,1983726,Heart of Midlothian,苏格兰超级联赛,左,188,85,0,0
Jaroslaw Kubicki,波兰,21,FB,55,61,60,39,53,52,52,58,1445417,Zagłębie Lubin,波兰甲级联赛,右,178,69,0,0
Hugo Cianci,法国,27,FB,55,66,71,40,50,56,56,62,1032070,Grenoble Foot 38,法国甲级联赛,右,178,71,0,0
Norman Peyretti,瑞士,22,ST,55,65,63,57,52,60,30,53,2521297,FC Luzern,瑞士超级联赛,右,183,74,0,0
Piotr Zemlo,波兰,21,CB,55,63,58,26,33,30,55,66,1923676,Wisła Kraków,波兰甲级联赛,左,190,76,0,0
Dominic Foley,比利时,40,CAM,55,55,32,57,61,52,34,62,883948,KSV Cercle Brugge,比利时甲级联赛,左,185,80,0,0
Ibrahim Kone,法国,27,CB,55,69,35,17,16,12,13,61,1357447,US Boulogne Cote D'Opale,法国甲级联赛,右,190,85,0,0
Dany da Silva,瑞士,23,FB,55,63,44,23,24,22,25,48,1273309,FC Sion,瑞士超级联赛,右,188,78,0,0
Stuart Findlay,苏格兰,21,CB,55,67,60,29,29,30,58,64,1200894,Kilmarnock,苏格兰超级联赛,左,193,85,0,0
Sava Miladinovic Bento,瑞士,25,FB,55,58,66,47,55,54,46,62,1941867,FC Luzern,瑞士超级联赛,右,183,72,0,0
Robert Bartczak,波兰,20,W,55,65,78,50,46,60,27,50,1808828,Legia Warszawa,波兰甲级联赛,右,178,71,0,0
Plamen Krachunov,苏格兰,27,CB,55,56,58,26,35,31,58,64,1519717,Kilmarnock,苏格兰超级联赛,右,188,77,0,0
Erwin Koffi,法国,21,W,55,59,73,49,46,62,23,56,1509813,FC Lorient,法国甲级联赛,右,178,78,0,0
Cribari,意大利,36,FB,55,55,55,36,39,48,54,60,1584911,Lazio,意大利甲级联赛,左,185,72,0,0
Hendrik van Crombrugge,比利时,23,ST,55,69,58,20,30,16,15,63,1611946,Sint-Truidense VV,比利时甲级联赛,左,188,87,0,0
Fraser Mullen,苏格兰,23,FB,55,71,70,28,39,52,56,66,1534908,Heart of Midlothian,苏格兰超级联赛,右,175,73,0,0
Kieran Sadlier,苏格兰,22,W,55,65,67,53,51,58,18,47,1270969,St. Mirren,苏格兰超级联赛,右,178,66,0,0
Sebastian Kaminski,波兰,24,W,55,62,66,57,54,59,24,52,808965,Zawisza Bydgoszcz,波兰甲级联赛,右,180,71,0,0
Norbert Misiak,波兰,22,W,55,64,71,50,50,60,25,50,829344,Korona Kielce,波兰甲级联赛,右,183,75,0,0
Davide Taini,瑞士,40,ST,55,55,46,29,31,25,25,54,509387,Grasshopper Club Zürich,瑞士超级联赛,右,190,88,0,0
Eoghan O'Connell,苏格兰,21,CB,55,67,58,28,31,38,57,65,2006800,Celtic,苏格兰超级联赛,右,185,80,0,0
Julen Etxabeguren,苏格兰,25,CB,55,59,58,28,29,28,60,63,658286,Dundee FC,苏格兰超级联赛,右,188,83,0,0
Aaron Splaine,苏格兰,20,W,55,63,66,53,54,52,41,48,1447599,Kilmarnock,苏格兰超级联赛,左,173,74,0,0
Milos Obradovic,葡萄牙,29,CB,55,62,63,34,55,44,59,74,2813273,"União de Leiria, SAD",葡萄牙超级联赛,左,183,74,0,0
Connor Randall,英格兰,21,FB,55,69,66,50,58,58,56,57,1211972,Liverpool,英格兰超级联赛,右,180,76,0,0
Christopher Mitchell,苏格兰,28,FB,55,59,68,34,59,42,52,70,1875023,Falkirk,苏格兰超级联赛,右,175,68,0,0
John Herron,苏格兰,22,W,55,61,68,49,58,56,40,53,2848141,Motherwell,苏格兰超级联赛,右,183,73,0,0
Patryk Wolanski,波兰,25,FB,55,60,60,16,26,16,16,42,1044638,Widzew Łódź,波兰甲级联赛,右,188,81,0,0
Branislav Micic,苏格兰,26,CM,55,58,59,47,52,56,48,67,2393845,Ross County FC,苏格兰超级联赛,左,185,83,0,0
Mike Gomes,瑞士,28,FB,55,63,68,48,50,55,52,61,1490248,Neuchâtel Xamax,瑞士超级联赛,右,183,75,0,0
Ivan Markovic,波兰,22,ST,55,61,68,55,32,49,16,62,3206657,Korona Kielce,波兰甲级联赛,右,185,76,0,0
Oliver Klaus,瑞士,26,FB,55,57,54,13,23,17,14,54,787919,FC Vaduz,瑞士超级联赛,右,183,80,0,0
Michal Gliwa,波兰,28,CM,55,62,24,26,24,25,25,43,1136089,Zagłębie Lubin,波兰甲级联赛,右,188,76,0,0
Gerrit Pressel,荷兰,26,FB,55,67,61,28,41,44,54,62,873446,Willem II,荷兰甲级联赛,左,180,72,0,0
Ulisse Pelloni,瑞士,22,FB,55,68,42,24,24,22,24,45,1623533,FC Aarau,瑞士超级联赛,右,183,78,0,0
David Syme,苏格兰,19,CB,55,69,62,25,33,32,58,59,2516401,Kilmarnock,苏格兰超级联赛,右,190,86,0,0
Michael Rose,苏格兰,22,CB,55,62,54,29,34,34,58,48,1430050,St. Johnstone FC,苏格兰超级联赛,右,180,70,0,0
Djordje Susnjar,瑞士,24,ST,55,61,60,55,41,54,14,61,1146134,Lugano,瑞士超级联赛,右,185,78,1,0
Charles Traore,法国,24,FB,55,60,60,30,34,53,60,59,1223022,ES Troyes AC,法国甲级联赛,左,180,74,0,0
Florian Kamberi,瑞士,21,ST,54,64,64,54,44,56,22,68,823117,Grasshopper Club Zürich,瑞士超级联赛,右,188,84,1,0
Lewis Horner,苏格兰,24,CM,54,58,62,49,58,56,48,71,1212916,Inverness Caledonian Thistle,苏格兰超级联赛,右,180,75,0,0
Kevin Mbabu,英格兰,21,CB,54,66,66,28,33,42,61,64,1315889,Newcastle United,英格兰超级联赛,右,183,78,0,0
Cedric Itten,瑞士,20,ST,54,68,56,52,38,50,16,61,1200354,FC Basel,瑞士超级联赛,右,185,80,1,0
Jerome Schneider,瑞士,35,FB,54,54,58,44,48,48,50,59,1608554,Servette FC,瑞士超级联赛,右,183,73,0,0
Craig Moore,苏格兰,22,ST,54,62,64,56,40,51,25,57,2130749,Motherwell,苏格兰超级联赛,右,173,70,0,0
Kamil Kuczak,波兰,20,W,54,59,60,47,51,62,34,59,1654552,Wisła Kraków,波兰甲级联赛,右,170,68,0,0
Wojciech Zyska,波兰,22,CAM,54,67,62,53,54,58,47,64,1192056,Lechia Gdańsk,波兰甲级联赛,右,183,76,0,0
Damian Szymanski,波兰,21,CAM,54,61,62,51,56,56,50,51,1843485,GKS Bełchatów,波兰甲级联赛,右,180,70,0,0
Konrad Jalocha,波兰,25,FB,54,60,48,25,26,24,25,53,1507359,Legia Warszawa,波兰甲级联赛,右,201,85,0,0
Raphael Koch,瑞士,26,FB,54,59,64,46,53,50,52,57,741590,FC Zürich,瑞士超级联赛,右,185,75,0,0
Damian Jakubik,波兰,26,CB,54,56,59,29,29,27,59,61,780671,Górnik Łęczna,波兰甲级联赛,右,183,77,0,0
Kwame Franck Elie Mawuena,比利时,24,ST,54,67,70,53,43,53,15,63,2666158,Beerschot AC,比利时甲级联赛,右,188,84,0,0
Fousseyni Cisse,瑞士,27,ST,54,56,63,55,42,50,24,56,990227,FC Sion,瑞士超级联赛,右,196,80,0,0
Paul Grant,苏格兰,23,FB,54,68,46,24,25,20,24,55,1702587,Inverness Caledonian Thistle,苏格兰超级联赛,右,183,77,0,0
Sven Joss,瑞士,22,FB,54,63,74,26,31,48,55,60,891266,FC Thun,瑞士超级联赛,右,178,68,1,0
Scott Wright,苏格兰,19,W,54,69,70,50,49,60,25,36,968255,Aberdeen,苏格兰超级联赛,右,175,65,0,0
Lewis Morgan,苏格兰,20,W,54,65,63,46,55,56,40,52,1508114,Hamilton Academical FC,苏格兰超级联赛,右,178,75,0,0
Jude Winchester,苏格兰,23,W,54,62,72,50,54,60,34,54,487463,Kilmarnock,苏格兰超级联赛,右,178,69,0,0
William Haining,苏格兰,34,CB,54,54,56,23,39,34,59,72,794429,St. Mirren,苏格兰超级联赛,右,183,78,0,0
Julien Rodriguez,法国,38,CM,54,54,34,31,45,42,57,39,1170034,Olympique de Marseille,法国甲级联赛,右,183,80,0,0
Maxime Vandermeulen,比利时,20,FB,54,68,42,25,24,25,25,45,1695963,Sporting Charleroi,比利时甲级联赛,右,180,75,0,0
El Fardou Ben Nabouhane,法国,27,ST,54,74,64,50,50,56,21,57,1180845,Le Havre AC,法国甲级联赛,右,173,78,0,0
Milos Bakrac,瑞士,24,CB,54,62,54,34,40,30,50,62,750287,Grasshopper Club Zürich,瑞士超级联赛,右,188,80,0,0
Pape Moussa Diakhate,比利时,27,FB,54,61,62,47,49,48,52,70,3374416,KAS Eupen,比利时甲级联赛,右,183,76,0,0
Florian Julien,法国,23,FB,54,67,66,47,54,51,54,62,866484,Stade Brestois 29,法国甲级联赛,右,175,70,0,0
Fatih Atik,法国,32,CAM,54,54,50,59,59,55,36,48,1386296,En Avant de Guingamp,法国甲级联赛,右,175,70,2,1
Albion Avdijaj,瑞士,22,ST,54,61,50,50,37,48,23,64,1721056,FC Vaduz,瑞士超级联赛,右,190,80,2,0
Alex Portillo,西班牙,24,CB,54,58,63,27,36,39,61,57,1023704,Real Betis Balompié,西班牙甲级联赛,左,180,72,0,0
Ilija Ivic,瑞士,25,FB,54,59,62,52,50,54,48,66,2130183,FC St. Gallen,瑞士超级联赛,右,185,79,0,0
Joseph Chalmers,苏格兰,22,CB,54,61,50,38,40,43,60,68,1714991,Motherwell,苏格兰超级联赛,右,178,72,0,0
Antonio Signori Dominique,瑞士,22,FB,54,67,41,24,24,25,25,42,1590323,FC Lausanne-Sports,瑞士超级联赛,右,185,75,0,0
Steve Williams,苏格兰,29,CB,54,56,62,19,36,22,55,69,1226940,Inverness Caledonian Thistle,苏格兰超级联赛,右,193,85,0,0
Kieran Kennedy,苏格兰,23,CB,54,64,52,24,34,37,56,66,3268921,Motherwell,苏格兰超级联赛,右,183,70,0,0
Jim Paterson,苏格兰,37,FB,54,54,60,46,52,56,54,63,1288611,Aberdeen,苏格兰超级联赛,左,175,82,0,0
Corentin Kocur,比利时,21,CM,54,64,56,38,57,64,49,46,689996,Royal Excel Mouscron,比利时甲级联赛,右,178,70,0,0
Aldin Turkes,瑞士,20,ST,54,65,54,56,43,46,14,60,1878502,FC Thun,瑞士超级联赛,右,193,75,0,0
Fodie Traore,法国,31,CM,54,62,56,46,56,52,58,49,1104839,Stade Brestois 29,法国甲级联赛,右,175,68,0,0
Carlo Evertz,比利时,26,W,54,64,57,51,52,60,26,52,1601895,Sint-Truidense VV,比利时甲级联赛,右,178,67,0,0
Nikola Milosavljevic,瑞士,20,W,54,68,66,43,59,61,36,51,1121304,FC St. Gallen,瑞士超级联赛,右,178,68,0,0
Gary Oliver,苏格兰,21,ST,54,64,66,54,43,48,25,54,674529,Heart of Midlothian,苏格兰超级联赛,右,178,69,0,0
Josip Posavec,意大利,20,CB,54,66,24,13,27,8,10,39,1121141,Palermo,意大利甲级联赛,右,190,82,0,0
Anto Grgic,瑞士,20,FB,54,69,54,37,54,54,53,59,1374079,FC Zürich,瑞士超级联赛,右,188,78,3,0
Daniel Bujok,波兰,22,W,54,62,72,45,55,54,41,53,1228145,Podbeskidzie Bielsko-Biała,波兰甲级联赛,右,175,73,0,0
Din Sula,比利时,18,ST,54,70,68,51,46,52,14,52,1600071,Oud-Heverlee Leuven,比利时甲级联赛,右,183,75,0,0
Ross Forbes,苏格兰,27,FB,54,64,68,44,56,56,42,69,1776900,Motherwell,苏格兰超级联赛,左,183,84,0,0
Denis Simijonovic,瑞士,24,FB,54,62,60,46,57,52,50,57,1082355,Grasshopper Club Zürich,瑞士超级联赛,右,175,76,0,0
Luis Filipe Pimenta,瑞士,30,W,53,55,63,53,53,56,38,58,1859426,FC Lausanne-Sports,瑞士超级联赛,右,175,75,0,0
Wanderson Lima,葡萄牙,21,FB,53,62,66,21,36,51,50,55,1805555,Tondela,葡萄牙超级联赛,右,170,63,0,0
Marco Franin,瑞士,24,CB,53,66,56,28,32,34,54,61,1166585,FC St. Gallen,瑞士超级联赛,右,180,75,0,0
Manuel Akanji,瑞士,21,CB,53,67,54,27,34,32,53,64,1618739,FC Basel,瑞士超级联赛,右,188,85,0,0
Paolo Carbone,瑞士,34,CB,53,58,53,29,45,40,56,59,1288763,AC Bellinzona,瑞士超级联赛,右,185,82,0,0
Thomas Fekete,瑞士,21,FB,53,63,61,26,41,50,52,58,744075,FC Vaduz,瑞士超级联赛,右,178,75,0,0
Calvin Colquhoun,苏格兰,20,FB,53,66,65,44,57,47,44,59,1837046,Dundee FC,苏格兰超级联赛,右,183,76,0,0
Ross Caldwell,苏格兰,23,ST,53,66,52,55,40,48,25,62,1473949,Hibernian,苏格兰超级联赛,右,175,75,0,0
Craig Murray,苏格兰,22,FB,53,60,62,23,45,53,54,59,1218817,Inverness Caledonian Thistle,苏格兰超级联赛,右,180,75,0,0
Luke Watt,苏格兰,19,FB,53,69,64,33,41,44,54,65,1613772,Motherwell,苏格兰超级联赛,左,175,70,0,0
Christopher Cadden,苏格兰,20,CAM,53,64,62,45,56,52,45,53,811816,Motherwell,苏格兰超级联赛,右,183,71,0,0
Christian Schlauri,瑞士,31,FB,53,57,63,45,50,54,48,63,1696441,Servette FC,瑞士超级联赛,左,180,74,0,0
Igor Djuric,瑞士,28,FB,53,54,68,45,55,46,49,58,536434,Lugano,瑞士超级联赛,右,183,75,0,0
Kevin Gissi,瑞士,24,ST,53,64,59,52,42,48,16,59,2013556,FC Sion,瑞士超级联赛,右,180,76,0,0
Daryll Meggatt,苏格兰,26,CB,53,57,63,24,28,41,62,60,1404967,Dundee FC,苏格兰超级联赛,左,178,78,0,0
Piotr Witasik,波兰,24,FB,53,61,70,29,45,48,58,72,1546813,GKS Bełchatów,波兰甲级联赛,右,185,79,0,0
Thomas Goddeeris,比利时,24,FB,53,63,54,41,49,51,54,55,1052552,KSV Cercle Brugge,比利时甲级联赛,右,178,67,0,0
Ben Hall,苏格兰,19,CB,53,68,58,33,30,40,54,60,1686083,Motherwell,苏格兰超级联赛,右,185,78,0,0
Greg Taylor,苏格兰,19,CAM,53,67,65,45,57,56,40,56,1443754,Kilmarnock,苏格兰超级联赛,左,173,62,0,0
David Smith,苏格兰,23,ST,53,58,55,51,50,54,24,57,640275,Heart of Midlothian,苏格兰超级联赛,右,180,75,0,0
Fidan Aliti,瑞士,23,FB,53,58,63,35,38,44,55,64,906875,FC Luzern,瑞士超级联赛,左,180,77,0,0
Celestine Lazarus,波兰,24,FB,53,61,54,34,49,48,49,59,1824983,Podbeskidzie Bielsko-Biała,波兰甲级联赛,右,188,80,0,0
Michael Kempter,瑞士,21,FB,53,63,63,26,33,42,58,57,1125036,FC Thun,瑞士超级联赛,左,180,70,0,0
Dario Zanatta,苏格兰,19,W,53,69,63,45,52,61,26,53,899183,Heart of Midlothian,苏格兰超级联赛,右,183,74,0,0
Silvan Hefti,瑞士,19,FB,53,72,64,36,49,50,51,61,1674388,FC St. Gallen,瑞士超级联赛,右,183,78,0,0
Marcin Urynowicz,波兰,20,ST,53,64,61,56,49,52,15,67,1968567,Polonia Bytom,波兰甲级联赛,右,188,78,0,0
Ross Perry,苏格兰,26,FB,53,59,60,30,42,43,52,58,1105041,Rangers,苏格兰超级联赛,右,183,72,0,0
Bigambo Rochat,瑞士,25,FB,53,59,70,46,48,48,51,65,825050,FC Sion,瑞士超级联赛,右,175,65,0,0
Romain Dessarzin,瑞士,23,FB,53,72,70,44,55,56,51,63,1604979,FC Lausanne-Sports,瑞士超级联赛,左,178,73,0,0
Ellis Plummer,苏格兰,22,FB,53,65,60,25,39,48,52,65,1381104,St. Mirren,苏格兰超级联赛,左,180,80,0,0
Mateusz Abramowicz,波兰,24,FB,53,61,42,20,24,16,17,43,2603880,Śląsk Wrocław,波兰甲级联赛,右,185,80,0,0
Aidan Nesbitt,苏格兰,19,W,53,69,57,49,52,58,34,39,1197674,Partick Thistle F.C.,苏格兰超级联赛,右,175,65,0,0
Damian Ciechanowski,波兰,20,FB,53,62,74,25,38,54,53,66,669205,Zawisza Bydgoszcz,波兰甲级联赛,右,178,74,0,0
Enzo Ruiz,瑞士,28,FB,53,61,64,38,43,48,50,66,926344,Grasshopper Club Zürich,瑞士超级联赛,左,183,78,0,0
Michal Bartowiak,波兰,19,CM,53,64,60,47,55,57,47,56,1972526,Ruch Chorzów,波兰甲级联赛,右,175,75,0,0
"Greg Docherty,17",苏格兰,20,FB,53,67,66,49,54,59,48,61,1203412,Hamilton Academical FC,苏格兰超级联赛,右,178,72,0,0
Jakub Piotrowski,波兰,19,CAM,53,68,60,43,59,54,39,56,564484,Polonia Bytom,波兰甲级联赛,右,183,78,0,0
Ahmed Soukouna,法国,26,W,53,66,62,54,44,52,18,42,1045860,Toulouse FC,法国甲级联赛,右,183,76,1,0
Mike Kleiber,瑞士,23,W,53,58,69,47,50,57,44,48,1529493,FC Zürich,瑞士超级联赛,右,178,72,0,0
Eray Cumart,瑞士,18,CB,52,69,64,26,30,28,53,65,1535144,FC Basel,瑞士超级联赛,右,180,80,0,0
Marcin Trojanowski,波兰,26,FB,52,61,79,40,58,50,50,56,823637,Korona Kielce,波兰甲级联赛,右,175,73,0,0
Christophe Bertjens,比利时,23,W,52,66,64,47,51,56,26,56,984728,Sint-Truidense VV,比利时甲级联赛,右,183,73,0,0
Reto Bolli,瑞士,37,FB,52,56,47,16,24,19,16,46,629168,FC Sion,瑞士超级联赛,右,183,78,0,0
Jakub Divis,苏格兰,30,ST,52,69,54,23,29,18,16,51,1047455,Hibernian,苏格兰超级联赛,右,196,88,0,0
Andres Malloth,瑞士,24,FB,52,57,46,25,26,24,24,52,1729735,FC Zürich,瑞士超级联赛,右,185,81,0,0
Robin Kamber,瑞士,20,CAM,52,65,62,45,63,53,40,49,727744,FC Vaduz,瑞士超级联赛,右,188,83,0,0
Jakub Wrabel,波兰,20,FB,52,62,45,18,23,17,17,45,496754,Śląsk Wrocław,波兰甲级联赛,右,193,87,0,0
Michael Eisenring,瑞士,23,CB,52,59,54,25,28,30,56,63,1644731,FC St. Gallen,瑞士超级联赛,右,188,80,0,0
David Wilson,苏格兰,22,FB,52,63,62,42,54,50,44,58,548501,Partick Thistle F.C.,苏格兰超级联赛,右,183,70,0,0
Korneliusz Sochan,波兰,20,FB,52,60,58,41,50,54,48,58,571144,Zawisza Bydgoszcz,波兰甲级联赛,右,185,79,0,0
Riccardo Calder,苏格兰,20,FB,52,66,63,51,52,54,48,60,1042391,Dundee FC,苏格兰超级联赛,左,183,79,0,0
Marco Thaler,瑞士,22,CB,52,60,64,28,35,28,55,61,1304975,FC Aarau,瑞士超级联赛,右,185,74,0,0
Maurice Brunner,瑞士,25,W,52,57,62,46,48,54,38,59,1211650,FC Zürich,瑞士超级联赛,左,178,72,0,0
Babatunde Luqmon Adekunle,瑞士,32,FB,52,56,68,38,53,42,47,65,349750,FC Luzern,瑞士超级联赛,右,178,74,0,0
Adam Waszkiewicz,波兰,23,CB,52,59,62,27,33,40,55,64,2329227,Jagiellonia Białystok,波兰甲级联赛,右,183,79,0,0
Lionel Pizzinat,瑞士,39,CM,52,52,46,58,52,52,52,48,1292388,Servette FC,瑞士超级联赛,右,183,75,0,0
Nicola Sutter,瑞士,21,CAM,52,64,67,53,54,50,45,60,898961,FC Thun,瑞士超级联赛,右,183,75,0,0
Ezgjan Alioski,瑞士,24,FB,52,58,60,26,38,46,48,55,440188,Lugano,瑞士超级联赛,左,173,65,3,0
Ridge Mickael Mobulu,瑞士,25,W,52,59,80,52,42,52,30,52,391747,FC Luzern,瑞士超级联赛,左,175,77,0,0
Sean McKirdy,苏格兰,18,W,52,71,68,49,58,55,38,50,983875,Inverness Caledonian Thistle,苏格兰超级联赛,右,178,70,0,0
Joaquim Adao,瑞士,24,FB,52,60,63,41,53,48,55,58,1395825,Lugano,瑞士超级联赛,右,183,75,0,0
Nedim Sacirovic,瑞士,22,FB,52,66,55,36,49,51,48,59,1356827,FC Thun,瑞士超级联赛,右,170,65,0,0
Ryan Thomson,苏格兰,25,CM,52,64,56,45,57,52,47,59,1253775,Dunfermline Athletic,苏格兰超级联赛,右,183,71,0,0
Liam Gordon,苏格兰,20,CB,52,61,56,29,30,26,54,62,542766,Heart of Midlothian,苏格兰超级联赛,右,183,77,0,0
Benjamin Police,法国,28,CB,52,64,60,22,43,28,47,62,1026917,Le Havre AC,法国甲级联赛,右,188,75,0,0
Branko Bankovic,瑞士,24,CAM,52,57,60,48,62,52,35,48,737454,AC Bellinzona,瑞士超级联赛,右,175,74,0,0
Adrian Chomiuk,波兰,28,FB,52,60,58,20,40,48,52,57,1632034,Polonia Bytom,波兰甲级联赛,右,183,81,0,0
Euan Murray,苏格兰,22,CB,52,57,54,29,36,34,52,64,476378,Hibernian,苏格兰超级联赛,右,183,78,0,0
Adam Brown,苏格兰,21,W,52,65,65,46,51,54,27,48,414524,St. Mirren,苏格兰超级联赛,右,178,64,0,0
Yannick Schmid,瑞士,21,CB,52,62,61,28,31,30,54,61,2372022,FC Vaduz,瑞士超级联赛,右,178,73,0,0
Armin Alesevic,瑞士,22,CB,52,57,60,29,31,27,56,54,1196938,FC Zürich,瑞士超级联赛,左,185,81,0,0
Steven Boyd,苏格兰,19,ST,51,67,58,54,44,47,13,51,1591087,Hamilton Academical FC,苏格兰超级联赛,右,175,64,0,0
Wojciech Trochim,波兰,27,W,51,56,62,41,60,51,32,54,1925935,Podbeskidzie Bielsko-Biała,波兰甲级联赛,右,180,76,0,0
Jeremy Maniere,瑞士,25,FB,51,61,65,28,48,40,49,65,2073451,FC Thun,瑞士超级联赛,右,183,74,0,0
Patryk Stepinski,波兰,21,FB,51,58,73,25,38,47,50,53,613382,Widzew Łódź,波兰甲级联赛,右,178,62,0,0
Tomasz Ptak,波兰,24,CB,51,60,42,23,24,23,25,58,554743,Jagiellonia Białystok,波兰甲级联赛,右,190,89,0,0
Dragan Mihajlovic,瑞士,25,ST,51,72,58,50,40,51,30,57,887600,AC Bellinzona,瑞士超级联赛,右,178,74,0,0
Steven Hetherington,苏格兰,23,FB,51,64,66,41,55,47,37,62,631205,Motherwell,苏格兰超级联赛,左,180,77,0,0
Colin Trachsel,瑞士,19,FB,51,67,68,25,32,44,52,59,609622,FC Thun,瑞士超级联赛,左,178,75,0,0
Linus Obexer,瑞士,19,FB,51,67,64,28,31,48,50,54,1615280,BSC Young Boys,瑞士超级联赛,左,175,69,0,0
Krzysztof Kaczmarczyk,波兰,36,FB,51,51,64,41,53,58,47,49,706653,Termalica Bruk-Bet Nieciecza,波兰甲级联赛,左,180,75,0,0
Tom Davies,英格兰,18,FB,51,73,66,40,52,48,50,59,794569,Everton,英格兰超级联赛,右,175,78,0,0
Zander Clark,苏格兰,24,CB,51,57,31,13,25,16,14,45,767584,St. Johnstone FC,苏格兰超级联赛,右,196,77,0,0
Sebastian Bartlewski,波兰,22,ST,51,57,70,54,38,54,20,53,968905,Podbeskidzie Bielsko-Biała,波兰甲级联赛,右,173,67,0,0
Damian Garbacik,波兰,20,FB,51,63,58,38,54,49,49,68,898035,Lechia Gdańsk,波兰甲级联赛,左,185,80,0,0
Luke Johnston,苏格兰,23,CB,51,67,64,28,29,34,53,64,842323,Dundee United,苏格兰超级联赛,右,188,75,0,0
Jakub Wrobel,波兰,23,ST,51,57,60,47,51,46,17,59,1427934,Termalica Bruk-Bet Nieciecza,波兰甲级联赛,左,178,74,0,0
Helton Dos Reis,法国,28,W,51,56,76,44,35,46,12,47,587955,AS Saint-Étienne,法国甲级联赛,右,185,79,0,0
Ross Davidson,苏格兰,23,W,51,62,68,51,44,54,38,54,860473,Kilmarnock,苏格兰超级联赛,右,185,76,0,0
Euan Sparks,苏格兰,20,FB,51,67,62,30,32,46,52,57,843833,Partick Thistle F.C.,苏格兰超级联赛,右,178,70,0,0
Conor Brennan,苏格兰,22,ST,51,61,44,18,24,18,14,47,912122,Kilmarnock,苏格兰超级联赛,右,185,90,0,0
Jonas Omlin,瑞士,22,FB,51,61,46,18,22,22,17,52,716166,FC Luzern,瑞士超级联赛,右,188,80,0,0
Piotr Piwowar,波兰,22,FB,50,58,68,25,36,43,52,48,460563,Korona Kielce,波兰甲级联赛,右,175,67,0,0
Charles Pickel,瑞士,19,FB,50,66,62,38,56,47,48,59,781206,FC Luzern,瑞士超级联赛,右,185,80,0,0
Mateusz Slodowy,波兰,25,CB,50,52,40,38,42,42,54,61,531582,Polonia Bytom,波兰甲级联赛,右,183,76,0,0
Michal Szromnik,苏格兰,23,W,50,55,56,16,32,24,14,45,501017,Dundee United,苏格兰超级联赛,左,190,80,0,0
Ahmet Ozcan,瑞士,21,CB,50,55,56,30,27,27,52,64,1500771,FC Lausanne-Sports,瑞士超级联赛,右,183,75,0,0
Jason Cummings,苏格兰,21,ST,50,58,68,49,43,52,24,54,394448,Hibernian,苏格兰超级联赛,左,178,68,0,0
David Frey,瑞士,25,CM,50,56,42,37,48,50,52,56,745351,FC Thun,瑞士超级联赛,右,178,81,0,0
Christopher McLaughlin,苏格兰,18,FB,50,69,62,28,31,42,54,58,873285,Ross County FC,苏格兰超级联赛,左,178,73,0,0
David von Ballmoos,瑞士,22,FB,50,62,44,25,26,22,25,55,1002604,FC Lausanne-Sports,瑞士超级联赛,右,193,88,0,0
Adrien Rawyler,瑞士,23,FB,50,55,64,40,53,48,43,58,1246273,FC St. Gallen,瑞士超级联赛,右,178,68,0,0
David Ferguson,苏格兰,20,CB,50,59,57,27,30,29,50,62,1502807,Motherwell,苏格兰超级联赛,左,183,70,0,0
Tomasz Kowalski,波兰,24,FB,49,52,64,36,49,46,40,58,547597,Korona Kielce,波兰甲级联赛,右,178,72,0,0
David Hopkirk,苏格兰,23,ST,49,63,60,49,41,42,33,45,582370,Hamilton Academical FC,苏格兰超级联赛,左,180,71,0,0
Kyrylo Petrov,波兰,26,CB,49,55,58,28,32,40,59,65,555442,Korona Kielce,波兰甲级联赛,右,183,76,0,0
Ben Greenhalgh,苏格兰,24,W,49,52,67,38,43,51,28,48,575894,Inverness Caledonian Thistle,苏格兰超级联赛,左,183,71,0,0
Marco Mangold,瑞士,29,FB,49,49,54,29,45,48,49,59,1814681,FC St. Gallen,瑞士超级联赛,右,185,82,0,0
Lionel Gendarme,比利时,27,CM,49,57,47,44,48,47,45,62,407633,Oud-Heverlee Leuven,比利时甲级联赛,左,185,69,0,0
Aaron Lennox,苏格兰,23,CM,48,56,20,18,19,18,15,33,430936,Aberdeen,苏格兰超级联赛,右,190,82,0,0
Jan Bamert,瑞士,18,FB,48,67,62,26,27,45,51,55,656573,Grasshopper Club Zürich,瑞士超级联赛,右,180,70,0,0
Liam Grimshaw,苏格兰,21,FB,48,60,68,39,48,45,49,62,1039186,Motherwell,苏格兰超级联赛,右,178,75,0,0
Sandro Lauper,瑞士,20,W,48,64,66,47,48,56,30,49,550597,FC Thun,瑞士超级联赛,右,185,70,0,0
Florian Berisha,瑞士,26,FB,48,62,58,33,50,45,45,57,878829,FC Sion,瑞士超级联赛,左,170,65,0,0
Gianluca D'Angelo,瑞士,25,FB,47,67,72,22,33,38,54,49,541943,Grasshopper Club Zürich,瑞士超级联赛,左,175,63,0,0
Robin Huser,瑞士,18,FB,47,63,66,38,46,44,47,53,419037,FC Basel,瑞士超级联赛,右,180,70,0,0
Jordan Kirkpatrick,苏格兰,24,W,47,65,53,42,34,54,28,26,678149,Hamilton Academical FC,苏格兰超级联赛,右,175,75,0,0
